solid csg.js
facet normal 0 0 -1
outer loop
vertex 195.50000000000034 -87.2375 0
vertex 195.6736481776668 -87.25269224698776 0
vertex 195.8420201433256 -87.29780737921412 0
endloop
endfacet
facet normal 0 0 -1
outer loop
vertex 195.50000000000034 -87.2375 0
vertex 195.8420201433256 -87.29780737921412 0
vertex 196.00000000000009 -87.37147459621555 0
endloop
endfacet
facet normal 0 0 -1
outer loop
vertex 195.50000000000034 -87.2375 0
vertex 196.00000000000009 -87.37147459621555 0
vertex 196.1427876096866 -87.47145555688088 0
endloop
endfacet
facet normal 0 0 -1
outer loop
vertex 195.50000000000034 -87.2375 0
vertex 196.1427876096866 -87.47145555688088 0
vertex 196.2660444431189 -87.59471239031343 0
endloop
endfacet
facet normal 0 0 -1
outer loop
vertex 195.50000000000034 -87.2375 0
vertex 196.2660444431189 -87.59471239031343 0
vertex 196.3660254037844 -87.73750000000017 0
endloop
endfacet
facet normal 0 0 -1
outer loop
vertex 195.50000000000034 -87.2375 0
vertex 196.3660254037844 -87.73750000000017 0
vertex 196.43969262078596 -87.89547985667434 0
endloop
endfacet
facet normal 0 0 -1
outer loop
vertex 195.50000000000034 -87.2375 0
vertex 196.43969262078596 -87.89547985667434 0
vertex 196.48480775301223 -88.06385182233315 0
endloop
endfacet
facet normal 0 0 -1
outer loop
vertex 195.50000000000034 -87.2375 0
vertex 196.48480775301223 -88.06385182233315 0
vertex 196.5 -88.23749999999977 0
endloop
endfacet
facet normal 0 0 -1
outer loop
vertex 195.50000000000034 -87.2375 0
vertex 196.5 -88.23749999999977 0
vertex 196.5 -88.3875 0
endloop
endfacet
facet normal 0 0 -1
outer loop
vertex 195.50000000000034 -87.2375 0
vertex 196.5 -88.3875 0
vertex 195.50000000000003 -88.3875 0
endloop
endfacet
facet normal 0 0 -1
outer loop
vertex 195.50000000000034 -87.2375 0
vertex 195.50000000000003 -88.3875 0
vertex 176.5 -88.3875 0
endloop
endfacet
facet normal 0 0 -1
outer loop
vertex 195.50000000000034 -87.2375 0
vertex 176.5 -88.3875 0
vertex 175.5 -88.3875 0
endloop
endfacet
facet normal 0 0 -1
outer loop
vertex 195.50000000000034 -87.2375 0
vertex 175.5 -88.3875 0
vertex 175.5 -88.23749999999977 0
endloop
endfacet
facet normal 0 0 -1
outer loop
vertex 195.50000000000034 -87.2375 0
vertex 175.5 -88.23749999999977 0
vertex 175.51519224698777 -88.06385182233315 0
endloop
endfacet
facet normal 0 0 -1
outer loop
vertex 195.50000000000034 -87.2375 0
vertex 175.51519224698777 -88.06385182233315 0
vertex 175.5603073792141 -87.89547985667434 0
endloop
endfacet
facet normal 0 0 -1
outer loop
vertex 195.50000000000034 -87.2375 0
vertex 175.5603073792141 -87.89547985667434 0
vertex 175.63397459621547 -87.73750000000017 0
endloop
endfacet
facet normal 0 0 -1
outer loop
vertex 195.50000000000034 -87.2375 0
vertex 175.63397459621547 -87.73750000000017 0
vertex 175.73395555688109 -87.59471239031343 0
endloop
endfacet
facet normal 0 0 -1
outer loop
vertex 195.50000000000034 -87.2375 0
vertex 175.73395555688109 -87.59471239031343 0
vertex 175.85721239031363 -87.47145555688088 0
endloop
endfacet
facet normal 0 0 -1
outer loop
vertex 195.50000000000034 -87.2375 0
vertex 175.85721239031363 -87.47145555688088 0
vertex 175.99999999999997 -87.37147459621555 0
endloop
endfacet
facet normal 0 0 -1
outer loop
vertex 195.50000000000034 -87.2375 0
vertex 175.99999999999997 -87.37147459621555 0
vertex 176.15797985667422 -87.29780737921412 0
endloop
endfacet
facet normal 0 0 -1
outer loop
vertex 195.50000000000034 -87.2375 0
vertex 176.15797985667422 -87.29780737921412 0
vertex 176.32635182233318 -87.25269224698776 0
endloop
endfacet
facet normal 0 0 -1
outer loop
vertex 195.50000000000034 -87.2375 0
vertex 176.32635182233318 -87.25269224698776 0
vertex 176.5 -87.2375 0
endloop
endfacet
facet normal 0 0 -1
outer loop
vertex 176.5 -88.3875 0
vertex 176.5 -90.99999999999979 0
vertex 175.5 -90.99999999999979 0
endloop
endfacet
facet normal 0 0 -1
outer loop
vertex 176.5 -88.3875 0
vertex 175.5 -90.99999999999979 0
vertex 175.5 -88.3875 0
endloop
endfacet
facet normal 0 0 -1
outer loop
vertex 196.5 -88.3875 0
vertex 196.5 -90.99999999999979 0
vertex 195.5 -90.99999999999979 0
endloop
endfacet
facet normal 0 0 -1
outer loop
vertex 196.5 -88.3875 0
vertex 195.5 -90.99999999999979 0
vertex 195.50000000000003 -88.3875 0
endloop
endfacet
facet normal 0 0 -1
outer loop
vertex 176.5 -90.99999999999979 0
vertex 176.5 -91.17364817766703 0
vertex 175.48480775301218 -91.17364817766703 0
endloop
endfacet
facet normal 0 0 -1
outer loop
vertex 176.5 -90.99999999999979 0
vertex 175.48480775301218 -91.17364817766703 0
vertex 175.5 -90.99999999999979 0
endloop
endfacet
facet normal 0 0 -1
outer loop
vertex 196.5 -90.99999999999979 0
vertex 196.5151922469878 -91.17364817766703 0
vertex 195.5 -91.17364817766703 0
endloop
endfacet
facet normal 0 0 -1
outer loop
vertex 196.5 -90.99999999999979 0
vertex 195.5 -91.17364817766703 0
vertex 195.5 -90.99999999999979 0
endloop
endfacet
facet normal 0 0 -1
outer loop
vertex 176.5 -91.17364817766703 0
vertex 176.5 -91.34202014332566 0
vertex 175.4396926207859 -91.34202014332566 0
endloop
endfacet
facet normal 0 0 -1
outer loop
vertex 176.5 -91.17364817766703 0
vertex 175.4396926207859 -91.34202014332566 0
vertex 175.48480775301218 -91.17364817766703 0
endloop
endfacet
facet normal 0 0 -1
outer loop
vertex 196.5151922469878 -91.17364817766703 0
vertex 196.56030737921412 -91.34202014332566 0
vertex 195.5 -91.34202014332566 0
endloop
endfacet
facet normal 0 0 -1
outer loop
vertex 196.5151922469878 -91.17364817766703 0
vertex 195.5 -91.34202014332566 0
vertex 195.5 -91.17364817766703 0
endloop
endfacet
facet normal 0 0 -1
outer loop
vertex 176.5 -91.34202014332566 0
vertex 176.5 -91.49999999999974 0
vertex 175.36602540378456 -91.49999999999974 0
endloop
endfacet
facet normal 0 0 -1
outer loop
vertex 176.5 -91.34202014332566 0
vertex 175.36602540378456 -91.49999999999974 0
vertex 175.4396926207859 -91.34202014332566 0
endloop
endfacet
facet normal 0 0 -1
outer loop
vertex 196.56030737921412 -91.34202014332566 0
vertex 196.6339745962155 -91.49999999999974 0
vertex 195.5 -91.49999999999974 0
endloop
endfacet
facet normal 0 0 -1
outer loop
vertex 196.56030737921412 -91.34202014332566 0
vertex 195.5 -91.49999999999974 0
vertex 195.5 -91.34202014332566 0
endloop
endfacet
facet normal 0 0 -1
outer loop
vertex 176.5 -91.49999999999974 0
vertex 176.5 -91.64278760968665 0
vertex 175.26604444311883 -91.64278760968665 0
endloop
endfacet
facet normal 0 0 -1
outer loop
vertex 176.5 -91.49999999999974 0
vertex 175.26604444311883 -91.64278760968665 0
vertex 175.36602540378456 -91.49999999999974 0
endloop
endfacet
facet normal 0 0 -1
outer loop
vertex 196.6339745962155 -91.49999999999974 0
vertex 196.73395555688109 -91.64278760968665 0
vertex 195.5 -91.64278760968665 0
endloop
endfacet
facet normal 0 0 -1
outer loop
vertex 196.6339745962155 -91.49999999999974 0
vertex 195.5 -91.64278760968665 0
vertex 195.5 -91.49999999999974 0
endloop
endfacet
facet normal 0 0 -1
outer loop
vertex 176.5 -91.64278760968665 0
vertex 176.5 -91.7660444431191 0
vertex 175.1427876096864 -91.7660444431191 0
endloop
endfacet
facet normal 0 0 -1
outer loop
vertex 176.5 -91.64278760968665 0
vertex 175.1427876096864 -91.7660444431191 0
vertex 175.26604444311883 -91.64278760968665 0
endloop
endfacet
facet normal 0 0 -1
outer loop
vertex 196.73395555688109 -91.64278760968665 0
vertex 196.8572123903135 -91.7660444431191 0
vertex 195.5 -91.7660444431191 0
endloop
endfacet
facet normal 0 0 -1
outer loop
vertex 196.73395555688109 -91.64278760968665 0
vertex 195.5 -91.7660444431191 0
vertex 195.5 -91.64278760968665 0
endloop
endfacet
facet normal 0 0 -1
outer loop
vertex 176.5 -91.7660444431191 0
vertex 176.5 -91.86602540378439 0
vertex 175.00000000000009 -91.86602540378439 0
endloop
endfacet
facet normal 0 0 -1
outer loop
vertex 176.5 -91.7660444431191 0
vertex 175.00000000000009 -91.86602540378439 0
vertex 175.1427876096864 -91.7660444431191 0
endloop
endfacet
facet normal 0 0 -1
outer loop
vertex 196.8572123903135 -91.7660444431191 0
vertex 197.00000000000006 -91.86602540378439 0
vertex 195.5 -91.86602540378439 0
endloop
endfacet
facet normal 0 0 -1
outer loop
vertex 196.8572123903135 -91.7660444431191 0
vertex 195.5 -91.86602540378439 0
vertex 195.5 -91.7660444431191 0
endloop
endfacet
facet normal 0 0 -1
outer loop
vertex 176.5 -91.86602540378439 0
vertex 176.5 -91.93969262078593 0
vertex 174.8420201433256 -91.93969262078593 0
endloop
endfacet
facet normal 0 0 -1
outer loop
vertex 176.5 -91.86602540378439 0
vertex 174.8420201433256 -91.93969262078593 0
vertex 175.00000000000009 -91.86602540378439 0
endloop
endfacet
facet normal 0 0 -1
outer loop
vertex 197.00000000000006 -91.86602540378439 0
vertex 197.1579798566743 -91.93969262078593 0
vertex 195.5 -91.93969262078593 0
endloop
endfacet
facet normal 0 0 -1
outer loop
vertex 197.00000000000006 -91.86602540378439 0
vertex 195.5 -91.93969262078593 0
vertex 195.5 -91.86602540378439 0
endloop
endfacet
facet normal 0 0 -1
outer loop
vertex 176.5 -91.93969262078593 0
vertex 176.5 -91.9848077530122 0
vertex 174.67364817766696 -91.9848077530122 0
endloop
endfacet
facet normal 0 0 -1
outer loop
vertex 176.5 -91.93969262078593 0
vertex 174.67364817766696 -91.9848077530122 0
vertex 174.8420201433256 -91.93969262078593 0
endloop
endfacet
facet normal 0 0 -1
outer loop
vertex 197.1579798566743 -91.93969262078593 0
vertex 197.32635182233304 -91.9848077530122 0
vertex 195.5 -91.9848077530122 0
endloop
endfacet
facet normal 0 0 -1
outer loop
vertex 197.1579798566743 -91.93969262078593 0
vertex 195.5 -91.9848077530122 0
vertex 195.5 -91.93969262078593 0
endloop
endfacet
facet normal 0 0 -1
outer loop
vertex 176.5 -91.9848077530122 0
vertex 176.5 -92 0
vertex 174.49999999999994 -92 0
endloop
endfacet
facet normal 0 0 -1
outer loop
vertex 176.5 -91.9848077530122 0
vertex 174.49999999999994 -92 0
vertex 174.67364817766696 -91.9848077530122 0
endloop
endfacet
facet normal 0 0 -1
outer loop
vertex 197.32635182233304 -91.9848077530122 0
vertex 197.50000000000003 -92 0
vertex 195.5 -92 0
endloop
endfacet
facet normal 0 0 -1
outer loop
vertex 197.32635182233304 -91.9848077530122 0
vertex 195.5 -92 0
vertex 195.5 -91.9848077530122 0
endloop
endfacet
facet normal 0 0 -1
outer loop
vertex 174.49999999999994 -92 0
vertex 176.5 -92 0
vertex 176.5 -93.15 0
endloop
endfacet
facet normal 0 0 -1
outer loop
vertex 174.49999999999994 -92 0
vertex 176.5 -93.15 0
vertex 158.5 -93.15 0
endloop
endfacet
facet normal 0 0 -1
outer loop
vertex 174.49999999999994 -92 0
vertex 158.5 -93.15 0
vertex 157.5 -93.15 0
endloop
endfacet
facet normal 0 0 -1
outer loop
vertex 174.49999999999994 -92 0
vertex 157.5 -93.15 0
vertex 157.5 -92.99999999999976 0
endloop
endfacet
facet normal 0 0 -1
outer loop
vertex 174.49999999999994 -92 0
vertex 157.5 -92.99999999999976 0
vertex 157.51519224698777 -92.82635182233314 0
endloop
endfacet
facet normal 0 0 -1
outer loop
vertex 174.49999999999994 -92 0
vertex 157.51519224698777 -92.82635182233314 0
vertex 157.5603073792141 -92.65797985667432 0
endloop
endfacet
facet normal 0 0 -1
outer loop
vertex 174.49999999999994 -92 0
vertex 157.5603073792141 -92.65797985667432 0
vertex 157.63397459621555 -92.5 0
endloop
endfacet
facet normal 0 0 -1
outer loop
vertex 174.49999999999994 -92 0
vertex 157.63397459621555 -92.5 0
vertex 157.73395555688109 -92.35721239031339 0
endloop
endfacet
facet normal 0 0 -1
outer loop
vertex 174.49999999999994 -92 0
vertex 157.73395555688109 -92.35721239031339 0
vertex 157.8572123903134 -92.23395555688107 0
endloop
endfacet
facet normal 0 0 -1
outer loop
vertex 174.49999999999994 -92 0
vertex 157.8572123903134 -92.23395555688107 0
vertex 158.00000000000003 -92.13397459621555 0
endloop
endfacet
facet normal 0 0 -1
outer loop
vertex 174.49999999999994 -92 0
vertex 158.00000000000003 -92.13397459621555 0
vertex 158.15797985667427 -92.06030737921412 0
endloop
endfacet
facet normal 0 0 -1
outer loop
vertex 174.49999999999994 -92 0
vertex 158.15797985667427 -92.06030737921412 0
vertex 158.32635182233324 -92.01519224698777 0
endloop
endfacet
facet normal 0 0 -1
outer loop
vertex 174.49999999999994 -92 0
vertex 158.32635182233324 -92.01519224698777 0
vertex 158.5 -92 0
endloop
endfacet
facet normal 0 0 -1
outer loop
vertex 197.50000000000003 -92 0
vertex 213.5000000000001 -92 0
vertex 213.67364817766688 -92.01519224698777 0
endloop
endfacet
facet normal 0 0 -1
outer loop
vertex 197.50000000000003 -92 0
vertex 213.67364817766688 -92.01519224698777 0
vertex 213.8420201433256 -92.06030737921412 0
endloop
endfacet
facet normal 0 0 -1
outer loop
vertex 197.50000000000003 -92 0
vertex 213.8420201433256 -92.06030737921412 0
vertex 214.00000000000003 -92.13397459621555 0
endloop
endfacet
facet normal 0 0 -1
outer loop
vertex 197.50000000000003 -92 0
vertex 214.00000000000003 -92.13397459621555 0
vertex 214.14278760968656 -92.23395555688107 0
endloop
endfacet
facet normal 0 0 -1
outer loop
vertex 197.50000000000003 -92 0
vertex 214.14278760968656 -92.23395555688107 0
vertex 214.26604444311894 -92.35721239031339 0
endloop
endfacet
facet normal 0 0 -1
outer loop
vertex 197.50000000000003 -92 0
vertex 214.26604444311894 -92.35721239031339 0
vertex 214.3660254037845 -92.5 0
endloop
endfacet
facet normal 0 0 -1
outer loop
vertex 197.50000000000003 -92 0
vertex 214.3660254037845 -92.5 0
vertex 214.43969262078582 -92.65797985667432 0
endloop
endfacet
facet normal 0 0 -1
outer loop
vertex 197.50000000000003 -92 0
vertex 214.43969262078582 -92.65797985667432 0
vertex 214.4848077530122 -92.82635182233314 0
endloop
endfacet
facet normal 0 0 -1
outer loop
vertex 197.50000000000003 -92 0
vertex 214.4848077530122 -92.82635182233314 0
vertex 214.5 -92.99999999999976 0
endloop
endfacet
facet normal 0 0 -1
outer loop
vertex 197.50000000000003 -92 0
vertex 214.5 -92.99999999999976 0
vertex 214.5 -93.15 0
endloop
endfacet
facet normal 0 0 -1
outer loop
vertex 197.50000000000003 -92 0
vertex 214.5 -93.15 0
vertex 213.5 -93.15 0
endloop
endfacet
facet normal 0 0 -1
outer loop
vertex 197.50000000000003 -92 0
vertex 213.5 -93.15 0
vertex 195.5 -93.15 0
endloop
endfacet
facet normal 0 0 -1
outer loop
vertex 197.50000000000003 -92 0
vertex 195.5 -93.15 0
vertex 195.5 -92 0
endloop
endfacet
facet normal 0 0 -1
outer loop
vertex 214.5 -93.15 0
vertex 214.5 -93.85750000000024 0
vertex 213.5 -93.85750000000024 0
endloop
endfacet
facet normal 0 0 -1
outer loop
vertex 214.5 -93.15 0
vertex 213.5 -93.85750000000024 0
vertex 213.5 -93.15 0
endloop
endfacet
facet normal 0 0 -1
outer loop
vertex 214.5 -93.85750000000024 0
vertex 214.51519224698777 -94.03114817766686 0
vertex 213.5 -94.03114817766686 0
endloop
endfacet
facet normal 0 0 -1
outer loop
vertex 214.5 -93.85750000000024 0
vertex 213.5 -94.03114817766686 0
vertex 213.5 -93.85750000000024 0
endloop
endfacet
facet normal 0 0 -1
outer loop
vertex 214.51519224698777 -94.03114817766686 0
vertex 214.5603073792141 -94.19952014332569 0
vertex 213.5 -94.19952014332569 0
endloop
endfacet
facet normal 0 0 -1
outer loop
vertex 214.51519224698777 -94.03114817766686 0
vertex 213.5 -94.19952014332569 0
vertex 213.5 -94.03114817766686 0
endloop
endfacet
facet normal 0 0 -1
outer loop
vertex 214.5603073792141 -94.19952014332569 0
vertex 214.63397459621547 -94.35749999999987 0
vertex 213.5 -94.35749999999987 0
endloop
endfacet
facet normal 0 0 -1
outer loop
vertex 214.5603073792141 -94.19952014332569 0
vertex 213.5 -94.35749999999987 0
vertex 213.5 -94.19952014332569 0
endloop
endfacet
facet normal 0 0 -1
outer loop
vertex 214.63397459621547 -94.35749999999987 0
vertex 214.7339555568811 -94.50028760968664 0
vertex 213.5 -94.50028760968664 0
endloop
endfacet
facet normal 0 0 -1
outer loop
vertex 214.63397459621547 -94.35749999999987 0
vertex 213.5 -94.50028760968664 0
vertex 213.5 -94.35749999999987 0
endloop
endfacet
facet normal 0 0 -1
outer loop
vertex 214.7339555568811 -94.50028760968664 0
vertex 214.85721239031344 -94.62354444311894 0
vertex 213.5 -94.62354444311894 0
endloop
endfacet
facet normal 0 0 -1
outer loop
vertex 214.7339555568811 -94.50028760968664 0
vertex 213.5 -94.62354444311894 0
vertex 213.5 -94.50028760968664 0
endloop
endfacet
facet normal 0 0 -1
outer loop
vertex 214.85721239031344 -94.62354444311894 0
vertex 215.0000000000001 -94.7235254037845 0
vertex 213.5 -94.7235254037845 0
endloop
endfacet
facet normal 0 0 -1
outer loop
vertex 214.85721239031344 -94.62354444311894 0
vertex 213.5 -94.7235254037845 0
vertex 213.5 -94.62354444311894 0
endloop
endfacet
facet normal 0 0 -1
outer loop
vertex 215.0000000000001 -94.7235254037845 0
vertex 215.15797985667433 -94.79719262078592 0
vertex 213.5 -94.79719262078592 0
endloop
endfacet
facet normal 0 0 -1
outer loop
vertex 215.0000000000001 -94.7235254037845 0
vertex 213.5 -94.79719262078592 0
vertex 213.5 -94.7235254037845 0
endloop
endfacet
facet normal 0 0 -1
outer loop
vertex 215.15797985667433 -94.79719262078592 0
vertex 215.32635182233298 -94.8423077530122 0
vertex 213.5 -94.8423077530122 0
endloop
endfacet
facet normal 0 0 -1
outer loop
vertex 215.15797985667433 -94.79719262078592 0
vertex 213.5 -94.8423077530122 0
vertex 213.5 -94.79719262078592 0
endloop
endfacet
facet normal 0 0 -1
outer loop
vertex 215.32635182233298 -94.8423077530122 0
vertex 215.50000000000014 -94.8575 0
vertex 213.5 -94.8575 0
endloop
endfacet
facet normal 0 0 -1
outer loop
vertex 215.32635182233298 -94.8423077530122 0
vertex 213.5 -94.8575 0
vertex 213.5 -94.8423077530122 0
endloop
endfacet
facet normal 0 0 -1
outer loop
vertex 215.50000000000014 -94.8575 0
vertex 231.5 -94.8575 0
vertex 231.6736481776669 -94.8726922469878 0
endloop
endfacet
facet normal 0 0 -1
outer loop
vertex 215.50000000000014 -94.8575 0
vertex 231.6736481776669 -94.8726922469878 0
vertex 231.84202014332564 -94.9178073792141 0
endloop
endfacet
facet normal 0 0 -1
outer loop
vertex 215.50000000000014 -94.8575 0
vertex 231.84202014332564 -94.9178073792141 0
vertex 232.00000000000009 -94.99147459621561 0
endloop
endfacet
facet normal 0 0 -1
outer loop
vertex 215.50000000000014 -94.8575 0
vertex 232.00000000000009 -94.99147459621561 0
vertex 232.14278760968648 -95.09145555688097 0
endloop
endfacet
facet normal 0 0 -1
outer loop
vertex 215.50000000000014 -94.8575 0
vertex 232.14278760968648 -95.09145555688097 0
vertex 232.26604444311894 -95.21471239031342 0
endloop
endfacet
facet normal 0 0 -1
outer loop
vertex 215.50000000000014 -94.8575 0
vertex 232.26604444311894 -95.21471239031342 0
vertex 232.36602540378448 -95.35750000000003 0
endloop
endfacet
facet normal 0 0 -1
outer loop
vertex 215.50000000000014 -94.8575 0
vertex 232.36602540378448 -95.35750000000003 0
vertex 232.4396926207859 -95.51547985667432 0
endloop
endfacet
facet normal 0 0 -1
outer loop
vertex 215.50000000000014 -94.8575 0
vertex 232.4396926207859 -95.51547985667432 0
vertex 232.48480775301223 -95.6838518223332 0
endloop
endfacet
facet normal 0 0 -1
outer loop
vertex 215.50000000000014 -94.8575 0
vertex 232.48480775301223 -95.6838518223332 0
vertex 232.5 -95.85749999999989 0
endloop
endfacet
facet normal 0 0 -1
outer loop
vertex 215.50000000000014 -94.8575 0
vertex 232.5 -95.85749999999989 0
vertex 232.5 -96.0075 0
endloop
endfacet
facet normal 0 0 -1
outer loop
vertex 215.50000000000014 -94.8575 0
vertex 232.5 -96.0075 0
vertex 231.5 -96.0075 0
endloop
endfacet
facet normal 0 0 -1
outer loop
vertex 215.50000000000014 -94.8575 0
vertex 231.5 -96.0075 0
vertex 213.5 -96.0075 0
endloop
endfacet
facet normal 0 0 -1
outer loop
vertex 215.50000000000014 -94.8575 0
vertex 213.5 -96.0075 0
vertex 213.5 -94.8575 0
endloop
endfacet
facet normal 0 0 -1
outer loop
vertex 158.5 -93.15 0
vertex 158.5 -101.15 0
vertex 157.5 -101.15 0
endloop
endfacet
facet normal 0 0 -1
outer loop
vertex 158.5 -93.15 0
vertex 157.5 -101.15 0
vertex 157.5 -93.15 0
endloop
endfacet
facet normal 0 0 -1
outer loop
vertex 194.5 -96.3875 0
vertex 194.5 -101.15 0
vertex 177.5 -101.15 0
endloop
endfacet
facet normal 0 0 -1
outer loop
vertex 194.5 -96.3875 0
vertex 177.5 -101.15 0
vertex 177.5 -96.3875 0
endloop
endfacet
facet normal 0 0 -1
outer loop
vertex 232.5 -96.0075 0
vertex 232.5 -101.85750000000026 0
vertex 231.5 -101.85750000000026 0
endloop
endfacet
facet normal 0 0 -1
outer loop
vertex 232.5 -96.0075 0
vertex 231.5 -101.85750000000026 0
vertex 231.5 -96.0075 0
endloop
endfacet
facet normal 0 0 -1
outer loop
vertex 232.5 -101.85750000000026 0
vertex 232.53038449397556 -102.20479635533378 0
vertex 231.5 -102.20479635533378 0
endloop
endfacet
facet normal 0 0 -1
outer loop
vertex 232.5 -101.85750000000026 0
vertex 231.5 -102.20479635533378 0
vertex 231.5 -101.85750000000026 0
endloop
endfacet
facet normal 0 0 -1
outer loop
vertex 232.53038449397556 -102.20479635533378 0
vertex 232.62061475842816 -102.54154028665128 0
vertex 231.5 -102.54154028665128 0
endloop
endfacet
facet normal 0 0 -1
outer loop
vertex 232.53038449397556 -102.20479635533378 0
vertex 231.5 -102.54154028665128 0
vertex 231.5 -102.20479635533378 0
endloop
endfacet
facet normal 0 0 -1
outer loop
vertex 232.62061475842816 -102.54154028665128 0
vertex 232.76794919243105 -102.85749999999983 0
vertex 231.5 -102.85749999999983 0
endloop
endfacet
facet normal 0 0 -1
outer loop
vertex 232.62061475842816 -102.54154028665128 0
vertex 231.5 -102.85749999999983 0
vertex 231.5 -102.54154028665128 0
endloop
endfacet
facet normal 0 0 -1
outer loop
vertex 232.76794919243105 -102.85749999999983 0
vertex 232.9679111137621 -103.1430752193731 0
vertex 231.5 -103.1430752193731 0
endloop
endfacet
facet normal 0 0 -1
outer loop
vertex 232.76794919243105 -102.85749999999983 0
vertex 231.5 -103.1430752193731 0
vertex 231.5 -102.85749999999983 0
endloop
endfacet
facet normal 0 0 -1
outer loop
vertex 232.9679111137621 -103.1430752193731 0
vertex 233.21442478062704 -103.38958888623804 0
vertex 231.5 -103.38958888623804 0
endloop
endfacet
facet normal 0 0 -1
outer loop
vertex 232.9679111137621 -103.1430752193731 0
vertex 231.5 -103.38958888623804 0
vertex 231.5 -103.1430752193731 0
endloop
endfacet
facet normal 0 0 -1
outer loop
vertex 233.21442478062704 -103.38958888623804 0
vertex 233.50000000000006 -103.58955080756893 0
vertex 231.5 -103.58955080756893 0
endloop
endfacet
facet normal 0 0 -1
outer loop
vertex 233.21442478062704 -103.38958888623804 0
vertex 231.5 -103.58955080756893 0
vertex 231.5 -103.38958888623804 0
endloop
endfacet
facet normal 0 0 -1
outer loop
vertex 233.50000000000006 -103.58955080756893 0
vertex 233.81595971334858 -103.73688524157178 0
vertex 231.5 -103.73688524157178 0
endloop
endfacet
facet normal 0 0 -1
outer loop
vertex 233.50000000000006 -103.58955080756893 0
vertex 231.5 -103.73688524157178 0
vertex 231.5 -103.58955080756893 0
endloop
endfacet
facet normal 0 0 -1
outer loop
vertex 233.81595971334858 -103.73688524157178 0
vertex 234.15270364466613 -103.82711550602441 0
vertex 231.5 -103.82711550602441 0
endloop
endfacet
facet normal 0 0 -1
outer loop
vertex 233.81595971334858 -103.73688524157178 0
vertex 231.5 -103.82711550602441 0
vertex 231.5 -103.73688524157178 0
endloop
endfacet
facet normal 0 0 -1
outer loop
vertex 234.15270364466613 -103.82711550602441 0
vertex 234.5 -103.8575 0
vertex 231.5 -103.8575 0
endloop
endfacet
facet normal 0 0 -1
outer loop
vertex 234.15270364466613 -103.82711550602441 0
vertex 231.5 -103.8575 0
vertex 231.5 -103.82711550602441 0
endloop
endfacet
facet normal 0 0 -1
outer loop
vertex 158.5 -101.15 0
vertex 177.5 -101.15 0
vertex 194.5 -101.15 0
endloop
endfacet
facet normal 0 0 -1
outer loop
vertex 158.5 -101.15 0
vertex 194.5 -101.15 0
vertex 212.5 -101.15 0
endloop
endfacet
facet normal 0 0 -1
outer loop
vertex 158.5 -101.15 0
vertex 212.5 -101.15 0
vertex 212.5 -104.0075 0
endloop
endfacet
facet normal 0 0 -1
outer loop
vertex 158.5 -101.15 0
vertex 212.5 -104.0075 0
vertex 157.5 -104.0075 0
endloop
endfacet
facet normal 0 0 -1
outer loop
vertex 158.5 -101.15 0
vertex 157.5 -104.0075 0
vertex 157.5 -101.15 0
endloop
endfacet
facet normal 0 0 -1
outer loop
vertex 234.5 -103.8575 0
vertex 252.49999999999983 -103.8575 0
vertex 252.847296355334 -103.88788449397562 0
endloop
endfacet
facet normal 0 0 -1
outer loop
vertex 234.5 -103.8575 0
vertex 252.847296355334 -103.88788449397562 0
vertex 253.1840402866513 -103.97811475842818 0
endloop
endfacet
facet normal 0 0 -1
outer loop
vertex 234.5 -103.8575 0
vertex 253.1840402866513 -103.97811475842818 0
vertex 253.24705714056293 -104.0075 0
endloop
endfacet
facet normal 0 0 -1
outer loop
vertex 234.5 -103.8575 0
vertex 253.24705714056293 -104.0075 0
vertex 231.5 -104.0075 0
endloop
endfacet
facet normal 0 0 -1
outer loop
vertex 234.5 -103.8575 0
vertex 231.5 -104.0075 0
vertex 231.5 -103.8575 0
endloop
endfacet
facet normal 0 0 -1
outer loop
vertex 212.5 -104.0075 0
vertex 231.5 -104.0075 0
vertex 253.24705714056293 -104.0075 0
endloop
endfacet
facet normal 0 0 -1
outer loop
vertex 212.5 -104.0075 0
vertex 253.24705714056293 -104.0075 0
vertex 253.50000000000003 -104.12544919243113 0
endloop
endfacet
facet normal 0 0 -1
outer loop
vertex 212.5 -104.0075 0
vertex 253.50000000000003 -104.12544919243113 0
vertex 253.78557521937307 -104.32541111376204 0
endloop
endfacet
facet normal 0 0 -1
outer loop
vertex 212.5 -104.0075 0
vertex 253.78557521937307 -104.32541111376204 0
vertex 254.03208888623791 -104.5719247806269 0
endloop
endfacet
facet normal 0 0 -1
outer loop
vertex 212.5 -104.0075 0
vertex 254.03208888623791 -104.5719247806269 0
vertex 254.23205080756884 -104.85749999999997 0
endloop
endfacet
facet normal 0 0 -1
outer loop
vertex 212.5 -104.0075 0
vertex 254.23205080756884 -104.85749999999997 0
vertex 254.298499648856 -105.00000000000011 0
endloop
endfacet
facet normal 0 0 -1
outer loop
vertex 212.5 -104.0075 0
vertex 254.298499648856 -105.00000000000011 0
vertex 157.5 -105.00000000000011 0
endloop
endfacet
facet normal 0 0 -1
outer loop
vertex 212.5 -104.0075 0
vertex 157.5 -105.00000000000011 0
vertex 157.5 -104.0075 0
endloop
endfacet
facet normal 0 0 -1
outer loop
vertex 254.298499648856 -105.00000000000011 0
vertex 254.3793852415719 -105.1734597133489 0
vertex 254.37943574043376 -105.17364817766709 0
endloop
endfacet
facet normal 0 0 -1
outer loop
vertex 254.298499648856 -105.00000000000011 0
vertex 254.37943574043376 -105.17364817766709 0
vertex 157.4848077530122 -105.17364817766709 0
endloop
endfacet
facet normal 0 0 -1
outer loop
vertex 254.298499648856 -105.00000000000011 0
vertex 157.4848077530122 -105.17364817766709 0
vertex 157.5 -105.00000000000011 0
endloop
endfacet
facet normal 0 0 -1
outer loop
vertex 254.37943574043376 -105.17364817766709 0
vertex 254.42455087265998 -105.34202014332556 0
vertex 157.43969262227054 -105.34202014332556 0
endloop
endfacet
facet normal 0 0 -1
outer loop
vertex 254.37943574043376 -105.17364817766709 0
vertex 157.43969262227054 -105.34202014332556 0
vertex 157.4848077530122 -105.17364817766709 0
endloop
endfacet
facet normal 0 0 -1
outer loop
vertex 254.42455087265998 -105.34202014332556 0
vertex 254.4367371635278 -105.3875 0
vertex 195.5 -105.3875 0
endloop
endfacet
facet normal 0 0 -1
outer loop
vertex 254.42455087265998 -105.34202014332556 0
vertex 195.5 -105.3875 0
vertex 176.5 -105.3875 0
endloop
endfacet
facet normal 0 0 -1
outer loop
vertex 254.42455087265998 -105.34202014332556 0
vertex 176.5 -105.3875 0
vertex 157.41848501685683 -105.3875 0
endloop
endfacet
facet normal 0 0 -1
outer loop
vertex 254.42455087265998 -105.34202014332556 0
vertex 157.41848501685683 -105.3875 0
vertex 157.43969262227054 -105.34202014332556 0
endloop
endfacet
facet normal 0 0 -1
outer loop
vertex 176.5 -105.3875 0
vertex 176.5 -105.49999999999977 0
vertex 157.366025409099 -105.49999999999977 0
endloop
endfacet
facet normal 0 0 -1
outer loop
vertex 176.5 -105.3875 0
vertex 157.366025409099 -105.49999999999977 0
vertex 157.41848501685683 -105.3875 0
endloop
endfacet
facet normal 0 0 -1
outer loop
vertex 176.5 -105.49999999999977 0
vertex 176.5 -105.64278760968666 0
vertex 157.26604445528645 -105.64278760968666 0
endloop
endfacet
facet normal 0 0 -1
outer loop
vertex 176.5 -105.49999999999977 0
vertex 157.26604445528645 -105.64278760968666 0
vertex 157.366025409099 -105.49999999999977 0
endloop
endfacet
facet normal 0 0 -1
outer loop
vertex 176.5 -105.64278760968666 0
vertex 176.5 -105.7660444431189 0
vertex 157.14278763284588 -105.7660444431189 0
endloop
endfacet
facet normal 0 0 -1
outer loop
vertex 176.5 -105.64278760968666 0
vertex 157.14278763284588 -105.7660444431189 0
vertex 157.26604445528645 -105.64278760968666 0
endloop
endfacet
facet normal 0 0 -1
outer loop
vertex 176.5 -105.7660444431189 0
vertex 176.5 -105.86602540378448 0
vertex 157.00000004036593 -105.86602540378448 0
endloop
endfacet
facet normal 0 0 -1
outer loop
vertex 176.5 -105.7660444431189 0
vertex 157.00000004036593 -105.86602540378448 0
vertex 157.14278763284588 -105.7660444431189 0
endloop
endfacet
facet normal 0 0 -1
outer loop
vertex 176.5 -105.86602540378448 0
vertex 176.5 -105.9396926207859 0
vertex 156.84202021210038 -105.9396926207859 0
endloop
endfacet
facet normal 0 0 -1
outer loop
vertex 176.5 -105.86602540378448 0
vertex 156.84202021210038 -105.9396926207859 0
vertex 157.00000004036593 -105.86602540378448 0
endloop
endfacet
facet normal 0 0 -1
outer loop
vertex 176.5 -105.9396926207859 0
vertex 176.5 -105.98480775301219 0
vertex 156.67364830416804 -105.98480775301219 0
endloop
endfacet
facet normal 0 0 -1
outer loop
vertex 176.5 -105.9396926207859 0
vertex 156.67364830416804 -105.98480775301219 0
vertex 156.84202021210038 -105.9396926207859 0
endloop
endfacet
facet normal 0 0 -1
outer loop
vertex 176.5 -105.98480775301219 0
vertex 176.5 -106 0
vertex 156.4999999999999 -106 0
endloop
endfacet
facet normal 0 0 -1
outer loop
vertex 176.5 -105.98480775301219 0
vertex 156.4999999999999 -106 0
vertex 156.67364830416804 -105.98480775301219 0
endloop
endfacet
facet normal 0 0 -1
outer loop
vertex 156.4999999999999 -106 0
vertex 176.5 -106 0
vertex 176.5 -107.0339041849619 0
endloop
endfacet
facet normal 0 0 -1
outer loop
vertex 156.4999999999999 -106 0
vertex 176.5 -107.0339041849619 0
vertex 159.95855258552905 -107.0339041849619 0
endloop
endfacet
facet normal 0 0 -1
outer loop
vertex 156.4999999999999 -106 0
vertex 159.95855258552905 -107.0339041849619 0
vertex 139.5 -107.0339041849619 0
endloop
endfacet
facet normal 0 0 -1
outer loop
vertex 156.4999999999999 -106 0
vertex 139.5 -107.0339041849619 0
vertex 139.5 -107.00000000000026 0
endloop
endfacet
facet normal 0 0 -1
outer loop
vertex 156.4999999999999 -106 0
vertex 139.5 -107.00000000000026 0
vertex 139.51519224698785 -106.82635182233278 0
endloop
endfacet
facet normal 0 0 -1
outer loop
vertex 156.4999999999999 -106 0
vertex 139.51519224698785 -106.82635182233278 0
vertex 139.56030737921404 -106.65797985667447 0
endloop
endfacet
facet normal 0 0 -1
outer loop
vertex 156.4999999999999 -106 0
vertex 139.56030737921404 -106.65797985667447 0
vertex 139.63397459621555 -106.5 0
endloop
endfacet
facet normal 0 0 -1
outer loop
vertex 156.4999999999999 -106 0
vertex 139.63397459621555 -106.5 0
vertex 139.73395555688097 -106.35721239031353 0
endloop
endfacet
facet normal 0 0 -1
outer loop
vertex 156.4999999999999 -106 0
vertex 139.73395555688097 -106.35721239031353 0
vertex 139.8572123903134 -106.2339555568811 0
endloop
endfacet
facet normal 0 0 -1
outer loop
vertex 156.4999999999999 -106 0
vertex 139.8572123903134 -106.2339555568811 0
vertex 140.00000000000014 -106.1339745962155 0
endloop
endfacet
facet normal 0 0 -1
outer loop
vertex 156.4999999999999 -106 0
vertex 140.00000000000014 -106.1339745962155 0
vertex 140.1579798566744 -106.06030737921407 0
endloop
endfacet
facet normal 0 0 -1
outer loop
vertex 156.4999999999999 -106 0
vertex 140.1579798566744 -106.06030737921407 0
vertex 140.32635182233304 -106.0151922469878 0
endloop
endfacet
facet normal 0 0 -1
outer loop
vertex 156.4999999999999 -106 0
vertex 140.32635182233304 -106.0151922469878 0
vertex 140.50000000000003 -106 0
endloop
endfacet
facet normal 0 0 -1
outer loop
vertex 176.5 -107.0339041849619 0
vertex 176.5 -107.05179106423589 0
vertex 160.2346122454667 -107.05179106423589 0
endloop
endfacet
facet normal 0 0 -1
outer loop
vertex 176.5 -107.0339041849619 0
vertex 160.2346122454667 -107.05179106423589 0
vertex 159.95855258552905 -107.0339041849619 0
endloop
endfacet
facet normal 0 0 -1
outer loop
vertex 159.95855258552905 -107.0339041849619 0
vertex 159.6839029664141 -107.06701706787891 0
vertex 139.5 -107.06701706787891 0
endloop
endfacet
facet normal 0 0 -1
outer loop
vertex 159.95855258552905 -107.0339041849619 0
vertex 139.5 -107.06701706787891 0
vertex 139.5 -107.0339041849619 0
endloop
endfacet
facet normal 0 0 -1
outer loop
vertex 176.5 -107.05179106423589 0
vertex 176.5 -107.120069322247 0
vertex 160.50269237486478 -107.120069322247 0
endloop
endfacet
facet normal 0 0 -1
outer loop
vertex 176.5 -107.05179106423589 0
vertex 160.50269237486478 -107.120069322247 0
vertex 160.2346122454667 -107.05179106423589 0
endloop
endfacet
facet normal 0 0 -1
outer loop
vertex 159.6839029664141 -107.06701706787891 0
vertex 159.42001309299246 -107.15000052067887 0
vertex 143.35543390043964 -107.15000052067887 0
endloop
endfacet
facet normal 0 0 -1
outer loop
vertex 159.6839029664141 -107.06701706787891 0
vertex 143.35543390043964 -107.15000052067887 0
vertex 140.5 -107.15000052067887 0
endloop
endfacet
facet normal 0 0 -1
outer loop
vertex 159.6839029664141 -107.06701706787891 0
vertex 140.5 -107.15000052067887 0
vertex 139.5 -107.15000052067887 0
endloop
endfacet
facet normal 0 0 -1
outer loop
vertex 159.6839029664141 -107.06701706787891 0
vertex 139.5 -107.15000052067887 0
vertex 139.5 -107.06701706787891 0
endloop
endfacet
facet normal 0 0 -1
outer loop
vertex 159.42001309299246 -107.15000052067887 0
vertex 159.420005 -107.1500030655939 0
vertex 152.32508346403398 -107.1500030655939 0
endloop
endfacet
facet normal 0 0 -1
outer loop
vertex 159.42001309299246 -107.15000052067887 0
vertex 152.32508346403398 -107.1500030655939 0
vertex 143.35543390043964 -107.15000052067887 0
endloop
endfacet
facet normal 0 0 -1
outer loop
vertex 176.5 -107.120069322247 0
vertex 176.5 -107.23641662194578 0
vertex 160.75367480880735 -107.23641662194578 0
endloop
endfacet
facet normal 0 0 -1
outer loop
vertex 176.5 -107.120069322247 0
vertex 160.75367480880735 -107.23641662194578 0
vertex 160.50269237486478 -107.120069322247 0
endloop
endfacet
facet normal 0 0 -1
outer loop
vertex 176.5 -107.23641662194578 0
vertex 176.5 -107.39687566195208 0
vertex 160.9790229234553 -107.39687566195208 0
endloop
endfacet
facet normal 0 0 -1
outer loop
vertex 176.5 -107.23641662194578 0
vertex 160.9790229234553 -107.39687566195208 0
vertex 160.75367480880735 -107.23641662194578 0
endloop
endfacet
facet normal 0 0 -1
outer loop
vertex 176.5 -107.39687566195208 0
vertex 176.5 -107.59598877558878 0
vertex 161.171071990813 -107.59598877558878 0
endloop
endfacet
facet normal 0 0 -1
outer loop
vertex 176.5 -107.39687566195208 0
vertex 161.171071990813 -107.59598877558878 0
vertex 160.9790229234553 -107.39687566195208 0
endloop
endfacet
facet normal 0 0 -1
outer loop
vertex 176.5 -107.59598877558878 0
vertex 176.5 -107.82698356159268 0
vertex 161.32328987785016 -107.82698356159268 0
endloop
endfacet
facet normal 0 0 -1
outer loop
vertex 176.5 -107.59598877558878 0
vertex 161.32328987785016 -107.82698356159268 0
vertex 161.171071990813 -107.59598877558878 0
endloop
endfacet
facet normal 0 0 -1
outer loop
vertex 176.5 -107.82698356159268 0
vertex 176.5 -108.08200323267376 0
vertex 161.43049922285704 -108.08200323267376 0
endloop
endfacet
facet normal 0 0 -1
outer loop
vertex 176.5 -107.82698356159268 0
vertex 161.43049922285704 -108.08200323267376 0
vertex 161.32328987785016 -107.82698356159268 0
endloop
endfacet
facet normal 0 0 -1
outer loop
vertex 176.5 -108.08200323267376 0
vertex 176.5 -108.35237384711571 0
vertex 161.48905353218836 -108.35237384711571 0
endloop
endfacet
facet normal 0 0 -1
outer loop
vertex 176.5 -108.08200323267376 0
vertex 161.48905353218836 -108.35237384711571 0
vertex 161.43049922285704 -108.08200323267376 0
endloop
endfacet
facet normal 0 0 -1
outer loop
vertex 176.5 -108.35237384711571 0
vertex 176.5 -108.628899334116 0
vertex 161.49696120784625 -108.628899334116 0
endloop
endfacet
facet normal 0 0 -1
outer loop
vertex 176.5 -108.35237384711571 0
vertex 161.49696120784625 -108.628899334116 0
vertex 161.48905353218836 -108.35237384711571 0
endloop
endfacet
facet normal 0 0 -1
outer loop
vertex 176.5 -108.628899334116 0
vertex 176.5 -108.90217427821355 0
vertex 161.45395328737197 -108.90217427821355 0
endloop
endfacet
facet normal 0 0 -1
outer loop
vertex 176.5 -108.628899334116 0
vertex 161.45395328737197 -108.90217427821355 0
vertex 161.49696120784625 -108.628899334116 0
endloop
endfacet
facet normal 0 0 -1
outer loop
vertex 176.5 -108.90217427821355 0
vertex 176.5 -109.16290382412355 0
vertex 161.36149259202128 -109.16290382412355 0
endloop
endfacet
facet normal 0 0 -1
outer loop
vertex 176.5 -108.90217427821355 0
vertex 161.36149259202128 -109.16290382412355 0
vertex 161.45395328737197 -108.90217427821355 0
endloop
endfacet
facet normal 0 0 -1
outer loop
vertex 176.5 -109.16290382412355 0
vertex 176.5 -109.40221982110529 0
vertex 161.22272397206845 -109.40221982110529 0
endloop
endfacet
facet normal 0 0 -1
outer loop
vertex 176.5 -109.16290382412355 0
vertex 161.22272397206845 -109.40221982110529 0
vertex 161.36149259202128 -109.16290382412355 0
endloop
endfacet
facet normal 0 0 -1
outer loop
vertex 176.5 -109.40221982110529 0
vertex 176.5 -109.61198245390216 0
vertex 161.04236734153548 -109.61198245390216 0
endloop
endfacet
facet normal 0 0 -1
outer loop
vertex 176.5 -109.40221982110529 0
vertex 161.04236734153548 -109.61198245390216 0
vertex 161.22272397206845 -109.40221982110529 0
endloop
endfacet
facet normal 0 0 -1
outer loop
vertex 176.5 -109.61198245390216 0
vertex 176.5 -109.78505710092422 0
vertex 160.82655714054127 -109.78505710092422 0
endloop
endfacet
facet normal 0 0 -1
outer loop
vertex 176.5 -109.61198245390216 0
vertex 160.82655714054127 -109.78505710092422 0
vertex 161.04236734153548 -109.61198245390216 0
endloop
endfacet
facet normal 0 0 -1
outer loop
vertex 176.5 -109.78505710092422 0
vertex 176.5 -109.91555700294882 0
vertex 160.58263368560773 -109.91555700294882 0
endloop
endfacet
facet normal 0 0 -1
outer loop
vertex 176.5 -109.78505710092422 0
vertex 160.58263368560773 -109.91555700294882 0
vertex 160.82655714054127 -109.78505710092422 0
endloop
endfacet
facet normal 0 0 -1
outer loop
vertex 176.5 -109.91555700294882 0
vertex 176.5 -109.99904348848295 0
vertex 160.3188935046944 -109.99904348848295 0
endloop
endfacet
facet normal 0 0 -1
outer loop
vertex 176.5 -109.91555700294882 0
vertex 160.3188935046944 -109.99904348848295 0
vertex 160.58263368560773 -109.91555700294882 0
endloop
endfacet
facet normal 0 0 -1
outer loop
vertex 159.76821407795114 -110.01531340499255 0
vertex 159.5 -110.01531340499255 0
vertex 159.5 -109.9475469 0
endloop
endfacet
facet normal 0 0 -1
outer loop
vertex 159.76821407795114 -110.01531340499255 0
vertex 160.04430714876943 -110.03267694556068 0
vertex 159.5 -110.03267694556068 0
endloop
endfacet
facet normal 0 0 -1
outer loop
vertex 159.76821407795114 -110.01531340499255 0
vertex 159.5 -110.03267694556068 0
vertex 159.5 -110.01531340499255 0
endloop
endfacet
facet normal 0 0 -1
outer loop
vertex 176.5 -109.99904348848295 0
vertex 176.5 -110.03267694556068 0
vertex 160.04430714876943 -110.03267694556068 0
endloop
endfacet
facet normal 0 0 -1
outer loop
vertex 176.5 -109.99904348848295 0
vertex 160.04430714876943 -110.03267694556068 0
vertex 160.3188935046944 -109.99904348848295 0
endloop
endfacet
facet normal 0 0 -1
outer loop
vertex 160.04430714876943 -110.03267694556068 0
vertex 176.5 -110.03267694556068 0
vertex 176.5 -110.15 0
endloop
endfacet
facet normal 0 0 -1
outer loop
vertex 160.04430714876943 -110.03267694556068 0
vertex 176.5 -110.15 0
vertex 159.5 -110.15 0
endloop
endfacet
facet normal 0 0 -1
outer loop
vertex 160.04430714876943 -110.03267694556068 0
vertex 159.5 -110.15 0
vertex 159.5 -110.03267694556068 0
endloop
endfacet
facet normal 0 0 -1
outer loop
vertex 254.4367371635278 -105.3875 0
vertex 254.4696155060244 -105.51020364466605 0
vertex 254.5 -105.8574999999999 0
endloop
endfacet
facet normal 0 0 -1
outer loop
vertex 254.4367371635278 -105.3875 0
vertex 254.5 -105.8574999999999 0
vertex 254.50000017199767 -110.15 0
endloop
endfacet
facet normal 0 0 -1
outer loop
vertex 254.4367371635278 -105.3875 0
vertex 254.50000017199767 -110.15 0
vertex 213.5 -110.15 0
endloop
endfacet
facet normal 0 0 -1
outer loop
vertex 254.4367371635278 -105.3875 0
vertex 213.5 -110.15 0
vertex 195.5 -110.15 0
endloop
endfacet
facet normal 0 0 -1
outer loop
vertex 254.4367371635278 -105.3875 0
vertex 195.5 -110.15 0
vertex 195.5 -105.3875 0
endloop
endfacet
facet normal 0 0 -1
outer loop
vertex 254.50000017199767 -110.15 0
vertex 254.50000024046062 -111.85861164732646 0
vertex 231.94228640964633 -111.85861164732646 0
endloop
endfacet
facet normal 0 0 -1
outer loop
vertex 254.50000017199767 -110.15 0
vertex 231.94228640964633 -111.85861164732646 0
vertex 213.5 -111.85861164732646 0
endloop
endfacet
facet normal 0 0 -1
outer loop
vertex 254.50000017199767 -110.15 0
vertex 213.5 -111.85861164732646 0
vertex 213.5 -110.15 0
endloop
endfacet
facet normal 0 0 -1
outer loop
vertex 254.50000024046062 -111.85861164732646 0
vertex 254.50000024106237 -111.87362978555245 0
vertex 232.21936987168982 -111.87362978555245 0
endloop
endfacet
facet normal 0 0 -1
outer loop
vertex 254.50000024046062 -111.85861164732646 0
vertex 232.21936987168982 -111.87362978555245 0
vertex 231.94228640964633 -111.85861164732646 0
endloop
endfacet
facet normal 0 0 -1
outer loop
vertex 231.94228640964633 -111.85861164732646 0
vertex 231.6671778554723 -111.89488936547586 0
vertex 213.5 -111.89488936547586 0
endloop
endfacet
facet normal 0 0 -1
outer loop
vertex 231.94228640964633 -111.85861164732646 0
vertex 213.5 -111.89488936547586 0
vertex 213.5 -111.85861164732646 0
endloop
endfacet
facet normal 0 0 -1
outer loop
vertex 254.50000024106237 -111.87362978555245 0
vertex 254.50000024369893 -111.93942982082108 0
vertex 232.48894573257616 -111.93942982082108 0
endloop
endfacet
facet normal 0 0 -1
outer loop
vertex 254.50000024106237 -111.87362978555245 0
vertex 232.48894573257616 -111.93942982082108 0
vertex 232.21936987168982 -111.87362978555245 0
endloop
endfacet
facet normal 0 0 -1
outer loop
vertex 231.6671778554723 -111.89488936547586 0
vertex 231.4034591317658 -111.98122142314047 0
vertex 213.5 -111.98122142314047 0
endloop
endfacet
facet normal 0 0 -1
outer loop
vertex 231.6671778554723 -111.89488936547586 0
vertex 213.5 -111.98122142314047 0
vertex 213.5 -111.89488936547586 0
endloop
endfacet
facet normal 0 0 -1
outer loop
vertex 254.50000024369893 -111.93942982082108 0
vertex 254.5000002482801 -112.05375990661699 0
vertex 232.7417884127069 -112.05375990661699 0
endloop
endfacet
facet normal 0 0 -1
outer loop
vertex 254.50000024369893 -111.93942982082108 0
vertex 232.7417884127069 -112.05375990661699 0
vertex 232.48894573257616 -111.93942982082108 0
endloop
endfacet
facet normal 0 0 -1
outer loop
vertex 231.4034591317658 -111.98122142314047 0
vertex 231.16015542807327 -112.11465331516823 0
vertex 213.5 -112.11465331516823 0
endloop
endfacet
facet normal 0 0 -1
outer loop
vertex 231.4034591317658 -111.98122142314047 0
vertex 213.5 -112.11465331516823 0
vertex 213.5 -111.98122142314047 0
endloop
endfacet
facet normal 0 0 -1
outer loop
vertex 254.5000002482801 -112.05375990661699 0
vertex 254.500000254649 -112.21270737322483 0
vertex 232.96924498498578 -112.21270737322483 0
endloop
endfacet
facet normal 0 0 -1
outer loop
vertex 254.5000002482801 -112.05375990661699 0
vertex 232.96924498498578 -112.21270737322483 0
vertex 232.7417884127069 -112.05375990661699 0
endloop
endfacet
facet normal 0 0 -1
outer loop
vertex 231.16015542807327 -112.11465331516823 0
vertex 230.94559313769886 -112.29061865888394 0
vertex 213.5 -112.29061865888394 0
endloop
endfacet
facet normal 0 0 -1
outer loop
vertex 231.16015542807327 -112.11465331516823 0
vertex 213.5 -112.29061865888394 0
vertex 213.5 -112.11465331516823 0
endloop
endfacet
facet normal 0 0 -1
outer loop
vertex 254.500000254649 -112.21270737322483 0
vertex 254.50000026258775 -112.41083262935366 0
vertex 233.16353130024683 -112.41083262935366 0
endloop
endfacet
facet normal 0 0 -1
outer loop
vertex 254.500000254649 -112.21270737322483 0
vertex 233.16353130024683 -112.41083262935366 0
vertex 232.96924498498578 -112.21270737322483 0
endloop
endfacet
facet normal 0 0 -1
outer loop
vertex 230.94559313769886 -112.29061865888394 0
vertex 230.76711515684468 -112.50309546745413 0
vertex 213.5 -112.50309546745413 0
endloop
endfacet
facet normal 0 0 -1
outer loop
vertex 230.94559313769886 -112.29061865888394 0
vertex 213.5 -112.50309546745413 0
vertex 213.5 -112.29061865888394 0
endloop
endfacet
facet normal 0 0 -1
outer loop
vertex 254.50000026258775 -112.41083262935366 0
vertex 254.50000027182463 -112.64135531894814 0
vertex 233.31799838086906 -112.64135531894814 0
endloop
endfacet
facet normal 0 0 -1
outer loop
vertex 254.50000026258775 -112.41083262935366 0
vertex 233.31799838086906 -112.64135531894814 0
vertex 233.16353130024683 -112.41083262935366 0
endloop
endfacet
facet normal 0 0 -1
outer loop
vertex 230.76711515684468 -112.50309546745413 0
vertex 230.63082947094682 -112.74481223777136 0
vertex 213.5 -112.74481223777136 0
endloop
endfacet
facet normal 0 0 -1
outer loop
vertex 230.76711515684468 -112.50309546745413 0
vertex 213.5 -112.74481223777136 0
vertex 213.5 -112.50309546745413 0
endloop
endfacet
facet normal 0 0 -1
outer loop
vertex 254.50000027182463 -112.64135531894814 0
vertex 254.50000028204357 -112.8963863624189 0
vertex 233.42735996589866 -112.8963863624189 0
endloop
endfacet
facet normal 0 0 -1
outer loop
vertex 254.50000027182463 -112.64135531894814 0
vertex 233.42735996589866 -112.8963863624189 0
vertex 233.31799838086906 -112.64135531894814 0
endloop
endfacet
facet normal 0 0 -1
outer loop
vertex 230.63082947094682 -112.74481223777136 0
vertex 230.54139999999998 -113.00749722680209 0
vertex 213.5 -113.00749722680209 0
endloop
endfacet
facet normal 0 0 -1
outer loop
vertex 230.63082947094682 -112.74481223777136 0
vertex 213.5 -113.00749722680209 0
vertex 213.5 -112.74481223777136 0
endloop
endfacet
facet normal 0 0 -1
outer loop
vertex 254.50000028204357 -112.8963863624189 0
vertex 254.5000002928948 -113.16719794124448 0
vertex 233.4878734205004 -113.16719794124448 0
endloop
endfacet
facet normal 0 0 -1
outer loop
vertex 254.50000028204357 -112.8963863624189 0
vertex 233.4878734205004 -113.16719794124448 0
vertex 233.42735996589866 -112.8963863624189 0
endloop
endfacet
facet normal 0 0 -1
outer loop
vertex 254.5000002928948 -113.16719794124448 0
vertex 254.50000030400702 -113.44452218637967 0
vertex 233.49746781855234 -113.44452218637967 0
endloop
endfacet
facet normal 0 0 -1
outer loop
vertex 254.5000002928948 -113.16719794124448 0
vertex 233.49746781855234 -113.44452218637967 0
vertex 233.4878734205004 -113.16719794124448 0
endloop
endfacet
facet normal 0 0 -1
outer loop
vertex 254.50000030400702 -113.44452218637967 0
vertex 254.50000031499988 -113.71886834858098 0
vertex 233.45581481506605 -113.71886834858098 0
endloop
endfacet
facet normal 0 0 -1
outer loop
vertex 254.50000030400702 -113.44452218637967 0
vertex 233.45581481506605 -113.71886834858098 0
vertex 233.49746781855234 -113.44452218637967 0
endloop
endfacet
facet normal 0 0 -1
outer loop
vertex 254.50000031499988 -113.71886834858098 0
vertex 254.5000003254972 -113.98084759626434 0
vertex 233.36433988299714 -113.98084759626434 0
endloop
endfacet
facet normal 0 0 -1
outer loop
vertex 254.50000031499988 -113.71886834858098 0
vertex 233.36433988299714 -113.98084759626434 0
vertex 233.45581481506605 -113.71886834858098 0
endloop
endfacet
facet normal 0 0 -1
outer loop
vertex 254.5000003254972 -113.98084759626434 0
vertex 254.50000033513976 -114.22149432548316 0
vertex 233.22617352989252 -114.22149432548316 0
endloop
endfacet
facet normal 0 0 -1
outer loop
vertex 254.5000003254972 -113.98084759626434 0
vertex 233.22617352989252 -114.22149432548316 0
vertex 233.36433988299714 -113.98084759626434 0
endloop
endfacet
facet normal 0 0 -1
outer loop
vertex 254.50000033513976 -114.22149432548316 0
vertex 254.50000034359755 -114.43257298596143 0
vertex 233.04604416386772 -114.43257298596143 0
endloop
endfacet
facet normal 0 0 -1
outer loop
vertex 254.50000033513976 -114.22149432548316 0
vertex 233.04604416386772 -114.43257298596143 0
vertex 233.22617352989252 -114.22149432548316 0
endloop
endfacet
facet normal 0 0 -1
outer loop
vertex 254.50000034359755 -114.43257298596143 0
vertex 254.5000003505811 -114.60685992281715 0
vertex 232.83011627531388 -114.60685992281715 0
endloop
endfacet
facet normal 0 0 -1
outer loop
vertex 254.50000034359755 -114.43257298596143 0
vertex 232.83011627531388 -114.60685992281715 0
vertex 233.04604416386772 -114.43257298596143 0
endloop
endfacet
facet normal 0 0 -1
outer loop
vertex 254.5000003505811 -114.60685992281715 0
vertex 254.50000035585145 -114.73839058861812 0
vertex 232.5857794721754 -114.73839058861812 0
endloop
endfacet
facet normal 0 0 -1
outer loop
vertex 254.5000003505811 -114.60685992281715 0
vertex 232.5857794721754 -114.73839058861812 0
vertex 232.83011627531388 -114.60685992281715 0
endloop
endfacet
facet normal 0 0 -1
outer loop
vertex 254.50000035585145 -114.73839058861812 0
vertex 254.5000003592282 -114.82266366554244 0
vertex 232.32139558855252 -114.82266366554244 0
endloop
endfacet
facet normal 0 0 -1
outer loop
vertex 254.50000035585145 -114.73839058861812 0
vertex 232.32139558855252 -114.82266366554244 0
vertex 232.5857794721754 -114.73839058861812 0
endloop
endfacet
facet normal 0 0 -1
outer loop
vertex 231.7690545873269 -114.83961686223977 0
vertex 231.5 -114.83961686223977 0
vertex 231.5 -114.77171360000001 0
endloop
endfacet
facet normal 0 0 -1
outer loop
vertex 231.7690545873269 -114.83961686223977 0
vertex 232.04601252122157 -114.85679511205714 0
vertex 231.5 -114.85679511205714 0
endloop
endfacet
facet normal 0 0 -1
outer loop
vertex 231.7690545873269 -114.83961686223977 0
vertex 231.5 -114.85679511205714 0
vertex 231.5 -114.83961686223977 0
endloop
endfacet
facet normal 0 0 -1
outer loop
vertex 254.5000003592282 -114.82266366554244 0
vertex 254.50000036059586 -114.85679511205714 0
vertex 232.04601252122157 -114.85679511205714 0
endloop
endfacet
facet normal 0 0 -1
outer loop
vertex 254.5000003592282 -114.82266366554244 0
vertex 232.04601252122157 -114.85679511205714 0
vertex 232.32139558855252 -114.82266366554244 0
endloop
endfacet
facet normal 0 0 -1
outer loop
vertex 140.5 -107.15000052067887 0
vertex 140.5 -115.15 0
vertex 139.5 -115.15 0
endloop
endfacet
facet normal 0 0 -1
outer loop
vertex 140.5 -107.15000052067887 0
vertex 139.5 -115.15 0
vertex 139.5 -107.15000052067887 0
endloop
endfacet
facet normal 0 0 -1
outer loop
vertex 140.5 -115.15 0
vertex 158.5 -115.15 0
vertex 158.5 -118.15 0
endloop
endfacet
facet normal 0 0 -1
outer loop
vertex 140.5 -115.15 0
vertex 158.5 -118.15 0
vertex 139.5 -118.15 0
endloop
endfacet
facet normal 0 0 -1
outer loop
vertex 140.5 -115.15 0
vertex 139.5 -118.15 0
vertex 139.5 -115.15 0
endloop
endfacet
facet normal 0 0 -1
outer loop
vertex 194.5 -113.3875 0
vertex 194.5 -118.15 0
vertex 177.5 -118.15 0
endloop
endfacet
facet normal 0 0 -1
outer loop
vertex 194.5 -113.3875 0
vertex 177.5 -118.15 0
vertex 177.5 -113.3875 0
endloop
endfacet
facet normal 0 0 -1
outer loop
vertex 158.5 -118.15 0
vertex 177.5 -118.15 0
vertex 194.5 -118.15 0
endloop
endfacet
facet normal 0 0 -1
outer loop
vertex 158.5 -118.15 0
vertex 194.5 -118.15 0
vertex 212.5 -118.15 0
endloop
endfacet
facet normal 0 0 -1
outer loop
vertex 158.5 -118.15 0
vertex 212.5 -118.15 0
vertex 212.5 -121.0075 0
endloop
endfacet
facet normal 0 0 -1
outer loop
vertex 158.5 -118.15 0
vertex 212.5 -121.0075 0
vertex 139.5 -121.0075 0
endloop
endfacet
facet normal 0 0 -1
outer loop
vertex 158.5 -118.15 0
vertex 139.5 -121.0075 0
vertex 139.5 -118.15 0
endloop
endfacet
facet normal 0 0 -1
outer loop
vertex 232.04601252122157 -114.85679511205714 0
vertex 254.50000036059586 -114.85679511205714 0
vertex 254.50000060705054 -121.0075 0
endloop
endfacet
facet normal 0 0 -1
outer loop
vertex 232.04601252122157 -114.85679511205714 0
vertex 254.50000060705054 -121.0075 0
vertex 231.5 -121.0075 0
endloop
endfacet
facet normal 0 0 -1
outer loop
vertex 232.04601252122157 -114.85679511205714 0
vertex 231.5 -121.0075 0
vertex 231.5 -114.85679511205714 0
endloop
endfacet
facet normal 0 0 -1
outer loop
vertex 212.5 -121.0075 0
vertex 231.5 -121.0075 0
vertex 254.50000060705054 -121.0075 0
endloop
endfacet
facet normal 0 0 -1
outer loop
vertex 212.5 -121.0075 0
vertex 254.50000060705054 -121.0075 0
vertex 254.50000066234622 -122.3875 0
endloop
endfacet
facet normal 0 0 -1
outer loop
vertex 212.5 -121.0075 0
vertex 254.50000066234622 -122.3875 0
vertex 195.5 -122.3875 0
endloop
endfacet
facet normal 0 0 -1
outer loop
vertex 212.5 -121.0075 0
vertex 195.5 -122.3875 0
vertex 176.5 -122.3875 0
endloop
endfacet
facet normal 0 0 -1
outer loop
vertex 212.5 -121.0075 0
vertex 176.5 -122.3875 0
vertex 139.5 -122.3875 0
endloop
endfacet
facet normal 0 0 -1
outer loop
vertex 212.5 -121.0075 0
vertex 139.5 -122.3875 0
vertex 139.5 -121.0075 0
endloop
endfacet
facet normal 0 0 -1
outer loop
vertex 176.5 -122.3875 0
vertex 176.5 -124.15 0
vertex 159.5 -124.15 0
endloop
endfacet
facet normal 0 0 -1
outer loop
vertex 176.5 -122.3875 0
vertex 159.5 -124.15 0
vertex 140.5 -124.15 0
endloop
endfacet
facet normal 0 0 -1
outer loop
vertex 176.5 -122.3875 0
vertex 140.5 -124.15 0
vertex 139.5 -124.15 0
endloop
endfacet
facet normal 0 0 -1
outer loop
vertex 176.5 -122.3875 0
vertex 139.5 -124.15 0
vertex 139.5 -122.3875 0
endloop
endfacet
facet normal 0 0 -1
outer loop
vertex 176.5 -124.15 0
vertex 176.5 -127.15 0
vertex 159.5 -127.15 0
endloop
endfacet
facet normal 0 0 -1
outer loop
vertex 176.5 -124.15 0
vertex 159.5 -127.15 0
vertex 159.5 -124.15 0
endloop
endfacet
facet normal 0 0 -1
outer loop
vertex 254.50000066234622 -122.3875 0
vertex 254.50000085317646 -127.15 0
vertex 213.5 -127.15 0
endloop
endfacet
facet normal 0 0 -1
outer loop
vertex 254.50000066234622 -122.3875 0
vertex 213.5 -127.15 0
vertex 195.5 -127.15 0
endloop
endfacet
facet normal 0 0 -1
outer loop
vertex 254.50000066234622 -122.3875 0
vertex 195.5 -127.15 0
vertex 195.5 -122.3875 0
endloop
endfacet
facet normal 0 0 -1
outer loop
vertex 254.50000085317646 -127.15 0
vertex 254.50000096767462 -130.0075 0
vertex 231.5 -130.0075 0
endloop
endfacet
facet normal 0 0 -1
outer loop
vertex 254.50000085317646 -127.15 0
vertex 231.5 -130.0075 0
vertex 213.5 -130.0075 0
endloop
endfacet
facet normal 0 0 -1
outer loop
vertex 254.50000085317646 -127.15 0
vertex 213.5 -130.0075 0
vertex 213.5 -127.15 0
endloop
endfacet
facet normal 0 0 -1
outer loop
vertex 140.5 -124.15 0
vertex 140.5 -132.15 0
vertex 139.5 -132.15 0
endloop
endfacet
facet normal 0 0 -1
outer loop
vertex 140.5 -124.15 0
vertex 139.5 -132.15 0
vertex 139.5 -124.15 0
endloop
endfacet
facet normal 0 0 -1
outer loop
vertex 140.5 -132.15 0
vertex 158.5 -132.15 0
vertex 158.5 -135.15 0
endloop
endfacet
facet normal 0 0 -1
outer loop
vertex 140.5 -132.15 0
vertex 158.5 -135.15 0
vertex 139.5 -135.15 0
endloop
endfacet
facet normal 0 0 -1
outer loop
vertex 140.5 -132.15 0
vertex 139.5 -135.15 0
vertex 139.5 -132.15 0
endloop
endfacet
facet normal 0 0 -1
outer loop
vertex 194.5 -130.3875 0
vertex 194.5 -135.15 0
vertex 177.5 -135.15 0
endloop
endfacet
facet normal 0 0 -1
outer loop
vertex 194.5 -130.3875 0
vertex 177.5 -135.15 0
vertex 177.5 -130.3875 0
endloop
endfacet
facet normal 0 0 -1
outer loop
vertex 158.5 -135.15 0
vertex 177.5 -135.15 0
vertex 194.5 -135.15 0
endloop
endfacet
facet normal 0 0 -1
outer loop
vertex 158.5 -135.15 0
vertex 194.5 -135.15 0
vertex 212.5 -135.15 0
endloop
endfacet
facet normal 0 0 -1
outer loop
vertex 158.5 -135.15 0
vertex 212.5 -135.15 0
vertex 212.5 -138.0075 0
endloop
endfacet
facet normal 0 0 -1
outer loop
vertex 158.5 -135.15 0
vertex 212.5 -138.0075 0
vertex 139.5 -138.0075 0
endloop
endfacet
facet normal 0 0 -1
outer loop
vertex 158.5 -135.15 0
vertex 139.5 -138.0075 0
vertex 139.5 -135.15 0
endloop
endfacet
facet normal 0 0 -1
outer loop
vertex 254.50000096767462 -130.0075 0
vertex 254.50000128822936 -138.0075 0
vertex 231.5 -138.0075 0
endloop
endfacet
facet normal 0 0 -1
outer loop
vertex 254.50000096767462 -130.0075 0
vertex 231.5 -138.0075 0
vertex 231.5 -130.0075 0
endloop
endfacet
facet normal 0 0 -1
outer loop
vertex 212.5 -138.0075 0
vertex 231.5 -138.0075 0
vertex 254.50000128822936 -138.0075 0
endloop
endfacet
facet normal 0 0 -1
outer loop
vertex 212.5 -138.0075 0
vertex 254.50000128822936 -138.0075 0
vertex 254.50000141414728 -141.15 0
endloop
endfacet
facet normal 0 0 -1
outer loop
vertex 212.5 -138.0075 0
vertex 254.50000141414728 -141.15 0
vertex 159.5 -141.15 0
endloop
endfacet
facet normal 0 0 -1
outer loop
vertex 212.5 -138.0075 0
vertex 159.5 -141.15 0
vertex 140.5 -141.15 0
endloop
endfacet
facet normal 0 0 -1
outer loop
vertex 212.5 -138.0075 0
vertex 140.5 -141.15 0
vertex 139.5 -141.15 0
endloop
endfacet
facet normal 0 0 -1
outer loop
vertex 212.5 -138.0075 0
vertex 139.5 -141.15 0
vertex 139.5 -138.0075 0
endloop
endfacet
facet normal 0 0 -1
outer loop
vertex 254.50000141414728 -141.15 0
vertex 254.50000169282953 -148.105 0
vertex 204.5 -148.105 0
endloop
endfacet
facet normal 0 0 -1
outer loop
vertex 254.50000141414728 -141.15 0
vertex 204.5 -148.105 0
vertex 185.5 -148.105 0
endloop
endfacet
facet normal 0 0 -1
outer loop
vertex 254.50000141414728 -141.15 0
vertex 185.5 -148.105 0
vertex 159.5 -148.105 0
endloop
endfacet
facet normal 0 0 -1
outer loop
vertex 254.50000141414728 -141.15 0
vertex 159.5 -148.105 0
vertex 159.5 -141.15 0
endloop
endfacet
facet normal 0 0 -1
outer loop
vertex 254.50000169282953 -148.105 0
vertex 254.50000171271543 -148.6012867 0
vertex 208.26967189999996 -148.6012867 0
endloop
endfacet
facet normal 0 0 -1
outer loop
vertex 254.50000169282953 -148.105 0
vertex 208.26967189999996 -148.6012867 0
vertex 204.5 -148.6012867 0
endloop
endfacet
facet normal 0 0 -1
outer loop
vertex 254.50000169282953 -148.105 0
vertex 204.5 -148.6012867 0
vertex 204.5 -148.105 0
endloop
endfacet
facet normal 0 0 -1
outer loop
vertex 140.5 -141.15 0
vertex 140.49999999999994 -149.15 0
vertex 139.5 -149.15 0
endloop
endfacet
facet normal 0 0 -1
outer loop
vertex 140.5 -141.15 0
vertex 139.5 -149.15 0
vertex 139.5 -141.15 0
endloop
endfacet
facet normal 0 0 -1
outer loop
vertex 185.5 -148.105 0
vertex 185.5 -149.15 0
vertex 159.5 -149.15 0
endloop
endfacet
facet normal 0 0 -1
outer loop
vertex 185.5 -148.105 0
vertex 159.5 -149.15 0
vertex 159.5 -148.105 0
endloop
endfacet
facet normal 0 0 -1
outer loop
vertex 140.49999999999994 -149.15 0
vertex 159.5 -149.15 0
vertex 185.5 -149.15 0
endloop
endfacet
facet normal 0 0 -1
outer loop
vertex 140.49999999999994 -149.15 0
vertex 185.5 -149.15 0
vertex 185.5 -150.49999999999997 0
endloop
endfacet
facet normal 0 0 -1
outer loop
vertex 140.49999999999994 -149.15 0
vertex 185.5 -150.49999999999997 0
vertex 172.49999999999991 -150.49999999999997 0
endloop
endfacet
facet normal 0 0 -1
outer loop
vertex 140.49999999999994 -149.15 0
vertex 172.49999999999991 -150.49999999999997 0
vertex 139.5 -150.49999999999997 0
endloop
endfacet
facet normal 0 0 -1
outer loop
vertex 140.49999999999994 -149.15 0
vertex 139.5 -150.49999999999997 0
vertex 139.5 -149.15 0
endloop
endfacet
facet normal 0 0 -1
outer loop
vertex 172.49999999999991 -150.49999999999997 0
vertex 172.20736451697545 -150.52882207939516 0
vertex 139.5 -150.52882207939516 0
endloop
endfacet
facet normal 0 0 -1
outer loop
vertex 172.49999999999991 -150.49999999999997 0
vertex 139.5 -150.52882207939516 0
vertex 139.5 -150.49999999999997 0
endloop
endfacet
facet normal 0 0 -1
outer loop
vertex 185.5 -150.49999999999997 0
vertex 185.5 -150.52882207939516 0
vertex 172.79263548302424 -150.52882207939516 0
endloop
endfacet
facet normal 0 0 -1
outer loop
vertex 185.5 -150.49999999999997 0
vertex 172.79263548302424 -150.52882207939516 0
vertex 172.49999999999991 -150.49999999999997 0
endloop
endfacet
facet normal 0 0 -1
outer loop
vertex 172.20736451697545 -150.52882207939516 0
vertex 171.92597485145245 -150.61418070123304 0
vertex 139.5 -150.61418070123304 0
endloop
endfacet
facet normal 0 0 -1
outer loop
vertex 172.20736451697545 -150.52882207939516 0
vertex 139.5 -150.61418070123304 0
vertex 139.5 -150.52882207939516 0
endloop
endfacet
facet normal 0 0 -1
outer loop
vertex 185.5 -150.52882207939516 0
vertex 185.5 -150.61418070123304 0
vertex 173.07402514854758 -150.61418070123304 0
endloop
endfacet
facet normal 0 0 -1
outer loop
vertex 185.5 -150.52882207939516 0
vertex 173.07402514854758 -150.61418070123304 0
vertex 172.79263548302424 -150.52882207939516 0
endloop
endfacet
facet normal 0 0 -1
outer loop
vertex 171.92597485145245 -150.61418070123304 0
vertex 171.66664465047077 -150.7527955815462 0
vertex 139.5 -150.7527955815462 0
endloop
endfacet
facet normal 0 0 -1
outer loop
vertex 171.92597485145245 -150.61418070123304 0
vertex 139.5 -150.7527955815462 0
vertex 139.5 -150.61418070123304 0
endloop
endfacet
facet normal 0 0 -1
outer loop
vertex 185.5 -150.61418070123304 0
vertex 185.5 -150.7527955815462 0
vertex 173.33335534952937 -150.7527955815462 0
endloop
endfacet
facet normal 0 0 -1
outer loop
vertex 185.5 -150.61418070123304 0
vertex 173.33335534952937 -150.7527955815462 0
vertex 173.07402514854758 -150.61418070123304 0
endloop
endfacet
facet normal 0 0 -1
outer loop
vertex 171.66664465047077 -150.7527955815462 0
vertex 171.43933982821997 -150.93933982822026 0
vertex 139.5 -150.93933982822026 0
endloop
endfacet
facet normal 0 0 -1
outer loop
vertex 171.66664465047077 -150.7527955815462 0
vertex 139.5 -150.93933982822026 0
vertex 139.5 -150.7527955815462 0
endloop
endfacet
facet normal 0 0 -1
outer loop
vertex 185.5 -150.7527955815462 0
vertex 185.5 -150.93933982822026 0
vertex 173.56066017177992 -150.93933982822026 0
endloop
endfacet
facet normal 0 0 -1
outer loop
vertex 185.5 -150.7527955815462 0
vertex 173.56066017177992 -150.93933982822026 0
vertex 173.33335534952937 -150.7527955815462 0
endloop
endfacet
facet normal 0 0 -1
outer loop
vertex 171.43933982821997 -150.93933982822026 0
vertex 171.25279558154637 -151.1666446504705 0
vertex 139.5 -151.1666446504705 0
endloop
endfacet
facet normal 0 0 -1
outer loop
vertex 171.43933982821997 -150.93933982822026 0
vertex 139.5 -151.1666446504705 0
vertex 139.5 -150.93933982822026 0
endloop
endfacet
facet normal 0 0 -1
outer loop
vertex 185.5 -150.93933982822026 0
vertex 185.5 -151.1666446504705 0
vertex 173.74720441845375 -151.1666446504705 0
endloop
endfacet
facet normal 0 0 -1
outer loop
vertex 185.5 -150.93933982822026 0
vertex 173.74720441845375 -151.1666446504705 0
vertex 173.56066017177992 -150.93933982822026 0
endloop
endfacet
facet normal 0 0 -1
outer loop
vertex 171.25279558154637 -151.1666446504705 0
vertex 171.1141807012329 -151.42597485145245 0
vertex 139.5 -151.42597485145245 0
endloop
endfacet
facet normal 0 0 -1
outer loop
vertex 171.25279558154637 -151.1666446504705 0
vertex 139.5 -151.42597485145245 0
vertex 139.5 -151.1666446504705 0
endloop
endfacet
facet normal 0 0 -1
outer loop
vertex 185.5 -151.1666446504705 0
vertex 185.5 -151.42597485145245 0
vertex 173.88581929876696 -151.42597485145245 0
endloop
endfacet
facet normal 0 0 -1
outer loop
vertex 185.5 -151.1666446504705 0
vertex 173.88581929876696 -151.42597485145245 0
vertex 173.74720441845375 -151.1666446504705 0
endloop
endfacet
facet normal 0 0 -1
outer loop
vertex 171.1141807012329 -151.42597485145245 0
vertex 171.0288220793952 -151.70736451697567 0
vertex 139.5 -151.70736451697567 0
endloop
endfacet
facet normal 0 0 -1
outer loop
vertex 171.1141807012329 -151.42597485145245 0
vertex 139.5 -151.70736451697567 0
vertex 139.5 -151.42597485145245 0
endloop
endfacet
facet normal 0 0 -1
outer loop
vertex 185.5 -151.42597485145245 0
vertex 185.5 -151.70736451697567 0
vertex 173.97117792060482 -151.70736451697567 0
endloop
endfacet
facet normal 0 0 -1
outer loop
vertex 185.5 -151.42597485145245 0
vertex 173.97117792060482 -151.70736451697567 0
vertex 173.88581929876696 -151.42597485145245 0
endloop
endfacet
facet normal 0 0 -1
outer loop
vertex 171.0288220793952 -151.70736451697567 0
vertex 171 -151.99999999999991 0
vertex 139.5 -151.99999999999991 0
endloop
endfacet
facet normal 0 0 -1
outer loop
vertex 171.0288220793952 -151.70736451697567 0
vertex 139.5 -151.99999999999991 0
vertex 139.5 -151.70736451697567 0
endloop
endfacet
facet normal 0 0 -1
outer loop
vertex 185.5 -151.70736451697567 0
vertex 185.5 -151.99999999999991 0
vertex 173.99999999999997 -151.99999999999991 0
endloop
endfacet
facet normal 0 0 -1
outer loop
vertex 185.5 -151.70736451697567 0
vertex 173.99999999999997 -151.99999999999991 0
vertex 173.97117792060482 -151.70736451697567 0
endloop
endfacet
facet normal 0 0 -1
outer loop
vertex 171 -151.99999999999991 0
vertex 171.02882207939516 -152.2926354830241 0
vertex 139.5 -152.2926354830241 0
endloop
endfacet
facet normal 0 0 -1
outer loop
vertex 171 -151.99999999999991 0
vertex 139.5 -152.2926354830241 0
vertex 139.5 -151.99999999999991 0
endloop
endfacet
facet normal 0 0 -1
outer loop
vertex 185.5 -151.99999999999991 0
vertex 185.5 -152.2926354830241 0
vertex 173.97117792060482 -152.2926354830241 0
endloop
endfacet
facet normal 0 0 -1
outer loop
vertex 185.5 -151.99999999999991 0
vertex 173.97117792060482 -152.2926354830241 0
vertex 173.99999999999997 -151.99999999999991 0
endloop
endfacet
facet normal 0 0 -1
outer loop
vertex 171.02882207939516 -152.2926354830241 0
vertex 171.1141807012331 -152.57402514854766 0
vertex 139.5 -152.57402514854766 0
endloop
endfacet
facet normal 0 0 -1
outer loop
vertex 171.02882207939516 -152.2926354830241 0
vertex 139.5 -152.57402514854766 0
vertex 139.5 -152.2926354830241 0
endloop
endfacet
facet normal 0 0 -1
outer loop
vertex 185.5 -152.2926354830241 0
vertex 185.5 -152.57402514854766 0
vertex 173.8858192987669 -152.57402514854766 0
endloop
endfacet
facet normal 0 0 -1
outer loop
vertex 185.5 -152.2926354830241 0
vertex 173.8858192987669 -152.57402514854766 0
vertex 173.97117792060482 -152.2926354830241 0
endloop
endfacet
facet normal 0 0 -1
outer loop
vertex 171.1141807012331 -152.57402514854766 0
vertex 171.25279558154622 -152.83335534952943 0
vertex 139.5 -152.83335534952943 0
endloop
endfacet
facet normal 0 0 -1
outer loop
vertex 171.1141807012331 -152.57402514854766 0
vertex 139.5 -152.83335534952943 0
vertex 139.5 -152.57402514854766 0
endloop
endfacet
facet normal 0 0 -1
outer loop
vertex 185.5 -152.57402514854766 0
vertex 185.5 -152.83335534952943 0
vertex 173.74720441845383 -152.83335534952943 0
endloop
endfacet
facet normal 0 0 -1
outer loop
vertex 185.5 -152.57402514854766 0
vertex 173.74720441845383 -152.83335534952943 0
vertex 173.8858192987669 -152.57402514854766 0
endloop
endfacet
facet normal 0 0 -1
outer loop
vertex 171.25279558154622 -152.83335534952943 0
vertex 171.43933982822017 -153.06066017177983 0
vertex 139.5 -153.06066017177983 0
endloop
endfacet
facet normal 0 0 -1
outer loop
vertex 171.25279558154622 -152.83335534952943 0
vertex 139.5 -153.06066017177983 0
vertex 139.5 -152.83335534952943 0
endloop
endfacet
facet normal 0 0 -1
outer loop
vertex 185.5 -152.83335534952943 0
vertex 185.5 -153.06066017177983 0
vertex 173.56066017177974 -153.06066017177983 0
endloop
endfacet
facet normal 0 0 -1
outer loop
vertex 185.5 -152.83335534952943 0
vertex 173.56066017177974 -153.06066017177983 0
vertex 173.74720441845383 -152.83335534952943 0
endloop
endfacet
facet normal 0 0 -1
outer loop
vertex 254.50000171271543 -148.6012867 0
vertex 254.50000189548842 -153.1627043 0
vertex 234.9371581 -153.1627043 0
endloop
endfacet
facet normal 0 0 -1
outer loop
vertex 254.50000171271543 -148.6012867 0
vertex 234.9371581 -153.1627043 0
vertex 225.29311433535005 -153.1627043 0
endloop
endfacet
facet normal 0 0 -1
outer loop
vertex 254.50000171271543 -148.6012867 0
vertex 225.29311433535005 -153.1627043 0
vertex 208.26967189999996 -148.6012867 0
endloop
endfacet
facet normal 0 0 -1
outer loop
vertex 234.9371581 -153.1627043 0
vertex 234.64452261697582 -153.19152637939516 0
vertex 225.4006798012812 -153.19152637939516 0
endloop
endfacet
facet normal 0 0 -1
outer loop
vertex 234.9371581 -153.1627043 0
vertex 225.4006798012812 -153.19152637939516 0
vertex 225.29311433535005 -153.1627043 0
endloop
endfacet
facet normal 0 0 -1
outer loop
vertex 254.50000189548842 -153.1627043 0
vertex 254.5000018966433 -153.19152637939516 0
vertex 235.2297935830242 -153.19152637939516 0
endloop
endfacet
facet normal 0 0 -1
outer loop
vertex 254.50000189548842 -153.1627043 0
vertex 235.2297935830242 -153.19152637939516 0
vertex 234.9371581 -153.1627043 0
endloop
endfacet
facet normal 0 0 -1
outer loop
vertex 171.43933982822017 -153.06066017177983 0
vertex 171.6666446504707 -153.24720441845386 0
vertex 139.5 -153.24720441845386 0
endloop
endfacet
facet normal 0 0 -1
outer loop
vertex 171.43933982822017 -153.06066017177983 0
vertex 139.5 -153.24720441845386 0
vertex 139.5 -153.06066017177983 0
endloop
endfacet
facet normal 0 0 -1
outer loop
vertex 185.5 -153.06066017177983 0
vertex 185.5 -153.24720441845386 0
vertex 173.3333553495295 -153.24720441845386 0
endloop
endfacet
facet normal 0 0 -1
outer loop
vertex 185.5 -153.06066017177983 0
vertex 173.3333553495295 -153.24720441845386 0
vertex 173.56066017177974 -153.06066017177983 0
endloop
endfacet
facet normal 0 0 -1
outer loop
vertex 234.64452261697582 -153.19152637939516 0
vertex 234.3631329514524 -153.27688500123304 0
vertex 225.71924251854216 -153.27688500123304 0
endloop
endfacet
facet normal 0 0 -1
outer loop
vertex 234.64452261697582 -153.19152637939516 0
vertex 225.71924251854216 -153.27688500123304 0
vertex 225.4006798012812 -153.19152637939516 0
endloop
endfacet
facet normal 0 0 -1
outer loop
vertex 254.5000018966433 -153.19152637939516 0
vertex 254.5000019 -153.27529844999984 0
vertex 254.49988935415396 -153.27688500123304 0
endloop
endfacet
facet normal 0 0 -1
outer loop
vertex 254.5000018966433 -153.19152637939516 0
vertex 254.49988935415396 -153.27688500123304 0
vertex 235.51118324854752 -153.27688500123304 0
endloop
endfacet
facet normal 0 0 -1
outer loop
vertex 254.5000018966433 -153.19152637939516 0
vertex 235.51118324854752 -153.27688500123304 0
vertex 235.2297935830242 -153.19152637939516 0
endloop
endfacet
facet normal 0 0 -1
outer loop
vertex 171.6666446504707 -153.24720441845386 0
vertex 171.92597485145234 -153.38581929876693 0
vertex 139.5 -153.38581929876693 0
endloop
endfacet
facet normal 0 0 -1
outer loop
vertex 171.6666446504707 -153.24720441845386 0
vertex 139.5 -153.38581929876693 0
vertex 139.5 -153.24720441845386 0
endloop
endfacet
facet normal 0 0 -1
outer loop
vertex 185.5 -153.24720441845386 0
vertex 185.5 -153.38581929876693 0
vertex 173.07402514854766 -153.38581929876693 0
endloop
endfacet
facet normal 0 0 -1
outer loop
vertex 185.5 -153.24720441845386 0
vertex 173.07402514854766 -153.38581929876693 0
vertex 173.3333553495295 -153.24720441845386 0
endloop
endfacet
facet normal 0 0 -1
outer loop
vertex 234.3631329514524 -153.27688500123304 0
vertex 234.10380275047024 -153.4154998815463 0
vertex 226.23656030056148 -153.4154998815463 0
endloop
endfacet
facet normal 0 0 -1
outer loop
vertex 234.3631329514524 -153.27688500123304 0
vertex 226.23656030056148 -153.4154998815463 0
vertex 225.71924251854216 -153.27688500123304 0
endloop
endfacet
facet normal 0 0 -1
outer loop
vertex 254.49988935415396 -153.27688500123304 0
vertex 254.49005637262144 -153.4154998815463 0
vertex 235.77051344952957 -153.4154998815463 0
endloop
endfacet
facet normal 0 0 -1
outer loop
vertex 254.49988935415396 -153.27688500123304 0
vertex 235.77051344952957 -153.4154998815463 0
vertex 235.51118324854752 -153.27688500123304 0
endloop
endfacet
facet normal 0 0 -1
outer loop
vertex 171.92597485145234 -153.38581929876693 0
vertex 172.20736451697582 -153.47117792060484 0
vertex 139.5 -153.47117792060484 0
endloop
endfacet
facet normal 0 0 -1
outer loop
vertex 171.92597485145234 -153.38581929876693 0
vertex 139.5 -153.47117792060484 0
vertex 139.5 -153.38581929876693 0
endloop
endfacet
facet normal 0 0 -1
outer loop
vertex 185.5 -153.38581929876693 0
vertex 185.5 -153.47117792060484 0
vertex 172.79263548302418 -153.47117792060484 0
endloop
endfacet
facet normal 0 0 -1
outer loop
vertex 185.5 -153.38581929876693 0
vertex 172.79263548302418 -153.47117792060484 0
vertex 173.07402514854766 -153.38581929876693 0
endloop
endfacet
facet normal 0 0 -1
outer loop
vertex 172.20736451697582 -153.47117792060484 0
vertex 172.49999999999977 -153.49999999999997 0
vertex 139.5 -153.49999999999997 0
endloop
endfacet
facet normal 0 0 -1
outer loop
vertex 172.20736451697582 -153.47117792060484 0
vertex 139.5 -153.49999999999997 0
vertex 139.5 -153.47117792060484 0
endloop
endfacet
facet normal 0 0 -1
outer loop
vertex 185.5 -153.47117792060484 0
vertex 185.5 -153.49999999999997 0
vertex 172.49999999999977 -153.49999999999997 0
endloop
endfacet
facet normal 0 0 -1
outer loop
vertex 185.5 -153.47117792060484 0
vertex 172.49999999999977 -153.49999999999997 0
vertex 172.79263548302418 -153.47117792060484 0
endloop
endfacet
facet normal 0 0 -1
outer loop
vertex 234.10380275047024 -153.4154998815463 0
vertex 233.97787209452045 -153.5188485 0
vertex 226.62226259999997 -153.5188485 0
endloop
endfacet
facet normal 0 0 -1
outer loop
vertex 234.10380275047024 -153.4154998815463 0
vertex 226.62226259999997 -153.5188485 0
vertex 226.23656030056148 -153.4154998815463 0
endloop
endfacet
facet normal 0 0 -1
outer loop
vertex 233.97787209452045 -153.5188485 0
vertex 233.87649792822083 -153.60204412822 0
vertex 226.5999703992297 -153.60204412822 0
endloop
endfacet
facet normal 0 0 -1
outer loop
vertex 233.97787209452045 -153.5188485 0
vertex 226.5999703992297 -153.60204412822 0
vertex 226.62226259999997 -153.5188485 0
endloop
endfacet
facet normal 0 0 -1
outer loop
vertex 254.49005637262144 -153.4154998815463 0
vertex 254.4799743984454 -153.5576247944339 0
vertex 254.4703926874109 -153.60204412822 0
endloop
endfacet
facet normal 0 0 -1
outer loop
vertex 254.49005637262144 -153.4154998815463 0
vertex 254.4703926874109 -153.60204412822 0
vertex 235.99781827177966 -153.60204412822 0
endloop
endfacet
facet normal 0 0 -1
outer loop
vertex 254.49005637262144 -153.4154998815463 0
vertex 235.99781827177966 -153.60204412822 0
vertex 235.77051344952957 -153.4154998815463 0
endloop
endfacet
facet normal 0 0 -1
outer loop
vertex 233.87649792822083 -153.60204412822 0
vertex 233.68995368154563 -153.82934895047086 0
vertex 226.53906425737964 -153.82934895047086 0
endloop
endfacet
facet normal 0 0 -1
outer loop
vertex 233.87649792822083 -153.60204412822 0
vertex 226.53906425737964 -153.82934895047086 0
vertex 226.5999703992297 -153.60204412822 0
endloop
endfacet
facet normal 0 0 -1
outer loop
vertex 254.4703926874109 -153.60204412822 0
vertex 254.42136067954598 -153.82934895047086 0
vertex 236.18436251845398 -153.82934895047086 0
endloop
endfacet
facet normal 0 0 -1
outer loop
vertex 254.4703926874109 -153.60204412822 0
vertex 236.18436251845398 -153.82934895047086 0
vertex 235.99781827177966 -153.60204412822 0
endloop
endfacet
facet normal 0 0 -1
outer loop
vertex 233.68995368154563 -153.82934895047086 0
vertex 233.5513388012333 -154.08867915145228 0
vertex 226.46957694140204 -154.08867915145228 0
endloop
endfacet
facet normal 0 0 -1
outer loop
vertex 233.68995368154563 -153.82934895047086 0
vertex 226.46957694140204 -154.08867915145228 0
vertex 226.53906425737964 -153.82934895047086 0
endloop
endfacet
facet normal 0 0 -1
outer loop
vertex 254.42136067954598 -153.82934895047086 0
vertex 254.42029336121104 -153.83429687357196 0
vertex 254.32625537791634 -154.08867915145228 0
endloop
endfacet
facet normal 0 0 -1
outer loop
vertex 254.42136067954598 -153.82934895047086 0
vertex 254.32625537791634 -154.08867915145228 0
vertex 236.32297739876694 -154.08867915145228 0
endloop
endfacet
facet normal 0 0 -1
outer loop
vertex 254.42136067954598 -153.82934895047086 0
vertex 236.32297739876694 -154.08867915145228 0
vertex 236.18436251845398 -153.82934895047086 0
endloop
endfacet
facet normal 0 0 -1
outer loop
vertex 233.5513388012333 -154.08867915145228 0
vertex 233.46598017939516 -154.3700688169758 0
vertex 226.39417880988069 -154.3700688169758 0
endloop
endfacet
facet normal 0 0 -1
outer loop
vertex 233.5513388012333 -154.08867915145228 0
vertex 226.39417880988069 -154.3700688169758 0
vertex 226.46957694140204 -154.08867915145228 0
endloop
endfacet
facet normal 0 0 -1
outer loop
vertex 254.32625537791634 -154.08867915145228 0
vertex 254.32215403931238 -154.0997736881478 0
vertex 254.18752379999998 -154.3487369 0
endloop
endfacet
facet normal 0 0 -1
outer loop
vertex 254.32625537791634 -154.08867915145228 0
vertex 254.18752379999998 -154.3487369 0
vertex 254.17395453836912 -154.3700688169758 0
endloop
endfacet
facet normal 0 0 -1
outer loop
vertex 254.32625537791634 -154.08867915145228 0
vertex 254.17395453836912 -154.3700688169758 0
vertex 236.40833602060485 -154.3700688169758 0
endloop
endfacet
facet normal 0 0 -1
outer loop
vertex 254.32625537791634 -154.08867915145228 0
vertex 236.40833602060485 -154.3700688169758 0
vertex 236.32297739876694 -154.08867915145228 0
endloop
endfacet
facet normal 0 0 -1
outer loop
vertex 233.46598017939516 -154.3700688169758 0
vertex 233.43715809999998 -154.66270430000003 0
vertex 226.31576737072623 -154.66270430000003 0
endloop
endfacet
facet normal 0 0 -1
outer loop
vertex 233.46598017939516 -154.3700688169758 0
vertex 226.31576737072623 -154.66270430000003 0
vertex 226.39417880988069 -154.3700688169758 0
endloop
endfacet
facet normal 0 0 -1
outer loop
vertex 254.17395453836912 -154.3700688169758 0
vertex 253.98780870646206 -154.66270430000003 0
vertex 236.4371581 -154.66270430000003 0
endloop
endfacet
facet normal 0 0 -1
outer loop
vertex 254.17395453836912 -154.3700688169758 0
vertex 236.4371581 -154.66270430000003 0
vertex 236.40833602060485 -154.3700688169758 0
endloop
endfacet
facet normal 0 0 -1
outer loop
vertex 233.43715809999998 -154.66270430000003 0
vertex 233.4659801793952 -154.95533978302436 0
vertex 226.23735593157178 -154.95533978302436 0
endloop
endfacet
facet normal 0 0 -1
outer loop
vertex 233.43715809999998 -154.66270430000003 0
vertex 226.23735593157178 -154.95533978302436 0
vertex 226.31576737072623 -154.66270430000003 0
endloop
endfacet
facet normal 0 0 -1
outer loop
vertex 253.98780870646206 -154.66270430000003 0
vertex 253.80166287455492 -154.95533978302436 0
vertex 236.40833602060482 -154.95533978302436 0
endloop
endfacet
facet normal 0 0 -1
outer loop
vertex 253.98780870646206 -154.66270430000003 0
vertex 236.40833602060482 -154.95533978302436 0
vertex 236.4371581 -154.66270430000003 0
endloop
endfacet
facet normal 0 0 -1
outer loop
vertex 233.4659801793952 -154.95533978302436 0
vertex 233.51038695388462 -155.1017293 0
vertex 230.08553939999996 -155.1017293 0
endloop
endfacet
facet normal 0 0 -1
outer loop
vertex 233.4659801793952 -154.95533978302436 0
vertex 230.08553939999996 -155.1017293 0
vertex 226.19813097981762 -155.1017293 0
endloop
endfacet
facet normal 0 0 -1
outer loop
vertex 233.4659801793952 -154.95533978302436 0
vertex 226.19813097981762 -155.1017293 0
vertex 226.23735593157178 -154.95533978302436 0
endloop
endfacet
facet normal 0 0 -1
outer loop
vertex 233.51038695388462 -155.1017293 0
vertex 233.55133880123304 -155.23672944854758 0
vertex 230.31936651529193 -155.23672944854758 0
endloop
endfacet
facet normal 0 0 -1
outer loop
vertex 233.51038695388462 -155.1017293 0
vertex 230.31936651529193 -155.23672944854758 0
vertex 230.08553939999996 -155.1017293 0
endloop
endfacet
facet normal 0 0 -1
outer loop
vertex 253.80166287455492 -154.95533978302436 0
vertex 253.62267052257644 -155.23672944854758 0
vertex 236.32297739876682 -155.23672944854758 0
endloop
endfacet
facet normal 0 0 -1
outer loop
vertex 253.80166287455492 -154.95533978302436 0
vertex 236.32297739876682 -155.23672944854758 0
vertex 236.40833602060482 -154.95533978302436 0
endloop
endfacet
facet normal 0 0 -1
outer loop
vertex 233.55133880123304 -155.23672944854758 0
vertex 233.68995368154614 -155.49605964952934 0
vertex 230.76853959736655 -155.49605964952934 0
endloop
endfacet
facet normal 0 0 -1
outer loop
vertex 233.55133880123304 -155.23672944854758 0
vertex 230.76853959736655 -155.49605964952934 0
vertex 230.31936651529193 -155.23672944854758 0
endloop
endfacet
facet normal 0 0 -1
outer loop
vertex 253.62267052257644 -155.23672944854758 0
vertex 253.45771022623268 -155.49605964952934 0
vertex 236.1843625184538 -155.49605964952934 0
endloop
endfacet
facet normal 0 0 -1
outer loop
vertex 253.62267052257644 -155.23672944854758 0
vertex 236.1843625184538 -155.49605964952934 0
vertex 236.32297739876682 -155.23672944854758 0
endloop
endfacet
facet normal 0 0 -1
outer loop
vertex 233.68995368154614 -155.49605964952934 0
vertex 233.87649792822015 -155.7233644717798 0
vertex 231.16224309658932 -155.7233644717798 0
endloop
endfacet
facet normal 0 0 -1
outer loop
vertex 233.68995368154614 -155.49605964952934 0
vertex 231.16224309658932 -155.7233644717798 0
vertex 230.76853959736655 -155.49605964952934 0
endloop
endfacet
facet normal 0 0 -1
outer loop
vertex 253.45771022623268 -155.49605964952934 0
vertex 253.31312131720145 -155.7233644717798 0
vertex 235.99781827177998 -155.7233644717798 0
endloop
endfacet
facet normal 0 0 -1
outer loop
vertex 253.45771022623268 -155.49605964952934 0
vertex 235.99781827177998 -155.7233644717798 0
vertex 236.1843625184538 -155.49605964952934 0
endloop
endfacet
facet normal 0 0 -1
outer loop
vertex 233.87649792822015 -155.7233644717798 0
vertex 234.10380275047058 -155.90990871845378 0
vertex 231.48534720827638 -155.90990871845378 0
endloop
endfacet
facet normal 0 0 -1
outer loop
vertex 233.87649792822015 -155.7233644717798 0
vertex 231.48534720827638 -155.90990871845378 0
vertex 231.16224309658932 -155.7233644717798 0
endloop
endfacet
facet normal 0 0 -1
outer loop
vertex 253.31312131720145 -155.7233644717798 0
vertex 253.19446026617052 -155.90990871845378 0
vertex 235.77051344952937 -155.90990871845378 0
endloop
endfacet
facet normal 0 0 -1
outer loop
vertex 253.31312131720145 -155.7233644717798 0
vertex 235.77051344952937 -155.90990871845378 0
vertex 235.99781827177998 -155.7233644717798 0
endloop
endfacet
facet normal 0 0 -1
outer loop
vertex 234.10380275047058 -155.90990871845378 0
vertex 234.36313295145243 -156.04852359876696 0
vertex 231.72543522261478 -156.04852359876696 0
endloop
endfacet
facet normal 0 0 -1
outer loop
vertex 234.10380275047058 -155.90990871845378 0
vertex 231.72543522261478 -156.04852359876696 0
vertex 231.48534720827638 -155.90990871845378 0
endloop
endfacet
facet normal 0 0 -1
outer loop
vertex 253.19446026617052 -155.90990871845378 0
vertex 253.106287150785 -156.04852359876696 0
vertex 235.51118324854778 -156.04852359876696 0
endloop
endfacet
facet normal 0 0 -1
outer loop
vertex 253.19446026617052 -155.90990871845378 0
vertex 235.51118324854778 -156.04852359876696 0
vertex 235.77051344952937 -155.90990871845378 0
endloop
endfacet
facet normal 0 0 -1
outer loop
vertex 172.49999999999977 -153.49999999999997 0
vertex 185.5 -153.49999999999997 0
vertex 185.5 -156.105 0
endloop
endfacet
facet normal 0 0 -1
outer loop
vertex 172.49999999999977 -153.49999999999997 0
vertex 185.5 -156.105 0
vertex 139.5 -156.105 0
endloop
endfacet
facet normal 0 0 -1
outer loop
vertex 172.49999999999977 -153.49999999999997 0
vertex 139.5 -156.105 0
vertex 139.5 -153.49999999999997 0
endloop
endfacet
facet normal 0 0 -1
outer loop
vertex 208.26967189999996 -148.6012867 0
vertex 206.25905803740656 -156.105 0
vertex 204.5 -156.105 0
endloop
endfacet
facet normal 0 0 -1
outer loop
vertex 208.26967189999996 -148.6012867 0
vertex 204.5 -156.105 0
vertex 204.5 -148.6012867 0
endloop
endfacet
facet normal 0 0 -1
outer loop
vertex 234.36313295145243 -156.04852359876696 0
vertex 234.6445226169758 -156.13388222060485 0
vertex 231.873280691856 -156.13388222060485 0
endloop
endfacet
facet normal 0 0 -1
outer loop
vertex 234.36313295145243 -156.04852359876696 0
vertex 231.873280691856 -156.13388222060485 0
vertex 231.72543522261478 -156.04852359876696 0
endloop
endfacet
facet normal 0 0 -1
outer loop
vertex 253.106287150785 -156.04852359876696 0
vertex 253.0519904144212 -156.13388222060485 0
vertex 235.22979358302402 -156.13388222060485 0
endloop
endfacet
facet normal 0 0 -1
outer loop
vertex 253.106287150785 -156.04852359876696 0
vertex 235.22979358302402 -156.13388222060485 0
vertex 235.51118324854778 -156.04852359876696 0
endloop
endfacet
facet normal 0 0 -1
outer loop
vertex 234.6445226169758 -156.13388222060485 0
vertex 234.93715809999995 -156.1627043 0
vertex 231.92320199753004 -156.1627043 0
endloop
endfacet
facet normal 0 0 -1
outer loop
vertex 234.6445226169758 -156.13388222060485 0
vertex 231.92320199753004 -156.1627043 0
vertex 231.873280691856 -156.13388222060485 0
endloop
endfacet
facet normal 0 0 -1
outer loop
vertex 253.0519904144212 -156.13388222060485 0
vertex 253.0336566502076 -156.1627043 0
vertex 234.93715809999995 -156.1627043 0
endloop
endfacet
facet normal 0 0 -1
outer loop
vertex 253.0519904144212 -156.13388222060485 0
vertex 234.93715809999995 -156.1627043 0
vertex 235.22979358302402 -156.13388222060485 0
endloop
endfacet
facet normal 0 0 -1
outer loop
vertex 185.5 -156.105 0
vertex 204.5 -156.105 0
vertex 206.25905803740656 -156.105 0
endloop
endfacet
facet normal 0 0 -1
outer loop
vertex 185.5 -156.105 0
vertex 206.25905803740656 -156.105 0
vertex 206.19911959999996 -156.32869329999997 0
endloop
endfacet
facet normal 0 0 -1
outer loop
vertex 185.5 -156.105 0
vertex 206.19911959999996 -156.32869329999997 0
vertex 139.5 -156.32869329999997 0
endloop
endfacet
facet normal 0 0 -1
outer loop
vertex 185.5 -156.105 0
vertex 139.5 -156.32869329999997 0
vertex 139.5 -156.105 0
endloop
endfacet
facet normal 0 0 -1
outer loop
vertex 206.19911959999996 -156.32869329999997 0
vertex 219.90062289361742 -160 0
vertex 182.50000000000003 -160 0
endloop
endfacet
facet normal 0 0 -1
outer loop
vertex 206.19911959999996 -156.32869329999997 0
vertex 182.50000000000003 -160 0
vertex 140.49999999999983 -160 0
endloop
endfacet
facet normal 0 0 -1
outer loop
vertex 206.19911959999996 -156.32869329999997 0
vertex 140.49999999999983 -160 0
vertex 140.3263518223331 -159.9848077530122 0
endloop
endfacet
facet normal 0 0 -1
outer loop
vertex 206.19911959999996 -156.32869329999997 0
vertex 140.3263518223331 -159.9848077530122 0
vertex 140.1579798566744 -159.93969262078593 0
endloop
endfacet
facet normal 0 0 -1
outer loop
vertex 206.19911959999996 -156.32869329999997 0
vertex 140.1579798566744 -159.93969262078593 0
vertex 140.00000000000017 -159.86602540378453 0
endloop
endfacet
facet normal 0 0 -1
outer loop
vertex 206.19911959999996 -156.32869329999997 0
vertex 140.00000000000017 -159.86602540378453 0
vertex 139.8572123903134 -159.76604444311891 0
endloop
endfacet
facet normal 0 0 -1
outer loop
vertex 206.19911959999996 -156.32869329999997 0
vertex 139.8572123903134 -159.76604444311891 0
vertex 139.73395555688103 -159.64278760968654 0
endloop
endfacet
facet normal 0 0 -1
outer loop
vertex 206.19911959999996 -156.32869329999997 0
vertex 139.73395555688103 -159.64278760968654 0
vertex 139.63397459621558 -159.50000000000006 0
endloop
endfacet
facet normal 0 0 -1
outer loop
vertex 206.19911959999996 -156.32869329999997 0
vertex 139.63397459621558 -159.50000000000006 0
vertex 139.560307379214 -159.34202014332547 0
endloop
endfacet
facet normal 0 0 -1
outer loop
vertex 206.19911959999996 -156.32869329999997 0
vertex 139.560307379214 -159.34202014332547 0
vertex 139.5151922469878 -159.17364817766708 0
endloop
endfacet
facet normal 0 0 -1
outer loop
vertex 206.19911959999996 -156.32869329999997 0
vertex 139.5151922469878 -159.17364817766708 0
vertex 139.5 -159.00000000000006 0
endloop
endfacet
facet normal 0 0 -1
outer loop
vertex 206.19911959999996 -156.32869329999997 0
vertex 139.5 -159.00000000000006 0
vertex 139.5 -156.32869329999997 0
endloop
endfacet
facet normal 0 0 -1
outer loop
vertex 219.90062289361742 -160 0
vertex 220.0140193702129 -160.0303844939756 0
vertex 182.8472963553339 -160.0303844939756 0
endloop
endfacet
facet normal 0 0 -1
outer loop
vertex 219.90062289361742 -160 0
vertex 182.8472963553339 -160.0303844939756 0
vertex 182.50000000000003 -160 0
endloop
endfacet
facet normal 0 0 -1
outer loop
vertex 220.0140193702129 -160.0303844939756 0
vertex 220.3507633054394 -160.1206147584282 0
vertex 183.18404028665128 -160.1206147584282 0
endloop
endfacet
facet normal 0 0 -1
outer loop
vertex 220.0140193702129 -160.0303844939756 0
vertex 183.18404028665128 -160.1206147584282 0
vertex 182.8472963553339 -160.0303844939756 0
endloop
endfacet
facet normal 0 0 -1
outer loop
vertex 220.3507633054394 -160.1206147584282 0
vertex 220.90062290522573 -160.26794919243116 0
vertex 183.5 -160.26794919243116 0
endloop
endfacet
facet normal 0 0 -1
outer loop
vertex 220.3507633054394 -160.1206147584282 0
vertex 183.5 -160.26794919243116 0
vertex 183.18404028665128 -160.1206147584282 0
endloop
endfacet
facet normal 0 0 -1
outer loop
vertex 220.90062290522573 -160.26794919243116 0
vertex 221.64689096387465 -160.46791111376209 0
vertex 183.7855752193731 -160.46791111376209 0
endloop
endfacet
facet normal 0 0 -1
outer loop
vertex 220.90062290522573 -160.26794919243116 0
vertex 183.7855752193731 -160.46791111376209 0
vertex 183.5 -160.26794919243116 0
endloop
endfacet
facet normal 0 0 -1
outer loop
vertex 221.64689096387465 -160.46791111376209 0
vertex 222.56689250405347 -160.7144247806268 0
vertex 184.03208888623783 -160.7144247806268 0
endloop
endfacet
facet normal 0 0 -1
outer loop
vertex 221.64689096387465 -160.46791111376209 0
vertex 184.03208888623783 -160.7144247806268 0
vertex 183.7855752193731 -160.46791111376209 0
endloop
endfacet
facet normal 0 0 -1
outer loop
vertex 222.56689250405347 -160.7144247806268 0
vertex 223.63267374450913 -161.00000000000014 0
vertex 184.23205080756892 -161.00000000000014 0
endloop
endfacet
facet normal 0 0 -1
outer loop
vertex 222.56689250405347 -160.7144247806268 0
vertex 184.23205080756892 -161.00000000000014 0
vertex 184.03208888623783 -160.7144247806268 0
endloop
endfacet
facet normal 0 0 -1
outer loop
vertex 223.63267374450913 -161.00000000000014 0
vertex 224.55171029999994 -161.2462551 0
vertex 184.3468814465586 -161.2462551 0
endloop
endfacet
facet normal 0 0 -1
outer loop
vertex 223.63267374450913 -161.00000000000014 0
vertex 184.3468814465586 -161.2462551 0
vertex 184.23205080756892 -161.00000000000014 0
endloop
endfacet
facet normal 0 0 -1
outer loop
vertex 230.08553939999996 -155.1017293 0
vertex 226.53799575982498 -161.2462551 0
vertex 224.55171029999994 -161.2462551 0
endloop
endfacet
facet normal 0 0 -1
outer loop
vertex 230.08553939999996 -155.1017293 0
vertex 224.55171029999994 -161.2462551 0
vertex 226.19813097981762 -155.1017293 0
endloop
endfacet
facet normal 0 0 -1
outer loop
vertex 224.55171029999994 -161.2462551 0
vertex 226.53799575982498 -161.2462551 0
vertex 226.49775178236854 -161.3159597133486 0
endloop
endfacet
facet normal 0 0 -1
outer loop
vertex 224.55171029999994 -161.2462551 0
vertex 226.49775178236854 -161.3159597133486 0
vertex 184.37938524157178 -161.3159597133486 0
endloop
endfacet
facet normal 0 0 -1
outer loop
vertex 224.55171029999994 -161.2462551 0
vertex 184.37938524157178 -161.3159597133486 0
vertex 184.3468814465586 -161.2462551 0
endloop
endfacet
facet normal 0 0 -1
outer loop
vertex 226.49775178236854 -161.3159597133486 0
vertex 226.30333258212477 -161.6527036446662 0
vertex 184.4696155060244 -161.6527036446662 0
endloop
endfacet
facet normal 0 0 -1
outer loop
vertex 226.49775178236854 -161.3159597133486 0
vertex 184.4696155060244 -161.6527036446662 0
vertex 184.37938524157178 -161.3159597133486 0
endloop
endfacet
facet normal 0 0 -1
outer loop
vertex 226.30333258212477 -161.6527036446662 0
vertex 226.102820937008 -162.00000000000006 0
vertex 184.5 -162.00000000000006 0
endloop
endfacet
facet normal 0 0 -1
outer loop
vertex 226.30333258212477 -161.6527036446662 0
vertex 184.5 -162.00000000000006 0
vertex 184.4696155060244 -161.6527036446662 0
endloop
endfacet
facet normal 0 0 -1
outer loop
vertex 226.102820937008 -162.00000000000006 0
vertex 226.0855394 -162.02993250000003 0
vertex 184.5 -162.02993250000003 0
endloop
endfacet
facet normal 0 0 -1
outer loop
vertex 226.102820937008 -162.00000000000006 0
vertex 184.5 -162.02993250000003 0
vertex 184.5 -162.00000000000006 0
endloop
endfacet
facet normal 0 0 -1
outer loop
vertex 234.93715809999995 -156.1627043 0
vertex 253.0336566502076 -156.1627043 0
vertex 248.00409595000104 -164.06955834999832 0
endloop
endfacet
facet normal 0 0 -1
outer loop
vertex 234.93715809999995 -156.1627043 0
vertex 248.00409595000104 -164.06955834999832 0
vertex 245.61827488031284 -164.06955834999832 0
endloop
endfacet
facet normal 0 0 -1
outer loop
vertex 234.93715809999995 -156.1627043 0
vertex 245.61827488031284 -164.06955834999832 0
vertex 231.92320199753004 -156.1627043 0
endloop
endfacet
facet normal 0 0 -1
outer loop
vertex 248.00409595000104 -164.06955834999832 0
vertex 247.9814417129683 -164.10603935990295 0
vertex 245.68146184270296 -164.10603935990295 0
endloop
endfacet
facet normal 0 0 -1
outer loop
vertex 248.00409595000104 -164.06955834999832 0
vertex 245.68146184270296 -164.10603935990295 0
vertex 245.61827488031284 -164.06955834999832 0
endloop
endfacet
facet normal 0 0 -1
outer loop
vertex 247.9814417129683 -164.10603935990295 0
vertex 247.95957189999993 -164.14299670000014 0
vertex 245.74547383318418 -164.14299670000014 0
endloop
endfacet
facet normal 0 0 -1
outer loop
vertex 247.9814417129683 -164.10603935990295 0
vertex 245.74547383318418 -164.14299670000014 0
vertex 245.68146184270296 -164.10603935990295 0
endloop
endfacet
facet normal 0 0 -1
outer loop
vertex 247.95957189999993 -164.14299670000014 0
vertex 247.6947224923252 -164.6017293 0
vertex 246.540022 -164.6017293 0
endloop
endfacet
facet normal 0 0 -1
outer loop
vertex 247.95957189999993 -164.14299670000014 0
vertex 246.540022 -164.6017293 0
vertex 245.74547383318418 -164.14299670000014 0
endloop
endfacet
facet normal 0 0 -1
outer loop
vertex 226.0855394 -162.02993250000003 0
vertex 234.616006503429 -166.955 0
vertex 203.80420279999973 -166.955 0
endloop
endfacet
facet normal 0 0 -1
outer loop
vertex 226.0855394 -162.02993250000003 0
vertex 203.80420279999973 -166.955 0
vertex 185.5000000000001 -166.955 0
endloop
endfacet
facet normal 0 0 -1
outer loop
vertex 226.0855394 -162.02993250000003 0
vertex 185.5000000000001 -166.955 0
vertex 185.3263518223331 -166.93980775301222 0
endloop
endfacet
facet normal 0 0 -1
outer loop
vertex 226.0855394 -162.02993250000003 0
vertex 185.3263518223331 -166.93980775301222 0
vertex 185.15797985667425 -166.8946926207859 0
endloop
endfacet
facet normal 0 0 -1
outer loop
vertex 226.0855394 -162.02993250000003 0
vertex 185.15797985667425 -166.8946926207859 0
vertex 185.00000000000014 -166.82102540378455 0
endloop
endfacet
facet normal 0 0 -1
outer loop
vertex 226.0855394 -162.02993250000003 0
vertex 185.00000000000014 -166.82102540378455 0
vertex 184.85721239031346 -166.72104444311898 0
endloop
endfacet
facet normal 0 0 -1
outer loop
vertex 226.0855394 -162.02993250000003 0
vertex 184.85721239031346 -166.72104444311898 0
vertex 184.73395555688109 -166.5977876096866 0
endloop
endfacet
facet normal 0 0 -1
outer loop
vertex 226.0855394 -162.02993250000003 0
vertex 184.73395555688109 -166.5977876096866 0
vertex 184.63397459621552 -166.45499999999996 0
endloop
endfacet
facet normal 0 0 -1
outer loop
vertex 226.0855394 -162.02993250000003 0
vertex 184.63397459621552 -166.45499999999996 0
vertex 184.5603073792141 -166.29702014332568 0
endloop
endfacet
facet normal 0 0 -1
outer loop
vertex 226.0855394 -162.02993250000003 0
vertex 184.5603073792141 -166.29702014332568 0
vertex 184.51519224698777 -166.1286481776668 0
endloop
endfacet
facet normal 0 0 -1
outer loop
vertex 226.0855394 -162.02993250000003 0
vertex 184.51519224698777 -166.1286481776668 0
vertex 184.5 -165.9550000000003 0
endloop
endfacet
facet normal 0 0 -1
outer loop
vertex 226.0855394 -162.02993250000003 0
vertex 184.5 -165.9550000000003 0
vertex 184.5 -162.02993250000003 0
endloop
endfacet
facet normal 0 0 -1
outer loop
vertex 234.616006503429 -166.955 0
vertex 234.62259796464622 -166.95880558192476 0
vertex 203.89135704512674 -166.95880558192476 0
endloop
endfacet
facet normal 0 0 -1
outer loop
vertex 234.616006503429 -166.955 0
vertex 203.89135704512674 -166.95880558192476 0
vertex 203.80420279999973 -166.955 0
endloop
endfacet
facet normal 0 0 -1
outer loop
vertex 234.62259796464622 -166.95880558192476 0
vertex 234.6423125276239 -166.9701877902166 0
vertex 203.97784979762494 -166.9701877902166 0
endloop
endfacet
facet normal 0 0 -1
outer loop
vertex 234.62259796464622 -166.95880558192476 0
vertex 203.97784979762494 -166.9701877902166 0
vertex 203.89135704512674 -166.95880558192476 0
endloop
endfacet
facet normal 0 0 -1
outer loop
vertex 234.6423125276239 -166.9701877902166 0
vertex 234.67500881393093 -166.98906499999998 0
vertex 204.0630213999999 -166.98906499999998 0
endloop
endfacet
facet normal 0 0 -1
outer loop
vertex 234.6423125276239 -166.9701877902166 0
vertex 204.0630213999999 -166.98906499999998 0
vertex 203.97784979762494 -166.9701877902166 0
endloop
endfacet
facet normal 0 0 -1
outer loop
vertex 234.67500881393093 -166.98906499999998 0
vertex 242.33402746630503 -171.4110014999999 0
vertex 220.56587909999965 -171.4110014999999 0
endloop
endfacet
facet normal 0 0 -1
outer loop
vertex 234.67500881393093 -166.98906499999998 0
vertex 220.56587909999965 -171.4110014999999 0
vertex 204.0630213999999 -166.98906499999998 0
endloop
endfacet
facet normal 0 0 -1
outer loop
vertex 242.33402746630503 -171.4110014999999 0
vertex 242.37946326604302 -171.4372338713241 0
vertex 220.64908030711527 -171.4372338713241 0
endloop
endfacet
facet normal 0 0 -1
outer loop
vertex 242.33402746630503 -171.4110014999999 0
vertex 220.64908030711527 -171.4372338713241 0
vertex 220.56587909999965 -171.4110014999999 0
endloop
endfacet
facet normal 0 0 -1
outer loop
vertex 242.37946326604302 -171.4372338713241 0
vertex 242.43728724831035 -171.47061856319766 0
vertex 220.72967810477363 -171.47061856319766 0
endloop
endfacet
facet normal 0 0 -1
outer loop
vertex 242.37946326604302 -171.4372338713241 0
vertex 220.72967810477363 -171.47061856319766 0
vertex 220.64908030711527 -171.4372338713241 0
endloop
endfacet
facet normal 0 0 -1
outer loop
vertex 242.43728724831035 -171.47061856319766 0
vertex 242.50705804218697 -171.51090074999993 0
vertex 220.8070595499999 -171.51090074999993 0
endloop
endfacet
facet normal 0 0 -1
outer loop
vertex 242.43728724831035 -171.47061856319766 0
vertex 220.8070595499999 -171.51090074999993 0
vertex 220.72967810477363 -171.47061856319766 0
endloop
endfacet
facet normal 0 0 -1
outer loop
vertex 242.50705804218697 -171.51090074999993 0
vertex 242.54002200000002 -171.52993250000003 0
vertex 220.8400235050177 -171.52993250000003 0
endloop
endfacet
facet normal 0 0 -1
outer loop
vertex 242.50705804218697 -171.51090074999993 0
vertex 220.8400235050177 -171.52993250000003 0
vertex 220.8070595499999 -171.51090074999993 0
endloop
endfacet
facet normal 0 0 -1
outer loop
vertex 247.6947224923252 -164.6017293 0
vertex 243.6947222443145 -171.52993250000003 0
vertex 242.54002200000002 -171.52993250000003 0
endloop
endfacet
facet normal 0 0 -1
outer loop
vertex 247.6947224923252 -164.6017293 0
vertex 242.54002200000002 -171.52993250000003 0
vertex 246.540022 -164.6017293 0
endloop
endfacet
facet normal 0 0 -1
outer loop
vertex 242.54002200000002 -171.52993250000003 0
vertex 243.6947222443145 -171.52993250000003 0
vertex 238.48104600000008 -180.56028404999986 0
endloop
endfacet
facet normal 0 0 -1
outer loop
vertex 242.54002200000002 -171.52993250000003 0
vertex 238.48104600000008 -180.56028404999986 0
vertex 238.381064653797 -180.7030701250055 0
endloop
endfacet
facet normal 0 0 -1
outer loop
vertex 242.54002200000002 -171.52993250000003 0
vertex 238.381064653797 -180.7030701250055 0
vertex 238.25780783535933 -180.82632550830542 0
endloop
endfacet
facet normal 0 0 -1
outer loop
vertex 242.54002200000002 -171.52993250000003 0
vertex 238.25780783535933 -180.82632550830542 0
vertex 238.11502059622748 -180.92630519196507 0
endloop
endfacet
facet normal 0 0 -1
outer loop
vertex 242.54002200000002 -171.52993250000003 0
vertex 238.11502059622748 -180.92630519196507 0
vertex 237.95704140283596 -180.99997137999955 0
endloop
endfacet
facet normal 0 0 -1
outer loop
vertex 242.54002200000002 -171.52993250000003 0
vertex 237.95704140283596 -180.99997137999955 0
vertex 237.78867031597943 -181.04508578916722 0
endloop
endfacet
facet normal 0 0 -1
outer loop
vertex 242.54002200000002 -171.52993250000003 0
vertex 237.78867031597943 -181.04508578916722 0
vertex 237.61502314512023 -181.06027765726904 0
endloop
endfacet
facet normal 0 0 -1
outer loop
vertex 242.54002200000002 -171.52993250000003 0
vertex 237.61502314512023 -181.06027765726904 0
vertex 237.44137600895866 -181.04508578916722 0
endloop
endfacet
facet normal 0 0 -1
outer loop
vertex 242.54002200000002 -171.52993250000003 0
vertex 237.44137600895866 -181.04508578916722 0
vertex 237.27300502514106 -180.99997137999955 0
endloop
endfacet
facet normal 0 0 -1
outer loop
vertex 242.54002200000002 -171.52993250000003 0
vertex 237.27300502514106 -180.99997137999955 0
vertex 237.11502200000012 -180.92630810000003 0
endloop
endfacet
facet normal 0 0 -1
outer loop
vertex 242.54002200000002 -171.52993250000003 0
vertex 237.11502200000012 -180.92630810000003 0
vertex 220.8400235050177 -171.52993250000003 0
endloop
endfacet
facet normal 0 0 1
outer loop
vertex 237.78867031597952 -181.04508539256705 2
vertex 237.9570414028362 -180.99997137999947 2
vertex 238.11502059622717 -180.92630519196524 2
endloop
endfacet
facet normal 0 0 1
outer loop
vertex 237.78867031597952 -181.04508539256705 2
vertex 238.11502059622717 -180.92630519196524 2
vertex 238.2578078353595 -180.8263255083053 2
endloop
endfacet
facet normal 0 0 1
outer loop
vertex 237.78867031597952 -181.04508539256705 2
vertex 238.2578078353595 -180.8263255083053 2
vertex 238.3810646537972 -180.7030701250052 2
endloop
endfacet
facet normal 0 0 1
outer loop
vertex 237.78867031597952 -181.04508539256705 2
vertex 238.3810646537972 -180.7030701250052 2
vertex 238.48104600000048 -180.56028404999924 2
endloop
endfacet
facet normal 0 0 1
outer loop
vertex 237.78867031597952 -181.04508539256705 2
vertex 238.48104600000048 -180.56028404999924 2
vertex 243.6947222443145 -171.5299325 2
endloop
endfacet
facet normal 0 0 1
outer loop
vertex 237.78867031597952 -181.04508539256705 2
vertex 243.6947222443145 -171.5299325 2
vertex 242.540022 -171.5299325 2
endloop
endfacet
facet normal 0 0 1
outer loop
vertex 237.78867031597952 -181.04508539256705 2
vertex 242.540022 -171.5299325 2
vertex 220.84002350501768 -171.5299325 2
endloop
endfacet
facet normal 0 0 1
outer loop
vertex 237.78867031597952 -181.04508539256705 2
vertex 220.84002350501768 -171.5299325 2
vertex 237.115022 -180.9263081 2
endloop
endfacet
facet normal 0 0 1
outer loop
vertex 237.78867031597952 -181.04508539256705 2
vertex 237.115022 -180.9263081 2
vertex 237.273005025141 -180.99997137999947 2
endloop
endfacet
facet normal 0 0 1
outer loop
vertex 237.78867031597952 -181.04508539256705 2
vertex 237.273005025141 -180.99997137999947 2
vertex 237.44137600895863 -181.04508539256705 2
endloop
endfacet
facet normal 0 0 1
outer loop
vertex 237.78867031597952 -181.04508539256705 2
vertex 237.44137600895863 -181.04508539256705 2
vertex 237.61502314511998 -181.06027765726904 2
endloop
endfacet
facet normal 0 0 1
outer loop
vertex 242.540022 -171.5299325 2
vertex 242.5070580421869 -171.5109007499999 2
vertex 220.8070595499999 -171.5109007499999 2
endloop
endfacet
facet normal 0 0 1
outer loop
vertex 242.540022 -171.5299325 2
vertex 220.8070595499999 -171.5109007499999 2
vertex 220.84002350501768 -171.5299325 2
endloop
endfacet
facet normal 0 0 1
outer loop
vertex 242.5070580421869 -171.5109007499999 2
vertex 242.4372872483103 -171.47061856319763 2
vertex 220.72967810477357 -171.47061856319763 2
endloop
endfacet
facet normal 0 0 1
outer loop
vertex 242.5070580421869 -171.5109007499999 2
vertex 220.72967810477357 -171.47061856319763 2
vertex 220.8070595499999 -171.5109007499999 2
endloop
endfacet
facet normal 0 0 1
outer loop
vertex 242.4372872483103 -171.47061856319763 2
vertex 242.37946326604305 -171.43723387132414 2
vertex 220.64908030711536 -171.43723387132414 2
endloop
endfacet
facet normal 0 0 1
outer loop
vertex 242.4372872483103 -171.47061856319763 2
vertex 220.64908030711536 -171.43723387132414 2
vertex 220.72967810477357 -171.47061856319763 2
endloop
endfacet
facet normal 0 0 1
outer loop
vertex 242.37946326604305 -171.43723387132414 2
vertex 242.3340274663049 -171.41100149999983 2
vertex 220.56587909999936 -171.41100149999983 2
endloop
endfacet
facet normal 0 0 1
outer loop
vertex 242.37946326604305 -171.43723387132414 2
vertex 220.56587909999936 -171.41100149999983 2
vertex 220.64908030711536 -171.43723387132414 2
endloop
endfacet
facet normal 0 0 1
outer loop
vertex 242.3340274663049 -171.41100149999983 2
vertex 234.67500881393113 -166.9890650000001 2
vertex 204.06302140000037 -166.9890650000001 2
endloop
endfacet
facet normal 0 0 1
outer loop
vertex 242.3340274663049 -171.41100149999983 2
vertex 204.06302140000037 -166.9890650000001 2
vertex 220.56587909999936 -171.41100149999983 2
endloop
endfacet
facet normal 0 0 1
outer loop
vertex 234.67500881393113 -166.9890650000001 2
vertex 234.64231252762372 -166.97018779021653 2
vertex 203.97784979762454 -166.97018779021653 2
endloop
endfacet
facet normal 0 0 1
outer loop
vertex 234.67500881393113 -166.9890650000001 2
vertex 203.97784979762454 -166.97018779021653 2
vertex 204.06302140000037 -166.9890650000001 2
endloop
endfacet
facet normal 0 0 1
outer loop
vertex 234.64231252762372 -166.97018779021653 2
vertex 234.62259796464616 -166.95880558192474 2
vertex 203.89135704512648 -166.95880558192474 2
endloop
endfacet
facet normal 0 0 1
outer loop
vertex 234.64231252762372 -166.97018779021653 2
vertex 203.89135704512648 -166.95880558192474 2
vertex 203.97784979762454 -166.97018779021653 2
endloop
endfacet
facet normal 0 0 1
outer loop
vertex 234.62259796464616 -166.95880558192474 2
vertex 234.616006503429 -166.955 2
vertex 203.80420279999987 -166.955 2
endloop
endfacet
facet normal 0 0 1
outer loop
vertex 234.62259796464616 -166.95880558192474 2
vertex 203.80420279999987 -166.955 2
vertex 203.89135704512648 -166.95880558192474 2
endloop
endfacet
facet normal 0 0 1
outer loop
vertex 243.6947222443145 -171.5299325 2
vertex 247.6947224923252 -164.60172930000002 2
vertex 246.540022 -164.60172930000002 2
endloop
endfacet
facet normal 0 0 1
outer loop
vertex 243.6947222443145 -171.5299325 2
vertex 246.540022 -164.60172930000002 2
vertex 242.540022 -171.5299325 2
endloop
endfacet
facet normal 0 0 1
outer loop
vertex 247.6947224923252 -164.60172930000002 2
vertex 247.95957190000087 -164.14299669999852 2
vertex 245.74547383318134 -164.14299669999852 2
endloop
endfacet
facet normal 0 0 1
outer loop
vertex 247.6947224923252 -164.60172930000002 2
vertex 245.74547383318134 -164.14299669999852 2
vertex 246.540022 -164.60172930000002 2
endloop
endfacet
facet normal 0 0 1
outer loop
vertex 247.95957190000087 -164.14299669999852 2
vertex 247.98144171296832 -164.1060393599029 2
vertex 245.68146184270282 -164.1060393599029 2
endloop
endfacet
facet normal 0 0 1
outer loop
vertex 247.95957190000087 -164.14299669999852 2
vertex 245.68146184270282 -164.1060393599029 2
vertex 245.74547383318134 -164.14299669999852 2
endloop
endfacet
facet normal 0 0 1
outer loop
vertex 247.98144171296832 -164.1060393599029 2
vertex 248.00409594999925 -164.06955835000116 2
vertex 245.61827488031773 -164.06955835000116 2
endloop
endfacet
facet normal 0 0 1
outer loop
vertex 247.98144171296832 -164.1060393599029 2
vertex 245.61827488031773 -164.06955835000116 2
vertex 245.68146184270282 -164.1060393599029 2
endloop
endfacet
facet normal 0 0 1
outer loop
vertex 203.80420279999987 -166.955 2
vertex 234.616006503429 -166.955 2
vertex 226.0855394 -162.02993250000003 2
endloop
endfacet
facet normal 0 0 1
outer loop
vertex 203.80420279999987 -166.955 2
vertex 226.0855394 -162.02993250000003 2
vertex 184.5 -162.02993250000003 2
endloop
endfacet
facet normal 0 0 1
outer loop
vertex 203.80420279999987 -166.955 2
vertex 184.5 -162.02993250000003 2
vertex 184.5 -165.95500000000027 2
endloop
endfacet
facet normal 0 0 1
outer loop
vertex 203.80420279999987 -166.955 2
vertex 184.5 -165.95500000000027 2
vertex 184.51519224698777 -166.12864817766686 2
endloop
endfacet
facet normal 0 0 1
outer loop
vertex 203.80420279999987 -166.955 2
vertex 184.51519224698777 -166.12864817766686 2
vertex 184.5603073792141 -166.29702014332568 2
endloop
endfacet
facet normal 0 0 1
outer loop
vertex 203.80420279999987 -166.955 2
vertex 184.5603073792141 -166.29702014332568 2
vertex 184.63397459621552 -166.45499999999998 2
endloop
endfacet
facet normal 0 0 1
outer loop
vertex 203.80420279999987 -166.955 2
vertex 184.63397459621552 -166.45499999999998 2
vertex 184.73395555688094 -166.59778760968646 2
endloop
endfacet
facet normal 0 0 1
outer loop
vertex 203.80420279999987 -166.955 2
vertex 184.73395555688094 -166.59778760968646 2
vertex 184.8572123903135 -166.721044443119 2
endloop
endfacet
facet normal 0 0 1
outer loop
vertex 203.80420279999987 -166.955 2
vertex 184.8572123903135 -166.721044443119 2
vertex 185.00000000000017 -166.82102540378455 2
endloop
endfacet
facet normal 0 0 1
outer loop
vertex 203.80420279999987 -166.955 2
vertex 185.00000000000017 -166.82102540378455 2
vertex 185.1579798566742 -166.89469262078586 2
endloop
endfacet
facet normal 0 0 1
outer loop
vertex 203.80420279999987 -166.955 2
vertex 185.1579798566742 -166.89469262078586 2
vertex 185.32635182233304 -166.9398077530122 2
endloop
endfacet
facet normal 0 0 1
outer loop
vertex 203.80420279999987 -166.955 2
vertex 185.32635182233304 -166.9398077530122 2
vertex 185.5000000000003 -166.955 2
endloop
endfacet
facet normal 0 0 1
outer loop
vertex 226.0855394 -162.02993250000003 2
vertex 226.10282093700803 -161.99999999999997 2
vertex 184.5 -161.99999999999997 2
endloop
endfacet
facet normal 0 0 1
outer loop
vertex 226.0855394 -162.02993250000003 2
vertex 184.5 -161.99999999999997 2
vertex 184.5 -162.02993250000003 2
endloop
endfacet
facet normal 0 0 1
outer loop
vertex 226.10282093700803 -161.99999999999997 2
vertex 226.30333258212485 -161.6527036446661 2
vertex 184.4696155060244 -161.6527036446661 2
endloop
endfacet
facet normal 0 0 1
outer loop
vertex 226.10282093700803 -161.99999999999997 2
vertex 184.4696155060244 -161.6527036446661 2
vertex 184.5 -161.99999999999997 2
endloop
endfacet
facet normal 0 0 1
outer loop
vertex 226.30333258212485 -161.6527036446661 2
vertex 226.49775178236854 -161.31595971334863 2
vertex 184.3793852415718 -161.31595971334863 2
endloop
endfacet
facet normal 0 0 1
outer loop
vertex 226.30333258212485 -161.6527036446661 2
vertex 184.3793852415718 -161.31595971334863 2
vertex 184.4696155060244 -161.6527036446661 2
endloop
endfacet
facet normal 0 0 1
outer loop
vertex 226.49775178236854 -161.31595971334863 2
vertex 226.53799575982498 -161.2462551 2
vertex 224.55171029999994 -161.2462551 2
endloop
endfacet
facet normal 0 0 1
outer loop
vertex 226.49775178236854 -161.31595971334863 2
vertex 224.55171029999994 -161.2462551 2
vertex 184.3468814465586 -161.2462551 2
endloop
endfacet
facet normal 0 0 1
outer loop
vertex 226.49775178236854 -161.31595971334863 2
vertex 184.3468814465586 -161.2462551 2
vertex 184.3793852415718 -161.31595971334863 2
endloop
endfacet
facet normal 0 0 1
outer loop
vertex 224.55171029999994 -161.2462551 2
vertex 223.6326737445086 -161 2
vertex 184.23205080756887 -161 2
endloop
endfacet
facet normal 0 0 1
outer loop
vertex 224.55171029999994 -161.2462551 2
vertex 184.23205080756887 -161 2
vertex 184.3468814465586 -161.2462551 2
endloop
endfacet
facet normal 0 0 1
outer loop
vertex 223.6326737445086 -161 2
vertex 222.5668925040542 -160.714424780627 2
vertex 184.032088886238 -160.714424780627 2
endloop
endfacet
facet normal 0 0 1
outer loop
vertex 223.6326737445086 -161 2
vertex 184.032088886238 -160.714424780627 2
vertex 184.23205080756887 -161 2
endloop
endfacet
facet normal 0 0 1
outer loop
vertex 222.5668925040542 -160.714424780627 2
vertex 221.64689096387434 -160.467911113762 2
vertex 183.785575219373 -160.467911113762 2
endloop
endfacet
facet normal 0 0 1
outer loop
vertex 222.5668925040542 -160.714424780627 2
vertex 183.785575219373 -160.467911113762 2
vertex 184.032088886238 -160.714424780627 2
endloop
endfacet
facet normal 0 0 1
outer loop
vertex 221.64689096387434 -160.467911113762 2
vertex 220.90062290522584 -160.2679491924312 2
vertex 183.50000000000009 -160.2679491924312 2
endloop
endfacet
facet normal 0 0 1
outer loop
vertex 221.64689096387434 -160.467911113762 2
vertex 183.50000000000009 -160.2679491924312 2
vertex 183.785575219373 -160.467911113762 2
endloop
endfacet
facet normal 0 0 1
outer loop
vertex 220.90062290522584 -160.2679491924312 2
vertex 220.3507633054395 -160.12061475842822 2
vertex 183.18404028665137 -160.12061475842822 2
endloop
endfacet
facet normal 0 0 1
outer loop
vertex 220.90062290522584 -160.2679491924312 2
vertex 183.18404028665137 -160.12061475842822 2
vertex 183.50000000000009 -160.2679491924312 2
endloop
endfacet
facet normal 0 0 1
outer loop
vertex 220.3507633054395 -160.12061475842822 2
vertex 220.0140193702129 -160.0303844939756 2
vertex 182.84729635533384 -160.0303844939756 2
endloop
endfacet
facet normal 0 0 1
outer loop
vertex 220.3507633054395 -160.12061475842822 2
vertex 182.84729635533384 -160.0303844939756 2
vertex 183.18404028665137 -160.12061475842822 2
endloop
endfacet
facet normal 0 0 1
outer loop
vertex 220.0140193702129 -160.0303844939756 2
vertex 219.90062289361742 -160 2
vertex 182.50000000000006 -160 2
endloop
endfacet
facet normal 0 0 1
outer loop
vertex 220.0140193702129 -160.0303844939756 2
vertex 182.50000000000006 -160 2
vertex 182.84729635533384 -160.0303844939756 2
endloop
endfacet
facet normal 0 0 1
outer loop
vertex 182.50000000000006 -160 2
vertex 219.90062289361742 -160 2
vertex 206.19911960000002 -156.3286933 2
endloop
endfacet
facet normal 0 0 1
outer loop
vertex 182.50000000000006 -160 2
vertex 206.19911960000002 -156.3286933 2
vertex 139.5 -156.3286933 2
endloop
endfacet
facet normal 0 0 1
outer loop
vertex 182.50000000000006 -160 2
vertex 139.5 -156.3286933 2
vertex 139.5 -159.00000000000003 2
endloop
endfacet
facet normal 0 0 1
outer loop
vertex 182.50000000000006 -160 2
vertex 139.5 -159.00000000000003 2
vertex 139.5151922469878 -159.17364817766708 2
endloop
endfacet
facet normal 0 0 1
outer loop
vertex 182.50000000000006 -160 2
vertex 139.5151922469878 -159.17364817766708 2
vertex 139.56030737921398 -159.3420201433254 2
endloop
endfacet
facet normal 0 0 1
outer loop
vertex 182.50000000000006 -160 2
vertex 139.56030737921398 -159.3420201433254 2
vertex 139.63397459621555 -159.49999999999997 2
endloop
endfacet
facet normal 0 0 1
outer loop
vertex 182.50000000000006 -160 2
vertex 139.63397459621555 -159.49999999999997 2
vertex 139.73395555688106 -159.64278760968654 2
endloop
endfacet
facet normal 0 0 1
outer loop
vertex 182.50000000000006 -160 2
vertex 139.73395555688106 -159.64278760968654 2
vertex 139.85721239031346 -159.76604444311894 2
endloop
endfacet
facet normal 0 0 1
outer loop
vertex 182.50000000000006 -160 2
vertex 139.85721239031346 -159.76604444311894 2
vertex 140.00000000000023 -159.8660254037846 2
endloop
endfacet
facet normal 0 0 1
outer loop
vertex 182.50000000000006 -160 2
vertex 140.00000000000023 -159.8660254037846 2
vertex 140.1579798566742 -159.93969262078588 2
endloop
endfacet
facet normal 0 0 1
outer loop
vertex 182.50000000000006 -160 2
vertex 140.1579798566742 -159.93969262078588 2
vertex 140.32635182233312 -159.98480775301223 2
endloop
endfacet
facet normal 0 0 1
outer loop
vertex 182.50000000000006 -160 2
vertex 140.32635182233312 -159.98480775301223 2
vertex 140.5 -160 2
endloop
endfacet
facet normal 0 0 1
outer loop
vertex 248.00409594999925 -164.06955835000116 2
vertex 253.03365665020758 -156.16270430000003 2
vertex 234.9371581000001 -156.16270430000003 2
endloop
endfacet
facet normal 0 0 1
outer loop
vertex 248.00409594999925 -164.06955835000116 2
vertex 234.9371581000001 -156.16270430000003 2
vertex 231.92320199753001 -156.16270430000003 2
endloop
endfacet
facet normal 0 0 1
outer loop
vertex 248.00409594999925 -164.06955835000116 2
vertex 231.92320199753001 -156.16270430000003 2
vertex 245.61827488031773 -164.06955835000116 2
endloop
endfacet
facet normal 0 0 1
outer loop
vertex 234.9371581000001 -156.16270430000003 2
vertex 234.64452261697588 -156.13388222060487 2
vertex 231.87328069185597 -156.13388222060487 2
endloop
endfacet
facet normal 0 0 1
outer loop
vertex 234.9371581000001 -156.16270430000003 2
vertex 231.87328069185597 -156.13388222060487 2
vertex 231.92320199753001 -156.16270430000003 2
endloop
endfacet
facet normal 0 0 1
outer loop
vertex 253.03365665020758 -156.16270430000003 2
vertex 253.0519904144212 -156.13388222060487 2
vertex 235.22979358302416 -156.13388222060487 2
endloop
endfacet
facet normal 0 0 1
outer loop
vertex 253.03365665020758 -156.16270430000003 2
vertex 235.22979358302416 -156.13388222060487 2
vertex 234.9371581000001 -156.16270430000003 2
endloop
endfacet
facet normal 0 0 1
outer loop
vertex 206.19911960000002 -156.3286933 2
vertex 206.25905803740662 -156.105 2
vertex 204.5 -156.105 2
endloop
endfacet
facet normal 0 0 1
outer loop
vertex 206.19911960000002 -156.3286933 2
vertex 204.5 -156.105 2
vertex 185.5 -156.105 2
endloop
endfacet
facet normal 0 0 1
outer loop
vertex 206.19911960000002 -156.3286933 2
vertex 185.5 -156.105 2
vertex 139.5 -156.105 2
endloop
endfacet
facet normal 0 0 1
outer loop
vertex 206.19911960000002 -156.3286933 2
vertex 139.5 -156.105 2
vertex 139.5 -156.3286933 2
endloop
endfacet
facet normal 0 0 1
outer loop
vertex 234.64452261697588 -156.13388222060487 2
vertex 234.36313295145226 -156.0485235987669 2
vertex 231.72543522261464 -156.0485235987669 2
endloop
endfacet
facet normal 0 0 1
outer loop
vertex 234.64452261697588 -156.13388222060487 2
vertex 231.72543522261464 -156.0485235987669 2
vertex 231.87328069185597 -156.13388222060487 2
endloop
endfacet
facet normal 0 0 1
outer loop
vertex 253.0519904144212 -156.13388222060487 2
vertex 253.10628715078502 -156.0485235987669 2
vertex 235.51118324854758 -156.0485235987669 2
endloop
endfacet
facet normal 0 0 1
outer loop
vertex 253.0519904144212 -156.13388222060487 2
vertex 235.51118324854758 -156.0485235987669 2
vertex 235.22979358302416 -156.13388222060487 2
endloop
endfacet
facet normal 0 0 1
outer loop
vertex 234.36313295145226 -156.0485235987669 2
vertex 234.10380275047063 -155.90990871845383 2
vertex 231.48534720827652 -155.90990871845383 2
endloop
endfacet
facet normal 0 0 1
outer loop
vertex 234.36313295145226 -156.0485235987669 2
vertex 231.48534720827652 -155.90990871845383 2
vertex 231.72543522261464 -156.0485235987669 2
endloop
endfacet
facet normal 0 0 1
outer loop
vertex 253.10628715078502 -156.0485235987669 2
vertex 253.1944602661705 -155.90990871845383 2
vertex 235.77051344952935 -155.90990871845383 2
endloop
endfacet
facet normal 0 0 1
outer loop
vertex 253.10628715078502 -156.0485235987669 2
vertex 235.77051344952935 -155.90990871845383 2
vertex 235.51118324854758 -156.0485235987669 2
endloop
endfacet
facet normal 0 0 1
outer loop
vertex 234.10380275047063 -155.90990871845383 2
vertex 233.87649792822015 -155.7233644717798 2
vertex 231.16224309658938 -155.7233644717798 2
endloop
endfacet
facet normal 0 0 1
outer loop
vertex 234.10380275047063 -155.90990871845383 2
vertex 231.16224309658938 -155.7233644717798 2
vertex 231.48534720827652 -155.90990871845383 2
endloop
endfacet
facet normal 0 0 1
outer loop
vertex 253.1944602661705 -155.90990871845383 2
vertex 253.31312131720145 -155.7233644717798 2
vertex 235.99781827177992 -155.7233644717798 2
endloop
endfacet
facet normal 0 0 1
outer loop
vertex 253.1944602661705 -155.90990871845383 2
vertex 235.99781827177992 -155.7233644717798 2
vertex 235.77051344952935 -155.90990871845383 2
endloop
endfacet
facet normal 0 0 1
outer loop
vertex 233.87649792822015 -155.7233644717798 2
vertex 233.68995368154634 -155.4960596495296 2
vertex 230.76853959736704 -155.4960596495296 2
endloop
endfacet
facet normal 0 0 1
outer loop
vertex 233.87649792822015 -155.7233644717798 2
vertex 230.76853959736704 -155.4960596495296 2
vertex 231.16224309658938 -155.7233644717798 2
endloop
endfacet
facet normal 0 0 1
outer loop
vertex 253.31312131720145 -155.7233644717798 2
vertex 253.4577102262325 -155.4960596495296 2
vertex 236.18436251845364 -155.4960596495296 2
endloop
endfacet
facet normal 0 0 1
outer loop
vertex 253.31312131720145 -155.7233644717798 2
vertex 236.18436251845364 -155.4960596495296 2
vertex 235.99781827177992 -155.7233644717798 2
endloop
endfacet
facet normal 0 0 1
outer loop
vertex 233.68995368154634 -155.4960596495296 2
vertex 233.55133880123302 -155.23672944854746 2
vertex 230.31936651529176 -155.23672944854746 2
endloop
endfacet
facet normal 0 0 1
outer loop
vertex 233.68995368154634 -155.4960596495296 2
vertex 230.31936651529176 -155.23672944854746 2
vertex 230.76853959736704 -155.4960596495296 2
endloop
endfacet
facet normal 0 0 1
outer loop
vertex 253.4577102262325 -155.4960596495296 2
vertex 253.6226705225765 -155.23672944854746 2
vertex 236.32297739876708 -155.23672944854746 2
endloop
endfacet
facet normal 0 0 1
outer loop
vertex 253.4577102262325 -155.4960596495296 2
vertex 236.32297739876708 -155.23672944854746 2
vertex 236.18436251845364 -155.4960596495296 2
endloop
endfacet
facet normal 0 0 1
outer loop
vertex 226.53799575982498 -161.2462551 2
vertex 230.08553939999996 -155.1017293 2
vertex 226.19813097981762 -155.1017293 2
endloop
endfacet
facet normal 0 0 1
outer loop
vertex 226.53799575982498 -161.2462551 2
vertex 226.19813097981762 -155.1017293 2
vertex 224.55171029999994 -161.2462551 2
endloop
endfacet
facet normal 0 0 1
outer loop
vertex 233.55133880123302 -155.23672944854746 2
vertex 233.51038695388462 -155.1017293 2
vertex 230.08553939999996 -155.1017293 2
endloop
endfacet
facet normal 0 0 1
outer loop
vertex 233.55133880123302 -155.23672944854746 2
vertex 230.08553939999996 -155.1017293 2
vertex 230.31936651529176 -155.23672944854746 2
endloop
endfacet
facet normal 0 0 1
outer loop
vertex 230.08553939999996 -155.1017293 2
vertex 233.51038695388462 -155.1017293 2
vertex 233.46598017939516 -154.95533978302424 2
endloop
endfacet
facet normal 0 0 1
outer loop
vertex 230.08553939999996 -155.1017293 2
vertex 233.46598017939516 -154.95533978302424 2
vertex 226.2373559315718 -154.95533978302424 2
endloop
endfacet
facet normal 0 0 1
outer loop
vertex 230.08553939999996 -155.1017293 2
vertex 226.2373559315718 -154.95533978302424 2
vertex 226.19813097981762 -155.1017293 2
endloop
endfacet
facet normal 0 0 1
outer loop
vertex 253.6226705225765 -155.23672944854746 2
vertex 253.801662874555 -154.95533978302424 2
vertex 236.4083360206048 -154.95533978302424 2
endloop
endfacet
facet normal 0 0 1
outer loop
vertex 253.6226705225765 -155.23672944854746 2
vertex 236.4083360206048 -154.95533978302424 2
vertex 236.32297739876708 -155.23672944854746 2
endloop
endfacet
facet normal 0 0 1
outer loop
vertex 233.46598017939516 -154.95533978302424 2
vertex 233.4371581 -154.66270429999994 2
vertex 226.31576737072623 -154.66270429999994 2
endloop
endfacet
facet normal 0 0 1
outer loop
vertex 233.46598017939516 -154.95533978302424 2
vertex 226.31576737072623 -154.66270429999994 2
vertex 226.2373559315718 -154.95533978302424 2
endloop
endfacet
facet normal 0 0 1
outer loop
vertex 253.801662874555 -154.95533978302424 2
vertex 253.98780870646212 -154.66270429999994 2
vertex 236.43715809999998 -154.66270429999994 2
endloop
endfacet
facet normal 0 0 1
outer loop
vertex 253.801662874555 -154.95533978302424 2
vertex 236.43715809999998 -154.66270429999994 2
vertex 236.4083360206048 -154.95533978302424 2
endloop
endfacet
facet normal 0 0 1
outer loop
vertex 233.4371581 -154.66270429999994 2
vertex 233.46598017939516 -154.37006881697576 2
vertex 226.39417880988066 -154.37006881697576 2
endloop
endfacet
facet normal 0 0 1
outer loop
vertex 233.4371581 -154.66270429999994 2
vertex 226.39417880988066 -154.37006881697576 2
vertex 226.31576737072623 -154.66270429999994 2
endloop
endfacet
facet normal 0 0 1
outer loop
vertex 253.98780870646212 -154.66270429999994 2
vertex 254.17395453836914 -154.37006881697576 2
vertex 236.40833602060482 -154.37006881697576 2
endloop
endfacet
facet normal 0 0 1
outer loop
vertex 253.98780870646212 -154.66270429999994 2
vertex 236.40833602060482 -154.37006881697576 2
vertex 236.43715809999998 -154.66270429999994 2
endloop
endfacet
facet normal 0 0 1
outer loop
vertex 233.46598017939516 -154.37006881697576 2
vertex 233.55133880123316 -154.08867915145225 2
vertex 226.46957694140204 -154.08867915145225 2
endloop
endfacet
facet normal 0 0 1
outer loop
vertex 233.46598017939516 -154.37006881697576 2
vertex 226.46957694140204 -154.08867915145225 2
vertex 226.39417880988066 -154.37006881697576 2
endloop
endfacet
facet normal 0 0 1
outer loop
vertex 254.17395453836914 -154.37006881697576 2
vertex 254.18752379999978 -154.34873690000032 2
vertex 254.32215403931255 -154.09977368814745 2
endloop
endfacet
facet normal 0 0 1
outer loop
vertex 254.17395453836914 -154.37006881697576 2
vertex 254.32215403931255 -154.09977368814745 2
vertex 254.3262553779164 -154.08867915145225 2
endloop
endfacet
facet normal 0 0 1
outer loop
vertex 254.17395453836914 -154.37006881697576 2
vertex 254.3262553779164 -154.08867915145225 2
vertex 236.32297739876688 -154.08867915145225 2
endloop
endfacet
facet normal 0 0 1
outer loop
vertex 254.17395453836914 -154.37006881697576 2
vertex 236.32297739876688 -154.08867915145225 2
vertex 236.40833602060482 -154.37006881697576 2
endloop
endfacet
facet normal 0 0 1
outer loop
vertex 233.55133880123316 -154.08867915145225 2
vertex 233.68995368154611 -153.8293489504706 2
vertex 226.5390642573797 -153.8293489504706 2
endloop
endfacet
facet normal 0 0 1
outer loop
vertex 233.55133880123316 -154.08867915145225 2
vertex 226.5390642573797 -153.8293489504706 2
vertex 226.46957694140204 -154.08867915145225 2
endloop
endfacet
facet normal 0 0 1
outer loop
vertex 254.3262553779164 -154.08867915145225 2
vertex 254.42029336121104 -153.83429687357207 2
vertex 254.42136067954604 -153.8293489504706 2
endloop
endfacet
facet normal 0 0 1
outer loop
vertex 254.3262553779164 -154.08867915145225 2
vertex 254.42136067954604 -153.8293489504706 2
vertex 236.1843625184538 -153.8293489504706 2
endloop
endfacet
facet normal 0 0 1
outer loop
vertex 254.3262553779164 -154.08867915145225 2
vertex 236.1843625184538 -153.8293489504706 2
vertex 236.32297739876688 -154.08867915145225 2
endloop
endfacet
facet normal 0 0 1
outer loop
vertex 233.68995368154611 -153.8293489504706 2
vertex 233.8764979282204 -153.60204412822011 2
vertex 226.59997039922965 -153.60204412822011 2
endloop
endfacet
facet normal 0 0 1
outer loop
vertex 233.68995368154611 -153.8293489504706 2
vertex 226.59997039922965 -153.60204412822011 2
vertex 226.5390642573797 -153.8293489504706 2
endloop
endfacet
facet normal 0 0 1
outer loop
vertex 254.42136067954604 -153.8293489504706 2
vertex 254.4703926874109 -153.60204412822011 2
vertex 235.99781827177978 -153.60204412822011 2
endloop
endfacet
facet normal 0 0 1
outer loop
vertex 254.42136067954604 -153.8293489504706 2
vertex 235.99781827177978 -153.60204412822011 2
vertex 236.1843625184538 -153.8293489504706 2
endloop
endfacet
facet normal 0 0 1
outer loop
vertex 233.8764979282204 -153.60204412822011 2
vertex 233.97787209451997 -153.5188485 2
vertex 226.62226259999997 -153.5188485 2
endloop
endfacet
facet normal 0 0 1
outer loop
vertex 233.8764979282204 -153.60204412822011 2
vertex 226.62226259999997 -153.5188485 2
vertex 226.59997039922965 -153.60204412822011 2
endloop
endfacet
facet normal 0 0 1
outer loop
vertex 185.5 -156.105 2
vertex 185.5 -153.49999999999997 2
vertex 172.4999999999999 -153.49999999999997 2
endloop
endfacet
facet normal 0 0 1
outer loop
vertex 185.5 -156.105 2
vertex 172.4999999999999 -153.49999999999997 2
vertex 139.5 -153.49999999999997 2
endloop
endfacet
facet normal 0 0 1
outer loop
vertex 185.5 -156.105 2
vertex 139.5 -153.49999999999997 2
vertex 139.5 -156.105 2
endloop
endfacet
facet normal 0 0 1
outer loop
vertex 172.4999999999999 -153.49999999999997 2
vertex 172.2073645169757 -153.47117792060482 2
vertex 139.5 -153.47117792060482 2
endloop
endfacet
facet normal 0 0 1
outer loop
vertex 172.4999999999999 -153.49999999999997 2
vertex 139.5 -153.47117792060482 2
vertex 139.5 -153.49999999999997 2
endloop
endfacet
facet normal 0 0 1
outer loop
vertex 185.5 -153.49999999999997 2
vertex 185.5 -153.47117792060482 2
vertex 172.7926354830242 -153.47117792060482 2
endloop
endfacet
facet normal 0 0 1
outer loop
vertex 185.5 -153.49999999999997 2
vertex 172.7926354830242 -153.47117792060482 2
vertex 172.4999999999999 -153.49999999999997 2
endloop
endfacet
facet normal 0 0 1
outer loop
vertex 233.97787209451997 -153.5188485 2
vertex 234.1038027504706 -153.41549988154617 2
vertex 226.23656030056097 -153.41549988154617 2
endloop
endfacet
facet normal 0 0 1
outer loop
vertex 233.97787209451997 -153.5188485 2
vertex 226.23656030056097 -153.41549988154617 2
vertex 226.62226259999997 -153.5188485 2
endloop
endfacet
facet normal 0 0 1
outer loop
vertex 254.4703926874109 -153.60204412822011 2
vertex 254.4799743984454 -153.55762479443402 2
vertex 254.49005637262147 -153.41549988154617 2
endloop
endfacet
facet normal 0 0 1
outer loop
vertex 254.4703926874109 -153.60204412822011 2
vertex 254.49005637262147 -153.41549988154617 2
vertex 235.77051344952937 -153.41549988154617 2
endloop
endfacet
facet normal 0 0 1
outer loop
vertex 254.4703926874109 -153.60204412822011 2
vertex 235.77051344952937 -153.41549988154617 2
vertex 235.99781827177978 -153.60204412822011 2
endloop
endfacet
facet normal 0 0 1
outer loop
vertex 172.2073645169757 -153.47117792060482 2
vertex 171.92597485145234 -153.38581929876693 2
vertex 139.5 -153.38581929876693 2
endloop
endfacet
facet normal 0 0 1
outer loop
vertex 172.2073645169757 -153.47117792060482 2
vertex 139.5 -153.38581929876693 2
vertex 139.5 -153.47117792060482 2
endloop
endfacet
facet normal 0 0 1
outer loop
vertex 185.5 -153.47117792060482 2
vertex 185.5 -153.38581929876693 2
vertex 173.0740251485476 -153.38581929876693 2
endloop
endfacet
facet normal 0 0 1
outer loop
vertex 185.5 -153.47117792060482 2
vertex 173.0740251485476 -153.38581929876693 2
vertex 172.7926354830242 -153.47117792060482 2
endloop
endfacet
facet normal 0 0 1
outer loop
vertex 234.1038027504706 -153.41549988154617 2
vertex 234.3631329514523 -153.2768850012331 2
vertex 225.7192425185424 -153.2768850012331 2
endloop
endfacet
facet normal 0 0 1
outer loop
vertex 234.1038027504706 -153.41549988154617 2
vertex 225.7192425185424 -153.2768850012331 2
vertex 226.23656030056097 -153.41549988154617 2
endloop
endfacet
facet normal 0 0 1
outer loop
vertex 254.49005637262147 -153.41549988154617 2
vertex 254.49988935415396 -153.2768850012331 2
vertex 235.51118324854772 -153.2768850012331 2
endloop
endfacet
facet normal 0 0 1
outer loop
vertex 254.49005637262147 -153.41549988154617 2
vertex 235.51118324854772 -153.2768850012331 2
vertex 235.77051344952937 -153.41549988154617 2
endloop
endfacet
facet normal 0 0 1
outer loop
vertex 171.92597485145234 -153.38581929876693 2
vertex 171.66664465047054 -153.24720441845378 2
vertex 139.5 -153.24720441845378 2
endloop
endfacet
facet normal 0 0 1
outer loop
vertex 171.92597485145234 -153.38581929876693 2
vertex 139.5 -153.24720441845378 2
vertex 139.5 -153.38581929876693 2
endloop
endfacet
facet normal 0 0 1
outer loop
vertex 185.5 -153.38581929876693 2
vertex 185.5 -153.24720441845378 2
vertex 173.33335534952943 -153.24720441845378 2
endloop
endfacet
facet normal 0 0 1
outer loop
vertex 185.5 -153.38581929876693 2
vertex 173.33335534952943 -153.24720441845378 2
vertex 173.0740251485476 -153.38581929876693 2
endloop
endfacet
facet normal 0 0 1
outer loop
vertex 234.3631329514523 -153.2768850012331 2
vertex 234.6445226169757 -153.19152637939516 2
vertex 225.4006798012812 -153.19152637939516 2
endloop
endfacet
facet normal 0 0 1
outer loop
vertex 234.3631329514523 -153.2768850012331 2
vertex 225.4006798012812 -153.19152637939516 2
vertex 225.7192425185424 -153.2768850012331 2
endloop
endfacet
facet normal 0 0 1
outer loop
vertex 254.49988935415396 -153.2768850012331 2
vertex 254.5000019 -153.27529844999987 2
vertex 254.5000018966433 -153.19152637939516 2
endloop
endfacet
facet normal 0 0 1
outer loop
vertex 254.49988935415396 -153.2768850012331 2
vertex 254.5000018966433 -153.19152637939516 2
vertex 235.2297935830242 -153.19152637939516 2
endloop
endfacet
facet normal 0 0 1
outer loop
vertex 254.49988935415396 -153.2768850012331 2
vertex 235.2297935830242 -153.19152637939516 2
vertex 235.51118324854772 -153.2768850012331 2
endloop
endfacet
facet normal 0 0 1
outer loop
vertex 234.6445226169757 -153.19152637939516 2
vertex 234.93715810000012 -153.1627043 2
vertex 225.29311433535005 -153.1627043 2
endloop
endfacet
facet normal 0 0 1
outer loop
vertex 234.6445226169757 -153.19152637939516 2
vertex 225.29311433535005 -153.1627043 2
vertex 225.4006798012812 -153.19152637939516 2
endloop
endfacet
facet normal 0 0 1
outer loop
vertex 254.5000018966433 -153.19152637939516 2
vertex 254.50000189548842 -153.1627043 2
vertex 234.93715810000012 -153.1627043 2
endloop
endfacet
facet normal 0 0 1
outer loop
vertex 254.5000018966433 -153.19152637939516 2
vertex 234.93715810000012 -153.1627043 2
vertex 235.2297935830242 -153.19152637939516 2
endloop
endfacet
facet normal 0 0 1
outer loop
vertex 171.66664465047054 -153.24720441845378 2
vertex 171.43933982822026 -153.06066017177992 2
vertex 139.5 -153.06066017177992 2
endloop
endfacet
facet normal 0 0 1
outer loop
vertex 171.66664465047054 -153.24720441845378 2
vertex 139.5 -153.06066017177992 2
vertex 139.5 -153.24720441845378 2
endloop
endfacet
facet normal 0 0 1
outer loop
vertex 185.5 -153.24720441845378 2
vertex 185.5 -153.06066017177992 2
vertex 173.56066017177974 -153.06066017177992 2
endloop
endfacet
facet normal 0 0 1
outer loop
vertex 185.5 -153.24720441845378 2
vertex 173.56066017177974 -153.06066017177992 2
vertex 173.33335534952943 -153.24720441845378 2
endloop
endfacet
facet normal 0 0 1
outer loop
vertex 171.43933982822026 -153.06066017177992 2
vertex 171.25279558154625 -152.83335534952943 2
vertex 139.5 -152.83335534952943 2
endloop
endfacet
facet normal 0 0 1
outer loop
vertex 171.43933982822026 -153.06066017177992 2
vertex 139.5 -152.83335534952943 2
vertex 139.5 -153.06066017177992 2
endloop
endfacet
facet normal 0 0 1
outer loop
vertex 185.5 -153.06066017177992 2
vertex 185.5 -152.83335534952943 2
vertex 173.74720441845378 -152.83335534952943 2
endloop
endfacet
facet normal 0 0 1
outer loop
vertex 185.5 -153.06066017177992 2
vertex 173.74720441845378 -152.83335534952943 2
vertex 173.56066017177974 -153.06066017177992 2
endloop
endfacet
facet normal 0 0 1
outer loop
vertex 171.25279558154625 -152.83335534952943 2
vertex 171.114180701233 -152.57402514854746 2
vertex 139.5 -152.57402514854746 2
endloop
endfacet
facet normal 0 0 1
outer loop
vertex 171.25279558154625 -152.83335534952943 2
vertex 139.5 -152.57402514854746 2
vertex 139.5 -152.83335534952943 2
endloop
endfacet
facet normal 0 0 1
outer loop
vertex 185.5 -152.83335534952943 2
vertex 185.5 -152.57402514854746 2
vertex 173.8858192987671 -152.57402514854746 2
endloop
endfacet
facet normal 0 0 1
outer loop
vertex 185.5 -152.83335534952943 2
vertex 173.8858192987671 -152.57402514854746 2
vertex 173.74720441845378 -152.83335534952943 2
endloop
endfacet
facet normal 0 0 1
outer loop
vertex 171.114180701233 -152.57402514854746 2
vertex 171.02882207939516 -152.29263548302424 2
vertex 139.5 -152.29263548302424 2
endloop
endfacet
facet normal 0 0 1
outer loop
vertex 171.114180701233 -152.57402514854746 2
vertex 139.5 -152.29263548302424 2
vertex 139.5 -152.57402514854746 2
endloop
endfacet
facet normal 0 0 1
outer loop
vertex 185.5 -152.57402514854746 2
vertex 185.5 -152.29263548302424 2
vertex 173.97117792060482 -152.29263548302424 2
endloop
endfacet
facet normal 0 0 1
outer loop
vertex 185.5 -152.57402514854746 2
vertex 173.97117792060482 -152.29263548302424 2
vertex 173.8858192987671 -152.57402514854746 2
endloop
endfacet
facet normal 0 0 1
outer loop
vertex 171.02882207939516 -152.29263548302424 2
vertex 171 -151.9999999999999 2
vertex 139.5 -151.9999999999999 2
endloop
endfacet
facet normal 0 0 1
outer loop
vertex 171.02882207939516 -152.29263548302424 2
vertex 139.5 -151.9999999999999 2
vertex 139.5 -152.29263548302424 2
endloop
endfacet
facet normal 0 0 1
outer loop
vertex 185.5 -152.29263548302424 2
vertex 185.5 -151.9999999999999 2
vertex 174 -151.9999999999999 2
endloop
endfacet
facet normal 0 0 1
outer loop
vertex 185.5 -152.29263548302424 2
vertex 174 -151.9999999999999 2
vertex 173.97117792060482 -152.29263548302424 2
endloop
endfacet
facet normal 0 0 1
outer loop
vertex 171 -151.9999999999999 2
vertex 171.02882207939516 -151.7073645169759 2
vertex 139.5 -151.7073645169759 2
endloop
endfacet
facet normal 0 0 1
outer loop
vertex 171 -151.9999999999999 2
vertex 139.5 -151.7073645169759 2
vertex 139.5 -151.9999999999999 2
endloop
endfacet
facet normal 0 0 1
outer loop
vertex 185.5 -151.9999999999999 2
vertex 185.5 -151.7073645169759 2
vertex 173.97117792060487 -151.7073645169759 2
endloop
endfacet
facet normal 0 0 1
outer loop
vertex 185.5 -151.9999999999999 2
vertex 173.97117792060487 -151.7073645169759 2
vertex 174 -151.9999999999999 2
endloop
endfacet
facet normal 0 0 1
outer loop
vertex 171.02882207939516 -151.7073645169759 2
vertex 171.11418070123307 -151.42597485145242 2
vertex 139.5 -151.42597485145242 2
endloop
endfacet
facet normal 0 0 1
outer loop
vertex 171.02882207939516 -151.7073645169759 2
vertex 139.5 -151.42597485145242 2
vertex 139.5 -151.7073645169759 2
endloop
endfacet
facet normal 0 0 1
outer loop
vertex 185.5 -151.7073645169759 2
vertex 185.5 -151.42597485145242 2
vertex 173.88581929876696 -151.42597485145242 2
endloop
endfacet
facet normal 0 0 1
outer loop
vertex 185.5 -151.7073645169759 2
vertex 173.88581929876696 -151.42597485145242 2
vertex 173.97117792060487 -151.7073645169759 2
endloop
endfacet
facet normal 0 0 1
outer loop
vertex 171.11418070123307 -151.42597485145242 2
vertex 171.2527955815462 -151.16664465047052 2
vertex 139.5 -151.16664465047052 2
endloop
endfacet
facet normal 0 0 1
outer loop
vertex 171.11418070123307 -151.42597485145242 2
vertex 139.5 -151.16664465047052 2
vertex 139.5 -151.42597485145242 2
endloop
endfacet
facet normal 0 0 1
outer loop
vertex 185.5 -151.42597485145242 2
vertex 185.5 -151.16664465047052 2
vertex 173.74720441845375 -151.16664465047052 2
endloop
endfacet
facet normal 0 0 1
outer loop
vertex 185.5 -151.42597485145242 2
vertex 173.74720441845375 -151.16664465047052 2
vertex 173.88581929876696 -151.42597485145242 2
endloop
endfacet
facet normal 0 0 1
outer loop
vertex 171.2527955815462 -151.16664465047052 2
vertex 171.43933982822017 -150.93933982822026 2
vertex 139.5 -150.93933982822026 2
endloop
endfacet
facet normal 0 0 1
outer loop
vertex 171.2527955815462 -151.16664465047052 2
vertex 139.5 -150.93933982822026 2
vertex 139.5 -151.16664465047052 2
endloop
endfacet
facet normal 0 0 1
outer loop
vertex 185.5 -151.16664465047052 2
vertex 185.5 -150.93933982822026 2
vertex 173.56066017177994 -150.93933982822026 2
endloop
endfacet
facet normal 0 0 1
outer loop
vertex 185.5 -151.16664465047052 2
vertex 173.56066017177994 -150.93933982822026 2
vertex 173.74720441845375 -151.16664465047052 2
endloop
endfacet
facet normal 0 0 1
outer loop
vertex 171.43933982822017 -150.93933982822026 2
vertex 171.66664465047063 -150.75279558154625 2
vertex 139.5 -150.75279558154625 2
endloop
endfacet
facet normal 0 0 1
outer loop
vertex 171.43933982822017 -150.93933982822026 2
vertex 139.5 -150.75279558154625 2
vertex 139.5 -150.93933982822026 2
endloop
endfacet
facet normal 0 0 1
outer loop
vertex 185.5 -150.93933982822026 2
vertex 185.5 -150.75279558154625 2
vertex 173.33335534952948 -150.75279558154625 2
endloop
endfacet
facet normal 0 0 1
outer loop
vertex 185.5 -150.93933982822026 2
vertex 173.33335534952948 -150.75279558154625 2
vertex 173.56066017177994 -150.93933982822026 2
endloop
endfacet
facet normal 0 0 1
outer loop
vertex 171.66664465047063 -150.75279558154625 2
vertex 171.92597485145242 -150.614180701233 2
vertex 139.5 -150.614180701233 2
endloop
endfacet
facet normal 0 0 1
outer loop
vertex 171.66664465047063 -150.75279558154625 2
vertex 139.5 -150.614180701233 2
vertex 139.5 -150.75279558154625 2
endloop
endfacet
facet normal 0 0 1
outer loop
vertex 185.5 -150.75279558154625 2
vertex 185.5 -150.614180701233 2
vertex 173.0740251485475 -150.614180701233 2
endloop
endfacet
facet normal 0 0 1
outer loop
vertex 185.5 -150.75279558154625 2
vertex 173.0740251485475 -150.614180701233 2
vertex 173.33335534952948 -150.75279558154625 2
endloop
endfacet
facet normal 0 0 1
outer loop
vertex 171.92597485145242 -150.614180701233 2
vertex 172.20736451697584 -150.52882207939516 2
vertex 139.5 -150.52882207939516 2
endloop
endfacet
facet normal 0 0 1
outer loop
vertex 171.92597485145242 -150.614180701233 2
vertex 139.5 -150.52882207939516 2
vertex 139.5 -150.614180701233 2
endloop
endfacet
facet normal 0 0 1
outer loop
vertex 185.5 -150.614180701233 2
vertex 185.5 -150.52882207939516 2
vertex 172.7926354830242 -150.52882207939516 2
endloop
endfacet
facet normal 0 0 1
outer loop
vertex 185.5 -150.614180701233 2
vertex 172.7926354830242 -150.52882207939516 2
vertex 173.0740251485475 -150.614180701233 2
endloop
endfacet
facet normal 0 0 1
outer loop
vertex 172.20736451697584 -150.52882207939516 2
vertex 172.4999999999999 -150.49999999999997 2
vertex 139.5 -150.49999999999997 2
endloop
endfacet
facet normal 0 0 1
outer loop
vertex 172.20736451697584 -150.52882207939516 2
vertex 139.5 -150.49999999999997 2
vertex 139.5 -150.52882207939516 2
endloop
endfacet
facet normal 0 0 1
outer loop
vertex 185.5 -150.52882207939516 2
vertex 185.5 -150.49999999999997 2
vertex 172.4999999999999 -150.49999999999997 2
endloop
endfacet
facet normal 0 0 1
outer loop
vertex 185.5 -150.52882207939516 2
vertex 172.4999999999999 -150.49999999999997 2
vertex 172.7926354830242 -150.52882207939516 2
endloop
endfacet
facet normal 0 0 1
outer loop
vertex 172.4999999999999 -150.49999999999997 2
vertex 185.5 -150.49999999999997 2
vertex 185.5 -149.15 2
endloop
endfacet
facet normal 0 0 1
outer loop
vertex 172.4999999999999 -150.49999999999997 2
vertex 185.5 -149.15 2
vertex 159.5 -149.15 2
endloop
endfacet
facet normal 0 0 1
outer loop
vertex 172.4999999999999 -150.49999999999997 2
vertex 159.5 -149.15 2
vertex 140.5 -149.15 2
endloop
endfacet
facet normal 0 0 1
outer loop
vertex 172.4999999999999 -150.49999999999997 2
vertex 140.5 -149.15 2
vertex 139.5 -149.15 2
endloop
endfacet
facet normal 0 0 1
outer loop
vertex 172.4999999999999 -150.49999999999997 2
vertex 139.5 -149.15 2
vertex 139.5 -150.49999999999997 2
endloop
endfacet
facet normal 0 0 1
outer loop
vertex 206.25905803740662 -156.105 2
vertex 208.26967189999996 -148.6012867 2
vertex 204.5 -148.6012867 2
endloop
endfacet
facet normal 0 0 1
outer loop
vertex 206.25905803740662 -156.105 2
vertex 204.5 -148.6012867 2
vertex 204.5 -156.105 2
endloop
endfacet
facet normal 0 0 1
outer loop
vertex 234.93715810000012 -153.1627043 2
vertex 254.50000189548842 -153.1627043 2
vertex 254.50000171271543 -148.6012867 2
endloop
endfacet
facet normal 0 0 1
outer loop
vertex 234.93715810000012 -153.1627043 2
vertex 254.50000171271543 -148.6012867 2
vertex 208.26967189999996 -148.6012867 2
endloop
endfacet
facet normal 0 0 1
outer loop
vertex 234.93715810000012 -153.1627043 2
vertex 208.26967189999996 -148.6012867 2
vertex 225.29311433535005 -153.1627043 2
endloop
endfacet
facet normal 0 0 1
outer loop
vertex 185.5 -149.15 2
vertex 185.5 -148.105 2
vertex 159.5 -148.105 2
endloop
endfacet
facet normal 0 0 1
outer loop
vertex 185.5 -149.15 2
vertex 159.5 -148.105 2
vertex 159.5 -149.15 2
endloop
endfacet
facet normal 0 0 1
outer loop
vertex 208.26967189999996 -148.6012867 2
vertex 254.50000171271543 -148.6012867 2
vertex 254.50000169282953 -148.105 2
endloop
endfacet
facet normal 0 0 1
outer loop
vertex 208.26967189999996 -148.6012867 2
vertex 254.50000169282953 -148.105 2
vertex 204.5 -148.105 2
endloop
endfacet
facet normal 0 0 1
outer loop
vertex 208.26967189999996 -148.6012867 2
vertex 204.5 -148.105 2
vertex 204.5 -148.6012867 2
endloop
endfacet
facet normal 0 0 1
outer loop
vertex 140.5 -149.15 2
vertex 140.5 -141.15 2
vertex 139.5 -141.15 2
endloop
endfacet
facet normal 0 0 1
outer loop
vertex 140.5 -149.15 2
vertex 139.5 -141.15 2
vertex 139.5 -149.15 2
endloop
endfacet
facet normal 0 0 1
outer loop
vertex 185.5 -148.105 2
vertex 204.5 -148.105 2
vertex 254.50000169282953 -148.105 2
endloop
endfacet
facet normal 0 0 1
outer loop
vertex 185.5 -148.105 2
vertex 254.50000169282953 -148.105 2
vertex 254.50000141414728 -141.15 2
endloop
endfacet
facet normal 0 0 1
outer loop
vertex 185.5 -148.105 2
vertex 254.50000141414728 -141.15 2
vertex 159.5 -141.15 2
endloop
endfacet
facet normal 0 0 1
outer loop
vertex 185.5 -148.105 2
vertex 159.5 -141.15 2
vertex 159.5 -148.105 2
endloop
endfacet
facet normal 0 0 1
outer loop
vertex 140.5 -141.15 2
vertex 159.5 -141.15 2
vertex 254.50000141414728 -141.15 2
endloop
endfacet
facet normal 0 0 1
outer loop
vertex 140.5 -141.15 2
vertex 254.50000141414728 -141.15 2
vertex 254.50000128822936 -138.0075 2
endloop
endfacet
facet normal 0 0 1
outer loop
vertex 140.5 -141.15 2
vertex 254.50000128822936 -138.0075 2
vertex 231.5 -138.0075 2
endloop
endfacet
facet normal 0 0 1
outer loop
vertex 140.5 -141.15 2
vertex 231.5 -138.0075 2
vertex 212.5 -138.0075 2
endloop
endfacet
facet normal 0 0 1
outer loop
vertex 140.5 -141.15 2
vertex 212.5 -138.0075 2
vertex 139.5 -138.0075 2
endloop
endfacet
facet normal 0 0 1
outer loop
vertex 140.5 -141.15 2
vertex 139.5 -138.0075 2
vertex 139.5 -141.15 2
endloop
endfacet
facet normal 0 0 1
outer loop
vertex 212.5 -138.0075 2
vertex 212.5 -135.15 2
vertex 194.5 -135.15 2
endloop
endfacet
facet normal 0 0 1
outer loop
vertex 212.5 -138.0075 2
vertex 194.5 -135.15 2
vertex 177.5 -135.15 2
endloop
endfacet
facet normal 0 0 1
outer loop
vertex 212.5 -138.0075 2
vertex 177.5 -135.15 2
vertex 158.5 -135.15 2
endloop
endfacet
facet normal 0 0 1
outer loop
vertex 212.5 -138.0075 2
vertex 158.5 -135.15 2
vertex 139.5 -135.15 2
endloop
endfacet
facet normal 0 0 1
outer loop
vertex 212.5 -138.0075 2
vertex 139.5 -135.15 2
vertex 139.5 -138.0075 2
endloop
endfacet
facet normal 0 0 1
outer loop
vertex 158.5 -135.15 2
vertex 158.5 -132.15 2
vertex 140.5 -132.15 2
endloop
endfacet
facet normal 0 0 1
outer loop
vertex 158.5 -135.15 2
vertex 140.5 -132.15 2
vertex 139.5 -132.15 2
endloop
endfacet
facet normal 0 0 1
outer loop
vertex 158.5 -135.15 2
vertex 139.5 -132.15 2
vertex 139.5 -135.15 2
endloop
endfacet
facet normal 0 0 1
outer loop
vertex 194.5 -135.15 2
vertex 194.5 -130.3875 2
vertex 177.5 -130.3875 2
endloop
endfacet
facet normal 0 0 1
outer loop
vertex 194.5 -135.15 2
vertex 177.5 -130.3875 2
vertex 177.5 -135.15 2
endloop
endfacet
facet normal 0 0 1
outer loop
vertex 254.50000128822936 -138.0075 2
vertex 254.50000096767462 -130.0075 2
vertex 231.5 -130.0075 2
endloop
endfacet
facet normal 0 0 1
outer loop
vertex 254.50000128822936 -138.0075 2
vertex 231.5 -130.0075 2
vertex 231.5 -138.0075 2
endloop
endfacet
facet normal 0 0 1
outer loop
vertex 231.5 -130.0075 2
vertex 254.50000096767462 -130.0075 2
vertex 254.50000085317646 -127.15 2
endloop
endfacet
facet normal 0 0 1
outer loop
vertex 231.5 -130.0075 2
vertex 254.50000085317646 -127.15 2
vertex 213.5 -127.15 2
endloop
endfacet
facet normal 0 0 1
outer loop
vertex 231.5 -130.0075 2
vertex 213.5 -127.15 2
vertex 213.5 -130.0075 2
endloop
endfacet
facet normal 0 0 1
outer loop
vertex 140.5 -132.15 2
vertex 140.5 -124.15 2
vertex 139.5 -124.15 2
endloop
endfacet
facet normal 0 0 1
outer loop
vertex 140.5 -132.15 2
vertex 139.5 -124.15 2
vertex 139.5 -132.15 2
endloop
endfacet
facet normal 0 0 1
outer loop
vertex 176.5 -127.15 2
vertex 176.5 -124.15 2
vertex 159.5 -124.15 2
endloop
endfacet
facet normal 0 0 1
outer loop
vertex 176.5 -127.15 2
vertex 159.5 -124.15 2
vertex 159.5 -127.15 2
endloop
endfacet
facet normal 0 0 1
outer loop
vertex 140.5 -124.15 2
vertex 159.5 -124.15 2
vertex 176.5 -124.15 2
endloop
endfacet
facet normal 0 0 1
outer loop
vertex 140.5 -124.15 2
vertex 176.5 -124.15 2
vertex 176.5 -122.3875 2
endloop
endfacet
facet normal 0 0 1
outer loop
vertex 140.5 -124.15 2
vertex 176.5 -122.3875 2
vertex 139.5 -122.3875 2
endloop
endfacet
facet normal 0 0 1
outer loop
vertex 140.5 -124.15 2
vertex 139.5 -122.3875 2
vertex 139.5 -124.15 2
endloop
endfacet
facet normal 0 0 1
outer loop
vertex 213.5 -127.15 2
vertex 254.50000085317646 -127.15 2
vertex 254.50000066234622 -122.3875 2
endloop
endfacet
facet normal 0 0 1
outer loop
vertex 213.5 -127.15 2
vertex 254.50000066234622 -122.3875 2
vertex 195.5 -122.3875 2
endloop
endfacet
facet normal 0 0 1
outer loop
vertex 213.5 -127.15 2
vertex 195.5 -122.3875 2
vertex 195.5 -127.15 2
endloop
endfacet
facet normal 0 0 1
outer loop
vertex 176.5 -122.3875 2
vertex 195.5 -122.3875 2
vertex 254.50000066234622 -122.3875 2
endloop
endfacet
facet normal 0 0 1
outer loop
vertex 176.5 -122.3875 2
vertex 254.50000066234622 -122.3875 2
vertex 254.50000060705054 -121.0075 2
endloop
endfacet
facet normal 0 0 1
outer loop
vertex 176.5 -122.3875 2
vertex 254.50000060705054 -121.0075 2
vertex 231.5 -121.0075 2
endloop
endfacet
facet normal 0 0 1
outer loop
vertex 176.5 -122.3875 2
vertex 231.5 -121.0075 2
vertex 212.5 -121.0075 2
endloop
endfacet
facet normal 0 0 1
outer loop
vertex 176.5 -122.3875 2
vertex 212.5 -121.0075 2
vertex 139.5 -121.0075 2
endloop
endfacet
facet normal 0 0 1
outer loop
vertex 176.5 -122.3875 2
vertex 139.5 -121.0075 2
vertex 139.5 -122.3875 2
endloop
endfacet
facet normal 0 0 1
outer loop
vertex 212.5 -121.0075 2
vertex 212.5 -118.15 2
vertex 194.5 -118.15 2
endloop
endfacet
facet normal 0 0 1
outer loop
vertex 212.5 -121.0075 2
vertex 194.5 -118.15 2
vertex 177.5 -118.15 2
endloop
endfacet
facet normal 0 0 1
outer loop
vertex 212.5 -121.0075 2
vertex 177.5 -118.15 2
vertex 158.5 -118.15 2
endloop
endfacet
facet normal 0 0 1
outer loop
vertex 212.5 -121.0075 2
vertex 158.5 -118.15 2
vertex 139.5 -118.15 2
endloop
endfacet
facet normal 0 0 1
outer loop
vertex 212.5 -121.0075 2
vertex 139.5 -118.15 2
vertex 139.5 -121.0075 2
endloop
endfacet
facet normal 0 0 1
outer loop
vertex 158.5 -118.15 2
vertex 158.5 -115.15 2
vertex 140.5 -115.15 2
endloop
endfacet
facet normal 0 0 1
outer loop
vertex 158.5 -118.15 2
vertex 140.5 -115.15 2
vertex 139.5 -115.15 2
endloop
endfacet
facet normal 0 0 1
outer loop
vertex 158.5 -118.15 2
vertex 139.5 -115.15 2
vertex 139.5 -118.15 2
endloop
endfacet
facet normal 0 0 1
outer loop
vertex 254.50000060705054 -121.0075 2
vertex 254.50000036059586 -114.85679511205714 2
vertex 232.04601252122146 -114.85679511205714 2
endloop
endfacet
facet normal 0 0 1
outer loop
vertex 254.50000060705054 -121.0075 2
vertex 232.04601252122146 -114.85679511205714 2
vertex 231.5 -114.85679511205714 2
endloop
endfacet
facet normal 0 0 1
outer loop
vertex 254.50000060705054 -121.0075 2
vertex 231.5 -114.85679511205714 2
vertex 231.5 -121.0075 2
endloop
endfacet
facet normal 0 0 1
outer loop
vertex 232.04601252122146 -114.85679511205714 2
vertex 231.76905458732702 -114.83961686223978 2
vertex 231.5 -114.83961686223978 2
endloop
endfacet
facet normal 0 0 1
outer loop
vertex 232.04601252122146 -114.85679511205714 2
vertex 231.5 -114.83961686223978 2
vertex 231.5 -114.85679511205714 2
endloop
endfacet
facet normal 0 0 1
outer loop
vertex 254.50000036059586 -114.85679511205714 2
vertex 254.5000003592282 -114.82266366554244 2
vertex 232.32139558855255 -114.82266366554244 2
endloop
endfacet
facet normal 0 0 1
outer loop
vertex 254.50000036059586 -114.85679511205714 2
vertex 232.32139558855255 -114.82266366554244 2
vertex 232.04601252122146 -114.85679511205714 2
endloop
endfacet
facet normal 0 0 1
outer loop
vertex 231.76905458732702 -114.83961686223978 2
vertex 231.5 -114.7717136 2
vertex 231.5 -114.83961686223978 2
endloop
endfacet
facet normal 0 0 1
outer loop
vertex 254.5000003592282 -114.82266366554244 2
vertex 254.50000035585145 -114.73839058861815 2
vertex 232.58577947217537 -114.73839058861815 2
endloop
endfacet
facet normal 0 0 1
outer loop
vertex 254.5000003592282 -114.82266366554244 2
vertex 232.58577947217537 -114.73839058861815 2
vertex 232.32139558855255 -114.82266366554244 2
endloop
endfacet
facet normal 0 0 1
outer loop
vertex 254.50000035585145 -114.73839058861815 2
vertex 254.5000003505811 -114.60685992281714 2
vertex 232.8301162753139 -114.60685992281714 2
endloop
endfacet
facet normal 0 0 1
outer loop
vertex 254.50000035585145 -114.73839058861815 2
vertex 232.8301162753139 -114.60685992281714 2
vertex 232.58577947217537 -114.73839058861815 2
endloop
endfacet
facet normal 0 0 1
outer loop
vertex 254.5000003505811 -114.60685992281714 2
vertex 254.50000034359755 -114.43257298596153 2
vertex 233.04604416386763 -114.43257298596153 2
endloop
endfacet
facet normal 0 0 1
outer loop
vertex 254.5000003505811 -114.60685992281714 2
vertex 233.04604416386763 -114.43257298596153 2
vertex 232.8301162753139 -114.60685992281714 2
endloop
endfacet
facet normal 0 0 1
outer loop
vertex 254.50000034359755 -114.43257298596153 2
vertex 254.50000033513976 -114.22149432548325 2
vertex 233.22617352989246 -114.22149432548325 2
endloop
endfacet
facet normal 0 0 1
outer loop
vertex 254.50000034359755 -114.43257298596153 2
vertex 233.22617352989246 -114.22149432548325 2
vertex 233.04604416386763 -114.43257298596153 2
endloop
endfacet
facet normal 0 0 1
outer loop
vertex 254.50000033513976 -114.22149432548325 2
vertex 254.5000003254972 -113.98084759626421 2
vertex 233.36433988299723 -113.98084759626421 2
endloop
endfacet
facet normal 0 0 1
outer loop
vertex 254.50000033513976 -114.22149432548325 2
vertex 233.36433988299723 -113.98084759626421 2
vertex 233.22617352989246 -114.22149432548325 2
endloop
endfacet
facet normal 0 0 1
outer loop
vertex 254.5000003254972 -113.98084759626421 2
vertex 254.50000031499988 -113.71886834858081 2
vertex 233.4558148150661 -113.71886834858081 2
endloop
endfacet
facet normal 0 0 1
outer loop
vertex 254.5000003254972 -113.98084759626421 2
vertex 233.4558148150661 -113.71886834858081 2
vertex 233.36433988299723 -113.98084759626421 2
endloop
endfacet
facet normal 0 0 1
outer loop
vertex 254.50000031499988 -113.71886834858081 2
vertex 254.50000030400702 -113.44452218637979 2
vertex 233.49746781855234 -113.44452218637979 2
endloop
endfacet
facet normal 0 0 1
outer loop
vertex 254.50000031499988 -113.71886834858081 2
vertex 233.49746781855234 -113.44452218637979 2
vertex 233.4558148150661 -113.71886834858081 2
endloop
endfacet
facet normal 0 0 1
outer loop
vertex 194.5 -118.15 2
vertex 194.5 -113.3875 2
vertex 177.5 -113.3875 2
endloop
endfacet
facet normal 0 0 1
outer loop
vertex 194.5 -118.15 2
vertex 177.5 -113.3875 2
vertex 177.5 -118.15 2
endloop
endfacet
facet normal 0 0 1
outer loop
vertex 254.50000030400702 -113.44452218637979 2
vertex 254.5000002928948 -113.1671979412447 2
vertex 233.48787342050042 -113.1671979412447 2
endloop
endfacet
facet normal 0 0 1
outer loop
vertex 254.50000030400702 -113.44452218637979 2
vertex 233.48787342050042 -113.1671979412447 2
vertex 233.49746781855234 -113.44452218637979 2
endloop
endfacet
facet normal 0 0 1
outer loop
vertex 254.5000002928948 -113.1671979412447 2
vertex 254.50000028204357 -112.89638636241868 2
vertex 233.4273599658986 -112.89638636241868 2
endloop
endfacet
facet normal 0 0 1
outer loop
vertex 254.5000002928948 -113.1671979412447 2
vertex 233.4273599658986 -112.89638636241868 2
vertex 233.48787342050042 -113.1671979412447 2
endloop
endfacet
facet normal 0 0 1
outer loop
vertex 230.5414 -113.00749698952113 2
vertex 230.6308293586052 -112.7448122377712 2
vertex 213.5 -112.7448122377712 2
endloop
endfacet
facet normal 0 0 1
outer loop
vertex 230.5414 -113.00749698952113 2
vertex 213.5 -112.7448122377712 2
vertex 213.5 -113.00749698952113 2
endloop
endfacet
facet normal 0 0 1
outer loop
vertex 254.50000028204357 -112.89638636241868 2
vertex 254.50000027182463 -112.64135531894817 2
vertex 233.31799838086908 -112.64135531894817 2
endloop
endfacet
facet normal 0 0 1
outer loop
vertex 254.50000028204357 -112.89638636241868 2
vertex 233.31799838086908 -112.64135531894817 2
vertex 233.4273599658986 -112.89638636241868 2
endloop
endfacet
facet normal 0 0 1
outer loop
vertex 230.6308293586052 -112.7448122377712 2
vertex 230.7671150598412 -112.50309546745406 2
vertex 213.5 -112.50309546745406 2
endloop
endfacet
facet normal 0 0 1
outer loop
vertex 230.6308293586052 -112.7448122377712 2
vertex 213.5 -112.50309546745406 2
vertex 213.5 -112.7448122377712 2
endloop
endfacet
facet normal 0 0 1
outer loop
vertex 254.50000027182463 -112.64135531894817 2
vertex 254.50000026258775 -112.41083262935364 2
vertex 233.16353130024683 -112.41083262935364 2
endloop
endfacet
facet normal 0 0 1
outer loop
vertex 254.50000027182463 -112.64135531894817 2
vertex 233.16353130024683 -112.41083262935364 2
vertex 233.31799838086908 -112.64135531894817 2
endloop
endfacet
facet normal 0 0 1
outer loop
vertex 230.7671150598412 -112.50309546745406 2
vertex 230.9455930563384 -112.29061865888399 2
vertex 213.5 -112.29061865888399 2
endloop
endfacet
facet normal 0 0 1
outer loop
vertex 230.7671150598412 -112.50309546745406 2
vertex 213.5 -112.29061865888399 2
vertex 213.5 -112.50309546745406 2
endloop
endfacet
facet normal 0 0 1
outer loop
vertex 254.50000026258775 -112.41083262935364 2
vertex 254.500000254649 -112.21270737322487 2
vertex 232.96924498498583 -112.21270737322487 2
endloop
endfacet
facet normal 0 0 1
outer loop
vertex 254.50000026258775 -112.41083262935364 2
vertex 232.96924498498583 -112.21270737322487 2
vertex 233.16353130024683 -112.41083262935364 2
endloop
endfacet
facet normal 0 0 1
outer loop
vertex 230.9455930563384 -112.29061865888399 2
vertex 231.16015537182008 -112.11465331516821 2
vertex 213.5 -112.11465331516821 2
endloop
endfacet
facet normal 0 0 1
outer loop
vertex 230.9455930563384 -112.29061865888399 2
vertex 213.5 -112.11465331516821 2
vertex 213.5 -112.29061865888399 2
endloop
endfacet
facet normal 0 0 1
outer loop
vertex 254.500000254649 -112.21270737322487 2
vertex 254.5000002482801 -112.05375990661697 2
vertex 232.74178841270688 -112.05375990661697 2
endloop
endfacet
facet normal 0 0 1
outer loop
vertex 254.500000254649 -112.21270737322487 2
vertex 232.74178841270688 -112.05375990661697 2
vertex 232.96924498498583 -112.21270737322487 2
endloop
endfacet
facet normal 0 0 1
outer loop
vertex 231.16015537182008 -112.11465331516821 2
vertex 231.40345913176603 -111.98122142314037 2
vertex 213.5 -111.98122142314037 2
endloop
endfacet
facet normal 0 0 1
outer loop
vertex 231.16015537182008 -112.11465331516821 2
vertex 213.5 -111.98122142314037 2
vertex 213.5 -112.11465331516821 2
endloop
endfacet
facet normal 0 0 1
outer loop
vertex 254.5000002482801 -112.05375990661697 2
vertex 254.50000024369893 -111.93942982082106 2
vertex 232.48894573257613 -111.93942982082106 2
endloop
endfacet
facet normal 0 0 1
outer loop
vertex 254.5000002482801 -112.05375990661697 2
vertex 232.48894573257613 -111.93942982082106 2
vertex 232.74178841270688 -112.05375990661697 2
endloop
endfacet
facet normal 0 0 1
outer loop
vertex 231.40345913176603 -111.98122142314037 2
vertex 231.66717785547215 -111.89488936547588 2
vertex 213.5 -111.89488936547588 2
endloop
endfacet
facet normal 0 0 1
outer loop
vertex 231.40345913176603 -111.98122142314037 2
vertex 213.5 -111.89488936547588 2
vertex 213.5 -111.98122142314037 2
endloop
endfacet
facet normal 0 0 1
outer loop
vertex 254.50000024369893 -111.93942982082106 2
vertex 254.50000024106237 -111.87362978555247 2
vertex 232.21936987168988 -111.87362978555247 2
endloop
endfacet
facet normal 0 0 1
outer loop
vertex 254.50000024369893 -111.93942982082106 2
vertex 232.21936987168988 -111.87362978555247 2
vertex 232.48894573257613 -111.93942982082106 2
endloop
endfacet
facet normal 0 0 1
outer loop
vertex 231.66717785547215 -111.89488936547588 2
vertex 231.94228640964624 -111.85861164732646 2
vertex 213.5 -111.85861164732646 2
endloop
endfacet
facet normal 0 0 1
outer loop
vertex 231.66717785547215 -111.89488936547588 2
vertex 213.5 -111.85861164732646 2
vertex 213.5 -111.89488936547588 2
endloop
endfacet
facet normal 0 0 1
outer loop
vertex 254.50000024106237 -111.87362978555247 2
vertex 254.50000024046062 -111.85861164732646 2
vertex 231.94228640964624 -111.85861164732646 2
endloop
endfacet
facet normal 0 0 1
outer loop
vertex 254.50000024106237 -111.87362978555247 2
vertex 231.94228640964624 -111.85861164732646 2
vertex 232.21936987168988 -111.87362978555247 2
endloop
endfacet
facet normal 0 0 1
outer loop
vertex 231.94228640964624 -111.85861164732646 2
vertex 254.50000024046062 -111.85861164732646 2
vertex 254.50000017199767 -110.15 2
endloop
endfacet
facet normal 0 0 1
outer loop
vertex 231.94228640964624 -111.85861164732646 2
vertex 254.50000017199767 -110.15 2
vertex 213.5 -110.15 2
endloop
endfacet
facet normal 0 0 1
outer loop
vertex 231.94228640964624 -111.85861164732646 2
vertex 213.5 -110.15 2
vertex 213.5 -111.85861164732646 2
endloop
endfacet
facet normal 0 0 1
outer loop
vertex 176.5 -110.15 2
vertex 176.5 -110.03267694556068 2
vertex 160.0443071487696 -110.03267694556068 2
endloop
endfacet
facet normal 0 0 1
outer loop
vertex 176.5 -110.15 2
vertex 160.0443071487696 -110.03267694556068 2
vertex 159.5 -110.03267694556068 2
endloop
endfacet
facet normal 0 0 1
outer loop
vertex 176.5 -110.15 2
vertex 159.5 -110.03267694556068 2
vertex 159.5 -110.15 2
endloop
endfacet
facet normal 0 0 1
outer loop
vertex 160.0443071487696 -110.03267694556068 2
vertex 159.76821407795111 -110.01531340499254 2
vertex 159.5 -110.01531340499254 2
endloop
endfacet
facet normal 0 0 1
outer loop
vertex 160.0443071487696 -110.03267694556068 2
vertex 159.5 -110.01531340499254 2
vertex 159.5 -110.03267694556068 2
endloop
endfacet
facet normal 0 0 1
outer loop
vertex 176.5 -110.03267694556068 2
vertex 176.5 -109.99904348848294 2
vertex 160.31889350469453 -109.99904348848294 2
endloop
endfacet
facet normal 0 0 1
outer loop
vertex 176.5 -110.03267694556068 2
vertex 160.31889350469453 -109.99904348848294 2
vertex 160.0443071487696 -110.03267694556068 2
endloop
endfacet
facet normal 0 0 1
outer loop
vertex 159.76821407795111 -110.01531340499254 2
vertex 159.5 -109.9475469 2
vertex 159.5 -110.01531340499254 2
endloop
endfacet
facet normal 0 0 1
outer loop
vertex 176.5 -109.99904348848294 2
vertex 176.5 -109.91555700294882 2
vertex 160.58263368560776 -109.91555700294882 2
endloop
endfacet
facet normal 0 0 1
outer loop
vertex 176.5 -109.99904348848294 2
vertex 160.58263368560776 -109.91555700294882 2
vertex 160.31889350469453 -109.99904348848294 2
endloop
endfacet
facet normal 0 0 1
outer loop
vertex 176.5 -109.91555700294882 2
vertex 176.5 -109.78505710092428 2
vertex 160.82655714054118 -109.78505710092428 2
endloop
endfacet
facet normal 0 0 1
outer loop
vertex 176.5 -109.91555700294882 2
vertex 160.82655714054118 -109.78505710092428 2
vertex 160.58263368560776 -109.91555700294882 2
endloop
endfacet
facet normal 0 0 1
outer loop
vertex 176.5 -109.78505710092428 2
vertex 176.5 -109.61198245390212 2
vertex 161.0423673415355 -109.61198245390212 2
endloop
endfacet
facet normal 0 0 1
outer loop
vertex 176.5 -109.78505710092428 2
vertex 161.0423673415355 -109.61198245390212 2
vertex 160.82655714054118 -109.78505710092428 2
endloop
endfacet
facet normal 0 0 1
outer loop
vertex 176.5 -109.61198245390212 2
vertex 176.5 -109.40221982110526 2
vertex 161.22272397206848 -109.40221982110526 2
endloop
endfacet
facet normal 0 0 1
outer loop
vertex 176.5 -109.61198245390212 2
vertex 161.22272397206848 -109.40221982110526 2
vertex 161.0423673415355 -109.61198245390212 2
endloop
endfacet
facet normal 0 0 1
outer loop
vertex 176.5 -109.40221982110526 2
vertex 176.5 -109.16290382412349 2
vertex 161.36149259202134 -109.16290382412349 2
endloop
endfacet
facet normal 0 0 1
outer loop
vertex 176.5 -109.40221982110526 2
vertex 161.36149259202134 -109.16290382412349 2
vertex 161.22272397206848 -109.40221982110526 2
endloop
endfacet
facet normal 0 0 1
outer loop
vertex 176.5 -109.16290382412349 2
vertex 176.5 -108.9021742782137 2
vertex 161.45395328737197 -108.9021742782137 2
endloop
endfacet
facet normal 0 0 1
outer loop
vertex 176.5 -109.16290382412349 2
vertex 161.45395328737197 -108.9021742782137 2
vertex 161.36149259202134 -109.16290382412349 2
endloop
endfacet
facet normal 0 0 1
outer loop
vertex 176.5 -108.9021742782137 2
vertex 176.5 -108.62889933411617 2
vertex 161.49696120784625 -108.62889933411617 2
endloop
endfacet
facet normal 0 0 1
outer loop
vertex 176.5 -108.9021742782137 2
vertex 161.49696120784625 -108.62889933411617 2
vertex 161.45395328737197 -108.9021742782137 2
endloop
endfacet
facet normal 0 0 1
outer loop
vertex 176.5 -108.62889933411617 2
vertex 176.5 -108.35237384711567 2
vertex 161.48905353218836 -108.35237384711567 2
endloop
endfacet
facet normal 0 0 1
outer loop
vertex 176.5 -108.62889933411617 2
vertex 161.48905353218836 -108.35237384711567 2
vertex 161.49696120784625 -108.62889933411617 2
endloop
endfacet
facet normal 0 0 1
outer loop
vertex 176.5 -108.35237384711567 2
vertex 176.5 -108.08200323267376 2
vertex 161.43049922285704 -108.08200323267376 2
endloop
endfacet
facet normal 0 0 1
outer loop
vertex 176.5 -108.35237384711567 2
vertex 161.43049922285704 -108.08200323267376 2
vertex 161.48905353218836 -108.35237384711567 2
endloop
endfacet
facet normal 0 0 1
outer loop
vertex 176.5 -108.08200323267376 2
vertex 176.5 -107.8269835615927 2
vertex 161.32328987785016 -107.8269835615927 2
endloop
endfacet
facet normal 0 0 1
outer loop
vertex 176.5 -108.08200323267376 2
vertex 161.32328987785016 -107.8269835615927 2
vertex 161.43049922285704 -108.08200323267376 2
endloop
endfacet
facet normal 0 0 1
outer loop
vertex 176.5 -107.8269835615927 2
vertex 176.5 -107.59598877558876 2
vertex 161.171071990813 -107.59598877558876 2
endloop
endfacet
facet normal 0 0 1
outer loop
vertex 176.5 -107.8269835615927 2
vertex 161.171071990813 -107.59598877558876 2
vertex 161.32328987785016 -107.8269835615927 2
endloop
endfacet
facet normal 0 0 1
outer loop
vertex 176.5 -107.59598877558876 2
vertex 176.5 -107.39687566195211 2
vertex 160.97902292345532 -107.39687566195211 2
endloop
endfacet
facet normal 0 0 1
outer loop
vertex 176.5 -107.59598877558876 2
vertex 160.97902292345532 -107.39687566195211 2
vertex 161.171071990813 -107.59598877558876 2
endloop
endfacet
facet normal 0 0 1
outer loop
vertex 176.5 -107.39687566195211 2
vertex 176.5 -107.23641662194579 2
vertex 160.7536748088074 -107.23641662194579 2
endloop
endfacet
facet normal 0 0 1
outer loop
vertex 176.5 -107.39687566195211 2
vertex 160.7536748088074 -107.23641662194579 2
vertex 160.97902292345532 -107.39687566195211 2
endloop
endfacet
facet normal 0 0 1
outer loop
vertex 140.5 -115.15 2
vertex 140.5 -107.15000052067889 2
vertex 139.5 -107.15000052067889 2
endloop
endfacet
facet normal 0 0 1
outer loop
vertex 140.5 -115.15 2
vertex 139.5 -107.15000052067889 2
vertex 139.5 -115.15 2
endloop
endfacet
facet normal 0 0 -1
outer loop
vertex 159.42000499999995 -107.15000309989347 2
vertex 152.32508346403407 -107.15000309989347 2
vertex 143.3554339004396 -107.15000052067889 2
endloop
endfacet
facet normal 0 0 -1
outer loop
vertex 159.42000499999995 -107.15000309989347 2
vertex 143.3554339004396 -107.15000052067889 2
vertex 152.32508346403407 -107.15000309989347 2
endloop
endfacet
facet normal 0 0 1
outer loop
vertex 176.5 -107.23641662194579 2
vertex 176.5 -107.120069322247 2
vertex 160.50269237486478 -107.120069322247 2
endloop
endfacet
facet normal 0 0 1
outer loop
vertex 176.5 -107.23641662194579 2
vertex 160.50269237486478 -107.120069322247 2
vertex 160.7536748088074 -107.23641662194579 2
endloop
endfacet
facet normal 0 0 1
outer loop
vertex 140.5 -107.15000052067889 2
vertex 159.42000499999995 -107.15000309989347 2
vertex 159.683902966414 -107.06701706787892 2
endloop
endfacet
facet normal 0 0 1
outer loop
vertex 140.5 -107.15000052067889 2
vertex 159.683902966414 -107.06701706787892 2
vertex 139.5 -107.06701706787892 2
endloop
endfacet
facet normal 0 0 1
outer loop
vertex 140.5 -107.15000052067889 2
vertex 139.5 -107.06701706787892 2
vertex 139.5 -107.15000052067889 2
endloop
endfacet
facet normal 0 0 1
outer loop
vertex 176.5 -107.120069322247 2
vertex 176.5 -107.05179106423589 2
vertex 160.2346122454667 -107.05179106423589 2
endloop
endfacet
facet normal 0 0 1
outer loop
vertex 176.5 -107.120069322247 2
vertex 160.2346122454667 -107.05179106423589 2
vertex 160.50269237486478 -107.120069322247 2
endloop
endfacet
facet normal 0 0 1
outer loop
vertex 159.683902966414 -107.06701706787892 2
vertex 159.95855258552905 -107.0339041849619 2
vertex 139.5 -107.0339041849619 2
endloop
endfacet
facet normal 0 0 1
outer loop
vertex 159.683902966414 -107.06701706787892 2
vertex 139.5 -107.0339041849619 2
vertex 139.5 -107.06701706787892 2
endloop
endfacet
facet normal 0 0 1
outer loop
vertex 176.5 -107.05179106423589 2
vertex 176.5 -107.0339041849619 2
vertex 159.95855258552905 -107.0339041849619 2
endloop
endfacet
facet normal 0 0 1
outer loop
vertex 176.5 -107.05179106423589 2
vertex 159.95855258552905 -107.0339041849619 2
vertex 160.2346122454667 -107.05179106423589 2
endloop
endfacet
facet normal 0 0 1
outer loop
vertex 159.95855258552905 -107.0339041849619 2
vertex 176.5 -107.0339041849619 2
vertex 176.5 -106 2
endloop
endfacet
facet normal 0 0 1
outer loop
vertex 159.95855258552905 -107.0339041849619 2
vertex 176.5 -106 2
vertex 156.5 -106 2
endloop
endfacet
facet normal 0 0 1
outer loop
vertex 159.95855258552905 -107.0339041849619 2
vertex 156.5 -106 2
vertex 140.49999999999994 -106 2
endloop
endfacet
facet normal 0 0 1
outer loop
vertex 159.95855258552905 -107.0339041849619 2
vertex 140.49999999999994 -106 2
vertex 140.32635182233312 -106.01519224698778 2
endloop
endfacet
facet normal 0 0 1
outer loop
vertex 159.95855258552905 -107.0339041849619 2
vertex 140.32635182233312 -106.01519224698778 2
vertex 140.15797985667442 -106.06030737921408 2
endloop
endfacet
facet normal 0 0 1
outer loop
vertex 159.95855258552905 -107.0339041849619 2
vertex 140.15797985667442 -106.06030737921408 2
vertex 140.00000000000009 -106.13397459621555 2
endloop
endfacet
facet normal 0 0 1
outer loop
vertex 159.95855258552905 -107.0339041849619 2
vertex 140.00000000000009 -106.13397459621555 2
vertex 139.8572123903134 -106.23395555688111 2
endloop
endfacet
facet normal 0 0 1
outer loop
vertex 159.95855258552905 -107.0339041849619 2
vertex 139.8572123903134 -106.23395555688111 2
vertex 139.73395555688094 -106.35721239031356 2
endloop
endfacet
facet normal 0 0 1
outer loop
vertex 159.95855258552905 -107.0339041849619 2
vertex 139.73395555688094 -106.35721239031356 2
vertex 139.6339745962156 -106.49999999999991 2
endloop
endfacet
facet normal 0 0 1
outer loop
vertex 159.95855258552905 -107.0339041849619 2
vertex 139.6339745962156 -106.49999999999991 2
vertex 139.56030737921398 -106.65797985667459 2
endloop
endfacet
facet normal 0 0 1
outer loop
vertex 159.95855258552905 -107.0339041849619 2
vertex 139.56030737921398 -106.65797985667459 2
vertex 139.51519224698782 -106.82635182233284 2
endloop
endfacet
facet normal 0 0 1
outer loop
vertex 159.95855258552905 -107.0339041849619 2
vertex 139.51519224698782 -106.82635182233284 2
vertex 139.5 -107.00000000000014 2
endloop
endfacet
facet normal 0 0 1
outer loop
vertex 159.95855258552905 -107.0339041849619 2
vertex 139.5 -107.00000000000014 2
vertex 139.5 -107.0339041849619 2
endloop
endfacet
facet normal 0 0 1
outer loop
vertex 176.5 -106 2
vertex 176.5 -105.9848077530122 2
vertex 156.67364817766693 -105.9848077530122 2
endloop
endfacet
facet normal 0 0 1
outer loop
vertex 176.5 -106 2
vertex 156.67364817766693 -105.9848077530122 2
vertex 156.5 -106 2
endloop
endfacet
facet normal 0 0 1
outer loop
vertex 176.5 -105.9848077530122 2
vertex 176.5 -105.9396926207859 2
vertex 156.84202014332567 -105.9396926207859 2
endloop
endfacet
facet normal 0 0 1
outer loop
vertex 176.5 -105.9848077530122 2
vertex 156.84202014332567 -105.9396926207859 2
vertex 156.67364817766693 -105.9848077530122 2
endloop
endfacet
facet normal 0 0 1
outer loop
vertex 176.5 -105.9396926207859 2
vertex 176.5 -105.8660254037844 2
vertex 157.00000000000006 -105.8660254037844 2
endloop
endfacet
facet normal 0 0 1
outer loop
vertex 176.5 -105.9396926207859 2
vertex 157.00000000000006 -105.8660254037844 2
vertex 156.84202014332567 -105.9396926207859 2
endloop
endfacet
facet normal 0 0 1
outer loop
vertex 176.5 -105.8660254037844 2
vertex 176.5 -105.766044443119 2
vertex 157.1427876096865 -105.766044443119 2
endloop
endfacet
facet normal 0 0 1
outer loop
vertex 176.5 -105.8660254037844 2
vertex 157.1427876096865 -105.766044443119 2
vertex 157.00000000000006 -105.8660254037844 2
endloop
endfacet
facet normal 0 0 1
outer loop
vertex 176.5 -105.766044443119 2
vertex 176.5 -105.6427876096865 2
vertex 157.266044443119 -105.6427876096865 2
endloop
endfacet
facet normal 0 0 1
outer loop
vertex 176.5 -105.766044443119 2
vertex 157.266044443119 -105.6427876096865 2
vertex 157.1427876096865 -105.766044443119 2
endloop
endfacet
facet normal 0 0 1
outer loop
vertex 176.5 -105.6427876096865 2
vertex 176.5 -105.49999999999997 2
vertex 157.36602540378448 -105.49999999999997 2
endloop
endfacet
facet normal 0 0 1
outer loop
vertex 176.5 -105.6427876096865 2
vertex 157.36602540378448 -105.49999999999997 2
vertex 157.266044443119 -105.6427876096865 2
endloop
endfacet
facet normal 0 0 1
outer loop
vertex 176.5 -105.49999999999997 2
vertex 176.5 -105.3875 2
vertex 157.41848501725914 -105.3875 2
endloop
endfacet
facet normal 0 0 1
outer loop
vertex 176.5 -105.49999999999997 2
vertex 157.41848501725914 -105.3875 2
vertex 157.36602540378448 -105.49999999999997 2
endloop
endfacet
facet normal 0 0 1
outer loop
vertex 213.5 -110.15 2
vertex 254.50000017199767 -110.15 2
vertex 254.5 -105.85749999999985 2
endloop
endfacet
facet normal 0 0 1
outer loop
vertex 213.5 -110.15 2
vertex 254.5 -105.85749999999985 2
vertex 254.46961550602444 -105.51020364466636 2
endloop
endfacet
facet normal 0 0 1
outer loop
vertex 213.5 -110.15 2
vertex 254.46961550602444 -105.51020364466636 2
vertex 254.43673716352774 -105.3875 2
endloop
endfacet
facet normal 0 0 1
outer loop
vertex 213.5 -110.15 2
vertex 254.43673716352774 -105.3875 2
vertex 195.5 -105.3875 2
endloop
endfacet
facet normal 0 0 1
outer loop
vertex 213.5 -110.15 2
vertex 195.5 -105.3875 2
vertex 195.5 -110.15 2
endloop
endfacet
facet normal 0 0 1
outer loop
vertex 176.5 -105.3875 2
vertex 195.5 -105.3875 2
vertex 254.43673716352774 -105.3875 2
endloop
endfacet
facet normal 0 0 1
outer loop
vertex 176.5 -105.3875 2
vertex 254.43673716352774 -105.3875 2
vertex 254.42455087265998 -105.3420201433257 2
endloop
endfacet
facet normal 0 0 1
outer loop
vertex 176.5 -105.3875 2
vertex 254.42455087265998 -105.3420201433257 2
vertex 157.4396926207859 -105.3420201433257 2
endloop
endfacet
facet normal 0 0 1
outer loop
vertex 176.5 -105.3875 2
vertex 157.4396926207859 -105.3420201433257 2
vertex 157.41848501725914 -105.3875 2
endloop
endfacet
facet normal 0 0 1
outer loop
vertex 254.42455087265998 -105.3420201433257 2
vertex 254.37943574043368 -105.17364817766698 2
vertex 157.4848077530122 -105.17364817766698 2
endloop
endfacet
facet normal 0 0 1
outer loop
vertex 254.42455087265998 -105.3420201433257 2
vertex 157.4848077530122 -105.17364817766698 2
vertex 157.4396926207859 -105.3420201433257 2
endloop
endfacet
facet normal 0 0 1
outer loop
vertex 254.37943574043368 -105.17364817766698 2
vertex 254.37938524157173 -105.17345971334848 2
vertex 254.29849964885602 -105.00000000000013 2
endloop
endfacet
facet normal 0 0 1
outer loop
vertex 254.37943574043368 -105.17364817766698 2
vertex 254.29849964885602 -105.00000000000013 2
vertex 157.5 -105.00000000000013 2
endloop
endfacet
facet normal 0 0 1
outer loop
vertex 254.37943574043368 -105.17364817766698 2
vertex 157.5 -105.00000000000013 2
vertex 157.4848077530122 -105.17364817766698 2
endloop
endfacet
facet normal 0 0 1
outer loop
vertex 254.29849964885602 -105.00000000000013 2
vertex 254.23205080756892 -104.8575000000001 2
vertex 254.0320888862379 -104.57192478062687 2
endloop
endfacet
facet normal 0 0 1
outer loop
vertex 254.29849964885602 -105.00000000000013 2
vertex 254.0320888862379 -104.57192478062687 2
vertex 253.78557521937307 -104.32541111376203 2
endloop
endfacet
facet normal 0 0 1
outer loop
vertex 254.29849964885602 -105.00000000000013 2
vertex 253.78557521937307 -104.32541111376203 2
vertex 253.50000000000006 -104.12544919243115 2
endloop
endfacet
facet normal 0 0 1
outer loop
vertex 254.29849964885602 -105.00000000000013 2
vertex 253.50000000000006 -104.12544919243115 2
vertex 253.24705714056293 -104.0075 2
endloop
endfacet
facet normal 0 0 1
outer loop
vertex 254.29849964885602 -105.00000000000013 2
vertex 253.24705714056293 -104.0075 2
vertex 231.5 -104.0075 2
endloop
endfacet
facet normal 0 0 1
outer loop
vertex 254.29849964885602 -105.00000000000013 2
vertex 231.5 -104.0075 2
vertex 212.5 -104.0075 2
endloop
endfacet
facet normal 0 0 1
outer loop
vertex 254.29849964885602 -105.00000000000013 2
vertex 212.5 -104.0075 2
vertex 157.5 -104.0075 2
endloop
endfacet
facet normal 0 0 1
outer loop
vertex 254.29849964885602 -105.00000000000013 2
vertex 157.5 -104.0075 2
vertex 157.5 -105.00000000000013 2
endloop
endfacet
facet normal 0 0 1
outer loop
vertex 253.24705714056293 -104.0075 2
vertex 253.18404028665134 -103.97811475842819 2
vertex 252.84729635533387 -103.88788449397559 2
endloop
endfacet
facet normal 0 0 1
outer loop
vertex 253.24705714056293 -104.0075 2
vertex 252.84729635533387 -103.88788449397559 2
vertex 252.5 -103.8575 2
endloop
endfacet
facet normal 0 0 1
outer loop
vertex 253.24705714056293 -104.0075 2
vertex 252.5 -103.8575 2
vertex 234.50000000000003 -103.8575 2
endloop
endfacet
facet normal 0 0 1
outer loop
vertex 253.24705714056293 -104.0075 2
vertex 234.50000000000003 -103.8575 2
vertex 231.5 -103.8575 2
endloop
endfacet
facet normal 0 0 1
outer loop
vertex 253.24705714056293 -104.0075 2
vertex 231.5 -103.8575 2
vertex 231.5 -104.0075 2
endloop
endfacet
facet normal 0 0 1
outer loop
vertex 234.50000000000003 -103.8575 2
vertex 234.15270364466616 -103.82711550602441 2
vertex 231.5 -103.82711550602441 2
endloop
endfacet
facet normal 0 0 1
outer loop
vertex 234.50000000000003 -103.8575 2
vertex 231.5 -103.82711550602441 2
vertex 231.5 -103.8575 2
endloop
endfacet
facet normal 0 0 1
outer loop
vertex 234.15270364466616 -103.82711550602441 2
vertex 233.81595971334863 -103.73688524157181 2
vertex 231.5 -103.73688524157181 2
endloop
endfacet
facet normal 0 0 1
outer loop
vertex 234.15270364466616 -103.82711550602441 2
vertex 231.5 -103.73688524157181 2
vertex 231.5 -103.82711550602441 2
endloop
endfacet
facet normal 0 0 1
outer loop
vertex 233.81595971334863 -103.73688524157181 2
vertex 233.50000000000003 -103.5895508075689 2
vertex 231.5 -103.5895508075689 2
endloop
endfacet
facet normal 0 0 1
outer loop
vertex 233.81595971334863 -103.73688524157181 2
vertex 231.5 -103.5895508075689 2
vertex 231.5 -103.73688524157181 2
endloop
endfacet
facet normal 0 0 1
outer loop
vertex 233.50000000000003 -103.5895508075689 2
vertex 233.21442478062698 -103.389588886238 2
vertex 231.5 -103.389588886238 2
endloop
endfacet
facet normal 0 0 1
outer loop
vertex 233.50000000000003 -103.5895508075689 2
vertex 231.5 -103.389588886238 2
vertex 231.5 -103.5895508075689 2
endloop
endfacet
facet normal 0 0 1
outer loop
vertex 233.21442478062698 -103.389588886238 2
vertex 232.96791111376206 -103.14307521937307 2
vertex 231.5 -103.14307521937307 2
endloop
endfacet
facet normal 0 0 1
outer loop
vertex 233.21442478062698 -103.389588886238 2
vertex 231.5 -103.14307521937307 2
vertex 231.5 -103.389588886238 2
endloop
endfacet
facet normal 0 0 1
outer loop
vertex 232.96791111376206 -103.14307521937307 2
vertex 232.76794919243113 -102.8575 2
vertex 231.5 -102.8575 2
endloop
endfacet
facet normal 0 0 1
outer loop
vertex 232.96791111376206 -103.14307521937307 2
vertex 231.5 -102.8575 2
vertex 231.5 -103.14307521937307 2
endloop
endfacet
facet normal 0 0 1
outer loop
vertex 232.76794919243113 -102.8575 2
vertex 232.62061475842813 -102.54154028665123 2
vertex 231.5 -102.54154028665123 2
endloop
endfacet
facet normal 0 0 1
outer loop
vertex 232.76794919243113 -102.8575 2
vertex 231.5 -102.54154028665123 2
vertex 231.5 -102.8575 2
endloop
endfacet
facet normal 0 0 1
outer loop
vertex 232.62061475842813 -102.54154028665123 2
vertex 232.53038449397556 -102.20479635533381 2
vertex 231.5 -102.20479635533381 2
endloop
endfacet
facet normal 0 0 1
outer loop
vertex 232.62061475842813 -102.54154028665123 2
vertex 231.5 -102.20479635533381 2
vertex 231.5 -102.54154028665123 2
endloop
endfacet
facet normal 0 0 1
outer loop
vertex 232.53038449397556 -102.20479635533381 2
vertex 232.5 -101.85750000000024 2
vertex 231.5 -101.85750000000024 2
endloop
endfacet
facet normal 0 0 1
outer loop
vertex 232.53038449397556 -102.20479635533381 2
vertex 231.5 -101.85750000000024 2
vertex 231.5 -102.20479635533381 2
endloop
endfacet
facet normal 0 0 1
outer loop
vertex 212.5 -104.0075 2
vertex 212.5 -101.15 2
vertex 194.5 -101.15 2
endloop
endfacet
facet normal 0 0 1
outer loop
vertex 212.5 -104.0075 2
vertex 194.5 -101.15 2
vertex 177.5 -101.15 2
endloop
endfacet
facet normal 0 0 1
outer loop
vertex 212.5 -104.0075 2
vertex 177.5 -101.15 2
vertex 158.5 -101.15 2
endloop
endfacet
facet normal 0 0 1
outer loop
vertex 212.5 -104.0075 2
vertex 158.5 -101.15 2
vertex 157.5 -101.15 2
endloop
endfacet
facet normal 0 0 1
outer loop
vertex 212.5 -104.0075 2
vertex 157.5 -101.15 2
vertex 157.5 -104.0075 2
endloop
endfacet
facet normal 0 0 1
outer loop
vertex 194.5 -101.15 2
vertex 194.5 -96.3875 2
vertex 177.5 -96.3875 2
endloop
endfacet
facet normal 0 0 1
outer loop
vertex 194.5 -101.15 2
vertex 177.5 -96.3875 2
vertex 177.5 -101.15 2
endloop
endfacet
facet normal 0 0 1
outer loop
vertex 232.5 -101.85750000000024 2
vertex 232.5 -96.0075 2
vertex 231.5 -96.0075 2
endloop
endfacet
facet normal 0 0 1
outer loop
vertex 232.5 -101.85750000000024 2
vertex 231.5 -96.0075 2
vertex 231.5 -101.85750000000024 2
endloop
endfacet
facet normal 0 0 1
outer loop
vertex 231.5 -96.0075 2
vertex 232.5 -96.0075 2
vertex 232.5 -95.85749999999993 2
endloop
endfacet
facet normal 0 0 1
outer loop
vertex 231.5 -96.0075 2
vertex 232.5 -95.85749999999993 2
vertex 232.48480775301223 -95.68385182233318 2
endloop
endfacet
facet normal 0 0 1
outer loop
vertex 231.5 -96.0075 2
vertex 232.48480775301223 -95.68385182233318 2
vertex 232.43969262078593 -95.5154798566744 2
endloop
endfacet
facet normal 0 0 1
outer loop
vertex 231.5 -96.0075 2
vertex 232.43969262078593 -95.5154798566744 2
vertex 232.36602540378445 -95.3575 2
endloop
endfacet
facet normal 0 0 1
outer loop
vertex 231.5 -96.0075 2
vertex 232.36602540378445 -95.3575 2
vertex 232.26604444311891 -95.21471239031338 2
endloop
endfacet
facet normal 0 0 1
outer loop
vertex 231.5 -96.0075 2
vertex 232.26604444311891 -95.21471239031338 2
vertex 232.1427876096866 -95.09145555688107 2
endloop
endfacet
facet normal 0 0 1
outer loop
vertex 231.5 -96.0075 2
vertex 232.1427876096866 -95.09145555688107 2
vertex 231.99999999999997 -94.99147459621555 2
endloop
endfacet
facet normal 0 0 1
outer loop
vertex 231.5 -96.0075 2
vertex 231.99999999999997 -94.99147459621555 2
vertex 231.84202014332564 -94.91780737921408 2
endloop
endfacet
facet normal 0 0 1
outer loop
vertex 231.5 -96.0075 2
vertex 231.84202014332564 -94.91780737921408 2
vertex 231.67364817766688 -94.87269224698778 2
endloop
endfacet
facet normal 0 0 1
outer loop
vertex 231.5 -96.0075 2
vertex 231.67364817766688 -94.87269224698778 2
vertex 231.5 -94.8575 2
endloop
endfacet
facet normal 0 0 1
outer loop
vertex 231.5 -96.0075 2
vertex 231.5 -94.8575 2
vertex 215.5 -94.8575 2
endloop
endfacet
facet normal 0 0 1
outer loop
vertex 231.5 -96.0075 2
vertex 215.5 -94.8575 2
vertex 213.5 -94.8575 2
endloop
endfacet
facet normal 0 0 1
outer loop
vertex 231.5 -96.0075 2
vertex 213.5 -94.8575 2
vertex 213.5 -96.0075 2
endloop
endfacet
facet normal 0 0 1
outer loop
vertex 215.5 -94.8575 2
vertex 215.32635182233307 -94.84230775301221 2
vertex 213.5 -94.84230775301221 2
endloop
endfacet
facet normal 0 0 1
outer loop
vertex 215.5 -94.8575 2
vertex 213.5 -94.84230775301221 2
vertex 213.5 -94.8575 2
endloop
endfacet
facet normal 0 0 1
outer loop
vertex 215.32635182233307 -94.84230775301221 2
vertex 215.15797985667442 -94.79719262078594 2
vertex 213.5 -94.79719262078594 2
endloop
endfacet
facet normal 0 0 1
outer loop
vertex 215.32635182233307 -94.84230775301221 2
vertex 213.5 -94.79719262078594 2
vertex 213.5 -94.84230775301221 2
endloop
endfacet
facet normal 0 0 1
outer loop
vertex 215.15797985667442 -94.79719262078594 2
vertex 215 -94.72352540378444 2
vertex 213.5 -94.72352540378444 2
endloop
endfacet
facet normal 0 0 1
outer loop
vertex 215.15797985667442 -94.79719262078594 2
vertex 213.5 -94.72352540378444 2
vertex 213.5 -94.79719262078594 2
endloop
endfacet
facet normal 0 0 1
outer loop
vertex 215 -94.72352540378444 2
vertex 214.85721239031346 -94.62354444311897 2
vertex 213.5 -94.62354444311897 2
endloop
endfacet
facet normal 0 0 1
outer loop
vertex 215 -94.72352540378444 2
vertex 213.5 -94.62354444311897 2
vertex 213.5 -94.72352540378444 2
endloop
endfacet
facet normal 0 0 1
outer loop
vertex 214.85721239031346 -94.62354444311897 2
vertex 214.73395555688114 -94.50028760968665 2
vertex 213.5 -94.50028760968665 2
endloop
endfacet
facet normal 0 0 1
outer loop
vertex 214.85721239031346 -94.62354444311897 2
vertex 213.5 -94.50028760968665 2
vertex 213.5 -94.62354444311897 2
endloop
endfacet
facet normal 0 0 1
outer loop
vertex 214.73395555688114 -94.50028760968665 2
vertex 214.63397459621544 -94.3574999999998 2
vertex 213.5 -94.3574999999998 2
endloop
endfacet
facet normal 0 0 1
outer loop
vertex 214.73395555688114 -94.50028760968665 2
vertex 213.5 -94.3574999999998 2
vertex 213.5 -94.50028760968665 2
endloop
endfacet
facet normal 0 0 1
outer loop
vertex 214.63397459621544 -94.3574999999998 2
vertex 214.56030737921407 -94.19952014332563 2
vertex 213.5 -94.19952014332563 2
endloop
endfacet
facet normal 0 0 1
outer loop
vertex 214.63397459621544 -94.3574999999998 2
vertex 213.5 -94.19952014332563 2
vertex 213.5 -94.3574999999998 2
endloop
endfacet
facet normal 0 0 1
outer loop
vertex 214.56030737921407 -94.19952014332563 2
vertex 214.51519224698774 -94.03114817766685 2
vertex 213.5 -94.03114817766685 2
endloop
endfacet
facet normal 0 0 1
outer loop
vertex 214.56030737921407 -94.19952014332563 2
vertex 213.5 -94.03114817766685 2
vertex 213.5 -94.19952014332563 2
endloop
endfacet
facet normal 0 0 1
outer loop
vertex 214.51519224698774 -94.03114817766685 2
vertex 214.5 -93.85750000000041 2
vertex 213.5 -93.85750000000041 2
endloop
endfacet
facet normal 0 0 1
outer loop
vertex 214.51519224698774 -94.03114817766685 2
vertex 213.5 -93.85750000000041 2
vertex 213.5 -94.03114817766685 2
endloop
endfacet
facet normal 0 0 1
outer loop
vertex 158.5 -101.15 2
vertex 158.49999999999994 -93.15 2
vertex 157.5 -93.15 2
endloop
endfacet
facet normal 0 0 1
outer loop
vertex 158.5 -101.15 2
vertex 157.5 -93.15 2
vertex 157.5 -101.15 2
endloop
endfacet
facet normal 0 0 1
outer loop
vertex 214.5 -93.85750000000041 2
vertex 214.5 -93.15 2
vertex 213.5 -93.15 2
endloop
endfacet
facet normal 0 0 1
outer loop
vertex 214.5 -93.85750000000041 2
vertex 213.5 -93.15 2
vertex 213.5 -93.85750000000041 2
endloop
endfacet
facet normal 0 0 1
outer loop
vertex 158.49999999999994 -93.15 2
vertex 176.5 -93.15 2
vertex 176.5 -92 2
endloop
endfacet
facet normal 0 0 1
outer loop
vertex 158.49999999999994 -93.15 2
vertex 176.5 -92 2
vertex 174.49999999999991 -92 2
endloop
endfacet
facet normal 0 0 1
outer loop
vertex 158.49999999999994 -93.15 2
vertex 174.49999999999991 -92 2
vertex 158.49999999999991 -92 2
endloop
endfacet
facet normal 0 0 1
outer loop
vertex 158.49999999999994 -93.15 2
vertex 158.49999999999991 -92 2
vertex 158.32635182233324 -92.01519224698777 2
endloop
endfacet
facet normal 0 0 1
outer loop
vertex 158.49999999999994 -93.15 2
vertex 158.32635182233324 -92.01519224698777 2
vertex 158.1579798566743 -92.06030737921412 2
endloop
endfacet
facet normal 0 0 1
outer loop
vertex 158.49999999999994 -93.15 2
vertex 158.1579798566743 -92.06030737921412 2
vertex 157.99999999999991 -92.13397459621562 2
endloop
endfacet
facet normal 0 0 1
outer loop
vertex 158.49999999999994 -93.15 2
vertex 157.99999999999991 -92.13397459621562 2
vertex 157.8572123903134 -92.23395555688106 2
endloop
endfacet
facet normal 0 0 1
outer loop
vertex 158.49999999999994 -93.15 2
vertex 157.8572123903134 -92.23395555688106 2
vertex 157.73395555688123 -92.35721239031324 2
endloop
endfacet
facet normal 0 0 1
outer loop
vertex 158.49999999999994 -93.15 2
vertex 157.73395555688123 -92.35721239031324 2
vertex 157.6339745962155 -92.50000000000014 2
endloop
endfacet
facet normal 0 0 1
outer loop
vertex 158.49999999999994 -93.15 2
vertex 157.6339745962155 -92.50000000000014 2
vertex 157.56030737921407 -92.6579798566744 2
endloop
endfacet
facet normal 0 0 1
outer loop
vertex 158.49999999999994 -93.15 2
vertex 157.56030737921407 -92.6579798566744 2
vertex 157.5151922469878 -92.82635182233304 2
endloop
endfacet
facet normal 0 0 1
outer loop
vertex 158.49999999999994 -93.15 2
vertex 157.5151922469878 -92.82635182233304 2
vertex 157.5 -92.99999999999996 2
endloop
endfacet
facet normal 0 0 1
outer loop
vertex 158.49999999999994 -93.15 2
vertex 157.5 -92.99999999999996 2
vertex 157.5 -93.15 2
endloop
endfacet
facet normal 0 0 1
outer loop
vertex 213.5 -93.15 2
vertex 214.5 -93.15 2
vertex 214.5 -92.99999999999996 2
endloop
endfacet
facet normal 0 0 1
outer loop
vertex 213.5 -93.15 2
vertex 214.5 -92.99999999999996 2
vertex 214.48480775301218 -92.82635182233304 2
endloop
endfacet
facet normal 0 0 1
outer loop
vertex 213.5 -93.15 2
vertex 214.48480775301218 -92.82635182233304 2
vertex 214.4396926207859 -92.6579798566744 2
endloop
endfacet
facet normal 0 0 1
outer loop
vertex 213.5 -93.15 2
vertex 214.4396926207859 -92.6579798566744 2
vertex 214.36602540378445 -92.50000000000014 2
endloop
endfacet
facet normal 0 0 1
outer loop
vertex 213.5 -93.15 2
vertex 214.36602540378445 -92.50000000000014 2
vertex 214.26604444311903 -92.35721239031324 2
endloop
endfacet
facet normal 0 0 1
outer loop
vertex 213.5 -93.15 2
vertex 214.26604444311903 -92.35721239031324 2
vertex 214.1427876096865 -92.23395555688106 2
endloop
endfacet
facet normal 0 0 1
outer loop
vertex 213.5 -93.15 2
vertex 214.1427876096865 -92.23395555688106 2
vertex 214.00000000000009 -92.13397459621562 2
endloop
endfacet
facet normal 0 0 1
outer loop
vertex 213.5 -93.15 2
vertex 214.00000000000009 -92.13397459621562 2
vertex 213.84202014332564 -92.06030737921412 2
endloop
endfacet
facet normal 0 0 1
outer loop
vertex 213.5 -93.15 2
vertex 213.84202014332564 -92.06030737921412 2
vertex 213.67364817766685 -92.01519224698777 2
endloop
endfacet
facet normal 0 0 1
outer loop
vertex 213.5 -93.15 2
vertex 213.67364817766685 -92.01519224698777 2
vertex 213.5 -92 2
endloop
endfacet
facet normal 0 0 1
outer loop
vertex 213.5 -93.15 2
vertex 213.5 -92 2
vertex 197.49999999999994 -92 2
endloop
endfacet
facet normal 0 0 1
outer loop
vertex 213.5 -93.15 2
vertex 197.49999999999994 -92 2
vertex 195.5 -92 2
endloop
endfacet
facet normal 0 0 1
outer loop
vertex 213.5 -93.15 2
vertex 195.5 -92 2
vertex 195.5 -93.15 2
endloop
endfacet
facet normal 0 0 1
outer loop
vertex 176.5 -92 2
vertex 176.5 -91.98480775301219 2
vertex 174.67364817766708 -91.98480775301219 2
endloop
endfacet
facet normal 0 0 1
outer loop
vertex 176.5 -92 2
vertex 174.67364817766708 -91.98480775301219 2
vertex 174.49999999999991 -92 2
endloop
endfacet
facet normal 0 0 1
outer loop
vertex 197.49999999999994 -92 2
vertex 197.32635182233284 -91.98480775301219 2
vertex 195.5 -91.98480775301219 2
endloop
endfacet
facet normal 0 0 1
outer loop
vertex 197.49999999999994 -92 2
vertex 195.5 -91.98480775301219 2
vertex 195.5 -92 2
endloop
endfacet
facet normal 0 0 1
outer loop
vertex 176.5 -91.98480775301219 2
vertex 176.5 -91.93969262078595 2
vertex 174.84202014332558 -91.93969262078595 2
endloop
endfacet
facet normal 0 0 1
outer loop
vertex 176.5 -91.98480775301219 2
vertex 174.84202014332558 -91.93969262078595 2
vertex 174.67364817766708 -91.98480775301219 2
endloop
endfacet
facet normal 0 0 1
outer loop
vertex 197.32635182233284 -91.98480775301219 2
vertex 197.15797985667453 -91.93969262078595 2
vertex 195.5 -91.93969262078595 2
endloop
endfacet
facet normal 0 0 1
outer loop
vertex 197.32635182233284 -91.98480775301219 2
vertex 195.5 -91.93969262078595 2
vertex 195.5 -91.98480775301219 2
endloop
endfacet
facet normal 0 0 1
outer loop
vertex 176.5 -91.93969262078595 2
vertex 176.5 -91.86602540378432 2
vertex 175.00000000000023 -91.86602540378432 2
endloop
endfacet
facet normal 0 0 1
outer loop
vertex 176.5 -91.93969262078595 2
vertex 175.00000000000023 -91.86602540378432 2
vertex 174.84202014332558 -91.93969262078595 2
endloop
endfacet
facet normal 0 0 1
outer loop
vertex 197.15797985667453 -91.93969262078595 2
vertex 196.99999999999963 -91.86602540378432 2
vertex 195.5 -91.86602540378432 2
endloop
endfacet
facet normal 0 0 1
outer loop
vertex 197.15797985667453 -91.93969262078595 2
vertex 195.5 -91.86602540378432 2
vertex 195.5 -91.93969262078595 2
endloop
endfacet
facet normal 0 0 1
outer loop
vertex 176.5 -91.86602540378432 2
vertex 176.5 -91.76604444311909 2
vertex 175.14278760968642 -91.76604444311909 2
endloop
endfacet
facet normal 0 0 1
outer loop
vertex 176.5 -91.86602540378432 2
vertex 175.14278760968642 -91.76604444311909 2
vertex 175.00000000000023 -91.86602540378432 2
endloop
endfacet
facet normal 0 0 1
outer loop
vertex 196.99999999999963 -91.86602540378432 2
vertex 196.8572123903138 -91.76604444311909 2
vertex 195.5 -91.76604444311909 2
endloop
endfacet
facet normal 0 0 1
outer loop
vertex 196.99999999999963 -91.86602540378432 2
vertex 195.5 -91.76604444311909 2
vertex 195.5 -91.86602540378432 2
endloop
endfacet
facet normal 0 0 1
outer loop
vertex 176.5 -91.76604444311909 2
vertex 176.5 -91.64278760968669 2
vertex 175.26604444311883 -91.64278760968669 2
endloop
endfacet
facet normal 0 0 1
outer loop
vertex 176.5 -91.76604444311909 2
vertex 175.26604444311883 -91.64278760968669 2
vertex 175.14278760968642 -91.76604444311909 2
endloop
endfacet
facet normal 0 0 1
outer loop
vertex 196.8572123903138 -91.76604444311909 2
vertex 196.73395555688117 -91.64278760968669 2
vertex 195.5 -91.64278760968669 2
endloop
endfacet
facet normal 0 0 1
outer loop
vertex 196.8572123903138 -91.76604444311909 2
vertex 195.5 -91.64278760968669 2
vertex 195.5 -91.76604444311909 2
endloop
endfacet
facet normal 0 0 1
outer loop
vertex 176.5 -91.64278760968669 2
vertex 176.5 -91.49999999999987 2
vertex 175.3660254037845 -91.49999999999987 2
endloop
endfacet
facet normal 0 0 1
outer loop
vertex 176.5 -91.64278760968669 2
vertex 175.3660254037845 -91.49999999999987 2
vertex 175.26604444311883 -91.64278760968669 2
endloop
endfacet
facet normal 0 0 1
outer loop
vertex 196.73395555688117 -91.64278760968669 2
vertex 196.63397459621532 -91.49999999999987 2
vertex 195.5 -91.49999999999987 2
endloop
endfacet
facet normal 0 0 1
outer loop
vertex 196.73395555688117 -91.64278760968669 2
vertex 195.5 -91.49999999999987 2
vertex 195.5 -91.64278760968669 2
endloop
endfacet
facet normal 0 0 1
outer loop
vertex 176.5 -91.49999999999987 2
vertex 176.5 -91.3420201433256 2
vertex 175.43969262078593 -91.3420201433256 2
endloop
endfacet
facet normal 0 0 1
outer loop
vertex 176.5 -91.49999999999987 2
vertex 175.43969262078593 -91.3420201433256 2
vertex 175.3660254037845 -91.49999999999987 2
endloop
endfacet
facet normal 0 0 1
outer loop
vertex 196.63397459621532 -91.49999999999987 2
vertex 196.56030737921412 -91.3420201433256 2
vertex 195.5 -91.3420201433256 2
endloop
endfacet
facet normal 0 0 1
outer loop
vertex 196.63397459621532 -91.49999999999987 2
vertex 195.5 -91.3420201433256 2
vertex 195.5 -91.49999999999987 2
endloop
endfacet
facet normal 0 0 1
outer loop
vertex 176.5 -91.3420201433256 2
vertex 176.5 -91.17364817766693 2
vertex 175.48480775301218 -91.17364817766693 2
endloop
endfacet
facet normal 0 0 1
outer loop
vertex 176.5 -91.3420201433256 2
vertex 175.48480775301218 -91.17364817766693 2
vertex 175.43969262078593 -91.3420201433256 2
endloop
endfacet
facet normal 0 0 1
outer loop
vertex 196.56030737921412 -91.3420201433256 2
vertex 196.51519224698782 -91.17364817766693 2
vertex 195.5 -91.17364817766693 2
endloop
endfacet
facet normal 0 0 1
outer loop
vertex 196.56030737921412 -91.3420201433256 2
vertex 195.5 -91.17364817766693 2
vertex 195.5 -91.3420201433256 2
endloop
endfacet
facet normal 0 0 1
outer loop
vertex 176.5 -91.17364817766693 2
vertex 176.5 -90.99999999999974 2
vertex 175.5 -90.99999999999974 2
endloop
endfacet
facet normal 0 0 1
outer loop
vertex 176.5 -91.17364817766693 2
vertex 175.5 -90.99999999999974 2
vertex 175.48480775301218 -91.17364817766693 2
endloop
endfacet
facet normal 0 0 1
outer loop
vertex 196.51519224698782 -91.17364817766693 2
vertex 196.5 -90.99999999999974 2
vertex 195.5 -90.99999999999974 2
endloop
endfacet
facet normal 0 0 1
outer loop
vertex 196.51519224698782 -91.17364817766693 2
vertex 195.5 -90.99999999999974 2
vertex 195.5 -91.17364817766693 2
endloop
endfacet
facet normal 0 0 1
outer loop
vertex 176.5 -90.99999999999974 2
vertex 176.5 -88.3875 2
vertex 175.5 -88.3875 2
endloop
endfacet
facet normal 0 0 1
outer loop
vertex 176.5 -90.99999999999974 2
vertex 175.5 -88.3875 2
vertex 175.5 -90.99999999999974 2
endloop
endfacet
facet normal 0 0 1
outer loop
vertex 196.5 -90.99999999999974 2
vertex 196.5 -88.3875 2
vertex 195.5 -88.3875 2
endloop
endfacet
facet normal 0 0 1
outer loop
vertex 196.5 -90.99999999999974 2
vertex 195.5 -88.3875 2
vertex 195.5 -90.99999999999974 2
endloop
endfacet
facet normal 0 0 1
outer loop
vertex 176.5 -88.3875 2
vertex 195.5 -88.3875 2
vertex 196.5 -88.3875 2
endloop
endfacet
facet normal 0 0 1
outer loop
vertex 176.5 -88.3875 2
vertex 196.5 -88.3875 2
vertex 196.5 -88.2375 2
endloop
endfacet
facet normal 0 0 1
outer loop
vertex 176.5 -88.3875 2
vertex 196.5 -88.2375 2
vertex 196.4848077530122 -88.06385182233308 2
endloop
endfacet
facet normal 0 0 1
outer loop
vertex 176.5 -88.3875 2
vertex 196.4848077530122 -88.06385182233308 2
vertex 196.43969262078588 -87.8954798566744 2
endloop
endfacet
facet normal 0 0 1
outer loop
vertex 176.5 -88.3875 2
vertex 196.43969262078588 -87.8954798566744 2
vertex 196.36602540378445 -87.73750000000004 2
endloop
endfacet
facet normal 0 0 1
outer loop
vertex 176.5 -88.3875 2
vertex 196.36602540378445 -87.73750000000004 2
vertex 196.26604444311897 -87.59471239031339 2
endloop
endfacet
facet normal 0 0 1
outer loop
vertex 176.5 -88.3875 2
vertex 196.26604444311897 -87.59471239031339 2
vertex 196.14278760968654 -87.47145555688088 2
endloop
endfacet
facet normal 0 0 1
outer loop
vertex 176.5 -88.3875 2
vertex 196.14278760968654 -87.47145555688088 2
vertex 195.99999999999997 -87.37147459621563 2
endloop
endfacet
facet normal 0 0 1
outer loop
vertex 176.5 -88.3875 2
vertex 195.99999999999997 -87.37147459621563 2
vertex 195.84202014332567 -87.2978073792141 2
endloop
endfacet
facet normal 0 0 1
outer loop
vertex 176.5 -88.3875 2
vertex 195.84202014332567 -87.2978073792141 2
vertex 195.67364817766676 -87.25269224698779 2
endloop
endfacet
facet normal 0 0 1
outer loop
vertex 176.5 -88.3875 2
vertex 195.67364817766676 -87.25269224698779 2
vertex 195.5 -87.2375 2
endloop
endfacet
facet normal 0 0 1
outer loop
vertex 176.5 -88.3875 2
vertex 195.5 -87.2375 2
vertex 176.5 -87.2375 2
endloop
endfacet
facet normal 0 0 1
outer loop
vertex 176.5 -88.3875 2
vertex 176.5 -87.2375 2
vertex 176.32635182233312 -87.25269224698779 2
endloop
endfacet
facet normal 0 0 1
outer loop
vertex 176.5 -88.3875 2
vertex 176.32635182233312 -87.25269224698779 2
vertex 176.1579798566743 -87.2978073792141 2
endloop
endfacet
facet normal 0 0 1
outer loop
vertex 176.5 -88.3875 2
vertex 176.1579798566743 -87.2978073792141 2
vertex 175.99999999999983 -87.37147459621563 2
endloop
endfacet
facet normal 0 0 1
outer loop
vertex 176.5 -88.3875 2
vertex 175.99999999999983 -87.37147459621563 2
vertex 175.8572123903136 -87.47145555688088 2
endloop
endfacet
facet normal 0 0 1
outer loop
vertex 176.5 -88.3875 2
vertex 175.8572123903136 -87.47145555688088 2
vertex 175.73395555688109 -87.59471239031339 2
endloop
endfacet
facet normal 0 0 1
outer loop
vertex 176.5 -88.3875 2
vertex 175.73395555688109 -87.59471239031339 2
vertex 175.63397459621552 -87.73750000000004 2
endloop
endfacet
facet normal 0 0 1
outer loop
vertex 176.5 -88.3875 2
vertex 175.63397459621552 -87.73750000000004 2
vertex 175.56030737921407 -87.8954798566744 2
endloop
endfacet
facet normal 0 0 1
outer loop
vertex 176.5 -88.3875 2
vertex 175.56030737921407 -87.8954798566744 2
vertex 175.5151922469878 -88.06385182233308 2
endloop
endfacet
facet normal 0 0 1
outer loop
vertex 176.5 -88.3875 2
vertex 175.5151922469878 -88.06385182233308 2
vertex 175.5 -88.2375 2
endloop
endfacet
facet normal 0 0 1
outer loop
vertex 176.5 -88.3875 2
vertex 175.5 -88.2375 2
vertex 175.5 -88.3875 2
endloop
endfacet
facet normal 0 -1 0
outer loop
vertex 182.50000000000003 -160 0
vertex 182.50000000000006 -160 2
vertex 140.5 -160 2
endloop
endfacet
facet normal 0 -1 0
outer loop
vertex 182.50000000000003 -160 0
vertex 140.5 -160 2
vertex 140.49999999999983 -160 0
endloop
endfacet
facet normal -0.087155742747683 -0.9961946980917434 0
outer loop
vertex 182.84729635533384 -160.0303844939756 2
vertex 182.50000000000006 -160 2
vertex 182.50000000000003 -160 0
endloop
endfacet
facet normal -0.087155742747683 -0.9961946980917434 0
outer loop
vertex 182.84729635533384 -160.0303844939756 2
vertex 182.50000000000003 -160 0
vertex 182.8472963553339 -160.0303844939756 0
endloop
endfacet
facet normal -0.25881904510251297 -0.9659258262890704 0
outer loop
vertex 183.18404028665137 -160.12061475842822 2
vertex 182.84729635533384 -160.0303844939756 2
vertex 182.8472963553339 -160.0303844939756 0
endloop
endfacet
facet normal -0.25881904510251297 -0.9659258262890704 0
outer loop
vertex 183.18404028665137 -160.12061475842822 2
vertex 182.8472963553339 -160.0303844939756 0
vertex 183.18404028665128 -160.1206147584282 0
endloop
endfacet
facet normal -0.4226182617407234 -0.9063077870366388 0
outer loop
vertex 183.50000000000009 -160.2679491924312 2
vertex 183.18404028665137 -160.12061475842822 2
vertex 183.18404028665128 -160.1206147584282 0
endloop
endfacet
facet normal -0.4226182617407234 -0.9063077870366388 0
outer loop
vertex 183.50000000000009 -160.2679491924312 2
vertex 183.18404028665128 -160.1206147584282 0
vertex 183.5 -160.26794919243116 0
endloop
endfacet
facet normal -0.5735764363510608 -0.8191520442889816 0
outer loop
vertex 183.785575219373 -160.467911113762 2
vertex 183.50000000000009 -160.2679491924312 2
vertex 183.5 -160.26794919243116 0
endloop
endfacet
facet normal -0.5735764363510608 -0.8191520442889816 0
outer loop
vertex 183.785575219373 -160.467911113762 2
vertex 183.5 -160.26794919243116 0
vertex 183.7855752193731 -160.46791111376209 0
endloop
endfacet
facet normal -0.7071067811865476 -0.7071067811865476 0
outer loop
vertex 184.032088886238 -160.714424780627 2
vertex 183.785575219373 -160.467911113762 2
vertex 183.7855752193731 -160.46791111376209 0
endloop
endfacet
facet normal -0.7071067811865476 -0.7071067811865476 0
outer loop
vertex 184.032088886238 -160.714424780627 2
vertex 183.7855752193731 -160.46791111376209 0
vertex 184.03208888623783 -160.7144247806268 0
endloop
endfacet
facet normal -0.8191520442889969 -0.5735764363510389 0
outer loop
vertex 184.23205080756887 -161 2
vertex 184.032088886238 -160.714424780627 2
vertex 184.03208888623783 -160.7144247806268 0
endloop
endfacet
facet normal -0.8191520442889969 -0.5735764363510389 0
outer loop
vertex 184.23205080756887 -161 2
vertex 184.03208888623783 -160.7144247806268 0
vertex 184.23205080756892 -161.00000000000014 0
endloop
endfacet
facet normal 0 0 -1
outer loop
vertex 184.3793852415718 -161.31595971334863 2
vertex 184.3468814465586 -161.2462551 2
vertex 184.23205080756887 -161 2
endloop
endfacet
facet normal 0 0 -1
outer loop
vertex 184.3793852415718 -161.31595971334863 2
vertex 184.23205080756887 -161 2
vertex 184.23205080756892 -161.00000000000014 0
endloop
endfacet
facet normal 0 0 -1
outer loop
vertex 184.3793852415718 -161.31595971334863 2
vertex 184.23205080756892 -161.00000000000014 0
vertex 184.3468814465586 -161.2462551 0
endloop
endfacet
facet normal 0 0 -1
outer loop
vertex 184.3793852415718 -161.31595971334863 2
vertex 184.3468814465586 -161.2462551 0
vertex 184.37938524157178 -161.3159597133486 0
endloop
endfacet
facet normal -0.965925826289063 -0.25881904510254033 0
outer loop
vertex 184.4696155060244 -161.6527036446661 2
vertex 184.3793852415718 -161.31595971334863 2
vertex 184.37938524157178 -161.3159597133486 0
endloop
endfacet
facet normal -0.965925826289063 -0.25881904510254033 0
outer loop
vertex 184.4696155060244 -161.6527036446661 2
vertex 184.37938524157178 -161.3159597133486 0
vertex 184.4696155060244 -161.6527036446662 0
endloop
endfacet
facet normal -0.9961946980917433 -0.08715574274768298 0
outer loop
vertex 184.5 -161.99999999999997 2
vertex 184.4696155060244 -161.6527036446661 2
vertex 184.4696155060244 -161.6527036446662 0
endloop
endfacet
facet normal -0.9961946980917433 -0.08715574274768298 0
outer loop
vertex 184.5 -161.99999999999997 2
vertex 184.4696155060244 -161.6527036446662 0
vertex 184.5 -162.00000000000006 0
endloop
endfacet
facet normal -1 0 0
outer loop
vertex 184.5 -162.02993250000003 2
vertex 184.5 -161.99999999999997 2
vertex 184.5 -162.00000000000006 0
endloop
endfacet
facet normal -1 0 0
outer loop
vertex 184.5 -162.02993250000003 2
vertex 184.5 -162.00000000000006 0
vertex 184.5 -162.02993250000003 0
endloop
endfacet
facet normal -1 0 0
outer loop
vertex 184.5 -162.02993250000003 2
vertex 184.5 -162.02993250000003 0
vertex 184.5 -165.9550000000003 0
endloop
endfacet
facet normal -1 0 0
outer loop
vertex 184.5 -162.02993250000003 2
vertex 184.5 -165.9550000000003 0
vertex 184.5 -165.95500000000027 2
endloop
endfacet
facet normal -0.9961946980917434 -0.087155742747683 0
outer loop
vertex 184.51519224698777 -166.12864817766686 2
vertex 184.5 -165.95500000000027 2
vertex 184.5 -165.9550000000003 0
endloop
endfacet
facet normal -0.9961946980917434 -0.087155742747683 0
outer loop
vertex 184.51519224698777 -166.12864817766686 2
vertex 184.5 -165.9550000000003 0
vertex 184.51519224698777 -166.1286481776668 0
endloop
endfacet
facet normal -0.965925826289063 -0.25881904510254033 0
outer loop
vertex 184.5603073792141 -166.29702014332568 2
vertex 184.51519224698777 -166.12864817766686 2
vertex 184.51519224698777 -166.1286481776668 0
endloop
endfacet
facet normal -0.965925826289063 -0.25881904510254033 0
outer loop
vertex 184.5603073792141 -166.29702014332568 2
vertex 184.51519224698777 -166.1286481776668 0
vertex 184.5603073792141 -166.29702014332568 0
endloop
endfacet
facet normal -0.9063077870366791 -0.42261826174063705 0
outer loop
vertex 184.63397459621552 -166.45499999999998 2
vertex 184.5603073792141 -166.29702014332568 2
vertex 184.5603073792141 -166.29702014332568 0
endloop
endfacet
facet normal -0.9063077870366791 -0.42261826174063705 0
outer loop
vertex 184.63397459621552 -166.45499999999998 2
vertex 184.5603073792141 -166.29702014332568 0
vertex 184.63397459621552 -166.45499999999996 0
endloop
endfacet
facet normal -0.8191520442889617 -0.5735764363510889 0
outer loop
vertex 184.73395555688094 -166.59778760968646 2
vertex 184.63397459621552 -166.45499999999998 2
vertex 184.63397459621552 -166.45499999999996 0
endloop
endfacet
facet normal -0.8191520442889617 -0.5735764363510889 0
outer loop
vertex 184.73395555688094 -166.59778760968646 2
vertex 184.63397459621552 -166.45499999999996 0
vertex 184.73395555688109 -166.5977876096866 0
endloop
endfacet
facet normal -0.7071067811865618 -0.7071067811865334 0
outer loop
vertex 184.8572123903135 -166.721044443119 2
vertex 184.73395555688094 -166.59778760968646 2
vertex 184.73395555688109 -166.5977876096866 0
endloop
endfacet
facet normal -0.7071067811865618 -0.7071067811865334 0
outer loop
vertex 184.8572123903135 -166.721044443119 2
vertex 184.73395555688109 -166.5977876096866 0
vertex 184.85721239031346 -166.72104444311898 0
endloop
endfacet
facet normal -0.5735764363510931 -0.819152044288959 0
outer loop
vertex 185.00000000000017 -166.82102540378455 2
vertex 184.8572123903135 -166.721044443119 2
vertex 184.85721239031346 -166.72104444311898 0
endloop
endfacet
facet normal -0.5735764363510931 -0.819152044288959 0
outer loop
vertex 185.00000000000017 -166.82102540378455 2
vertex 184.85721239031346 -166.72104444311898 0
vertex 185.00000000000014 -166.82102540378455 0
endloop
endfacet
facet normal -0.42261826174063843 -0.9063077870366785 0
outer loop
vertex 185.1579798566742 -166.89469262078586 2
vertex 185.00000000000017 -166.82102540378455 2
vertex 185.00000000000014 -166.82102540378455 0
endloop
endfacet
facet normal -0.42261826174063843 -0.9063077870366785 0
outer loop
vertex 185.1579798566742 -166.89469262078586 2
vertex 185.00000000000014 -166.82102540378455 0
vertex 185.15797985667425 -166.8946926207859 0
endloop
endfacet
facet normal -0.2588190451025263 -0.965925826289067 0
outer loop
vertex 185.32635182233304 -166.9398077530122 2
vertex 185.1579798566742 -166.89469262078586 2
vertex 185.15797985667425 -166.8946926207859 0
endloop
endfacet
facet normal -0.2588190451025263 -0.965925826289067 0
outer loop
vertex 185.32635182233304 -166.9398077530122 2
vertex 185.15797985667425 -166.8946926207859 0
vertex 185.3263518223331 -166.93980775301222 0
endloop
endfacet
facet normal -0.087155742747683 -0.9961946980917433 0
outer loop
vertex 185.5000000000003 -166.955 2
vertex 185.32635182233304 -166.9398077530122 2
vertex 185.3263518223331 -166.93980775301222 0
endloop
endfacet
facet normal -0.087155742747683 -0.9961946980917433 0
outer loop
vertex 185.5000000000003 -166.955 2
vertex 185.3263518223331 -166.93980775301222 0
vertex 185.5000000000001 -166.955 0
endloop
endfacet
facet normal 0 -1 0
outer loop
vertex 203.80420279999973 -166.955 0
vertex 203.80420279999987 -166.955 2
vertex 185.5000000000003 -166.955 2
endloop
endfacet
facet normal 0 -1 0
outer loop
vertex 203.80420279999973 -166.955 0
vertex 185.5000000000003 -166.955 2
vertex 185.5000000000001 -166.955 0
endloop
endfacet
facet normal -0.043623339193857205 -0.9990480490334676 0
outer loop
vertex 203.89135704512648 -166.95880558192474 2
vertex 203.80420279999987 -166.955 2
vertex 203.80420279999973 -166.955 0
endloop
endfacet
facet normal -0.043623339193857205 -0.9990480490334676 0
outer loop
vertex 203.89135704512648 -166.95880558192474 2
vertex 203.80420279999973 -166.955 0
vertex 203.89135704512674 -166.95880558192476 0
endloop
endfacet
facet normal -0.13047234898880342 -0.9914519484822973 0
outer loop
vertex 203.97784979762454 -166.97018779021653 2
vertex 203.89135704512648 -166.95880558192474 2
vertex 203.89135704512674 -166.95880558192476 0
endloop
endfacet
facet normal -0.13047234898880342 -0.9914519484822973 0
outer loop
vertex 203.97784979762454 -166.97018779021653 2
vertex 203.89135704512674 -166.95880558192476 0
vertex 203.97784979762494 -166.9701877902166 0
endloop
endfacet
facet normal -0.21638629689834923 -0.9763078256956765 0
outer loop
vertex 204.06302140000037 -166.9890650000001 2
vertex 203.97784979762454 -166.97018779021653 2
vertex 203.97784979762494 -166.9701877902166 0
endloop
endfacet
facet normal -0.21638629689834923 -0.9763078256956765 0
outer loop
vertex 204.06302140000037 -166.9890650000001 2
vertex 203.97784979762494 -166.9701877902166 0
vertex 204.0630213999999 -166.98906499999998 0
endloop
endfacet
facet normal -0.2588195424072528 -0.9659256930365298 0
outer loop
vertex 220.56587909999936 -171.41100149999983 2
vertex 204.06302140000037 -166.9890650000001 2
vertex 204.0630213999999 -166.98906499999998 0
endloop
endfacet
facet normal -0.2588195424072528 -0.9659256930365298 0
outer loop
vertex 220.56587909999936 -171.41100149999983 2
vertex 204.0630213999999 -166.98906499999998 0
vertex 220.56587909999965 -171.4110014999999 0
endloop
endfacet
facet normal -0.30069674411834 -0.9537198058531812 0
outer loop
vertex 220.64908030711536 -171.43723387132414 2
vertex 220.56587909999936 -171.41100149999983 2
vertex 220.56587909999965 -171.4110014999999 0
endloop
endfacet
facet normal -0.30069674411834 -0.9537198058531812 0
outer loop
vertex 220.64908030711536 -171.43723387132414 2
vertex 220.56587909999965 -171.4110014999999 0
vertex 220.64908030711527 -171.4372338713241 0
endloop
endfacet
facet normal -0.3826833441715677 -0.9238795690422348 0
outer loop
vertex 220.72967810477357 -171.47061856319763 2
vertex 220.64908030711536 -171.43723387132414 2
vertex 220.64908030711527 -171.4372338713241 0
endloop
endfacet
facet normal -0.3826833441715677 -0.9238795690422348 0
outer loop
vertex 220.72967810477357 -171.47061856319763 2
vertex 220.64908030711527 -171.4372338713241 0
vertex 220.72967810477363 -171.47061856319766 0
endloop
endfacet
facet normal -0.46174821724878307 -0.8870110393155041 0
outer loop
vertex 220.8070595499999 -171.5109007499999 2
vertex 220.72967810477357 -171.47061856319763 2
vertex 220.72967810477363 -171.47061856319766 0
endloop
endfacet
facet normal -0.46174821724878307 -0.8870110393155041 0
outer loop
vertex 220.8070595499999 -171.5109007499999 2
vertex 220.72967810477363 -171.47061856319766 0
vertex 220.8070595499999 -171.51090074999993 0
endloop
endfacet
facet normal 0 0 1
outer loop
vertex 237.115022 -180.9263081 2
vertex 220.84002350501768 -171.5299325 2
vertex 220.8070595499999 -171.5109007499999 2
endloop
endfacet
facet normal 0 0 1
outer loop
vertex 237.115022 -180.9263081 2
vertex 220.8070595499999 -171.5109007499999 2
vertex 220.8070595499999 -171.51090074999993 0
endloop
endfacet
facet normal 0 0 1
outer loop
vertex 237.115022 -180.9263081 2
vertex 220.8070595499999 -171.51090074999993 0
vertex 220.8400235050177 -171.52993250000003 0
endloop
endfacet
facet normal 0 0 1
outer loop
vertex 237.115022 -180.9263081 2
vertex 220.8400235050177 -171.52993250000003 0
vertex 237.11502200000012 -180.92630810000003 0
endloop
endfacet
facet normal -0.42258906649524847 -0.9063214004307051 0
outer loop
vertex 237.273005025141 -180.99997137999947 2
vertex 237.115022 -180.9263081 2
vertex 237.11502200000012 -180.92630810000003 0
endloop
endfacet
facet normal -0.42258906649524847 -0.9063214004307051 0
outer loop
vertex 237.273005025141 -180.99997137999947 2
vertex 237.11502200000012 -180.92630810000003 0
vertex 237.27300502514106 -180.99997137999955 0
endloop
endfacet
facet normal -0.25881864138244814 -0.9659259344654453 0
outer loop
vertex 237.44137600895863 -181.04508539256705 2
vertex 237.273005025141 -180.99997137999947 2
vertex 237.27300502514106 -180.99997137999955 0
endloop
endfacet
facet normal -0.25881864138244814 -0.9659259344654453 0
outer loop
vertex 237.44137600895863 -181.04508539256705 2
vertex 237.27300502514106 -180.99997137999955 0
vertex 237.44137600895866 -181.04508578916722 0
endloop
endfacet
facet normal -0.08715636237445784 -0.9961946438812308 0
outer loop
vertex 237.61502314511998 -181.06027765726904 2
vertex 237.44137600895863 -181.04508539256705 2
vertex 237.44137600895866 -181.04508578916722 0
endloop
endfacet
facet normal -0.08715636237445784 -0.9961946438812308 0
outer loop
vertex 237.61502314511998 -181.06027765726904 2
vertex 237.44137600895866 -181.04508578916722 0
vertex 237.61502314512023 -181.06027765726904 0
endloop
endfacet
facet normal 0.08715408712245677 -0.9961948429387955 0
outer loop
vertex 237.78867031597952 -181.04508539256705 2
vertex 237.61502314511998 -181.06027765726904 2
vertex 237.61502314512023 -181.06027765726904 0
endloop
endfacet
facet normal 0.08715408712245677 -0.9961948429387955 0
outer loop
vertex 237.78867031597952 -181.04508539256705 2
vertex 237.61502314512023 -181.06027765726904 0
vertex 237.78867031597943 -181.04508578916722 0
endloop
endfacet
facet normal 0.2588164352618768 -0.9659265255899824 0
outer loop
vertex 237.9570414028362 -180.99997137999947 2
vertex 237.78867031597952 -181.04508539256705 2
vertex 237.78867031597943 -181.04508578916722 0
endloop
endfacet
facet normal 0.2588164352618768 -0.9659265255899824 0
outer loop
vertex 237.9570414028362 -180.99997137999947 2
vertex 237.78867031597943 -181.04508578916722 0
vertex 237.95704140283596 -180.99997137999955 0
endloop
endfacet
facet normal 0.4226148704605388 -0.9063093684088354 0
outer loop
vertex 238.11502059622717 -180.92630519196524 2
vertex 237.9570414028362 -180.99997137999947 2
vertex 237.95704140283596 -180.99997137999955 0
endloop
endfacet
facet normal 0.4226148704605388 -0.9063093684088354 0
outer loop
vertex 238.11502059622717 -180.92630519196524 2
vertex 237.95704140283596 -180.99997137999955 0
vertex 238.11502059622748 -180.92630519196507 0
endloop
endfacet
facet normal 0.5735725193101469 -0.8191547870165999 0
outer loop
vertex 238.2578078353595 -180.8263255083053 2
vertex 238.11502059622717 -180.92630519196524 2
vertex 238.11502059622748 -180.92630519196507 0
endloop
endfacet
facet normal 0.5735725193101469 -0.8191547870165999 0
outer loop
vertex 238.2578078353595 -180.8263255083053 2
vertex 238.11502059622748 -180.92630519196507 0
vertex 238.25780783535933 -180.82632550830542 0
endloop
endfacet
facet normal 0.7071026645604714 -0.7071108977886578 0
outer loop
vertex 238.3810646537972 -180.7030701250052 2
vertex 238.2578078353595 -180.8263255083053 2
vertex 238.25780783535933 -180.82632550830542 0
endloop
endfacet
facet normal 0.7071026645604714 -0.7071108977886578 0
outer loop
vertex 238.3810646537972 -180.7030701250052 2
vertex 238.25780783535933 -180.82632550830542 0
vertex 238.381064653797 -180.7030701250055 0
endloop
endfacet
facet normal 0.8191481085447322 -0.5735820571353218 0
outer loop
vertex 238.48104600000048 -180.56028404999924 2
vertex 238.3810646537972 -180.7030701250052 2
vertex 238.381064653797 -180.7030701250055 0
endloop
endfacet
facet normal 0.8191481085447322 -0.5735820571353218 0
outer loop
vertex 238.48104600000048 -180.56028404999924 2
vertex 238.381064653797 -180.7030701250055 0
vertex 238.48104600000008 -180.56028404999986 0
endloop
endfacet
facet normal 0 0 -1
outer loop
vertex 247.95957190000087 -164.14299669999852 2
vertex 247.6947224923252 -164.60172930000002 2
vertex 243.6947222443145 -171.5299325 2
endloop
endfacet
facet normal 0 0 -1
outer loop
vertex 247.95957190000087 -164.14299669999852 2
vertex 243.6947222443145 -171.5299325 2
vertex 238.48104600000048 -180.56028404999924 2
endloop
endfacet
facet normal 0 0 -1
outer loop
vertex 247.95957190000087 -164.14299669999852 2
vertex 238.48104600000048 -180.56028404999924 2
vertex 238.48104600000008 -180.56028404999986 0
endloop
endfacet
facet normal 0 0 -1
outer loop
vertex 247.95957190000087 -164.14299669999852 2
vertex 238.48104600000008 -180.56028404999986 0
vertex 243.6947222443145 -171.52993250000003 0
endloop
endfacet
facet normal 0 0 -1
outer loop
vertex 247.95957190000087 -164.14299669999852 2
vertex 243.6947222443145 -171.52993250000003 0
vertex 247.6947224923252 -164.6017293 0
endloop
endfacet
facet normal 0 0 -1
outer loop
vertex 247.95957190000087 -164.14299669999852 2
vertex 247.6947224923252 -164.6017293 0
vertex 247.95957189999993 -164.14299670000014 0
endloop
endfacet
facet normal 0.8606062656399692 -0.5092709058460209 0
outer loop
vertex 247.98144171296832 -164.1060393599029 2
vertex 247.95957190000087 -164.14299669999852 2
vertex 247.95957189999993 -164.14299670000014 0
endloop
endfacet
facet normal 0.8606062656399692 -0.5092709058460209 0
outer loop
vertex 247.98144171296832 -164.1060393599029 2
vertex 247.95957189999993 -164.14299670000014 0
vertex 247.9814417129683 -164.10603935990295 0
endloop
endfacet
facet normal 0.8495269202318484 -0.527545269907134 0
outer loop
vertex 248.00409594999925 -164.06955835000116 2
vertex 247.98144171296832 -164.1060393599029 2
vertex 247.9814417129683 -164.10603935990295 0
endloop
endfacet
facet normal 0.8495269202318484 -0.527545269907134 0
outer loop
vertex 248.00409594999925 -164.06955835000116 2
vertex 247.9814417129683 -164.10603935990295 0
vertex 248.00409595000104 -164.06955834999832 0
endloop
endfacet
facet normal 0 0 -1
outer loop
vertex 254.18752379999978 -154.34873690000032 2
vertex 254.17395453836914 -154.37006881697576 2
vertex 253.98780870646212 -154.66270429999994 2
endloop
endfacet
facet normal 0 0 -1
outer loop
vertex 254.18752379999978 -154.34873690000032 2
vertex 253.98780870646212 -154.66270429999994 2
vertex 253.801662874555 -154.95533978302424 2
endloop
endfacet
facet normal 0 0 -1
outer loop
vertex 254.18752379999978 -154.34873690000032 2
vertex 253.801662874555 -154.95533978302424 2
vertex 253.6226705225765 -155.23672944854746 2
endloop
endfacet
facet normal 0 0 -1
outer loop
vertex 254.18752379999978 -154.34873690000032 2
vertex 253.6226705225765 -155.23672944854746 2
vertex 253.4577102262325 -155.4960596495296 2
endloop
endfacet
facet normal 0 0 -1
outer loop
vertex 254.18752379999978 -154.34873690000032 2
vertex 253.4577102262325 -155.4960596495296 2
vertex 253.31312131720145 -155.7233644717798 2
endloop
endfacet
facet normal 0 0 -1
outer loop
vertex 254.18752379999978 -154.34873690000032 2
vertex 253.31312131720145 -155.7233644717798 2
vertex 253.1944602661705 -155.90990871845383 2
endloop
endfacet
facet normal 0 0 -1
outer loop
vertex 254.18752379999978 -154.34873690000032 2
vertex 253.1944602661705 -155.90990871845383 2
vertex 253.10628715078502 -156.0485235987669 2
endloop
endfacet
facet normal 0 0 -1
outer loop
vertex 254.18752379999978 -154.34873690000032 2
vertex 253.10628715078502 -156.0485235987669 2
vertex 253.0519904144212 -156.13388222060487 2
endloop
endfacet
facet normal 0 0 -1
outer loop
vertex 254.18752379999978 -154.34873690000032 2
vertex 253.0519904144212 -156.13388222060487 2
vertex 253.03365665020758 -156.16270430000003 2
endloop
endfacet
facet normal 0 0 -1
outer loop
vertex 254.18752379999978 -154.34873690000032 2
vertex 253.03365665020758 -156.16270430000003 2
vertex 248.00409594999925 -164.06955835000116 2
endloop
endfacet
facet normal 0 0 -1
outer loop
vertex 254.18752379999978 -154.34873690000032 2
vertex 248.00409594999925 -164.06955835000116 2
vertex 248.00409595000104 -164.06955834999832 0
endloop
endfacet
facet normal 0 0 -1
outer loop
vertex 254.18752379999978 -154.34873690000032 2
vertex 248.00409595000104 -164.06955834999832 0
vertex 253.0336566502076 -156.1627043 0
endloop
endfacet
facet normal 0 0 -1
outer loop
vertex 254.18752379999978 -154.34873690000032 2
vertex 253.0336566502076 -156.1627043 0
vertex 253.0519904144212 -156.13388222060485 0
endloop
endfacet
facet normal 0 0 -1
outer loop
vertex 254.18752379999978 -154.34873690000032 2
vertex 253.0519904144212 -156.13388222060485 0
vertex 253.106287150785 -156.04852359876696 0
endloop
endfacet
facet normal 0 0 -1
outer loop
vertex 254.18752379999978 -154.34873690000032 2
vertex 253.106287150785 -156.04852359876696 0
vertex 253.19446026617052 -155.90990871845378 0
endloop
endfacet
facet normal 0 0 -1
outer loop
vertex 254.18752379999978 -154.34873690000032 2
vertex 253.19446026617052 -155.90990871845378 0
vertex 253.31312131720145 -155.7233644717798 0
endloop
endfacet
facet normal 0 0 -1
outer loop
vertex 254.18752379999978 -154.34873690000032 2
vertex 253.31312131720145 -155.7233644717798 0
vertex 253.45771022623268 -155.49605964952934 0
endloop
endfacet
facet normal 0 0 -1
outer loop
vertex 254.18752379999978 -154.34873690000032 2
vertex 253.45771022623268 -155.49605964952934 0
vertex 253.62267052257644 -155.23672944854758 0
endloop
endfacet
facet normal 0 0 -1
outer loop
vertex 254.18752379999978 -154.34873690000032 2
vertex 253.62267052257644 -155.23672944854758 0
vertex 253.80166287455492 -154.95533978302436 0
endloop
endfacet
facet normal 0 0 -1
outer loop
vertex 254.18752379999978 -154.34873690000032 2
vertex 253.80166287455492 -154.95533978302436 0
vertex 253.98780870646206 -154.66270430000003 0
endloop
endfacet
facet normal 0 0 -1
outer loop
vertex 254.18752379999978 -154.34873690000032 2
vertex 253.98780870646206 -154.66270430000003 0
vertex 254.17395453836912 -154.3700688169758 0
endloop
endfacet
facet normal 0 0 -1
outer loop
vertex 254.18752379999978 -154.34873690000032 2
vertex 254.17395453836912 -154.3700688169758 0
vertex 254.18752379999998 -154.3487369 0
endloop
endfacet
facet normal 0.8796244284287327 -0.47566886056523117 0
outer loop
vertex 254.32215403931255 -154.09977368814745 2
vertex 254.18752379999978 -154.34873690000032 2
vertex 254.18752379999998 -154.3487369 0
endloop
endfacet
facet normal 0.8796244284287327 -0.47566886056523117 0
outer loop
vertex 254.32215403931255 -154.09977368814745 2
vertex 254.18752379999998 -154.3487369 0
vertex 254.32215403931238 -154.0997736881478 0
endloop
endfacet
facet normal 0 0 1
outer loop
vertex 254.42029336121104 -153.83429687357207 2
vertex 254.3262553779164 -154.08867915145225 2
vertex 254.32215403931255 -154.09977368814745 2
endloop
endfacet
facet normal 0 0 1
outer loop
vertex 254.42029336121104 -153.83429687357207 2
vertex 254.32215403931255 -154.09977368814745 2
vertex 254.32215403931238 -154.0997736881478 0
endloop
endfacet
facet normal 0 0 1
outer loop
vertex 254.42029336121104 -153.83429687357207 2
vertex 254.32215403931238 -154.0997736881478 0
vertex 254.32625537791634 -154.08867915145228 0
endloop
endfacet
facet normal 0 0 1
outer loop
vertex 254.42029336121104 -153.83429687357207 2
vertex 254.32625537791634 -154.08867915145228 0
vertex 254.42029336121104 -153.83429687357196 0
endloop
endfacet
facet normal 0 0 -1
outer loop
vertex 254.4799743984454 -153.55762479443402 2
vertex 254.4703926874109 -153.60204412822011 2
vertex 254.42136067954604 -153.8293489504706 2
endloop
endfacet
facet normal 0 0 -1
outer loop
vertex 254.4799743984454 -153.55762479443402 2
vertex 254.42136067954604 -153.8293489504706 2
vertex 254.42029336121104 -153.83429687357207 2
endloop
endfacet
facet normal 0 0 -1
outer loop
vertex 254.4799743984454 -153.55762479443402 2
vertex 254.42029336121104 -153.83429687357207 2
vertex 254.42029336121104 -153.83429687357196 0
endloop
endfacet
facet normal 0 0 -1
outer loop
vertex 254.4799743984454 -153.55762479443402 2
vertex 254.42029336121104 -153.83429687357196 0
vertex 254.42136067954598 -153.82934895047086 0
endloop
endfacet
facet normal 0 0 -1
outer loop
vertex 254.4799743984454 -153.55762479443402 2
vertex 254.42136067954598 -153.82934895047086 0
vertex 254.4703926874109 -153.60204412822 0
endloop
endfacet
facet normal 0 0 -1
outer loop
vertex 254.4799743984454 -153.55762479443402 2
vertex 254.4703926874109 -153.60204412822 0
vertex 254.4799743984454 -153.5576247944339 0
endloop
endfacet
facet normal 0 0 1
outer loop
vertex 254.5000019 -153.27529844999987 2
vertex 254.49988935415396 -153.2768850012331 2
vertex 254.49005637262147 -153.41549988154617 2
endloop
endfacet
facet normal 0 0 1
outer loop
vertex 254.5000019 -153.27529844999987 2
vertex 254.49005637262147 -153.41549988154617 2
vertex 254.4799743984454 -153.55762479443402 2
endloop
endfacet
facet normal 0 0 1
outer loop
vertex 254.5000019 -153.27529844999987 2
vertex 254.4799743984454 -153.55762479443402 2
vertex 254.4799743984454 -153.5576247944339 0
endloop
endfacet
facet normal 0 0 1
outer loop
vertex 254.5000019 -153.27529844999987 2
vertex 254.4799743984454 -153.5576247944339 0
vertex 254.49005637262144 -153.4154998815463 0
endloop
endfacet
facet normal 0 0 1
outer loop
vertex 254.5000019 -153.27529844999987 2
vertex 254.49005637262144 -153.4154998815463 0
vertex 254.49988935415396 -153.27688500123304 0
endloop
endfacet
facet normal 0 0 1
outer loop
vertex 254.5000019 -153.27529844999987 2
vertex 254.49988935415396 -153.27688500123304 0
vertex 254.5000019 -153.27529844999984 0
endloop
endfacet
facet normal 0 0 1
outer loop
vertex 254.5 -105.85749999999985 2
vertex 254.50000017199767 -110.15 2
vertex 254.50000024046062 -111.85861164732646 2
endloop
endfacet
facet normal 0 0 1
outer loop
vertex 254.5 -105.85749999999985 2
vertex 254.50000024046062 -111.85861164732646 2
vertex 254.50000024106237 -111.87362978555247 2
endloop
endfacet
facet normal 0 0 1
outer loop
vertex 254.5 -105.85749999999985 2
vertex 254.50000024106237 -111.87362978555247 2
vertex 254.50000024369893 -111.93942982082106 2
endloop
endfacet
facet normal 0 0 1
outer loop
vertex 254.5 -105.85749999999985 2
vertex 254.50000024369893 -111.93942982082106 2
vertex 254.5000002482801 -112.05375990661697 2
endloop
endfacet
facet normal 0 0 1
outer loop
vertex 254.5 -105.85749999999985 2
vertex 254.5000002482801 -112.05375990661697 2
vertex 254.500000254649 -112.21270737322487 2
endloop
endfacet
facet normal 0 0 1
outer loop
vertex 254.5 -105.85749999999985 2
vertex 254.500000254649 -112.21270737322487 2
vertex 254.50000026258775 -112.41083262935364 2
endloop
endfacet
facet normal 0 0 1
outer loop
vertex 254.5 -105.85749999999985 2
vertex 254.50000026258775 -112.41083262935364 2
vertex 254.50000027182463 -112.64135531894817 2
endloop
endfacet
facet normal 0 0 1
outer loop
vertex 254.5 -105.85749999999985 2
vertex 254.50000027182463 -112.64135531894817 2
vertex 254.50000028204357 -112.89638636241868 2
endloop
endfacet
facet normal 0 0 1
outer loop
vertex 254.5 -105.85749999999985 2
vertex 254.50000028204357 -112.89638636241868 2
vertex 254.5000002928948 -113.1671979412447 2
endloop
endfacet
facet normal 0 0 1
outer loop
vertex 254.5 -105.85749999999985 2
vertex 254.5000002928948 -113.1671979412447 2
vertex 254.50000030400702 -113.44452218637979 2
endloop
endfacet
facet normal 0 0 1
outer loop
vertex 254.5 -105.85749999999985 2
vertex 254.50000030400702 -113.44452218637979 2
vertex 254.50000031499988 -113.71886834858081 2
endloop
endfacet
facet normal 0 0 1
outer loop
vertex 254.5 -105.85749999999985 2
vertex 254.50000031499988 -113.71886834858081 2
vertex 254.5000003254972 -113.98084759626421 2
endloop
endfacet
facet normal 0 0 1
outer loop
vertex 254.5 -105.85749999999985 2
vertex 254.5000003254972 -113.98084759626421 2
vertex 254.50000033513976 -114.22149432548325 2
endloop
endfacet
facet normal 0 0 1
outer loop
vertex 254.5 -105.85749999999985 2
vertex 254.50000033513976 -114.22149432548325 2
vertex 254.50000034359755 -114.43257298596153 2
endloop
endfacet
facet normal 0 0 1
outer loop
vertex 254.5 -105.85749999999985 2
vertex 254.50000034359755 -114.43257298596153 2
vertex 254.5000003505811 -114.60685992281714 2
endloop
endfacet
facet normal 0 0 1
outer loop
vertex 254.5 -105.85749999999985 2
vertex 254.5000003505811 -114.60685992281714 2
vertex 254.50000035585145 -114.73839058861815 2
endloop
endfacet
facet normal 0 0 1
outer loop
vertex 254.5 -105.85749999999985 2
vertex 254.50000035585145 -114.73839058861815 2
vertex 254.5000003592282 -114.82266366554244 2
endloop
endfacet
facet normal 0 0 1
outer loop
vertex 254.5 -105.85749999999985 2
vertex 254.5000003592282 -114.82266366554244 2
vertex 254.50000036059586 -114.85679511205714 2
endloop
endfacet
facet normal 0 0 1
outer loop
vertex 254.5 -105.85749999999985 2
vertex 254.50000036059586 -114.85679511205714 2
vertex 254.50000060705054 -121.0075 2
endloop
endfacet
facet normal 0 0 1
outer loop
vertex 254.5 -105.85749999999985 2
vertex 254.50000060705054 -121.0075 2
vertex 254.50000066234622 -122.3875 2
endloop
endfacet
facet normal 0 0 1
outer loop
vertex 254.5 -105.85749999999985 2
vertex 254.50000066234622 -122.3875 2
vertex 254.50000085317646 -127.15 2
endloop
endfacet
facet normal 0 0 1
outer loop
vertex 254.5 -105.85749999999985 2
vertex 254.50000085317646 -127.15 2
vertex 254.50000096767462 -130.0075 2
endloop
endfacet
facet normal 0 0 1
outer loop
vertex 254.5 -105.85749999999985 2
vertex 254.50000096767462 -130.0075 2
vertex 254.50000128822936 -138.0075 2
endloop
endfacet
facet normal 0 0 1
outer loop
vertex 254.5 -105.85749999999985 2
vertex 254.50000128822936 -138.0075 2
vertex 254.50000141414728 -141.15 2
endloop
endfacet
facet normal 0 0 1
outer loop
vertex 254.5 -105.85749999999985 2
vertex 254.50000141414728 -141.15 2
vertex 254.50000169282953 -148.105 2
endloop
endfacet
facet normal 0 0 1
outer loop
vertex 254.5 -105.85749999999985 2
vertex 254.50000169282953 -148.105 2
vertex 254.50000171271543 -148.6012867 2
endloop
endfacet
facet normal 0 0 1
outer loop
vertex 254.5 -105.85749999999985 2
vertex 254.50000171271543 -148.6012867 2
vertex 254.50000189548842 -153.1627043 2
endloop
endfacet
facet normal 0 0 1
outer loop
vertex 254.5 -105.85749999999985 2
vertex 254.50000189548842 -153.1627043 2
vertex 254.5000018966433 -153.19152637939516 2
endloop
endfacet
facet normal 0 0 1
outer loop
vertex 254.5 -105.85749999999985 2
vertex 254.5000018966433 -153.19152637939516 2
vertex 254.5000019 -153.27529844999987 2
endloop
endfacet
facet normal 0 0 1
outer loop
vertex 254.5 -105.85749999999985 2
vertex 254.5000019 -153.27529844999987 2
vertex 254.5000019 -153.27529844999984 0
endloop
endfacet
facet normal 0 0 1
outer loop
vertex 254.5 -105.85749999999985 2
vertex 254.5000019 -153.27529844999984 0
vertex 254.5000018966433 -153.19152637939516 0
endloop
endfacet
facet normal 0 0 1
outer loop
vertex 254.5 -105.85749999999985 2
vertex 254.5000018966433 -153.19152637939516 0
vertex 254.50000189548842 -153.1627043 0
endloop
endfacet
facet normal 0 0 1
outer loop
vertex 254.5 -105.85749999999985 2
vertex 254.50000189548842 -153.1627043 0
vertex 254.50000171271543 -148.6012867 0
endloop
endfacet
facet normal 0 0 1
outer loop
vertex 254.5 -105.85749999999985 2
vertex 254.50000171271543 -148.6012867 0
vertex 254.50000169282953 -148.105 0
endloop
endfacet
facet normal 0 0 1
outer loop
vertex 254.5 -105.85749999999985 2
vertex 254.50000169282953 -148.105 0
vertex 254.50000141414728 -141.15 0
endloop
endfacet
facet normal 0 0 1
outer loop
vertex 254.5 -105.85749999999985 2
vertex 254.50000141414728 -141.15 0
vertex 254.50000128822936 -138.0075 0
endloop
endfacet
facet normal 0 0 1
outer loop
vertex 254.5 -105.85749999999985 2
vertex 254.50000128822936 -138.0075 0
vertex 254.50000096767462 -130.0075 0
endloop
endfacet
facet normal 0 0 1
outer loop
vertex 254.5 -105.85749999999985 2
vertex 254.50000096767462 -130.0075 0
vertex 254.50000085317646 -127.15 0
endloop
endfacet
facet normal 0 0 1
outer loop
vertex 254.5 -105.85749999999985 2
vertex 254.50000085317646 -127.15 0
vertex 254.50000066234622 -122.3875 0
endloop
endfacet
facet normal 0 0 1
outer loop
vertex 254.5 -105.85749999999985 2
vertex 254.50000066234622 -122.3875 0
vertex 254.50000060705054 -121.0075 0
endloop
endfacet
facet normal 0 0 1
outer loop
vertex 254.5 -105.85749999999985 2
vertex 254.50000060705054 -121.0075 0
vertex 254.50000036059586 -114.85679511205714 0
endloop
endfacet
facet normal 0 0 1
outer loop
vertex 254.5 -105.85749999999985 2
vertex 254.50000036059586 -114.85679511205714 0
vertex 254.5000003592282 -114.82266366554244 0
endloop
endfacet
facet normal 0 0 1
outer loop
vertex 254.5 -105.85749999999985 2
vertex 254.5000003592282 -114.82266366554244 0
vertex 254.50000035585145 -114.73839058861812 0
endloop
endfacet
facet normal 0 0 1
outer loop
vertex 254.5 -105.85749999999985 2
vertex 254.50000035585145 -114.73839058861812 0
vertex 254.5000003505811 -114.60685992281715 0
endloop
endfacet
facet normal 0 0 1
outer loop
vertex 254.5 -105.85749999999985 2
vertex 254.5000003505811 -114.60685992281715 0
vertex 254.50000034359755 -114.43257298596143 0
endloop
endfacet
facet normal 0 0 1
outer loop
vertex 254.5 -105.85749999999985 2
vertex 254.50000034359755 -114.43257298596143 0
vertex 254.50000033513976 -114.22149432548316 0
endloop
endfacet
facet normal 0 0 1
outer loop
vertex 254.5 -105.85749999999985 2
vertex 254.50000033513976 -114.22149432548316 0
vertex 254.5000003254972 -113.98084759626434 0
endloop
endfacet
facet normal 0 0 1
outer loop
vertex 254.5 -105.85749999999985 2
vertex 254.5000003254972 -113.98084759626434 0
vertex 254.50000031499988 -113.71886834858098 0
endloop
endfacet
facet normal 0 0 1
outer loop
vertex 254.5 -105.85749999999985 2
vertex 254.50000031499988 -113.71886834858098 0
vertex 254.50000030400702 -113.44452218637967 0
endloop
endfacet
facet normal 0 0 1
outer loop
vertex 254.5 -105.85749999999985 2
vertex 254.50000030400702 -113.44452218637967 0
vertex 254.5000002928948 -113.16719794124448 0
endloop
endfacet
facet normal 0 0 1
outer loop
vertex 254.5 -105.85749999999985 2
vertex 254.5000002928948 -113.16719794124448 0
vertex 254.50000028204357 -112.8963863624189 0
endloop
endfacet
facet normal 0 0 1
outer loop
vertex 254.5 -105.85749999999985 2
vertex 254.50000028204357 -112.8963863624189 0
vertex 254.50000027182463 -112.64135531894814 0
endloop
endfacet
facet normal 0 0 1
outer loop
vertex 254.5 -105.85749999999985 2
vertex 254.50000027182463 -112.64135531894814 0
vertex 254.50000026258775 -112.41083262935366 0
endloop
endfacet
facet normal 0 0 1
outer loop
vertex 254.5 -105.85749999999985 2
vertex 254.50000026258775 -112.41083262935366 0
vertex 254.500000254649 -112.21270737322483 0
endloop
endfacet
facet normal 0 0 1
outer loop
vertex 254.5 -105.85749999999985 2
vertex 254.500000254649 -112.21270737322483 0
vertex 254.5000002482801 -112.05375990661699 0
endloop
endfacet
facet normal 0 0 1
outer loop
vertex 254.5 -105.85749999999985 2
vertex 254.5000002482801 -112.05375990661699 0
vertex 254.50000024369893 -111.93942982082108 0
endloop
endfacet
facet normal 0 0 1
outer loop
vertex 254.5 -105.85749999999985 2
vertex 254.50000024369893 -111.93942982082108 0
vertex 254.50000024106237 -111.87362978555245 0
endloop
endfacet
facet normal 0 0 1
outer loop
vertex 254.5 -105.85749999999985 2
vertex 254.50000024106237 -111.87362978555245 0
vertex 254.50000024046062 -111.85861164732646 0
endloop
endfacet
facet normal 0 0 1
outer loop
vertex 254.5 -105.85749999999985 2
vertex 254.50000024046062 -111.85861164732646 0
vertex 254.50000017199767 -110.15 0
endloop
endfacet
facet normal 0 0 1
outer loop
vertex 254.5 -105.85749999999985 2
vertex 254.50000017199767 -110.15 0
vertex 254.5 -105.8574999999999 0
endloop
endfacet
facet normal 0.9961946980917409 0.08715574274771135 0
outer loop
vertex 254.46961550602444 -105.51020364466636 2
vertex 254.5 -105.85749999999985 2
vertex 254.5 -105.8574999999999 0
endloop
endfacet
facet normal 0.9961946980917409 0.08715574274771135 0
outer loop
vertex 254.46961550602444 -105.51020364466636 2
vertex 254.5 -105.8574999999999 0
vertex 254.4696155060244 -105.51020364466605 0
endloop
endfacet
facet normal 0 0 -1
outer loop
vertex 254.37938524157173 -105.17345971334848 2
vertex 254.37943574043368 -105.17364817766698 2
vertex 254.42455087265998 -105.3420201433257 2
endloop
endfacet
facet normal 0 0 -1
outer loop
vertex 254.37938524157173 -105.17345971334848 2
vertex 254.42455087265998 -105.3420201433257 2
vertex 254.43673716352774 -105.3875 2
endloop
endfacet
facet normal 0 0 -1
outer loop
vertex 254.37938524157173 -105.17345971334848 2
vertex 254.43673716352774 -105.3875 2
vertex 254.46961550602444 -105.51020364466636 2
endloop
endfacet
facet normal 0 0 -1
outer loop
vertex 254.37938524157173 -105.17345971334848 2
vertex 254.46961550602444 -105.51020364466636 2
vertex 254.4696155060244 -105.51020364466605 0
endloop
endfacet
facet normal 0 0 -1
outer loop
vertex 254.37938524157173 -105.17345971334848 2
vertex 254.4696155060244 -105.51020364466605 0
vertex 254.4367371635278 -105.3875 0
endloop
endfacet
facet normal 0 0 -1
outer loop
vertex 254.37938524157173 -105.17345971334848 2
vertex 254.4367371635278 -105.3875 0
vertex 254.42455087265998 -105.34202014332556 0
endloop
endfacet
facet normal 0 0 -1
outer loop
vertex 254.37938524157173 -105.17345971334848 2
vertex 254.42455087265998 -105.34202014332556 0
vertex 254.37943574043376 -105.17364817766709 0
endloop
endfacet
facet normal 0 0 -1
outer loop
vertex 254.37938524157173 -105.17345971334848 2
vertex 254.37943574043376 -105.17364817766709 0
vertex 254.3793852415719 -105.1734597133489 0
endloop
endfacet
facet normal 0 0 -1
outer loop
vertex 254.23205080756892 -104.8575000000001 2
vertex 254.29849964885602 -105.00000000000013 2
vertex 254.37938524157173 -105.17345971334848 2
endloop
endfacet
facet normal 0 0 -1
outer loop
vertex 254.23205080756892 -104.8575000000001 2
vertex 254.37938524157173 -105.17345971334848 2
vertex 254.3793852415719 -105.1734597133489 0
endloop
endfacet
facet normal 0 0 -1
outer loop
vertex 254.23205080756892 -104.8575000000001 2
vertex 254.3793852415719 -105.1734597133489 0
vertex 254.298499648856 -105.00000000000011 0
endloop
endfacet
facet normal 0 0 -1
outer loop
vertex 254.23205080756892 -104.8575000000001 2
vertex 254.298499648856 -105.00000000000011 0
vertex 254.23205080756884 -104.85749999999997 0
endloop
endfacet
facet normal 0.8191520442890001 0.5735764363510342 0
outer loop
vertex 254.0320888862379 -104.57192478062687 2
vertex 254.23205080756892 -104.8575000000001 2
vertex 254.23205080756884 -104.85749999999997 0
endloop
endfacet
facet normal 0.8191520442890001 0.5735764363510342 0
outer loop
vertex 254.0320888862379 -104.57192478062687 2
vertex 254.23205080756884 -104.85749999999997 0
vertex 254.03208888623791 -104.5719247806269 0
endloop
endfacet
facet normal 0.7071067811865688 0.7071067811865261 0
outer loop
vertex 253.78557521937307 -104.32541111376203 2
vertex 254.0320888862379 -104.57192478062687 2
vertex 254.03208888623791 -104.5719247806269 0
endloop
endfacet
facet normal 0.7071067811865688 0.7071067811865261 0
outer loop
vertex 253.78557521937307 -104.32541111376203 2
vertex 254.03208888623791 -104.5719247806269 0
vertex 253.78557521937307 -104.32541111376204 0
endloop
endfacet
facet normal 0.5735764363510599 0.819152044288982 0
outer loop
vertex 253.50000000000006 -104.12544919243115 2
vertex 253.78557521937307 -104.32541111376203 2
vertex 253.78557521937307 -104.32541111376204 0
endloop
endfacet
facet normal 0.5735764363510599 0.819152044288982 0
outer loop
vertex 253.50000000000006 -104.12544919243115 2
vertex 253.78557521937307 -104.32541111376204 0
vertex 253.50000000000003 -104.12544919243113 0
endloop
endfacet
facet normal 0 0 -1
outer loop
vertex 253.18404028665134 -103.97811475842819 2
vertex 253.24705714056293 -104.0075 2
vertex 253.50000000000006 -104.12544919243115 2
endloop
endfacet
facet normal 0 0 -1
outer loop
vertex 253.18404028665134 -103.97811475842819 2
vertex 253.50000000000006 -104.12544919243115 2
vertex 253.50000000000003 -104.12544919243113 0
endloop
endfacet
facet normal 0 0 -1
outer loop
vertex 253.18404028665134 -103.97811475842819 2
vertex 253.50000000000003 -104.12544919243113 0
vertex 253.24705714056293 -104.0075 0
endloop
endfacet
facet normal 0 0 -1
outer loop
vertex 253.18404028665134 -103.97811475842819 2
vertex 253.24705714056293 -104.0075 0
vertex 253.1840402866513 -103.97811475842818 0
endloop
endfacet
facet normal 0.2588190451025271 0.9659258262890666 0
outer loop
vertex 252.84729635533387 -103.88788449397559 2
vertex 253.18404028665134 -103.97811475842819 2
vertex 253.1840402866513 -103.97811475842818 0
endloop
endfacet
facet normal 0.2588190451025271 0.9659258262890666 0
outer loop
vertex 252.84729635533387 -103.88788449397559 2
vertex 253.1840402866513 -103.97811475842818 0
vertex 252.847296355334 -103.88788449397562 0
endloop
endfacet
facet normal 0.08715574274766881 0.9961946980917447 0
outer loop
vertex 252.5 -103.8575 2
vertex 252.84729635533387 -103.88788449397559 2
vertex 252.847296355334 -103.88788449397562 0
endloop
endfacet
facet normal 0.08715574274766881 0.9961946980917447 0
outer loop
vertex 252.5 -103.8575 2
vertex 252.847296355334 -103.88788449397562 0
vertex 252.49999999999983 -103.8575 0
endloop
endfacet
facet normal 0 1 0
outer loop
vertex 252.5 -103.8575 2
vertex 252.49999999999983 -103.8575 0
vertex 234.5 -103.8575 0
endloop
endfacet
facet normal 0 1 0
outer loop
vertex 252.5 -103.8575 2
vertex 234.5 -103.8575 0
vertex 234.50000000000003 -103.8575 2
endloop
endfacet
facet normal 0.08715574274766881 0.9961946980917447 0
outer loop
vertex 234.15270364466616 -103.82711550602441 2
vertex 234.50000000000003 -103.8575 2
vertex 234.5 -103.8575 0
endloop
endfacet
facet normal 0.08715574274766881 0.9961946980917447 0
outer loop
vertex 234.15270364466616 -103.82711550602441 2
vertex 234.5 -103.8575 0
vertex 234.15270364466613 -103.82711550602441 0
endloop
endfacet
facet normal 0.2588190451025059 0.9659258262890723 0
outer loop
vertex 233.81595971334863 -103.73688524157181 2
vertex 234.15270364466616 -103.82711550602441 2
vertex 234.15270364466613 -103.82711550602441 0
endloop
endfacet
facet normal 0.2588190451025059 0.9659258262890723 0
outer loop
vertex 233.81595971334863 -103.73688524157181 2
vertex 234.15270364466613 -103.82711550602441 0
vertex 233.81595971334858 -103.73688524157178 0
endloop
endfacet
facet normal 0.4226182617407002 0.9063077870366497 0
outer loop
vertex 233.50000000000003 -103.5895508075689 2
vertex 233.81595971334863 -103.73688524157181 2
vertex 233.81595971334858 -103.73688524157178 0
endloop
endfacet
facet normal 0.4226182617407002 0.9063077870366497 0
outer loop
vertex 233.50000000000003 -103.5895508075689 2
vertex 233.81595971334858 -103.73688524157178 0
vertex 233.50000000000006 -103.58955080756893 0
endloop
endfacet
facet normal 0.573576436351068 0.8191520442889765 0
outer loop
vertex 233.21442478062698 -103.389588886238 2
vertex 233.50000000000003 -103.5895508075689 2
vertex 233.50000000000006 -103.58955080756893 0
endloop
endfacet
facet normal 0.573576436351068 0.8191520442889765 0
outer loop
vertex 233.21442478062698 -103.389588886238 2
vertex 233.50000000000006 -103.58955080756893 0
vertex 233.21442478062704 -103.38958888623804 0
endloop
endfacet
facet normal 0.7071067811865618 0.7071067811865334 0
outer loop
vertex 232.96791111376206 -103.14307521937307 2
vertex 233.21442478062698 -103.389588886238 2
vertex 233.21442478062704 -103.38958888623804 0
endloop
endfacet
facet normal 0.7071067811865618 0.7071067811865334 0
outer loop
vertex 232.96791111376206 -103.14307521937307 2
vertex 233.21442478062704 -103.38958888623804 0
vertex 232.9679111137621 -103.1430752193731 0
endloop
endfacet
facet normal 0.8191520442889821 0.5735764363510599 0
outer loop
vertex 232.76794919243113 -102.8575 2
vertex 232.96791111376206 -103.14307521937307 2
vertex 232.9679111137621 -103.1430752193731 0
endloop
endfacet
facet normal 0.8191520442889821 0.5735764363510599 0
outer loop
vertex 232.76794919243113 -102.8575 2
vertex 232.9679111137621 -103.1430752193731 0
vertex 232.76794919243105 -102.85749999999983 0
endloop
endfacet
facet normal 0.9063077870366524 0.4226182617406946 0
outer loop
vertex 232.62061475842813 -102.54154028665123 2
vertex 232.76794919243113 -102.8575 2
vertex 232.76794919243105 -102.85749999999983 0
endloop
endfacet
facet normal 0.9063077870366524 0.4226182617406946 0
outer loop
vertex 232.62061475842813 -102.54154028665123 2
vertex 232.76794919243105 -102.85749999999983 0
vertex 232.62061475842816 -102.54154028665128 0
endloop
endfacet
facet normal 0.9659258262890631 0.2588190451025404 0
outer loop
vertex 232.53038449397556 -102.20479635533381 2
vertex 232.62061475842813 -102.54154028665123 2
vertex 232.62061475842816 -102.54154028665128 0
endloop
endfacet
facet normal 0.9659258262890631 0.2588190451025404 0
outer loop
vertex 232.53038449397556 -102.20479635533381 2
vertex 232.62061475842816 -102.54154028665128 0
vertex 232.53038449397556 -102.20479635533378 0
endloop
endfacet
facet normal 0.9961946980917434 0.08715574274768315 0
outer loop
vertex 232.5 -101.85750000000024 2
vertex 232.53038449397556 -102.20479635533381 2
vertex 232.53038449397556 -102.20479635533378 0
endloop
endfacet
facet normal 0.9961946980917434 0.08715574274768315 0
outer loop
vertex 232.5 -101.85750000000024 2
vertex 232.53038449397556 -102.20479635533378 0
vertex 232.5 -101.85750000000026 0
endloop
endfacet
facet normal 1 0 0
outer loop
vertex 232.5 -96.0075 0
vertex 232.5 -95.85749999999989 0
vertex 232.5 -95.85749999999993 2
endloop
endfacet
facet normal 1 0 0
outer loop
vertex 232.5 -96.0075 0
vertex 232.5 -95.85749999999993 2
vertex 232.5 -96.0075 2
endloop
endfacet
facet normal 1 0 0
outer loop
vertex 232.5 -96.0075 0
vertex 232.5 -96.0075 2
vertex 232.5 -101.85750000000024 2
endloop
endfacet
facet normal 1 0 0
outer loop
vertex 232.5 -96.0075 0
vertex 232.5 -101.85750000000024 2
vertex 232.5 -101.85750000000026 0
endloop
endfacet
facet normal 0.9961946980917409 0.08715574274771135 0
outer loop
vertex 232.48480775301223 -95.68385182233318 2
vertex 232.5 -95.85749999999993 2
vertex 232.5 -95.85749999999989 0
endloop
endfacet
facet normal 0.9961946980917409 0.08715574274771135 0
outer loop
vertex 232.48480775301223 -95.68385182233318 2
vertex 232.5 -95.85749999999989 0
vertex 232.48480775301223 -95.6838518223332 0
endloop
endfacet
facet normal 0.9659258262890627 0.25881904510254217 0
outer loop
vertex 232.43969262078593 -95.5154798566744 2
vertex 232.48480775301223 -95.68385182233318 2
vertex 232.48480775301223 -95.6838518223332 0
endloop
endfacet
facet normal 0.9659258262890627 0.25881904510254217 0
outer loop
vertex 232.43969262078593 -95.5154798566744 2
vertex 232.48480775301223 -95.6838518223332 0
vertex 232.4396926207859 -95.51547985667432 0
endloop
endfacet
facet normal 0.9063077870366657 0.42261826174066586 0
outer loop
vertex 232.36602540378445 -95.3575 2
vertex 232.43969262078593 -95.5154798566744 2
vertex 232.4396926207859 -95.51547985667432 0
endloop
endfacet
facet normal 0.9063077870366657 0.42261826174066586 0
outer loop
vertex 232.36602540378445 -95.3575 2
vertex 232.4396926207859 -95.51547985667432 0
vertex 232.36602540378448 -95.35750000000003 0
endloop
endfacet
facet normal 0.8191520442889413 0.5735764363511181 0
outer loop
vertex 232.26604444311891 -95.21471239031338 2
vertex 232.36602540378445 -95.3575 2
vertex 232.36602540378448 -95.35750000000003 0
endloop
endfacet
facet normal 0.8191520442889413 0.5735764363511181 0
outer loop
vertex 232.26604444311891 -95.21471239031338 2
vertex 232.36602540378448 -95.35750000000003 0
vertex 232.26604444311894 -95.21471239031342 0
endloop
endfacet
facet normal 0.7071067811865618 0.7071067811865334 0
outer loop
vertex 232.1427876096866 -95.09145555688107 2
vertex 232.26604444311891 -95.21471239031338 2
vertex 232.26604444311894 -95.21471239031342 0
endloop
endfacet
facet normal 0.7071067811865618 0.7071067811865334 0
outer loop
vertex 232.1427876096866 -95.09145555688107 2
vertex 232.26604444311894 -95.21471239031342 0
vertex 232.14278760968648 -95.09145555688097 0
endloop
endfacet
facet normal 0.5735764363510745 0.819152044288972 0
outer loop
vertex 231.99999999999997 -94.99147459621555 2
vertex 232.1427876096866 -95.09145555688107 2
vertex 232.14278760968648 -95.09145555688097 0
endloop
endfacet
facet normal 0.5735764363510745 0.819152044288972 0
outer loop
vertex 231.99999999999997 -94.99147459621555 2
vertex 232.14278760968648 -95.09145555688097 0
vertex 232.00000000000009 -94.99147459621561 0
endloop
endfacet
facet normal 0.4226182617406895 0.9063077870366545 0
outer loop
vertex 231.84202014332564 -94.91780737921408 2
vertex 231.99999999999997 -94.99147459621555 2
vertex 232.00000000000009 -94.99147459621561 0
endloop
endfacet
facet normal 0.4226182617406895 0.9063077870366545 0
outer loop
vertex 231.84202014332564 -94.91780737921408 2
vertex 232.00000000000009 -94.99147459621561 0
vertex 231.84202014332564 -94.9178073792141 0
endloop
endfacet
facet normal 0.2588190451025057 0.9659258262890724 0
outer loop
vertex 231.67364817766688 -94.87269224698778 2
vertex 231.84202014332564 -94.91780737921408 2
vertex 231.84202014332564 -94.9178073792141 0
endloop
endfacet
facet normal 0.2588190451025057 0.9659258262890724 0
outer loop
vertex 231.67364817766688 -94.87269224698778 2
vertex 231.84202014332564 -94.9178073792141 0
vertex 231.6736481776669 -94.8726922469878 0
endloop
endfacet
facet normal 0.08715574274766881 0.9961946980917447 0
outer loop
vertex 231.5 -94.8575 2
vertex 231.67364817766688 -94.87269224698778 2
vertex 231.6736481776669 -94.8726922469878 0
endloop
endfacet
facet normal 0.08715574274766881 0.9961946980917447 0
outer loop
vertex 231.5 -94.8575 2
vertex 231.6736481776669 -94.8726922469878 0
vertex 231.5 -94.8575 0
endloop
endfacet
facet normal 0 1 0
outer loop
vertex 231.5 -94.8575 2
vertex 231.5 -94.8575 0
vertex 215.50000000000014 -94.8575 0
endloop
endfacet
facet normal 0 1 0
outer loop
vertex 231.5 -94.8575 2
vertex 215.50000000000014 -94.8575 0
vertex 215.5 -94.8575 2
endloop
endfacet
facet normal 0.087155742747683 0.9961946980917434 0
outer loop
vertex 215.32635182233307 -94.84230775301221 2
vertex 215.5 -94.8575 2
vertex 215.50000000000014 -94.8575 0
endloop
endfacet
facet normal 0.087155742747683 0.9961946980917434 0
outer loop
vertex 215.32635182233307 -94.84230775301221 2
vertex 215.50000000000014 -94.8575 0
vertex 215.32635182233298 -94.8423077530122 0
endloop
endfacet
facet normal 0.25881904510251297 0.9659258262890704 0
outer loop
vertex 215.15797985667442 -94.79719262078594 2
vertex 215.32635182233307 -94.84230775301221 2
vertex 215.32635182233298 -94.8423077530122 0
endloop
endfacet
facet normal 0.25881904510251297 0.9659258262890704 0
outer loop
vertex 215.15797985667442 -94.79719262078594 2
vertex 215.32635182233298 -94.8423077530122 0
vertex 215.15797985667433 -94.79719262078592 0
endloop
endfacet
facet normal 0.4226182617407341 0.906307787036634 0
outer loop
vertex 215 -94.72352540378444 2
vertex 215.15797985667442 -94.79719262078594 2
vertex 215.15797985667433 -94.79719262078592 0
endloop
endfacet
facet normal 0.4226182617407341 0.906307787036634 0
outer loop
vertex 215 -94.72352540378444 2
vertex 215.15797985667433 -94.79719262078592 0
vertex 215.0000000000001 -94.7235254037845 0
endloop
endfacet
facet normal 0.5735764363510616 0.8191520442889809 0
outer loop
vertex 214.85721239031346 -94.62354444311897 2
vertex 215 -94.72352540378444 2
vertex 215.0000000000001 -94.7235254037845 0
endloop
endfacet
facet normal 0.5735764363510616 0.8191520442889809 0
outer loop
vertex 214.85721239031346 -94.62354444311897 2
vertex 215.0000000000001 -94.7235254037845 0
vertex 214.85721239031344 -94.62354444311894 0
endloop
endfacet
facet normal 0.7071067811865404 0.7071067811865546 0
outer loop
vertex 214.73395555688114 -94.50028760968665 2
vertex 214.85721239031346 -94.62354444311897 2
vertex 214.85721239031344 -94.62354444311894 0
endloop
endfacet
facet normal 0.7071067811865404 0.7071067811865546 0
outer loop
vertex 214.73395555688114 -94.50028760968665 2
vertex 214.85721239031344 -94.62354444311894 0
vertex 214.7339555568811 -94.50028760968664 0
endloop
endfacet
facet normal 0.8191520442889414 0.5735764363511181 0
outer loop
vertex 214.63397459621544 -94.3574999999998 2
vertex 214.73395555688114 -94.50028760968665 2
vertex 214.7339555568811 -94.50028760968664 0
endloop
endfacet
facet normal 0.8191520442889414 0.5735764363511181 0
outer loop
vertex 214.63397459621544 -94.3574999999998 2
vertex 214.7339555568811 -94.50028760968664 0
vertex 214.63397459621547 -94.35749999999987 0
endloop
endfacet
facet normal 0.9063077870366791 0.42261826174063705 0
outer loop
vertex 214.56030737921407 -94.19952014332563 2
vertex 214.63397459621544 -94.3574999999998 2
vertex 214.63397459621547 -94.35749999999987 0
endloop
endfacet
facet normal 0.9063077870366791 0.42261826174063705 0
outer loop
vertex 214.56030737921407 -94.19952014332563 2
vertex 214.63397459621547 -94.35749999999987 0
vertex 214.5603073792141 -94.19952014332569 0
endloop
endfacet
facet normal 0.965925826289063 0.25881904510254033 0
outer loop
vertex 214.51519224698774 -94.03114817766685 2
vertex 214.56030737921407 -94.19952014332563 2
vertex 214.5603073792141 -94.19952014332569 0
endloop
endfacet
facet normal 0.965925826289063 0.25881904510254033 0
outer loop
vertex 214.51519224698774 -94.03114817766685 2
vertex 214.5603073792141 -94.19952014332569 0
vertex 214.51519224698777 -94.03114817766686 0
endloop
endfacet
facet normal 0.9961946980917434 0.08715574274768315 0
outer loop
vertex 214.5 -93.85750000000041 2
vertex 214.51519224698774 -94.03114817766685 2
vertex 214.51519224698777 -94.03114817766686 0
endloop
endfacet
facet normal 0.9961946980917434 0.08715574274768315 0
outer loop
vertex 214.5 -93.85750000000041 2
vertex 214.51519224698777 -94.03114817766686 0
vertex 214.5 -93.85750000000024 0
endloop
endfacet
facet normal 1 0 0
outer loop
vertex 214.5 -93.15 0
vertex 214.5 -92.99999999999976 0
vertex 214.5 -92.99999999999996 2
endloop
endfacet
facet normal 1 0 0
outer loop
vertex 214.5 -93.15 0
vertex 214.5 -92.99999999999996 2
vertex 214.5 -93.15 2
endloop
endfacet
facet normal 1 0 0
outer loop
vertex 214.5 -93.15 0
vertex 214.5 -93.15 2
vertex 214.5 -93.85750000000041 2
endloop
endfacet
facet normal 1 0 0
outer loop
vertex 214.5 -93.15 0
vertex 214.5 -93.85750000000041 2
vertex 214.5 -93.85750000000024 0
endloop
endfacet
facet normal 0.9961946980917434 0.08715574274768315 0
outer loop
vertex 214.48480775301218 -92.82635182233304 2
vertex 214.5 -92.99999999999996 2
vertex 214.5 -92.99999999999976 0
endloop
endfacet
facet normal 0.9961946980917434 0.08715574274768315 0
outer loop
vertex 214.48480775301218 -92.82635182233304 2
vertex 214.5 -92.99999999999976 0
vertex 214.4848077530122 -92.82635182233314 0
endloop
endfacet
facet normal 0.9659258262890627 0.25881904510254217 0
outer loop
vertex 214.4396926207859 -92.6579798566744 2
vertex 214.48480775301218 -92.82635182233304 2
vertex 214.4848077530122 -92.82635182233314 0
endloop
endfacet
facet normal 0.9659258262890627 0.25881904510254217 0
outer loop
vertex 214.4396926207859 -92.6579798566744 2
vertex 214.4848077530122 -92.82635182233314 0
vertex 214.43969262078582 -92.65797985667432 0
endloop
endfacet
facet normal 0.9063077870366791 0.42261826174063705 0
outer loop
vertex 214.36602540378445 -92.50000000000014 2
vertex 214.4396926207859 -92.6579798566744 2
vertex 214.43969262078582 -92.65797985667432 0
endloop
endfacet
facet normal 0.9063077870366791 0.42261826174063705 0
outer loop
vertex 214.36602540378445 -92.50000000000014 2
vertex 214.43969262078582 -92.65797985667432 0
vertex 214.3660254037845 -92.5 0
endloop
endfacet
facet normal 0.8191520442889414 0.5735764363511181 0
outer loop
vertex 214.26604444311903 -92.35721239031324 2
vertex 214.36602540378445 -92.50000000000014 2
vertex 214.3660254037845 -92.5 0
endloop
endfacet
facet normal 0.8191520442889414 0.5735764363511181 0
outer loop
vertex 214.26604444311903 -92.35721239031324 2
vertex 214.3660254037845 -92.5 0
vertex 214.26604444311894 -92.35721239031339 0
endloop
endfacet
facet normal 0.7071067811865405 0.7071067811865547 0
outer loop
vertex 214.1427876096865 -92.23395555688106 2
vertex 214.26604444311903 -92.35721239031324 2
vertex 214.26604444311894 -92.35721239031339 0
endloop
endfacet
facet normal 0.7071067811865405 0.7071067811865547 0
outer loop
vertex 214.1427876096865 -92.23395555688106 2
vertex 214.26604444311894 -92.35721239031339 0
vertex 214.14278760968656 -92.23395555688107 0
endloop
endfacet
facet normal 0.573576436351068 0.8191520442889765 0
outer loop
vertex 214.00000000000009 -92.13397459621562 2
vertex 214.1427876096865 -92.23395555688106 2
vertex 214.14278760968656 -92.23395555688107 0
endloop
endfacet
facet normal 0.573576436351068 0.8191520442889765 0
outer loop
vertex 214.00000000000009 -92.13397459621562 2
vertex 214.14278760968656 -92.23395555688107 0
vertex 214.00000000000003 -92.13397459621555 0
endloop
endfacet
facet normal 0.42261826174072326 0.906307787036639 0
outer loop
vertex 213.84202014332564 -92.06030737921412 2
vertex 214.00000000000009 -92.13397459621562 2
vertex 214.00000000000003 -92.13397459621555 0
endloop
endfacet
facet normal 0.42261826174072326 0.906307787036639 0
outer loop
vertex 213.84202014332564 -92.06030737921412 2
vertex 214.00000000000003 -92.13397459621555 0
vertex 213.8420201433256 -92.06030737921412 0
endloop
endfacet
facet normal 0.25881904510251275 0.9659258262890704 0
outer loop
vertex 213.67364817766685 -92.01519224698777 2
vertex 213.84202014332564 -92.06030737921412 2
vertex 213.8420201433256 -92.06030737921412 0
endloop
endfacet
facet normal 0.25881904510251275 0.9659258262890704 0
outer loop
vertex 213.67364817766685 -92.01519224698777 2
vertex 213.8420201433256 -92.06030737921412 0
vertex 213.67364817766688 -92.01519224698777 0
endloop
endfacet
facet normal 0.08715574274765456 0.996194698091746 0
outer loop
vertex 213.5 -92 2
vertex 213.67364817766685 -92.01519224698777 2
vertex 213.67364817766688 -92.01519224698777 0
endloop
endfacet
facet normal 0.08715574274765456 0.996194698091746 0
outer loop
vertex 213.5 -92 2
vertex 213.67364817766688 -92.01519224698777 0
vertex 213.5000000000001 -92 0
endloop
endfacet
facet normal 0 1 0
outer loop
vertex 174.49999999999991 -92 2
vertex 174.49999999999994 -92 0
vertex 158.5 -92 0
endloop
endfacet
facet normal 0 1 0
outer loop
vertex 174.49999999999991 -92 2
vertex 158.5 -92 0
vertex 158.49999999999991 -92 2
endloop
endfacet
facet normal 0 1 0
outer loop
vertex 213.5 -92 2
vertex 213.5000000000001 -92 0
vertex 197.50000000000003 -92 0
endloop
endfacet
facet normal 0 1 0
outer loop
vertex 213.5 -92 2
vertex 197.50000000000003 -92 0
vertex 197.49999999999994 -92 2
endloop
endfacet
facet normal 0.08715574274766881 0.9961946980917447 0
outer loop
vertex 197.32635182233284 -91.98480775301219 2
vertex 197.49999999999994 -92 2
vertex 197.50000000000003 -92 0
endloop
endfacet
facet normal 0.08715574274766881 0.9961946980917447 0
outer loop
vertex 197.32635182233284 -91.98480775301219 2
vertex 197.50000000000003 -92 0
vertex 197.32635182233304 -91.9848077530122 0
endloop
endfacet
facet normal 0.2588190451025413 0.9659258262890629 0
outer loop
vertex 197.15797985667453 -91.93969262078595 2
vertex 197.32635182233284 -91.98480775301219 2
vertex 197.32635182233304 -91.9848077530122 0
endloop
endfacet
facet normal 0.2588190451025413 0.9659258262890629 0
outer loop
vertex 197.15797985667453 -91.93969262078595 2
vertex 197.32635182233304 -91.9848077530122 0
vertex 197.1579798566743 -91.93969262078593 0
endloop
endfacet
facet normal 0.4226182617407234 0.9063077870366388 0
outer loop
vertex 196.99999999999963 -91.86602540378432 2
vertex 197.15797985667453 -91.93969262078595 2
vertex 197.1579798566743 -91.93969262078593 0
endloop
endfacet
facet normal 0.4226182617407234 0.9063077870366388 0
outer loop
vertex 196.99999999999963 -91.86602540378432 2
vertex 197.1579798566743 -91.93969262078593 0
vertex 197.00000000000006 -91.86602540378439 0
endloop
endfacet
facet normal 0.5735764363510616 0.8191520442889809 0
outer loop
vertex 196.8572123903138 -91.76604444311909 2
vertex 196.99999999999963 -91.86602540378432 2
vertex 197.00000000000006 -91.86602540378439 0
endloop
endfacet
facet normal 0.5735764363510616 0.8191520442889809 0
outer loop
vertex 196.8572123903138 -91.76604444311909 2
vertex 197.00000000000006 -91.86602540378439 0
vertex 196.8572123903135 -91.7660444431191 0
endloop
endfacet
facet normal 0.7071067811865476 0.7071067811865476 0
outer loop
vertex 196.73395555688117 -91.64278760968669 2
vertex 196.8572123903138 -91.76604444311909 2
vertex 196.8572123903135 -91.7660444431191 0
endloop
endfacet
facet normal 0.7071067811865476 0.7071067811865476 0
outer loop
vertex 196.73395555688117 -91.64278760968669 2
vertex 196.8572123903135 -91.7660444431191 0
vertex 196.73395555688109 -91.64278760968665 0
endloop
endfacet
facet normal 0.8191520442889414 0.5735764363511181 0
outer loop
vertex 196.63397459621532 -91.49999999999987 2
vertex 196.73395555688117 -91.64278760968669 2
vertex 196.73395555688109 -91.64278760968665 0
endloop
endfacet
facet normal 0.8191520442889414 0.5735764363511181 0
outer loop
vertex 196.63397459621532 -91.49999999999987 2
vertex 196.73395555688109 -91.64278760968665 0
vertex 196.6339745962155 -91.49999999999974 0
endloop
endfacet
facet normal 0.9063077870366791 0.42261826174063705 0
outer loop
vertex 196.56030737921412 -91.3420201433256 2
vertex 196.63397459621532 -91.49999999999987 2
vertex 196.6339745962155 -91.49999999999974 0
endloop
endfacet
facet normal 0.9063077870366791 0.42261826174063705 0
outer loop
vertex 196.56030737921412 -91.3420201433256 2
vertex 196.6339745962155 -91.49999999999974 0
vertex 196.56030737921412 -91.34202014332566 0
endloop
endfacet
facet normal 0.9659258262890627 0.25881904510254217 0
outer loop
vertex 196.51519224698782 -91.17364817766693 2
vertex 196.56030737921412 -91.3420201433256 2
vertex 196.56030737921412 -91.34202014332566 0
endloop
endfacet
facet normal 0.9659258262890627 0.25881904510254217 0
outer loop
vertex 196.51519224698782 -91.17364817766693 2
vertex 196.56030737921412 -91.34202014332566 0
vertex 196.5151922469878 -91.17364817766703 0
endloop
endfacet
facet normal 0.9961946980917434 0.087155742747683 0
outer loop
vertex 196.5 -90.99999999999974 2
vertex 196.51519224698782 -91.17364817766693 2
vertex 196.5151922469878 -91.17364817766703 0
endloop
endfacet
facet normal 0.9961946980917434 0.087155742747683 0
outer loop
vertex 196.5 -90.99999999999974 2
vertex 196.5151922469878 -91.17364817766703 0
vertex 196.5 -90.99999999999979 0
endloop
endfacet
facet normal 1 0 0
outer loop
vertex 196.5 -88.3875 0
vertex 196.5 -88.23749999999977 0
vertex 196.5 -88.2375 2
endloop
endfacet
facet normal 1 0 0
outer loop
vertex 196.5 -88.3875 0
vertex 196.5 -88.2375 2
vertex 196.5 -88.3875 2
endloop
endfacet
facet normal 1 0 0
outer loop
vertex 196.5 -88.3875 0
vertex 196.5 -88.3875 2
vertex 196.5 -90.99999999999974 2
endloop
endfacet
facet normal 1 0 0
outer loop
vertex 196.5 -88.3875 0
vertex 196.5 -90.99999999999974 2
vertex 196.5 -90.99999999999979 0
endloop
endfacet
facet normal 0.9961946980917434 0.087155742747683 0
outer loop
vertex 196.4848077530122 -88.06385182233308 2
vertex 196.5 -88.2375 2
vertex 196.5 -88.23749999999977 0
endloop
endfacet
facet normal 0.9961946980917434 0.087155742747683 0
outer loop
vertex 196.4848077530122 -88.06385182233308 2
vertex 196.5 -88.23749999999977 0
vertex 196.48480775301223 -88.06385182233315 0
endloop
endfacet
facet normal 0.965925826289063 0.25881904510254033 0
outer loop
vertex 196.43969262078588 -87.8954798566744 2
vertex 196.4848077530122 -88.06385182233308 2
vertex 196.48480775301223 -88.06385182233315 0
endloop
endfacet
facet normal 0.965925826289063 0.25881904510254033 0
outer loop
vertex 196.43969262078588 -87.8954798566744 2
vertex 196.48480775301223 -88.06385182233315 0
vertex 196.43969262078596 -87.89547985667434 0
endloop
endfacet
facet normal 0.9063077870366791 0.42261826174063705 0
outer loop
vertex 196.36602540378445 -87.73750000000004 2
vertex 196.43969262078588 -87.8954798566744 2
vertex 196.43969262078596 -87.89547985667434 0
endloop
endfacet
facet normal 0.9063077870366791 0.42261826174063705 0
outer loop
vertex 196.36602540378445 -87.73750000000004 2
vertex 196.43969262078596 -87.89547985667434 0
vertex 196.3660254037844 -87.73750000000017 0
endloop
endfacet
facet normal 0.8191520442889414 0.5735764363511181 0
outer loop
vertex 196.26604444311897 -87.59471239031339 2
vertex 196.36602540378445 -87.73750000000004 2
vertex 196.3660254037844 -87.73750000000017 0
endloop
endfacet
facet normal 0.8191520442889414 0.5735764363511181 0
outer loop
vertex 196.26604444311897 -87.59471239031339 2
vertex 196.3660254037844 -87.73750000000017 0
vertex 196.2660444431189 -87.59471239031343 0
endloop
endfacet
facet normal 0.7071067811865476 0.7071067811865476 0
outer loop
vertex 196.14278760968654 -87.47145555688088 2
vertex 196.26604444311897 -87.59471239031339 2
vertex 196.2660444431189 -87.59471239031343 0
endloop
endfacet
facet normal 0.7071067811865476 0.7071067811865476 0
outer loop
vertex 196.14278760968654 -87.47145555688088 2
vertex 196.2660444431189 -87.59471239031343 0
vertex 196.1427876096866 -87.47145555688088 0
endloop
endfacet
facet normal 0.5735764363510616 0.8191520442889809 0
outer loop
vertex 195.99999999999997 -87.37147459621563 2
vertex 196.14278760968654 -87.47145555688088 2
vertex 196.1427876096866 -87.47145555688088 0
endloop
endfacet
facet normal 0.5735764363510616 0.8191520442889809 0
outer loop
vertex 195.99999999999997 -87.37147459621563 2
vertex 196.1427876096866 -87.47145555688088 0
vertex 196.00000000000009 -87.37147459621555 0
endloop
endfacet
facet normal 0.42261826174070105 0.9063077870366492 0
outer loop
vertex 195.84202014332567 -87.2978073792141 2
vertex 195.99999999999997 -87.37147459621563 2
vertex 196.00000000000009 -87.37147459621555 0
endloop
endfacet
facet normal 0.42261826174070105 0.9063077870366492 0
outer loop
vertex 195.84202014332567 -87.2978073792141 2
vertex 196.00000000000009 -87.37147459621555 0
vertex 195.8420201433256 -87.29780737921412 0
endloop
endfacet
facet normal 0.25881904510251275 0.9659258262890704 0
outer loop
vertex 195.67364817766676 -87.25269224698779 2
vertex 195.84202014332567 -87.2978073792141 2
vertex 195.8420201433256 -87.29780737921412 0
endloop
endfacet
facet normal 0.25881904510251275 0.9659258262890704 0
outer loop
vertex 195.67364817766676 -87.25269224698779 2
vertex 195.8420201433256 -87.29780737921412 0
vertex 195.6736481776668 -87.25269224698776 0
endloop
endfacet
facet normal 0.08715574274768298 0.9961946980917433 0
outer loop
vertex 195.5 -87.2375 2
vertex 195.67364817766676 -87.25269224698779 2
vertex 195.6736481776668 -87.25269224698776 0
endloop
endfacet
facet normal 0.08715574274768298 0.9961946980917433 0
outer loop
vertex 195.5 -87.2375 2
vertex 195.6736481776668 -87.25269224698776 0
vertex 195.50000000000034 -87.2375 0
endloop
endfacet
facet normal 0 1 0
outer loop
vertex 195.5 -87.2375 2
vertex 195.50000000000034 -87.2375 0
vertex 176.5 -87.2375 0
endloop
endfacet
facet normal 0 1 0
outer loop
vertex 195.5 -87.2375 2
vertex 176.5 -87.2375 0
vertex 176.5 -87.2375 2
endloop
endfacet
facet normal -0.08715574274766874 0.9961946980917448 0
outer loop
vertex 176.32635182233312 -87.25269224698779 2
vertex 176.5 -87.2375 2
vertex 176.5 -87.2375 0
endloop
endfacet
facet normal -0.08715574274766874 0.9961946980917448 0
outer loop
vertex 176.32635182233312 -87.25269224698779 2
vertex 176.5 -87.2375 0
vertex 176.32635182233318 -87.25269224698776 0
endloop
endfacet
facet normal -0.2588190451025271 0.9659258262890666 0
outer loop
vertex 176.1579798566743 -87.2978073792141 2
vertex 176.32635182233312 -87.25269224698779 2
vertex 176.32635182233318 -87.25269224698776 0
endloop
endfacet
facet normal -0.2588190451025271 0.9659258262890666 0
outer loop
vertex 176.1579798566743 -87.2978073792141 2
vertex 176.32635182233318 -87.25269224698776 0
vertex 176.15797985667422 -87.29780737921412 0
endloop
endfacet
facet normal -0.42261826174069467 0.9063077870366524 0
outer loop
vertex 175.99999999999983 -87.37147459621563 2
vertex 176.1579798566743 -87.2978073792141 2
vertex 176.15797985667422 -87.29780737921412 0
endloop
endfacet
facet normal -0.42261826174069467 0.9063077870366524 0
outer loop
vertex 175.99999999999983 -87.37147459621563 2
vertex 176.15797985667422 -87.29780737921412 0
vertex 175.99999999999997 -87.37147459621555 0
endloop
endfacet
facet normal -0.5735764363510599 0.819152044288982 0
outer loop
vertex 175.8572123903136 -87.47145555688088 2
vertex 175.99999999999983 -87.37147459621563 2
vertex 175.99999999999997 -87.37147459621555 0
endloop
endfacet
facet normal -0.5735764363510599 0.819152044288982 0
outer loop
vertex 175.8572123903136 -87.47145555688088 2
vertex 175.99999999999997 -87.37147459621555 0
vertex 175.85721239031363 -87.47145555688088 0
endloop
endfacet
facet normal -0.7071067811865476 0.7071067811865476 0
outer loop
vertex 175.73395555688109 -87.59471239031339 2
vertex 175.8572123903136 -87.47145555688088 2
vertex 175.85721239031363 -87.47145555688088 0
endloop
endfacet
facet normal -0.7071067811865476 0.7071067811865476 0
outer loop
vertex 175.73395555688109 -87.59471239031339 2
vertex 175.85721239031363 -87.47145555688088 0
vertex 175.73395555688109 -87.59471239031343 0
endloop
endfacet
facet normal -0.8191520442889414 0.5735764363511181 0
outer loop
vertex 175.63397459621552 -87.73750000000004 2
vertex 175.73395555688109 -87.59471239031339 2
vertex 175.73395555688109 -87.59471239031343 0
endloop
endfacet
facet normal -0.8191520442889414 0.5735764363511181 0
outer loop
vertex 175.63397459621552 -87.73750000000004 2
vertex 175.73395555688109 -87.59471239031343 0
vertex 175.63397459621547 -87.73750000000017 0
endloop
endfacet
facet normal -0.9063077870366791 0.42261826174063705 0
outer loop
vertex 175.56030737921407 -87.8954798566744 2
vertex 175.63397459621552 -87.73750000000004 2
vertex 175.63397459621547 -87.73750000000017 0
endloop
endfacet
facet normal -0.9063077870366791 0.42261826174063705 0
outer loop
vertex 175.56030737921407 -87.8954798566744 2
vertex 175.63397459621547 -87.73750000000017 0
vertex 175.5603073792141 -87.89547985667434 0
endloop
endfacet
facet normal -0.9659258262890631 0.2588190451025404 0
outer loop
vertex 175.5151922469878 -88.06385182233308 2
vertex 175.56030737921407 -87.8954798566744 2
vertex 175.5603073792141 -87.89547985667434 0
endloop
endfacet
facet normal -0.9659258262890631 0.2588190451025404 0
outer loop
vertex 175.5151922469878 -88.06385182233308 2
vertex 175.5603073792141 -87.89547985667434 0
vertex 175.51519224698777 -88.06385182233315 0
endloop
endfacet
facet normal -0.9961946980917434 0.087155742747683 0
outer loop
vertex 175.5 -88.2375 2
vertex 175.5151922469878 -88.06385182233308 2
vertex 175.51519224698777 -88.06385182233315 0
endloop
endfacet
facet normal -0.9961946980917434 0.087155742747683 0
outer loop
vertex 175.5 -88.2375 2
vertex 175.51519224698777 -88.06385182233315 0
vertex 175.5 -88.23749999999977 0
endloop
endfacet
facet normal -1 0 0
outer loop
vertex 175.5 -88.3875 2
vertex 175.5 -88.2375 2
vertex 175.5 -88.23749999999977 0
endloop
endfacet
facet normal -1 0 0
outer loop
vertex 175.5 -88.3875 2
vertex 175.5 -88.23749999999977 0
vertex 175.5 -88.3875 0
endloop
endfacet
facet normal -1 0 0
outer loop
vertex 175.5 -88.3875 2
vertex 175.5 -88.3875 0
vertex 175.5 -90.99999999999979 0
endloop
endfacet
facet normal -1 0 0
outer loop
vertex 175.5 -88.3875 2
vertex 175.5 -90.99999999999979 0
vertex 175.5 -90.99999999999974 2
endloop
endfacet
facet normal -0.9961946980917433 0.087155742747683 0
outer loop
vertex 175.48480775301218 -91.17364817766693 2
vertex 175.5 -90.99999999999974 2
vertex 175.5 -90.99999999999979 0
endloop
endfacet
facet normal -0.9961946980917433 0.087155742747683 0
outer loop
vertex 175.48480775301218 -91.17364817766693 2
vertex 175.5 -90.99999999999979 0
vertex 175.48480775301218 -91.17364817766703 0
endloop
endfacet
facet normal -0.9659258262890631 0.2588190451025404 0
outer loop
vertex 175.43969262078593 -91.3420201433256 2
vertex 175.48480775301218 -91.17364817766693 2
vertex 175.48480775301218 -91.17364817766703 0
endloop
endfacet
facet normal -0.9659258262890631 0.2588190451025404 0
outer loop
vertex 175.43969262078593 -91.3420201433256 2
vertex 175.48480775301218 -91.17364817766703 0
vertex 175.4396926207859 -91.34202014332566 0
endloop
endfacet
facet normal -0.9063077870366791 0.42261826174063705 0
outer loop
vertex 175.3660254037845 -91.49999999999987 2
vertex 175.43969262078593 -91.3420201433256 2
vertex 175.4396926207859 -91.34202014332566 0
endloop
endfacet
facet normal -0.9063077870366791 0.42261826174063705 0
outer loop
vertex 175.3660254037845 -91.49999999999987 2
vertex 175.4396926207859 -91.34202014332566 0
vertex 175.36602540378456 -91.49999999999974 0
endloop
endfacet
facet normal -0.8191520442889414 0.5735764363511181 0
outer loop
vertex 175.26604444311883 -91.64278760968669 2
vertex 175.3660254037845 -91.49999999999987 2
vertex 175.36602540378456 -91.49999999999974 0
endloop
endfacet
facet normal -0.8191520442889414 0.5735764363511181 0
outer loop
vertex 175.26604444311883 -91.64278760968669 2
vertex 175.36602540378456 -91.49999999999974 0
vertex 175.26604444311883 -91.64278760968665 0
endloop
endfacet
facet normal -0.7071067811865476 0.7071067811865476 0
outer loop
vertex 175.14278760968642 -91.76604444311909 2
vertex 175.26604444311883 -91.64278760968669 2
vertex 175.26604444311883 -91.64278760968665 0
endloop
endfacet
facet normal -0.7071067811865476 0.7071067811865476 0
outer loop
vertex 175.14278760968642 -91.76604444311909 2
vertex 175.26604444311883 -91.64278760968665 0
vertex 175.1427876096864 -91.7660444431191 0
endloop
endfacet
facet normal -0.5735764363510599 0.819152044288982 0
outer loop
vertex 175.00000000000023 -91.86602540378432 2
vertex 175.14278760968642 -91.76604444311909 2
vertex 175.1427876096864 -91.7660444431191 0
endloop
endfacet
facet normal -0.5735764363510599 0.819152044288982 0
outer loop
vertex 175.00000000000023 -91.86602540378432 2
vertex 175.1427876096864 -91.7660444431191 0
vertex 175.00000000000009 -91.86602540378439 0
endloop
endfacet
facet normal -0.42261826174069467 0.9063077870366523 0
outer loop
vertex 174.84202014332558 -91.93969262078595 2
vertex 175.00000000000023 -91.86602540378432 2
vertex 175.00000000000009 -91.86602540378439 0
endloop
endfacet
facet normal -0.42261826174069467 0.9063077870366523 0
outer loop
vertex 174.84202014332558 -91.93969262078595 2
vertex 175.00000000000009 -91.86602540378439 0
vertex 174.8420201433256 -91.93969262078593 0
endloop
endfacet
facet normal -0.25881904510254217 0.9659258262890627 0
outer loop
vertex 174.67364817766708 -91.98480775301219 2
vertex 174.84202014332558 -91.93969262078595 2
vertex 174.8420201433256 -91.93969262078593 0
endloop
endfacet
facet normal -0.25881904510254217 0.9659258262890627 0
outer loop
vertex 174.67364817766708 -91.98480775301219 2
vertex 174.8420201433256 -91.93969262078593 0
vertex 174.67364817766696 -91.9848077530122 0
endloop
endfacet
facet normal -0.08715574274765463 0.9961946980917459 0
outer loop
vertex 174.49999999999991 -92 2
vertex 174.67364817766708 -91.98480775301219 2
vertex 174.67364817766696 -91.9848077530122 0
endloop
endfacet
facet normal -0.08715574274765463 0.9961946980917459 0
outer loop
vertex 174.49999999999991 -92 2
vertex 174.67364817766696 -91.9848077530122 0
vertex 174.49999999999994 -92 0
endloop
endfacet
facet normal -0.087155742747683 0.9961946980917434 0
outer loop
vertex 158.32635182233324 -92.01519224698777 2
vertex 158.49999999999991 -92 2
vertex 158.5 -92 0
endloop
endfacet
facet normal -0.087155742747683 0.9961946980917434 0
outer loop
vertex 158.32635182233324 -92.01519224698777 2
vertex 158.5 -92 0
vertex 158.32635182233324 -92.01519224698777 0
endloop
endfacet
facet normal -0.2588190451025271 0.9659258262890666 0
outer loop
vertex 158.1579798566743 -92.06030737921412 2
vertex 158.32635182233324 -92.01519224698777 2
vertex 158.32635182233324 -92.01519224698777 0
endloop
endfacet
facet normal -0.2588190451025271 0.9659258262890666 0
outer loop
vertex 158.1579798566743 -92.06030737921412 2
vertex 158.32635182233324 -92.01519224698777 0
vertex 158.15797985667427 -92.06030737921412 0
endloop
endfacet
facet normal -0.42261826174069467 0.9063077870366524 0
outer loop
vertex 157.99999999999991 -92.13397459621562 2
vertex 158.1579798566743 -92.06030737921412 2
vertex 158.15797985667427 -92.06030737921412 0
endloop
endfacet
facet normal -0.42261826174069467 0.9063077870366524 0
outer loop
vertex 157.99999999999991 -92.13397459621562 2
vertex 158.15797985667427 -92.06030737921412 0
vertex 158.00000000000003 -92.13397459621555 0
endloop
endfacet
facet normal -0.5735764363510599 0.819152044288982 0
outer loop
vertex 157.8572123903134 -92.23395555688106 2
vertex 157.99999999999991 -92.13397459621562 2
vertex 158.00000000000003 -92.13397459621555 0
endloop
endfacet
facet normal -0.5735764363510599 0.819152044288982 0
outer loop
vertex 157.8572123903134 -92.23395555688106 2
vertex 158.00000000000003 -92.13397459621555 0
vertex 157.8572123903134 -92.23395555688107 0
endloop
endfacet
facet normal -0.7071067811865547 0.7071067811865405 0
outer loop
vertex 157.73395555688123 -92.35721239031324 2
vertex 157.8572123903134 -92.23395555688106 2
vertex 157.8572123903134 -92.23395555688107 0
endloop
endfacet
facet normal -0.7071067811865547 0.7071067811865405 0
outer loop
vertex 157.73395555688123 -92.35721239031324 2
vertex 157.8572123903134 -92.23395555688107 0
vertex 157.73395555688109 -92.35721239031339 0
endloop
endfacet
facet normal -0.8191520442889414 0.5735764363511181 0
outer loop
vertex 157.6339745962155 -92.50000000000014 2
vertex 157.73395555688123 -92.35721239031324 2
vertex 157.73395555688109 -92.35721239031339 0
endloop
endfacet
facet normal -0.8191520442889414 0.5735764363511181 0
outer loop
vertex 157.6339745962155 -92.50000000000014 2
vertex 157.73395555688109 -92.35721239031339 0
vertex 157.63397459621555 -92.5 0
endloop
endfacet
facet normal -0.9063077870366791 0.42261826174063705 0
outer loop
vertex 157.56030737921407 -92.6579798566744 2
vertex 157.6339745962155 -92.50000000000014 2
vertex 157.63397459621555 -92.5 0
endloop
endfacet
facet normal -0.9063077870366791 0.42261826174063705 0
outer loop
vertex 157.56030737921407 -92.6579798566744 2
vertex 157.63397459621555 -92.5 0
vertex 157.5603073792141 -92.65797985667432 0
endloop
endfacet
facet normal -0.9659258262890631 0.2588190451025404 0
outer loop
vertex 157.5151922469878 -92.82635182233304 2
vertex 157.56030737921407 -92.6579798566744 2
vertex 157.5603073792141 -92.65797985667432 0
endloop
endfacet
facet normal -0.9659258262890631 0.2588190451025404 0
outer loop
vertex 157.5151922469878 -92.82635182233304 2
vertex 157.5603073792141 -92.65797985667432 0
vertex 157.51519224698777 -92.82635182233314 0
endloop
endfacet
facet normal -0.9961946980917459 0.08715574274765463 0
outer loop
vertex 157.5 -92.99999999999996 2
vertex 157.5151922469878 -92.82635182233304 2
vertex 157.51519224698777 -92.82635182233314 0
endloop
endfacet
facet normal -0.9961946980917459 0.08715574274765463 0
outer loop
vertex 157.5 -92.99999999999996 2
vertex 157.51519224698777 -92.82635182233314 0
vertex 157.5 -92.99999999999976 0
endloop
endfacet
facet normal -1 0 0
outer loop
vertex 157.5 -104.0075 2
vertex 157.5 -101.15 2
vertex 157.5 -93.15 2
endloop
endfacet
facet normal -1 0 0
outer loop
vertex 157.5 -104.0075 2
vertex 157.5 -93.15 2
vertex 157.5 -92.99999999999996 2
endloop
endfacet
facet normal -1 0 0
outer loop
vertex 157.5 -104.0075 2
vertex 157.5 -92.99999999999996 2
vertex 157.5 -92.99999999999976 0
endloop
endfacet
facet normal -1 0 0
outer loop
vertex 157.5 -104.0075 2
vertex 157.5 -92.99999999999976 0
vertex 157.5 -93.15 0
endloop
endfacet
facet normal -1 0 0
outer loop
vertex 157.5 -104.0075 2
vertex 157.5 -93.15 0
vertex 157.5 -101.15 0
endloop
endfacet
facet normal -1 0 0
outer loop
vertex 157.5 -104.0075 2
vertex 157.5 -101.15 0
vertex 157.5 -104.0075 0
endloop
endfacet
facet normal -1 0 0
outer loop
vertex 157.5 -104.0075 2
vertex 157.5 -104.0075 0
vertex 157.5 -105.00000000000011 0
endloop
endfacet
facet normal -1 0 0
outer loop
vertex 157.5 -104.0075 2
vertex 157.5 -105.00000000000011 0
vertex 157.5 -105.00000000000013 2
endloop
endfacet
facet normal -0.9961946980917434 0.087155742747683 0
outer loop
vertex 157.4848077530122 -105.17364817766698 2
vertex 157.5 -105.00000000000013 2
vertex 157.5 -105.00000000000011 0
endloop
endfacet
facet normal -0.9961946980917434 0.087155742747683 0
outer loop
vertex 157.4848077530122 -105.17364817766698 2
vertex 157.5 -105.00000000000011 0
vertex 157.4848077530122 -105.17364817766709 0
endloop
endfacet
facet normal -0.9659258262890631 0.2588190451025404 0
outer loop
vertex 157.4396926207859 -105.3420201433257 2
vertex 157.4848077530122 -105.17364817766698 2
vertex 157.4848077530122 -105.17364817766709 0
endloop
endfacet
facet normal -0.9659258262890631 0.2588190451025404 0
outer loop
vertex 157.4396926207859 -105.3420201433257 2
vertex 157.4848077530122 -105.17364817766709 0
vertex 157.43969262227054 -105.34202014332556 0
endloop
endfacet
facet normal 0 0 1
outer loop
vertex 157.36602540378448 -105.49999999999997 2
vertex 157.41848501725914 -105.3875 2
vertex 157.4396926207859 -105.3420201433257 2
endloop
endfacet
facet normal 0 0 1
outer loop
vertex 157.36602540378448 -105.49999999999997 2
vertex 157.4396926207859 -105.3420201433257 2
vertex 157.43969262227054 -105.34202014332556 0
endloop
endfacet
facet normal 0 0 1
outer loop
vertex 157.36602540378448 -105.49999999999997 2
vertex 157.43969262227054 -105.34202014332556 0
vertex 157.41848501685683 -105.3875 0
endloop
endfacet
facet normal 0 0 1
outer loop
vertex 157.36602540378448 -105.49999999999997 2
vertex 157.41848501685683 -105.3875 0
vertex 157.366025409099 -105.49999999999977 0
endloop
endfacet
facet normal -0.8191520442889414 0.5735764363511181 0
outer loop
vertex 157.266044443119 -105.6427876096865 2
vertex 157.36602540378448 -105.49999999999997 2
vertex 157.366025409099 -105.49999999999977 0
endloop
endfacet
facet normal -0.8191520442889414 0.5735764363511181 0
outer loop
vertex 157.266044443119 -105.6427876096865 2
vertex 157.366025409099 -105.49999999999977 0
vertex 157.26604445528645 -105.64278760968666 0
endloop
endfacet
facet normal -0.7071067811865476 0.7071067811865476 0
outer loop
vertex 157.1427876096865 -105.766044443119 2
vertex 157.266044443119 -105.6427876096865 2
vertex 157.26604445528645 -105.64278760968666 0
endloop
endfacet
facet normal -0.7071067811865476 0.7071067811865476 0
outer loop
vertex 157.1427876096865 -105.766044443119 2
vertex 157.26604445528645 -105.64278760968666 0
vertex 157.14278763284588 -105.7660444431189 0
endloop
endfacet
facet normal -0.5735764363510599 0.819152044288982 0
outer loop
vertex 157.00000000000006 -105.8660254037844 2
vertex 157.1427876096865 -105.766044443119 2
vertex 157.14278763284588 -105.7660444431189 0
endloop
endfacet
facet normal -0.5735764363510599 0.819152044288982 0
outer loop
vertex 157.00000000000006 -105.8660254037844 2
vertex 157.14278763284588 -105.7660444431189 0
vertex 157.00000004036593 -105.86602540378448 0
endloop
endfacet
facet normal -0.42261826174069467 0.9063077870366524 0
outer loop
vertex 156.84202014332567 -105.9396926207859 2
vertex 157.00000000000006 -105.8660254037844 2
vertex 157.00000004036593 -105.86602540378448 0
endloop
endfacet
facet normal -0.42261826174069467 0.9063077870366524 0
outer loop
vertex 156.84202014332567 -105.9396926207859 2
vertex 157.00000004036593 -105.86602540378448 0
vertex 156.84202021210038 -105.9396926207859 0
endloop
endfacet
facet normal -0.2588190451025404 0.9659258262890631 0
outer loop
vertex 156.67364817766693 -105.9848077530122 2
vertex 156.84202014332567 -105.9396926207859 2
vertex 156.84202021210038 -105.9396926207859 0
endloop
endfacet
facet normal -0.2588190451025404 0.9659258262890631 0
outer loop
vertex 156.67364817766693 -105.9848077530122 2
vertex 156.84202021210038 -105.9396926207859 0
vertex 156.67364830416804 -105.98480775301219 0
endloop
endfacet
facet normal -0.08715574274766874 0.9961946980917448 0
outer loop
vertex 156.5 -106 2
vertex 156.67364817766693 -105.9848077530122 2
vertex 156.67364830416804 -105.98480775301219 0
endloop
endfacet
facet normal -0.08715574274766874 0.9961946980917448 0
outer loop
vertex 156.5 -106 2
vertex 156.67364830416804 -105.98480775301219 0
vertex 156.4999999999999 -106 0
endloop
endfacet
facet normal 0 1 0
outer loop
vertex 156.5 -106 2
vertex 156.4999999999999 -106 0
vertex 140.50000000000003 -106 0
endloop
endfacet
facet normal 0 1 0
outer loop
vertex 156.5 -106 2
vertex 140.50000000000003 -106 0
vertex 140.49999999999994 -106 2
endloop
endfacet
facet normal -0.087155742747683 0.9961946980917434 0
outer loop
vertex 140.32635182233312 -106.01519224698778 2
vertex 140.49999999999994 -106 2
vertex 140.50000000000003 -106 0
endloop
endfacet
facet normal -0.087155742747683 0.9961946980917434 0
outer loop
vertex 140.32635182233312 -106.01519224698778 2
vertex 140.50000000000003 -106 0
vertex 140.32635182233304 -106.0151922469878 0
endloop
endfacet
facet normal -0.25881904510254033 0.965925826289063 0
outer loop
vertex 140.15797985667442 -106.06030737921408 2
vertex 140.32635182233312 -106.01519224698778 2
vertex 140.32635182233304 -106.0151922469878 0
endloop
endfacet
facet normal -0.25881904510254033 0.965925826289063 0
outer loop
vertex 140.15797985667442 -106.06030737921408 2
vertex 140.32635182233304 -106.0151922469878 0
vertex 140.1579798566744 -106.06030737921407 0
endloop
endfacet
facet normal -0.42261826174069467 0.9063077870366523 0
outer loop
vertex 140.00000000000009 -106.13397459621555 2
vertex 140.15797985667442 -106.06030737921408 2
vertex 140.1579798566744 -106.06030737921407 0
endloop
endfacet
facet normal -0.42261826174069467 0.9063077870366523 0
outer loop
vertex 140.00000000000009 -106.13397459621555 2
vertex 140.1579798566744 -106.06030737921407 0
vertex 140.00000000000014 -106.1339745962155 0
endloop
endfacet
facet normal -0.5735764363510599 0.819152044288982 0
outer loop
vertex 139.8572123903134 -106.23395555688111 2
vertex 140.00000000000009 -106.13397459621555 2
vertex 140.00000000000014 -106.1339745962155 0
endloop
endfacet
facet normal -0.5735764363510599 0.819152044288982 0
outer loop
vertex 139.8572123903134 -106.23395555688111 2
vertex 140.00000000000014 -106.1339745962155 0
vertex 139.8572123903134 -106.2339555568811 0
endloop
endfacet
facet normal -0.7071067811865405 0.7071067811865547 0
outer loop
vertex 139.73395555688094 -106.35721239031356 2
vertex 139.8572123903134 -106.23395555688111 2
vertex 139.8572123903134 -106.2339555568811 0
endloop
endfacet
facet normal -0.7071067811865405 0.7071067811865547 0
outer loop
vertex 139.73395555688094 -106.35721239031356 2
vertex 139.8572123903134 -106.2339555568811 0
vertex 139.73395555688097 -106.35721239031353 0
endloop
endfacet
facet normal -0.8191520442889414 0.5735764363511181 0
outer loop
vertex 139.6339745962156 -106.49999999999991 2
vertex 139.73395555688094 -106.35721239031356 2
vertex 139.73395555688097 -106.35721239031353 0
endloop
endfacet
facet normal -0.8191520442889414 0.5735764363511181 0
outer loop
vertex 139.6339745962156 -106.49999999999991 2
vertex 139.73395555688097 -106.35721239031353 0
vertex 139.63397459621555 -106.5 0
endloop
endfacet
facet normal -0.9063077870366791 0.42261826174063705 0
outer loop
vertex 139.56030737921398 -106.65797985667459 2
vertex 139.6339745962156 -106.49999999999991 2
vertex 139.63397459621555 -106.5 0
endloop
endfacet
facet normal -0.9063077870366791 0.42261826174063705 0
outer loop
vertex 139.56030737921398 -106.65797985667459 2
vertex 139.63397459621555 -106.5 0
vertex 139.56030737921404 -106.65797985667447 0
endloop
endfacet
facet normal -0.9659258262890627 0.25881904510254217 0
outer loop
vertex 139.51519224698782 -106.82635182233284 2
vertex 139.56030737921398 -106.65797985667459 2
vertex 139.56030737921404 -106.65797985667447 0
endloop
endfacet
facet normal -0.9659258262890627 0.25881904510254217 0
outer loop
vertex 139.51519224698782 -106.82635182233284 2
vertex 139.56030737921404 -106.65797985667447 0
vertex 139.51519224698785 -106.82635182233278 0
endloop
endfacet
facet normal -0.9961946980917433 0.08715574274768298 0
outer loop
vertex 139.5 -107.00000000000014 2
vertex 139.51519224698782 -106.82635182233284 2
vertex 139.51519224698785 -106.82635182233278 0
endloop
endfacet
facet normal -0.9961946980917433 0.08715574274768298 0
outer loop
vertex 139.5 -107.00000000000014 2
vertex 139.51519224698785 -106.82635182233278 0
vertex 139.5 -107.00000000000026 0
endloop
endfacet
facet normal -1 0 0
outer loop
vertex 139.5 -156.3286933 2
vertex 139.5 -156.105 2
vertex 139.5 -153.49999999999997 2
endloop
endfacet
facet normal -1 0 0
outer loop
vertex 139.5 -156.3286933 2
vertex 139.5 -153.49999999999997 2
vertex 139.5 -153.47117792060482 2
endloop
endfacet
facet normal -1 0 0
outer loop
vertex 139.5 -156.3286933 2
vertex 139.5 -153.47117792060482 2
vertex 139.5 -153.38581929876693 2
endloop
endfacet
facet normal -1 0 0
outer loop
vertex 139.5 -156.3286933 2
vertex 139.5 -153.38581929876693 2
vertex 139.5 -153.24720441845378 2
endloop
endfacet
facet normal -1 0 0
outer loop
vertex 139.5 -156.3286933 2
vertex 139.5 -153.24720441845378 2
vertex 139.5 -153.06066017177992 2
endloop
endfacet
facet normal -1 0 0
outer loop
vertex 139.5 -156.3286933 2
vertex 139.5 -153.06066017177992 2
vertex 139.5 -152.83335534952943 2
endloop
endfacet
facet normal -1 0 0
outer loop
vertex 139.5 -156.3286933 2
vertex 139.5 -152.83335534952943 2
vertex 139.5 -152.57402514854746 2
endloop
endfacet
facet normal -1 0 0
outer loop
vertex 139.5 -156.3286933 2
vertex 139.5 -152.57402514854746 2
vertex 139.5 -152.29263548302424 2
endloop
endfacet
facet normal -1 0 0
outer loop
vertex 139.5 -156.3286933 2
vertex 139.5 -152.29263548302424 2
vertex 139.5 -151.9999999999999 2
endloop
endfacet
facet normal -1 0 0
outer loop
vertex 139.5 -156.3286933 2
vertex 139.5 -151.9999999999999 2
vertex 139.5 -151.7073645169759 2
endloop
endfacet
facet normal -1 0 0
outer loop
vertex 139.5 -156.3286933 2
vertex 139.5 -151.7073645169759 2
vertex 139.5 -151.42597485145242 2
endloop
endfacet
facet normal -1 0 0
outer loop
vertex 139.5 -156.3286933 2
vertex 139.5 -151.42597485145242 2
vertex 139.5 -151.16664465047052 2
endloop
endfacet
facet normal -1 0 0
outer loop
vertex 139.5 -156.3286933 2
vertex 139.5 -151.16664465047052 2
vertex 139.5 -150.93933982822026 2
endloop
endfacet
facet normal -1 0 0
outer loop
vertex 139.5 -156.3286933 2
vertex 139.5 -150.93933982822026 2
vertex 139.5 -150.75279558154625 2
endloop
endfacet
facet normal -1 0 0
outer loop
vertex 139.5 -156.3286933 2
vertex 139.5 -150.75279558154625 2
vertex 139.5 -150.614180701233 2
endloop
endfacet
facet normal -1 0 0
outer loop
vertex 139.5 -156.3286933 2
vertex 139.5 -150.614180701233 2
vertex 139.5 -150.52882207939516 2
endloop
endfacet
facet normal -1 0 0
outer loop
vertex 139.5 -156.3286933 2
vertex 139.5 -150.52882207939516 2
vertex 139.5 -150.49999999999997 2
endloop
endfacet
facet normal -1 0 0
outer loop
vertex 139.5 -156.3286933 2
vertex 139.5 -150.49999999999997 2
vertex 139.5 -149.15 2
endloop
endfacet
facet normal -1 0 0
outer loop
vertex 139.5 -156.3286933 2
vertex 139.5 -149.15 2
vertex 139.5 -141.15 2
endloop
endfacet
facet normal -1 0 0
outer loop
vertex 139.5 -156.3286933 2
vertex 139.5 -141.15 2
vertex 139.5 -138.0075 2
endloop
endfacet
facet normal -1 0 0
outer loop
vertex 139.5 -156.3286933 2
vertex 139.5 -138.0075 2
vertex 139.5 -135.15 2
endloop
endfacet
facet normal -1 0 0
outer loop
vertex 139.5 -156.3286933 2
vertex 139.5 -135.15 2
vertex 139.5 -132.15 2
endloop
endfacet
facet normal -1 0 0
outer loop
vertex 139.5 -156.3286933 2
vertex 139.5 -132.15 2
vertex 139.5 -124.15 2
endloop
endfacet
facet normal -1 0 0
outer loop
vertex 139.5 -156.3286933 2
vertex 139.5 -124.15 2
vertex 139.5 -122.3875 2
endloop
endfacet
facet normal -1 0 0
outer loop
vertex 139.5 -156.3286933 2
vertex 139.5 -122.3875 2
vertex 139.5 -121.0075 2
endloop
endfacet
facet normal -1 0 0
outer loop
vertex 139.5 -156.3286933 2
vertex 139.5 -121.0075 2
vertex 139.5 -118.15 2
endloop
endfacet
facet normal -1 0 0
outer loop
vertex 139.5 -156.3286933 2
vertex 139.5 -118.15 2
vertex 139.5 -115.15 2
endloop
endfacet
facet normal -1 0 0
outer loop
vertex 139.5 -156.3286933 2
vertex 139.5 -115.15 2
vertex 139.5 -107.15000052067889 2
endloop
endfacet
facet normal -1 0 0
outer loop
vertex 139.5 -156.3286933 2
vertex 139.5 -107.15000052067889 2
vertex 139.5 -107.06701706787892 2
endloop
endfacet
facet normal -1 0 0
outer loop
vertex 139.5 -156.3286933 2
vertex 139.5 -107.06701706787892 2
vertex 139.5 -107.0339041849619 2
endloop
endfacet
facet normal -1 0 0
outer loop
vertex 139.5 -156.3286933 2
vertex 139.5 -107.0339041849619 2
vertex 139.5 -107.00000000000014 2
endloop
endfacet
facet normal -1 0 0
outer loop
vertex 139.5 -156.3286933 2
vertex 139.5 -107.00000000000014 2
vertex 139.5 -107.00000000000026 0
endloop
endfacet
facet normal -1 0 0
outer loop
vertex 139.5 -156.3286933 2
vertex 139.5 -107.00000000000026 0
vertex 139.5 -107.0339041849619 0
endloop
endfacet
facet normal -1 0 0
outer loop
vertex 139.5 -156.3286933 2
vertex 139.5 -107.0339041849619 0
vertex 139.5 -107.06701706787891 0
endloop
endfacet
facet normal -1 0 0
outer loop
vertex 139.5 -156.3286933 2
vertex 139.5 -107.06701706787891 0
vertex 139.5 -107.15000052067887 0
endloop
endfacet
facet normal -1 0 0
outer loop
vertex 139.5 -156.3286933 2
vertex 139.5 -107.15000052067887 0
vertex 139.5 -115.15 0
endloop
endfacet
facet normal -1 0 0
outer loop
vertex 139.5 -156.3286933 2
vertex 139.5 -115.15 0
vertex 139.5 -118.15 0
endloop
endfacet
facet normal -1 0 0
outer loop
vertex 139.5 -156.3286933 2
vertex 139.5 -118.15 0
vertex 139.5 -121.0075 0
endloop
endfacet
facet normal -1 0 0
outer loop
vertex 139.5 -156.3286933 2
vertex 139.5 -121.0075 0
vertex 139.5 -122.3875 0
endloop
endfacet
facet normal -1 0 0
outer loop
vertex 139.5 -156.3286933 2
vertex 139.5 -122.3875 0
vertex 139.5 -124.15 0
endloop
endfacet
facet normal -1 0 0
outer loop
vertex 139.5 -156.3286933 2
vertex 139.5 -124.15 0
vertex 139.5 -132.15 0
endloop
endfacet
facet normal -1 0 0
outer loop
vertex 139.5 -156.3286933 2
vertex 139.5 -132.15 0
vertex 139.5 -135.15 0
endloop
endfacet
facet normal -1 0 0
outer loop
vertex 139.5 -156.3286933 2
vertex 139.5 -135.15 0
vertex 139.5 -138.0075 0
endloop
endfacet
facet normal -1 0 0
outer loop
vertex 139.5 -156.3286933 2
vertex 139.5 -138.0075 0
vertex 139.5 -141.15 0
endloop
endfacet
facet normal -1 0 0
outer loop
vertex 139.5 -156.3286933 2
vertex 139.5 -141.15 0
vertex 139.5 -149.15 0
endloop
endfacet
facet normal -1 0 0
outer loop
vertex 139.5 -156.3286933 2
vertex 139.5 -149.15 0
vertex 139.5 -150.49999999999997 0
endloop
endfacet
facet normal -1 0 0
outer loop
vertex 139.5 -156.3286933 2
vertex 139.5 -150.49999999999997 0
vertex 139.5 -150.52882207939516 0
endloop
endfacet
facet normal -1 0 0
outer loop
vertex 139.5 -156.3286933 2
vertex 139.5 -150.52882207939516 0
vertex 139.5 -150.61418070123304 0
endloop
endfacet
facet normal -1 0 0
outer loop
vertex 139.5 -156.3286933 2
vertex 139.5 -150.61418070123304 0
vertex 139.5 -150.7527955815462 0
endloop
endfacet
facet normal -1 0 0
outer loop
vertex 139.5 -156.3286933 2
vertex 139.5 -150.7527955815462 0
vertex 139.5 -150.93933982822026 0
endloop
endfacet
facet normal -1 0 0
outer loop
vertex 139.5 -156.3286933 2
vertex 139.5 -150.93933982822026 0
vertex 139.5 -151.1666446504705 0
endloop
endfacet
facet normal -1 0 0
outer loop
vertex 139.5 -156.3286933 2
vertex 139.5 -151.1666446504705 0
vertex 139.5 -151.42597485145245 0
endloop
endfacet
facet normal -1 0 0
outer loop
vertex 139.5 -156.3286933 2
vertex 139.5 -151.42597485145245 0
vertex 139.5 -151.70736451697567 0
endloop
endfacet
facet normal -1 0 0
outer loop
vertex 139.5 -156.3286933 2
vertex 139.5 -151.70736451697567 0
vertex 139.5 -151.99999999999991 0
endloop
endfacet
facet normal -1 0 0
outer loop
vertex 139.5 -156.3286933 2
vertex 139.5 -151.99999999999991 0
vertex 139.5 -152.2926354830241 0
endloop
endfacet
facet normal -1 0 0
outer loop
vertex 139.5 -156.3286933 2
vertex 139.5 -152.2926354830241 0
vertex 139.5 -152.57402514854766 0
endloop
endfacet
facet normal -1 0 0
outer loop
vertex 139.5 -156.3286933 2
vertex 139.5 -152.57402514854766 0
vertex 139.5 -152.83335534952943 0
endloop
endfacet
facet normal -1 0 0
outer loop
vertex 139.5 -156.3286933 2
vertex 139.5 -152.83335534952943 0
vertex 139.5 -153.06066017177983 0
endloop
endfacet
facet normal -1 0 0
outer loop
vertex 139.5 -156.3286933 2
vertex 139.5 -153.06066017177983 0
vertex 139.5 -153.24720441845386 0
endloop
endfacet
facet normal -1 0 0
outer loop
vertex 139.5 -156.3286933 2
vertex 139.5 -153.24720441845386 0
vertex 139.5 -153.38581929876693 0
endloop
endfacet
facet normal -1 0 0
outer loop
vertex 139.5 -156.3286933 2
vertex 139.5 -153.38581929876693 0
vertex 139.5 -153.47117792060484 0
endloop
endfacet
facet normal -1 0 0
outer loop
vertex 139.5 -156.3286933 2
vertex 139.5 -153.47117792060484 0
vertex 139.5 -153.49999999999997 0
endloop
endfacet
facet normal -1 0 0
outer loop
vertex 139.5 -156.3286933 2
vertex 139.5 -153.49999999999997 0
vertex 139.5 -156.105 0
endloop
endfacet
facet normal -1 0 0
outer loop
vertex 139.5 -156.3286933 2
vertex 139.5 -156.105 0
vertex 139.5 -156.32869329999997 0
endloop
endfacet
facet normal -1 0 0
outer loop
vertex 139.5 -156.3286933 2
vertex 139.5 -156.32869329999997 0
vertex 139.5 -159.00000000000006 0
endloop
endfacet
facet normal -1 0 0
outer loop
vertex 139.5 -156.3286933 2
vertex 139.5 -159.00000000000006 0
vertex 139.5 -159.00000000000003 2
endloop
endfacet
facet normal -0.9961946980917434 -0.087155742747683 0
outer loop
vertex 139.5151922469878 -159.17364817766708 2
vertex 139.5 -159.00000000000003 2
vertex 139.5 -159.00000000000006 0
endloop
endfacet
facet normal -0.9961946980917434 -0.087155742747683 0
outer loop
vertex 139.5151922469878 -159.17364817766708 2
vertex 139.5 -159.00000000000006 0
vertex 139.5151922469878 -159.17364817766708 0
endloop
endfacet
facet normal -0.9659258262890629 -0.2588190451025413 0
outer loop
vertex 139.56030737921398 -159.3420201433254 2
vertex 139.5151922469878 -159.17364817766708 2
vertex 139.5151922469878 -159.17364817766708 0
endloop
endfacet
facet normal -0.9659258262890629 -0.2588190451025413 0
outer loop
vertex 139.56030737921398 -159.3420201433254 2
vertex 139.5151922469878 -159.17364817766708 0
vertex 139.560307379214 -159.34202014332547 0
endloop
endfacet
facet normal -0.9063077870366657 -0.42261826174066586 0
outer loop
vertex 139.63397459621555 -159.49999999999997 2
vertex 139.56030737921398 -159.3420201433254 2
vertex 139.560307379214 -159.34202014332547 0
endloop
endfacet
facet normal -0.9063077870366657 -0.42261826174066586 0
outer loop
vertex 139.63397459621555 -159.49999999999997 2
vertex 139.560307379214 -159.34202014332547 0
vertex 139.63397459621558 -159.50000000000006 0
endloop
endfacet
facet normal -0.8191520442889318 -0.5735764363511319 0
outer loop
vertex 139.73395555688106 -159.64278760968654 2
vertex 139.63397459621555 -159.49999999999997 2
vertex 139.63397459621558 -159.50000000000006 0
endloop
endfacet
facet normal -0.8191520442889318 -0.5735764363511319 0
outer loop
vertex 139.73395555688106 -159.64278760968654 2
vertex 139.63397459621558 -159.50000000000006 0
vertex 139.73395555688103 -159.64278760968654 0
endloop
endfacet
facet normal -0.7071067811865476 -0.7071067811865476 0
outer loop
vertex 139.85721239031346 -159.76604444311894 2
vertex 139.73395555688106 -159.64278760968654 2
vertex 139.73395555688103 -159.64278760968654 0
endloop
endfacet
facet normal -0.7071067811865476 -0.7071067811865476 0
outer loop
vertex 139.85721239031346 -159.76604444311894 2
vertex 139.73395555688103 -159.64278760968654 0
vertex 139.8572123903134 -159.76604444311891 0
endloop
endfacet
facet normal -0.5735764363511117 -0.8191520442889458 0
outer loop
vertex 140.00000000000023 -159.8660254037846 2
vertex 139.85721239031346 -159.76604444311894 2
vertex 139.8572123903134 -159.76604444311891 0
endloop
endfacet
facet normal -0.5735764363511117 -0.8191520442889458 0
outer loop
vertex 140.00000000000023 -159.8660254037846 2
vertex 139.8572123903134 -159.76604444311891 0
vertex 140.00000000000017 -159.86602540378453 0
endloop
endfacet
facet normal -0.42261826174063977 -0.9063077870366778 0
outer loop
vertex 140.1579798566742 -159.93969262078588 2
vertex 140.00000000000023 -159.8660254037846 2
vertex 140.00000000000017 -159.86602540378453 0
endloop
endfacet
facet normal -0.42261826174063977 -0.9063077870366778 0
outer loop
vertex 140.1579798566742 -159.93969262078588 2
vertex 140.00000000000017 -159.86602540378453 0
vertex 140.1579798566744 -159.93969262078593 0
endloop
endfacet
facet normal -0.25881904510251297 -0.9659258262890704 0
outer loop
vertex 140.32635182233312 -159.98480775301223 2
vertex 140.1579798566742 -159.93969262078588 2
vertex 140.1579798566744 -159.93969262078593 0
endloop
endfacet
facet normal -0.25881904510251297 -0.9659258262890704 0
outer loop
vertex 140.32635182233312 -159.98480775301223 2
vertex 140.1579798566744 -159.93969262078593 0
vertex 140.3263518223331 -159.9848077530122 0
endloop
endfacet
facet normal -0.08715574274771136 -0.9961946980917409 0
outer loop
vertex 140.5 -160 2
vertex 140.32635182233312 -159.98480775301223 2
vertex 140.3263518223331 -159.9848077530122 0
endloop
endfacet
facet normal -0.08715574274771136 -0.9961946980917409 0
outer loop
vertex 140.5 -160 2
vertex 140.3263518223331 -159.9848077530122 0
vertex 140.49999999999983 -160 0
endloop
endfacet
facet normal 0 1 0
outer loop
vertex 158.5 -115.15 2
vertex 158.5 -115.15 0
vertex 140.5 -115.15 0
endloop
endfacet
facet normal 0 1 0
outer loop
vertex 158.5 -115.15 2
vertex 140.5 -115.15 0
vertex 140.5 -115.15 2
endloop
endfacet
facet normal 1 0 0
outer loop
vertex 158.5 -132.15 0
vertex 158.5 -132.15 2
vertex 158.5 -135.15 2
endloop
endfacet
facet normal 1 0 0
outer loop
vertex 158.5 -132.15 0
vertex 158.5 -135.15 2
vertex 158.5 -135.15 0
endloop
endfacet
facet normal 1 0 0
outer loop
vertex 158.5 -115.15 0
vertex 158.5 -115.15 2
vertex 158.5 -118.15 2
endloop
endfacet
facet normal 1 0 0
outer loop
vertex 158.5 -115.15 0
vertex 158.5 -118.15 2
vertex 158.5 -118.15 0
endloop
endfacet
facet normal 1 0 0
outer loop
vertex 158.5 -93.15 0
vertex 158.49999999999994 -93.15 2
vertex 158.5 -101.15 2
endloop
endfacet
facet normal 1 0 0
outer loop
vertex 158.5 -93.15 0
vertex 158.5 -101.15 2
vertex 158.5 -101.15 0
endloop
endfacet
facet normal 0 1 0
outer loop
vertex 177.5 -118.15 2
vertex 177.5 -118.15 0
vertex 158.5 -118.15 0
endloop
endfacet
facet normal 0 1 0
outer loop
vertex 177.5 -118.15 2
vertex 158.5 -118.15 0
vertex 158.5 -118.15 2
endloop
endfacet
facet normal 0 1 0
outer loop
vertex 212.5 -118.15 2
vertex 212.5 -118.15 0
vertex 194.5 -118.15 0
endloop
endfacet
facet normal 0 1 0
outer loop
vertex 212.5 -118.15 2
vertex 194.5 -118.15 0
vertex 194.5 -118.15 2
endloop
endfacet
facet normal -1 0 0
outer loop
vertex 177.5 -130.3875 2
vertex 177.5 -130.3875 0
vertex 177.5 -135.15 0
endloop
endfacet
facet normal -1 0 0
outer loop
vertex 177.5 -130.3875 2
vertex 177.5 -135.15 0
vertex 177.5 -135.15 2
endloop
endfacet
facet normal -1 0 0
outer loop
vertex 177.5 -113.3875 2
vertex 177.5 -113.3875 0
vertex 177.5 -118.15 0
endloop
endfacet
facet normal -1 0 0
outer loop
vertex 177.5 -113.3875 2
vertex 177.5 -118.15 0
vertex 177.5 -118.15 2
endloop
endfacet
facet normal -1 0 0
outer loop
vertex 177.5 -96.3875 2
vertex 177.5 -96.3875 0
vertex 177.5 -101.15 0
endloop
endfacet
facet normal -1 0 0
outer loop
vertex 177.5 -96.3875 2
vertex 177.5 -101.15 0
vertex 177.5 -101.15 2
endloop
endfacet
facet normal 0 1 0
outer loop
vertex 194.5 -113.3875 2
vertex 194.5 -113.3875 0
vertex 177.5 -113.3875 0
endloop
endfacet
facet normal 0 1 0
outer loop
vertex 194.5 -113.3875 2
vertex 177.5 -113.3875 0
vertex 177.5 -113.3875 2
endloop
endfacet
facet normal 1 0 0
outer loop
vertex 194.5 -130.3875 0
vertex 194.5 -130.3875 2
vertex 194.5 -135.15 2
endloop
endfacet
facet normal 1 0 0
outer loop
vertex 194.5 -130.3875 0
vertex 194.5 -135.15 2
vertex 194.5 -135.15 0
endloop
endfacet
facet normal 1 0 0
outer loop
vertex 194.5 -113.3875 0
vertex 194.5 -113.3875 2
vertex 194.5 -118.15 2
endloop
endfacet
facet normal 1 0 0
outer loop
vertex 194.5 -113.3875 0
vertex 194.5 -118.15 2
vertex 194.5 -118.15 0
endloop
endfacet
facet normal 1 0 0
outer loop
vertex 194.5 -96.3875 0
vertex 194.5 -96.3875 2
vertex 194.5 -101.15 2
endloop
endfacet
facet normal 1 0 0
outer loop
vertex 194.5 -96.3875 0
vertex 194.5 -101.15 2
vertex 194.5 -101.15 0
endloop
endfacet
facet normal 1 0 0
outer loop
vertex 212.5 -135.15 0
vertex 212.5 -135.15 2
vertex 212.5 -138.0075 2
endloop
endfacet
facet normal 1 0 0
outer loop
vertex 212.5 -135.15 0
vertex 212.5 -138.0075 2
vertex 212.5 -138.0075 0
endloop
endfacet
facet normal 1 0 0
outer loop
vertex 212.5 -118.15 0
vertex 212.5 -118.15 2
vertex 212.5 -121.0075 2
endloop
endfacet
facet normal 1 0 0
outer loop
vertex 212.5 -118.15 0
vertex 212.5 -121.0075 2
vertex 212.5 -121.0075 0
endloop
endfacet
facet normal 1 0 0
outer loop
vertex 212.5 -101.15 0
vertex 212.5 -101.15 2
vertex 212.5 -104.0075 2
endloop
endfacet
facet normal 1 0 0
outer loop
vertex 212.5 -101.15 0
vertex 212.5 -104.0075 2
vertex 212.5 -104.0075 0
endloop
endfacet
facet normal 0 1 0
outer loop
vertex 231.5 -121.0075 2
vertex 231.5 -121.0075 0
vertex 212.5 -121.0075 0
endloop
endfacet
facet normal 0 1 0
outer loop
vertex 231.5 -121.0075 2
vertex 212.5 -121.0075 0
vertex 212.5 -121.0075 2
endloop
endfacet
facet normal -1 0 0
outer loop
vertex 231.5 -130.0075 2
vertex 231.5 -130.0075 0
vertex 231.5 -138.0075 0
endloop
endfacet
facet normal -1 0 0
outer loop
vertex 231.5 -130.0075 2
vertex 231.5 -138.0075 0
vertex 231.5 -138.0075 2
endloop
endfacet
facet normal -1 0 0
outer loop
vertex 231.5 -114.85679511205714 2
vertex 231.5 -114.83961686223978 2
vertex 231.5 -114.7717136 2
endloop
endfacet
facet normal -1 0 0
outer loop
vertex 231.5 -114.85679511205714 2
vertex 231.5 -114.7717136 2
vertex 231.5 -114.77171360000001 0
endloop
endfacet
facet normal -1 0 0
outer loop
vertex 231.5 -114.85679511205714 2
vertex 231.5 -114.77171360000001 0
vertex 231.5 -114.83961686223977 0
endloop
endfacet
facet normal -1 0 0
outer loop
vertex 231.5 -114.85679511205714 2
vertex 231.5 -114.83961686223977 0
vertex 231.5 -114.85679511205714 0
endloop
endfacet
facet normal -1 0 0
outer loop
vertex 231.5 -114.85679511205714 2
vertex 231.5 -114.85679511205714 0
vertex 231.5 -121.0075 0
endloop
endfacet
facet normal -1 0 0
outer loop
vertex 231.5 -114.85679511205714 2
vertex 231.5 -121.0075 0
vertex 231.5 -121.0075 2
endloop
endfacet
facet normal -1 0 0
outer loop
vertex 231.5 -103.8575 2
vertex 231.5 -103.82711550602441 2
vertex 231.5 -103.73688524157181 2
endloop
endfacet
facet normal -1 0 0
outer loop
vertex 231.5 -103.8575 2
vertex 231.5 -103.73688524157181 2
vertex 231.5 -103.5895508075689 2
endloop
endfacet
facet normal -1 0 0
outer loop
vertex 231.5 -103.8575 2
vertex 231.5 -103.5895508075689 2
vertex 231.5 -103.389588886238 2
endloop
endfacet
facet normal -1 0 0
outer loop
vertex 231.5 -103.8575 2
vertex 231.5 -103.389588886238 2
vertex 231.5 -103.14307521937307 2
endloop
endfacet
facet normal -1 0 0
outer loop
vertex 231.5 -103.8575 2
vertex 231.5 -103.14307521937307 2
vertex 231.5 -102.8575 2
endloop
endfacet
facet normal -1 0 0
outer loop
vertex 231.5 -103.8575 2
vertex 231.5 -102.8575 2
vertex 231.5 -102.54154028665123 2
endloop
endfacet
facet normal -1 0 0
outer loop
vertex 231.5 -103.8575 2
vertex 231.5 -102.54154028665123 2
vertex 231.5 -102.20479635533381 2
endloop
endfacet
facet normal -1 0 0
outer loop
vertex 231.5 -103.8575 2
vertex 231.5 -102.20479635533381 2
vertex 231.5 -101.85750000000024 2
endloop
endfacet
facet normal -1 0 0
outer loop
vertex 231.5 -103.8575 2
vertex 231.5 -101.85750000000024 2
vertex 231.5 -96.0075 2
endloop
endfacet
facet normal -1 0 0
outer loop
vertex 231.5 -103.8575 2
vertex 231.5 -96.0075 2
vertex 231.5 -96.0075 0
endloop
endfacet
facet normal -1 0 0
outer loop
vertex 231.5 -103.8575 2
vertex 231.5 -96.0075 0
vertex 231.5 -101.85750000000026 0
endloop
endfacet
facet normal -1 0 0
outer loop
vertex 231.5 -103.8575 2
vertex 231.5 -101.85750000000026 0
vertex 231.5 -102.20479635533378 0
endloop
endfacet
facet normal -1 0 0
outer loop
vertex 231.5 -103.8575 2
vertex 231.5 -102.20479635533378 0
vertex 231.5 -102.54154028665128 0
endloop
endfacet
facet normal -1 0 0
outer loop
vertex 231.5 -103.8575 2
vertex 231.5 -102.54154028665128 0
vertex 231.5 -102.85749999999983 0
endloop
endfacet
facet normal -1 0 0
outer loop
vertex 231.5 -103.8575 2
vertex 231.5 -102.85749999999983 0
vertex 231.5 -103.1430752193731 0
endloop
endfacet
facet normal -1 0 0
outer loop
vertex 231.5 -103.8575 2
vertex 231.5 -103.1430752193731 0
vertex 231.5 -103.38958888623804 0
endloop
endfacet
facet normal -1 0 0
outer loop
vertex 231.5 -103.8575 2
vertex 231.5 -103.38958888623804 0
vertex 231.5 -103.58955080756893 0
endloop
endfacet
facet normal -1 0 0
outer loop
vertex 231.5 -103.8575 2
vertex 231.5 -103.58955080756893 0
vertex 231.5 -103.73688524157178 0
endloop
endfacet
facet normal -1 0 0
outer loop
vertex 231.5 -103.8575 2
vertex 231.5 -103.73688524157178 0
vertex 231.5 -103.82711550602441 0
endloop
endfacet
facet normal -1 0 0
outer loop
vertex 231.5 -103.8575 2
vertex 231.5 -103.82711550602441 0
vertex 231.5 -103.8575 0
endloop
endfacet
facet normal -1 0 0
outer loop
vertex 231.5 -103.8575 2
vertex 231.5 -103.8575 0
vertex 231.5 -104.0075 0
endloop
endfacet
facet normal -1 0 0
outer loop
vertex 231.5 -103.8575 2
vertex 231.5 -104.0075 0
vertex 231.5 -104.0075 2
endloop
endfacet
facet normal 0.24470442627307454 0.9695977226470602 0
outer loop
vertex 231.5 -114.7717136 2
vertex 231.76905458732702 -114.83961686223978 2
vertex 231.7690545873269 -114.83961686223977 0
endloop
endfacet
facet normal 0.24470442627307454 0.9695977226470602 0
outer loop
vertex 231.5 -114.7717136 2
vertex 231.7690545873269 -114.83961686223977 0
vertex 231.5 -114.77171360000001 0
endloop
endfacet
facet normal 0.06190579788375318 0.9980819967259082 0
outer loop
vertex 231.76905458732702 -114.83961686223978 2
vertex 232.04601252122146 -114.85679511205714 2
vertex 232.04601252122157 -114.85679511205714 0
endloop
endfacet
facet normal 0.06190579788375318 0.9980819967259082 0
outer loop
vertex 231.76905458732702 -114.83961686223978 2
vertex 232.04601252122157 -114.85679511205714 0
vertex 231.7690545873269 -114.83961686223977 0
endloop
endfacet
facet normal -0.12300056477724292 0.9924066006755896 0
outer loop
vertex 232.04601252122146 -114.85679511205714 2
vertex 232.32139558855255 -114.82266366554244 2
vertex 232.32139558855252 -114.82266366554244 0
endloop
endfacet
facet normal -0.12300056477724292 0.9924066006755896 0
outer loop
vertex 232.04601252122146 -114.85679511205714 2
vertex 232.32139558855252 -114.82266366554244 0
vertex 232.04601252122157 -114.85679511205714 0
endloop
endfacet
facet normal -0.30369753162204866 0.9527684972157061 0
outer loop
vertex 232.32139558855255 -114.82266366554244 2
vertex 232.58577947217537 -114.73839058861815 2
vertex 232.5857794721754 -114.73839058861812 0
endloop
endfacet
facet normal -0.30369753162204866 0.9527684972157061 0
outer loop
vertex 232.32139558855255 -114.82266366554244 2
vertex 232.5857794721754 -114.73839058861812 0
vertex 232.32139558855252 -114.82266366554244 0
endloop
endfacet
facet normal -0.4740011874989709 0.880524204238342 0
outer loop
vertex 232.58577947217537 -114.73839058861815 2
vertex 232.8301162753139 -114.60685992281714 2
vertex 232.83011627531388 -114.60685992281715 0
endloop
endfacet
facet normal -0.4740011874989709 0.880524204238342 0
outer loop
vertex 232.58577947217537 -114.73839058861815 2
vertex 232.83011627531388 -114.60685992281715 0
vertex 232.5857794721754 -114.73839058861812 0
endloop
endfacet
facet normal -0.6280833031000936 0.778146107339024 0
outer loop
vertex 232.8301162753139 -114.60685992281714 2
vertex 233.04604416386763 -114.43257298596153 2
vertex 233.04604416386772 -114.43257298596143 0
endloop
endfacet
facet normal -0.6280833031000936 0.778146107339024 0
outer loop
vertex 232.8301162753139 -114.60685992281714 2
vertex 233.04604416386772 -114.43257298596143 0
vertex 232.83011627531388 -114.60685992281715 0
endloop
endfacet
facet normal -0.7606707919649838 0.6491378484200135 0
outer loop
vertex 233.04604416386763 -114.43257298596153 2
vertex 233.22617352989246 -114.22149432548325 2
vertex 233.22617352989252 -114.22149432548316 0
endloop
endfacet
facet normal -0.7606707919649838 0.6491378484200135 0
outer loop
vertex 233.04604416386763 -114.43257298596153 2
vertex 233.22617352989252 -114.22149432548316 0
vertex 233.04604416386772 -114.43257298596143 0
endloop
endfacet
facet normal -0.8672261690675483 0.49791442204903463 0
outer loop
vertex 233.22617352989246 -114.22149432548325 2
vertex 233.36433988299723 -113.98084759626421 2
vertex 233.36433988299714 -113.98084759626434 0
endloop
endfacet
facet normal -0.8672261690675483 0.49791442204903463 0
outer loop
vertex 233.22617352989246 -114.22149432548325 2
vertex 233.36433988299714 -113.98084759626434 0
vertex 233.22617352989252 -114.22149432548316 0
endloop
endfacet
facet normal -0.9441028352284694 0.32965108298557977 0
outer loop
vertex 233.36433988299723 -113.98084759626421 2
vertex 233.4558148150661 -113.71886834858081 2
vertex 233.45581481506605 -113.71886834858098 0
endloop
endfacet
facet normal -0.9441028352284694 0.32965108298557977 0
outer loop
vertex 233.36433988299723 -113.98084759626421 2
vertex 233.45581481506605 -113.71886834858098 0
vertex 233.36433988299714 -113.98084759626434 0
endloop
endfacet
facet normal -0.9886698731225763 0.1501062356459217 0
outer loop
vertex 233.4558148150661 -113.71886834858081 2
vertex 233.49746781855234 -113.44452218637979 2
vertex 233.49746781855234 -113.44452218637967 0
endloop
endfacet
facet normal -0.9886698731225763 0.1501062356459217 0
outer loop
vertex 233.4558148150661 -113.71886834858081 2
vertex 233.49746781855234 -113.44452218637967 0
vertex 233.45581481506605 -113.71886834858098 0
endloop
endfacet
facet normal -0.9994020840388029 -0.03457563331159007 0
outer loop
vertex 233.49746781855234 -113.44452218637979 2
vertex 233.48787342050042 -113.1671979412447 2
vertex 233.4878734205004 -113.16719794124448 0
endloop
endfacet
facet normal -0.9994020840388029 -0.03457563331159007 0
outer loop
vertex 233.49746781855234 -113.44452218637979 2
vertex 233.4878734205004 -113.16719794124448 0
vertex 233.49746781855234 -113.44452218637967 0
endloop
endfacet
facet normal -0.975932184104889 -0.2180742351316661 0
outer loop
vertex 233.48787342050042 -113.1671979412447 2
vertex 233.4273599658986 -112.89638636241868 2
vertex 233.42735996589866 -112.8963863624189 0
endloop
endfacet
facet normal -0.975932184104889 -0.2180742351316661 0
outer loop
vertex 233.48787342050042 -113.1671979412447 2
vertex 233.42735996589866 -112.8963863624189 0
vertex 233.4878734205004 -113.16719794124448 0
endloop
endfacet
facet normal -0.9190633736862752 -0.394109775504747 0
outer loop
vertex 233.4273599658986 -112.89638636241868 2
vertex 233.31799838086908 -112.64135531894817 2
vertex 233.31799838086906 -112.64135531894814 0
endloop
endfacet
facet normal -0.9190633736862752 -0.394109775504747 0
outer loop
vertex 233.4273599658986 -112.89638636241868 2
vertex 233.31799838086906 -112.64135531894814 0
vertex 233.42735996589866 -112.8963863624189 0
endloop
endfacet
facet normal -0.8307418498032191 -0.5566578652866818 0
outer loop
vertex 233.31799838086908 -112.64135531894817 2
vertex 233.16353130024683 -112.41083262935364 2
vertex 233.16353130024683 -112.41083262935366 0
endloop
endfacet
facet normal -0.8307418498032191 -0.5566578652866818 0
outer loop
vertex 233.31799838086908 -112.64135531894817 2
vertex 233.16353130024683 -112.41083262935366 0
vertex 233.31799838086906 -112.64135531894814 0
endloop
endfacet
facet normal -0.7139902022604848 -0.7001556905974784 0
outer loop
vertex 233.16353130024683 -112.41083262935364 2
vertex 232.96924498498583 -112.21270737322487 2
vertex 232.96924498498578 -112.21270737322483 0
endloop
endfacet
facet normal -0.7139902022604848 -0.7001556905974784 0
outer loop
vertex 233.16353130024683 -112.41083262935364 2
vertex 232.96924498498578 -112.21270737322483 0
vertex 233.16353130024683 -112.41083262935366 0
endloop
endfacet
facet normal -0.5728039728477422 -0.8196923866243012 0
outer loop
vertex 232.96924498498583 -112.21270737322487 2
vertex 232.74178841270688 -112.05375990661697 2
vertex 232.7417884127069 -112.05375990661699 0
endloop
endfacet
facet normal -0.5728039728477422 -0.8196923866243012 0
outer loop
vertex 232.96924498498583 -112.21270737322487 2
vertex 232.7417884127069 -112.05375990661699 0
vertex 232.96924498498578 -112.21270737322483 0
endloop
endfacet
facet normal -0.4120149176176824 -0.9111771000527256 0
outer loop
vertex 232.74178841270688 -112.05375990661697 2
vertex 232.48894573257613 -111.93942982082106 2
vertex 232.48894573257616 -111.93942982082108 0
endloop
endfacet
facet normal -0.4120149176176824 -0.9111771000527256 0
outer loop
vertex 232.74178841270688 -112.05375990661697 2
vertex 232.48894573257616 -111.93942982082108 0
vertex 232.7417884127069 -112.05375990661699 0
endloop
endfacet
facet normal -0.2371256517624404 -0.9714789885922587 0
outer loop
vertex 232.48894573257613 -111.93942982082106 2
vertex 232.21936987168988 -111.87362978555247 2
vertex 232.21936987168982 -111.87362978555245 0
endloop
endfacet
facet normal -0.2371256517624404 -0.9714789885922587 0
outer loop
vertex 232.48894573257613 -111.93942982082106 2
vertex 232.21936987168982 -111.87362978555245 0
vertex 232.48894573257616 -111.93942982082108 0
endloop
endfacet
facet normal -0.05412133596229296 -0.9985343664559858 0
outer loop
vertex 232.21936987168988 -111.87362978555247 2
vertex 231.94228640964624 -111.85861164732646 2
vertex 231.94228640964633 -111.85861164732646 0
endloop
endfacet
facet normal -0.05412133596229296 -0.9985343664559858 0
outer loop
vertex 232.21936987168988 -111.87362978555247 2
vertex 231.94228640964633 -111.85861164732646 0
vertex 232.21936987168982 -111.87362978555245 0
endloop
endfacet
facet normal 0.13073515121266152 -0.9914173289979364 0
outer loop
vertex 231.94228640964624 -111.85861164732646 2
vertex 231.66717785547215 -111.89488936547588 2
vertex 231.6671778554723 -111.89488936547586 0
endloop
endfacet
facet normal 0.13073515121266152 -0.9914173289979364 0
outer loop
vertex 231.94228640964624 -111.85861164732646 2
vertex 231.6671778554723 -111.89488936547586 0
vertex 231.94228640964633 -111.85861164732646 0
endloop
endfacet
facet normal 0.3111175451219608 -0.9503714395526018 0
outer loop
vertex 231.66717785547215 -111.89488936547588 2
vertex 231.40345913176603 -111.98122142314037 2
vertex 231.4034591317658 -111.98122142314047 0
endloop
endfacet
facet normal 0.3111175451219608 -0.9503714395526018 0
outer loop
vertex 231.66717785547215 -111.89488936547588 2
vertex 231.4034591317658 -111.98122142314047 0
vertex 231.6671778554723 -111.89488936547586 0
endloop
endfacet
facet normal 0.480852696109196 -0.8768013940708108 0
outer loop
vertex 231.40345913176603 -111.98122142314037 2
vertex 231.16015537182008 -112.11465331516821 2
vertex 231.16015542807327 -112.11465331516823 0
endloop
endfacet
facet normal 0.480852696109196 -0.8768013940708108 0
outer loop
vertex 231.40345913176603 -111.98122142314037 2
vertex 231.16015542807327 -112.11465331516823 0
vertex 231.4034591317658 -111.98122142314047 0
endloop
endfacet
facet normal 0.6341318305664959 -0.7732249488101022 0
outer loop
vertex 231.16015537182008 -112.11465331516821 2
vertex 230.9455930563384 -112.29061865888399 2
vertex 230.94559313769886 -112.29061865888394 0
endloop
endfacet
facet normal 0.6341318305664959 -0.7732249488101022 0
outer loop
vertex 231.16015537182008 -112.11465331516821 2
vertex 230.94559313769886 -112.29061865888394 0
vertex 231.16015542807327 -112.11465331516823 0
endloop
endfacet
facet normal 0.7657093421144434 -0.643186756236994 0
outer loop
vertex 230.9455930563384 -112.29061865888399 2
vertex 230.7671150598412 -112.50309546745406 2
vertex 230.76711515684468 -112.50309546745413 0
endloop
endfacet
facet normal 0.7657093421144434 -0.643186756236994 0
outer loop
vertex 230.9455930563384 -112.29061865888399 2
vertex 230.76711515684468 -112.50309546745413 0
vertex 230.94559313769886 -112.29061865888394 0
endloop
endfacet
facet normal 0.871082309749326 -0.49113705789909534 0
outer loop
vertex 230.7671150598412 -112.50309546745406 2
vertex 230.6308293586052 -112.7448122377712 2
vertex 230.63082947094682 -112.74481223777136 0
endloop
endfacet
facet normal 0.871082309749326 -0.49113705789909534 0
outer loop
vertex 230.7671150598412 -112.50309546745406 2
vertex 230.63082947094682 -112.74481223777136 0
vertex 230.76711515684468 -112.50309546745413 0
endloop
endfacet
facet normal 0.9466445993863559 -0.32227938570849657 0
outer loop
vertex 230.6308293586052 -112.7448122377712 2
vertex 230.5414 -113.00749698952113 2
vertex 230.54139999999998 -113.00749722680209 0
endloop
endfacet
facet normal 0.9466445993863559 -0.32227938570849657 0
outer loop
vertex 230.6308293586052 -112.7448122377712 2
vertex 230.54139999999998 -113.00749722680209 0
vertex 230.63082947094682 -112.74481223777136 0
endloop
endfacet
facet normal 1.8777799937197415e-7 -0.9999999999999825 0
outer loop
vertex 230.5414 -113.00749698952113 2
vertex 213.5 -113.00749698952113 2
vertex 213.5 -113.00749722680209 0
endloop
endfacet
facet normal 1.8777799937197415e-7 -0.9999999999999825 0
outer loop
vertex 230.5414 -113.00749698952113 2
vertex 213.5 -113.00749722680209 0
vertex 230.54139999999998 -113.00749722680209 0
endloop
endfacet
facet normal -1 0 0
outer loop
vertex 213.5 -127.15 2
vertex 213.5 -127.15 0
vertex 213.5 -130.0075 0
endloop
endfacet
facet normal -1 0 0
outer loop
vertex 213.5 -127.15 2
vertex 213.5 -130.0075 0
vertex 213.5 -130.0075 2
endloop
endfacet
facet normal -1 0 0
outer loop
vertex 213.5 -112.7448122377712 2
vertex 213.5 -112.50309546745406 2
vertex 213.5 -112.29061865888399 2
endloop
endfacet
facet normal -1 0 0
outer loop
vertex 213.5 -112.7448122377712 2
vertex 213.5 -112.29061865888399 2
vertex 213.5 -112.11465331516821 2
endloop
endfacet
facet normal -1 0 0
outer loop
vertex 213.5 -112.7448122377712 2
vertex 213.5 -112.11465331516821 2
vertex 213.5 -111.98122142314037 2
endloop
endfacet
facet normal -1 0 0
outer loop
vertex 213.5 -112.7448122377712 2
vertex 213.5 -111.98122142314037 2
vertex 213.5 -111.89488936547588 2
endloop
endfacet
facet normal -1 0 0
outer loop
vertex 213.5 -112.7448122377712 2
vertex 213.5 -111.89488936547588 2
vertex 213.5 -111.85861164732646 2
endloop
endfacet
facet normal -1 0 0
outer loop
vertex 213.5 -112.7448122377712 2
vertex 213.5 -111.85861164732646 2
vertex 213.5 -110.15 2
endloop
endfacet
facet normal -1 0 0
outer loop
vertex 213.5 -112.7448122377712 2
vertex 213.5 -110.15 2
vertex 213.5 -110.15 0
endloop
endfacet
facet normal -1 0 0
outer loop
vertex 213.5 -112.7448122377712 2
vertex 213.5 -110.15 0
vertex 213.5 -111.85861164732646 0
endloop
endfacet
facet normal -1 0 0
outer loop
vertex 213.5 -112.7448122377712 2
vertex 213.5 -111.85861164732646 0
vertex 213.5 -111.89488936547586 0
endloop
endfacet
facet normal -1 0 0
outer loop
vertex 213.5 -112.7448122377712 2
vertex 213.5 -111.89488936547586 0
vertex 213.5 -111.98122142314047 0
endloop
endfacet
facet normal -1 0 0
outer loop
vertex 213.5 -112.7448122377712 2
vertex 213.5 -111.98122142314047 0
vertex 213.5 -112.11465331516823 0
endloop
endfacet
facet normal -1 0 0
outer loop
vertex 213.5 -112.7448122377712 2
vertex 213.5 -112.11465331516823 0
vertex 213.5 -112.29061865888394 0
endloop
endfacet
facet normal -1 0 0
outer loop
vertex 213.5 -112.7448122377712 2
vertex 213.5 -112.29061865888394 0
vertex 213.5 -112.50309546745413 0
endloop
endfacet
facet normal -1 0 0
outer loop
vertex 213.5 -112.7448122377712 2
vertex 213.5 -112.50309546745413 0
vertex 213.5 -112.74481223777136 0
endloop
endfacet
facet normal -1 0 0
outer loop
vertex 213.5 -112.7448122377712 2
vertex 213.5 -112.74481223777136 0
vertex 213.5 -113.00749722680209 0
endloop
endfacet
facet normal -1 0 0
outer loop
vertex 213.5 -112.7448122377712 2
vertex 213.5 -113.00749722680209 0
vertex 213.5 -113.00749698952113 2
endloop
endfacet
facet normal -1 0 0
outer loop
vertex 213.5 -94.8575 2
vertex 213.5 -94.84230775301221 2
vertex 213.5 -94.79719262078594 2
endloop
endfacet
facet normal -1 0 0
outer loop
vertex 213.5 -94.8575 2
vertex 213.5 -94.79719262078594 2
vertex 213.5 -94.72352540378444 2
endloop
endfacet
facet normal -1 0 0
outer loop
vertex 213.5 -94.8575 2
vertex 213.5 -94.72352540378444 2
vertex 213.5 -94.62354444311897 2
endloop
endfacet
facet normal -1 0 0
outer loop
vertex 213.5 -94.8575 2
vertex 213.5 -94.62354444311897 2
vertex 213.5 -94.50028760968665 2
endloop
endfacet
facet normal -1 0 0
outer loop
vertex 213.5 -94.8575 2
vertex 213.5 -94.50028760968665 2
vertex 213.5 -94.3574999999998 2
endloop
endfacet
facet normal -1 0 0
outer loop
vertex 213.5 -94.8575 2
vertex 213.5 -94.3574999999998 2
vertex 213.5 -94.19952014332563 2
endloop
endfacet
facet normal -1 0 0
outer loop
vertex 213.5 -94.8575 2
vertex 213.5 -94.19952014332563 2
vertex 213.5 -94.03114817766685 2
endloop
endfacet
facet normal -1 0 0
outer loop
vertex 213.5 -94.8575 2
vertex 213.5 -94.03114817766685 2
vertex 213.5 -93.85750000000041 2
endloop
endfacet
facet normal -1 0 0
outer loop
vertex 213.5 -94.8575 2
vertex 213.5 -93.85750000000041 2
vertex 213.5 -93.15 2
endloop
endfacet
facet normal -1 0 0
outer loop
vertex 213.5 -94.8575 2
vertex 213.5 -93.15 2
vertex 213.5 -93.15 0
endloop
endfacet
facet normal -1 0 0
outer loop
vertex 213.5 -94.8575 2
vertex 213.5 -93.15 0
vertex 213.5 -93.85750000000024 0
endloop
endfacet
facet normal -1 0 0
outer loop
vertex 213.5 -94.8575 2
vertex 213.5 -93.85750000000024 0
vertex 213.5 -94.03114817766686 0
endloop
endfacet
facet normal -1 0 0
outer loop
vertex 213.5 -94.8575 2
vertex 213.5 -94.03114817766686 0
vertex 213.5 -94.19952014332569 0
endloop
endfacet
facet normal -1 0 0
outer loop
vertex 213.5 -94.8575 2
vertex 213.5 -94.19952014332569 0
vertex 213.5 -94.35749999999987 0
endloop
endfacet
facet normal -1 0 0
outer loop
vertex 213.5 -94.8575 2
vertex 213.5 -94.35749999999987 0
vertex 213.5 -94.50028760968664 0
endloop
endfacet
facet normal -1 0 0
outer loop
vertex 213.5 -94.8575 2
vertex 213.5 -94.50028760968664 0
vertex 213.5 -94.62354444311894 0
endloop
endfacet
facet normal -1 0 0
outer loop
vertex 213.5 -94.8575 2
vertex 213.5 -94.62354444311894 0
vertex 213.5 -94.7235254037845 0
endloop
endfacet
facet normal -1 0 0
outer loop
vertex 213.5 -94.8575 2
vertex 213.5 -94.7235254037845 0
vertex 213.5 -94.79719262078592 0
endloop
endfacet
facet normal -1 0 0
outer loop
vertex 213.5 -94.8575 2
vertex 213.5 -94.79719262078592 0
vertex 213.5 -94.8423077530122 0
endloop
endfacet
facet normal -1 0 0
outer loop
vertex 213.5 -94.8575 2
vertex 213.5 -94.8423077530122 0
vertex 213.5 -94.8575 0
endloop
endfacet
facet normal -1 0 0
outer loop
vertex 213.5 -94.8575 2
vertex 213.5 -94.8575 0
vertex 213.5 -96.0075 0
endloop
endfacet
facet normal -1 0 0
outer loop
vertex 213.5 -94.8575 2
vertex 213.5 -96.0075 0
vertex 213.5 -96.0075 2
endloop
endfacet
facet normal 0 -1 0
outer loop
vertex 176.5 -110.15 0
vertex 176.5 -110.15 2
vertex 159.5 -110.15 2
endloop
endfacet
facet normal 0 -1 0
outer loop
vertex 176.5 -110.15 0
vertex 159.5 -110.15 2
vertex 159.5 -110.15 0
endloop
endfacet
facet normal 0 -1 0
outer loop
vertex 213.5 -110.15 0
vertex 213.5 -110.15 2
vertex 195.5 -110.15 2
endloop
endfacet
facet normal 0 -1 0
outer loop
vertex 213.5 -110.15 0
vertex 195.5 -110.15 2
vertex 195.5 -110.15 0
endloop
endfacet
facet normal -1 0 0
outer loop
vertex 195.5 -122.3875 2
vertex 195.5 -122.3875 0
vertex 195.5 -127.15 0
endloop
endfacet
facet normal -1 0 0
outer loop
vertex 195.5 -122.3875 2
vertex 195.5 -127.15 0
vertex 195.5 -127.15 2
endloop
endfacet
facet normal -1 0 0
outer loop
vertex 195.5 -105.3875 2
vertex 195.5 -105.3875 0
vertex 195.5 -110.15 0
endloop
endfacet
facet normal -1 0 0
outer loop
vertex 195.5 -105.3875 2
vertex 195.5 -110.15 0
vertex 195.5 -110.15 2
endloop
endfacet
facet normal -1 0 -1.4210854715202004e-14
outer loop
vertex 195.5 -92 2
vertex 195.5 -91.98480775301219 2
vertex 195.5 -91.93969262078595 2
endloop
endfacet
facet normal -1 0 -1.4210854715202004e-14
outer loop
vertex 195.5 -92 2
vertex 195.5 -91.93969262078595 2
vertex 195.5 -91.86602540378432 2
endloop
endfacet
facet normal -1 0 -1.4210854715202004e-14
outer loop
vertex 195.5 -92 2
vertex 195.5 -91.86602540378432 2
vertex 195.5 -91.76604444311909 2
endloop
endfacet
facet normal -1 0 -1.4210854715202004e-14
outer loop
vertex 195.5 -92 2
vertex 195.5 -91.76604444311909 2
vertex 195.5 -91.64278760968669 2
endloop
endfacet
facet normal -1 0 -1.4210854715202004e-14
outer loop
vertex 195.5 -92 2
vertex 195.5 -91.64278760968669 2
vertex 195.5 -91.49999999999987 2
endloop
endfacet
facet normal -1 0 -1.4210854715202004e-14
outer loop
vertex 195.5 -92 2
vertex 195.5 -91.49999999999987 2
vertex 195.5 -91.3420201433256 2
endloop
endfacet
facet normal -1 0 -1.4210854715202004e-14
outer loop
vertex 195.5 -92 2
vertex 195.5 -91.3420201433256 2
vertex 195.5 -91.17364817766693 2
endloop
endfacet
facet normal -1 0 -1.4210854715202004e-14
outer loop
vertex 195.5 -92 2
vertex 195.5 -91.17364817766693 2
vertex 195.5 -90.99999999999974 2
endloop
endfacet
facet normal -1 0 -1.4210854715202004e-14
outer loop
vertex 195.5 -92 2
vertex 195.5 -90.99999999999974 2
vertex 195.5 -88.3875 2
endloop
endfacet
facet normal -1 0 -1.4210854715202004e-14
outer loop
vertex 195.5 -92 2
vertex 195.5 -88.3875 2
vertex 195.50000000000003 -88.3875 0
endloop
endfacet
facet normal -1 0 -1.4210854715202004e-14
outer loop
vertex 195.5 -92 2
vertex 195.50000000000003 -88.3875 0
vertex 195.5 -90.99999999999979 0
endloop
endfacet
facet normal -1 0 -1.4210854715202004e-14
outer loop
vertex 195.5 -92 2
vertex 195.5 -90.99999999999979 0
vertex 195.5 -91.17364817766703 0
endloop
endfacet
facet normal -1 0 -1.4210854715202004e-14
outer loop
vertex 195.5 -92 2
vertex 195.5 -91.17364817766703 0
vertex 195.5 -91.34202014332566 0
endloop
endfacet
facet normal -1 0 -1.4210854715202004e-14
outer loop
vertex 195.5 -92 2
vertex 195.5 -91.34202014332566 0
vertex 195.5 -91.49999999999974 0
endloop
endfacet
facet normal -1 0 -1.4210854715202004e-14
outer loop
vertex 195.5 -92 2
vertex 195.5 -91.49999999999974 0
vertex 195.5 -91.64278760968665 0
endloop
endfacet
facet normal -1 0 -1.4210854715202004e-14
outer loop
vertex 195.5 -92 2
vertex 195.5 -91.64278760968665 0
vertex 195.5 -91.7660444431191 0
endloop
endfacet
facet normal -1 0 -1.4210854715202004e-14
outer loop
vertex 195.5 -92 2
vertex 195.5 -91.7660444431191 0
vertex 195.5 -91.86602540378439 0
endloop
endfacet
facet normal -1 0 -1.4210854715202004e-14
outer loop
vertex 195.5 -92 2
vertex 195.5 -91.86602540378439 0
vertex 195.5 -91.93969262078593 0
endloop
endfacet
facet normal -1 0 -1.4210854715202004e-14
outer loop
vertex 195.5 -92 2
vertex 195.5 -91.93969262078593 0
vertex 195.5 -91.9848077530122 0
endloop
endfacet
facet normal -1 0 -1.4210854715202004e-14
outer loop
vertex 195.5 -92 2
vertex 195.5 -91.9848077530122 0
vertex 195.5 -92 0
endloop
endfacet
facet normal -1 0 -1.4210854715202004e-14
outer loop
vertex 195.5 -92 2
vertex 195.5 -92 0
vertex 195.5 -93.15 0
endloop
endfacet
facet normal -1 0 -1.4210854715202004e-14
outer loop
vertex 195.5 -92 2
vertex 195.5 -93.15 0
vertex 195.5 -93.15 2
endloop
endfacet
facet normal 0 -1 0
outer loop
vertex 195.5 -105.3875 0
vertex 195.5 -105.3875 2
vertex 176.5 -105.3875 2
endloop
endfacet
facet normal 0 -1 0
outer loop
vertex 195.5 -105.3875 0
vertex 176.5 -105.3875 2
vertex 176.5 -105.3875 0
endloop
endfacet
facet normal 1 0 0
outer loop
vertex 176.5 -124.15 0
vertex 176.5 -122.3875 0
vertex 176.5 -122.3875 2
endloop
endfacet
facet normal 1 0 0
outer loop
vertex 176.5 -124.15 0
vertex 176.5 -122.3875 2
vertex 176.5 -124.15 2
endloop
endfacet
facet normal 1 0 0
outer loop
vertex 176.5 -124.15 0
vertex 176.5 -124.15 2
vertex 176.5 -127.15 2
endloop
endfacet
facet normal 1 0 0
outer loop
vertex 176.5 -124.15 0
vertex 176.5 -127.15 2
vertex 176.5 -127.15 0
endloop
endfacet
facet normal 1 0 0
outer loop
vertex 176.5 -110.03267694556068 0
vertex 176.5 -109.99904348848295 0
vertex 176.5 -109.91555700294882 0
endloop
endfacet
facet normal 1 0 0
outer loop
vertex 176.5 -110.03267694556068 0
vertex 176.5 -109.91555700294882 0
vertex 176.5 -109.78505710092422 0
endloop
endfacet
facet normal 1 0 0
outer loop
vertex 176.5 -110.03267694556068 0
vertex 176.5 -109.78505710092422 0
vertex 176.5 -109.61198245390216 0
endloop
endfacet
facet normal 1 0 0
outer loop
vertex 176.5 -110.03267694556068 0
vertex 176.5 -109.61198245390216 0
vertex 176.5 -109.40221982110529 0
endloop
endfacet
facet normal 1 0 0
outer loop
vertex 176.5 -110.03267694556068 0
vertex 176.5 -109.40221982110529 0
vertex 176.5 -109.16290382412355 0
endloop
endfacet
facet normal 1 0 0
outer loop
vertex 176.5 -110.03267694556068 0
vertex 176.5 -109.16290382412355 0
vertex 176.5 -108.90217427821355 0
endloop
endfacet
facet normal 1 0 0
outer loop
vertex 176.5 -110.03267694556068 0
vertex 176.5 -108.90217427821355 0
vertex 176.5 -108.628899334116 0
endloop
endfacet
facet normal 1 0 0
outer loop
vertex 176.5 -110.03267694556068 0
vertex 176.5 -108.628899334116 0
vertex 176.5 -108.35237384711571 0
endloop
endfacet
facet normal 1 0 0
outer loop
vertex 176.5 -110.03267694556068 0
vertex 176.5 -108.35237384711571 0
vertex 176.5 -108.08200323267376 0
endloop
endfacet
facet normal 1 0 0
outer loop
vertex 176.5 -110.03267694556068 0
vertex 176.5 -108.08200323267376 0
vertex 176.5 -107.82698356159268 0
endloop
endfacet
facet normal 1 0 0
outer loop
vertex 176.5 -110.03267694556068 0
vertex 176.5 -107.82698356159268 0
vertex 176.5 -107.59598877558878 0
endloop
endfacet
facet normal 1 0 0
outer loop
vertex 176.5 -110.03267694556068 0
vertex 176.5 -107.59598877558878 0
vertex 176.5 -107.39687566195208 0
endloop
endfacet
facet normal 1 0 0
outer loop
vertex 176.5 -110.03267694556068 0
vertex 176.5 -107.39687566195208 0
vertex 176.5 -107.23641662194578 0
endloop
endfacet
facet normal 1 0 0
outer loop
vertex 176.5 -110.03267694556068 0
vertex 176.5 -107.23641662194578 0
vertex 176.5 -107.120069322247 0
endloop
endfacet
facet normal 1 0 0
outer loop
vertex 176.5 -110.03267694556068 0
vertex 176.5 -107.120069322247 0
vertex 176.5 -107.05179106423589 0
endloop
endfacet
facet normal 1 0 0
outer loop
vertex 176.5 -110.03267694556068 0
vertex 176.5 -107.05179106423589 0
vertex 176.5 -107.0339041849619 0
endloop
endfacet
facet normal 1 0 0
outer loop
vertex 176.5 -110.03267694556068 0
vertex 176.5 -107.0339041849619 0
vertex 176.5 -106 0
endloop
endfacet
facet normal 1 0 0
outer loop
vertex 176.5 -110.03267694556068 0
vertex 176.5 -106 0
vertex 176.5 -105.98480775301219 0
endloop
endfacet
facet normal 1 0 0
outer loop
vertex 176.5 -110.03267694556068 0
vertex 176.5 -105.98480775301219 0
vertex 176.5 -105.9396926207859 0
endloop
endfacet
facet normal 1 0 0
outer loop
vertex 176.5 -110.03267694556068 0
vertex 176.5 -105.9396926207859 0
vertex 176.5 -105.86602540378448 0
endloop
endfacet
facet normal 1 0 0
outer loop
vertex 176.5 -110.03267694556068 0
vertex 176.5 -105.86602540378448 0
vertex 176.5 -105.7660444431189 0
endloop
endfacet
facet normal 1 0 0
outer loop
vertex 176.5 -110.03267694556068 0
vertex 176.5 -105.7660444431189 0
vertex 176.5 -105.64278760968666 0
endloop
endfacet
facet normal 1 0 0
outer loop
vertex 176.5 -110.03267694556068 0
vertex 176.5 -105.64278760968666 0
vertex 176.5 -105.49999999999977 0
endloop
endfacet
facet normal 1 0 0
outer loop
vertex 176.5 -110.03267694556068 0
vertex 176.5 -105.49999999999977 0
vertex 176.5 -105.3875 0
endloop
endfacet
facet normal 1 0 0
outer loop
vertex 176.5 -110.03267694556068 0
vertex 176.5 -105.3875 0
vertex 176.5 -105.3875 2
endloop
endfacet
facet normal 1 0 0
outer loop
vertex 176.5 -110.03267694556068 0
vertex 176.5 -105.3875 2
vertex 176.5 -105.49999999999997 2
endloop
endfacet
facet normal 1 0 0
outer loop
vertex 176.5 -110.03267694556068 0
vertex 176.5 -105.49999999999997 2
vertex 176.5 -105.6427876096865 2
endloop
endfacet
facet normal 1 0 0
outer loop
vertex 176.5 -110.03267694556068 0
vertex 176.5 -105.6427876096865 2
vertex 176.5 -105.766044443119 2
endloop
endfacet
facet normal 1 0 0
outer loop
vertex 176.5 -110.03267694556068 0
vertex 176.5 -105.766044443119 2
vertex 176.5 -105.8660254037844 2
endloop
endfacet
facet normal 1 0 0
outer loop
vertex 176.5 -110.03267694556068 0
vertex 176.5 -105.8660254037844 2
vertex 176.5 -105.9396926207859 2
endloop
endfacet
facet normal 1 0 0
outer loop
vertex 176.5 -110.03267694556068 0
vertex 176.5 -105.9396926207859 2
vertex 176.5 -105.9848077530122 2
endloop
endfacet
facet normal 1 0 0
outer loop
vertex 176.5 -110.03267694556068 0
vertex 176.5 -105.9848077530122 2
vertex 176.5 -106 2
endloop
endfacet
facet normal 1 0 0
outer loop
vertex 176.5 -110.03267694556068 0
vertex 176.5 -106 2
vertex 176.5 -107.0339041849619 2
endloop
endfacet
facet normal 1 0 0
outer loop
vertex 176.5 -110.03267694556068 0
vertex 176.5 -107.0339041849619 2
vertex 176.5 -107.05179106423589 2
endloop
endfacet
facet normal 1 0 0
outer loop
vertex 176.5 -110.03267694556068 0
vertex 176.5 -107.05179106423589 2
vertex 176.5 -107.120069322247 2
endloop
endfacet
facet normal 1 0 0
outer loop
vertex 176.5 -110.03267694556068 0
vertex 176.5 -107.120069322247 2
vertex 176.5 -107.23641662194579 2
endloop
endfacet
facet normal 1 0 0
outer loop
vertex 176.5 -110.03267694556068 0
vertex 176.5 -107.23641662194579 2
vertex 176.5 -107.39687566195211 2
endloop
endfacet
facet normal 1 0 0
outer loop
vertex 176.5 -110.03267694556068 0
vertex 176.5 -107.39687566195211 2
vertex 176.5 -107.59598877558876 2
endloop
endfacet
facet normal 1 0 0
outer loop
vertex 176.5 -110.03267694556068 0
vertex 176.5 -107.59598877558876 2
vertex 176.5 -107.8269835615927 2
endloop
endfacet
facet normal 1 0 0
outer loop
vertex 176.5 -110.03267694556068 0
vertex 176.5 -107.8269835615927 2
vertex 176.5 -108.08200323267376 2
endloop
endfacet
facet normal 1 0 0
outer loop
vertex 176.5 -110.03267694556068 0
vertex 176.5 -108.08200323267376 2
vertex 176.5 -108.35237384711567 2
endloop
endfacet
facet normal 1 0 0
outer loop
vertex 176.5 -110.03267694556068 0
vertex 176.5 -108.35237384711567 2
vertex 176.5 -108.62889933411617 2
endloop
endfacet
facet normal 1 0 0
outer loop
vertex 176.5 -110.03267694556068 0
vertex 176.5 -108.62889933411617 2
vertex 176.5 -108.9021742782137 2
endloop
endfacet
facet normal 1 0 0
outer loop
vertex 176.5 -110.03267694556068 0
vertex 176.5 -108.9021742782137 2
vertex 176.5 -109.16290382412349 2
endloop
endfacet
facet normal 1 0 0
outer loop
vertex 176.5 -110.03267694556068 0
vertex 176.5 -109.16290382412349 2
vertex 176.5 -109.40221982110526 2
endloop
endfacet
facet normal 1 0 0
outer loop
vertex 176.5 -110.03267694556068 0
vertex 176.5 -109.40221982110526 2
vertex 176.5 -109.61198245390212 2
endloop
endfacet
facet normal 1 0 0
outer loop
vertex 176.5 -110.03267694556068 0
vertex 176.5 -109.61198245390212 2
vertex 176.5 -109.78505710092428 2
endloop
endfacet
facet normal 1 0 0
outer loop
vertex 176.5 -110.03267694556068 0
vertex 176.5 -109.78505710092428 2
vertex 176.5 -109.91555700294882 2
endloop
endfacet
facet normal 1 0 0
outer loop
vertex 176.5 -110.03267694556068 0
vertex 176.5 -109.91555700294882 2
vertex 176.5 -109.99904348848294 2
endloop
endfacet
facet normal 1 0 0
outer loop
vertex 176.5 -110.03267694556068 0
vertex 176.5 -109.99904348848294 2
vertex 176.5 -110.03267694556068 2
endloop
endfacet
facet normal 1 0 0
outer loop
vertex 176.5 -110.03267694556068 0
vertex 176.5 -110.03267694556068 2
vertex 176.5 -110.15 2
endloop
endfacet
facet normal 1 0 0
outer loop
vertex 176.5 -110.03267694556068 0
vertex 176.5 -110.15 2
vertex 176.5 -110.15 0
endloop
endfacet
facet normal 1 0 0
outer loop
vertex 176.5 -92 0
vertex 176.5 -91.9848077530122 0
vertex 176.5 -91.93969262078593 0
endloop
endfacet
facet normal 1 0 0
outer loop
vertex 176.5 -92 0
vertex 176.5 -91.93969262078593 0
vertex 176.5 -91.86602540378439 0
endloop
endfacet
facet normal 1 0 0
outer loop
vertex 176.5 -92 0
vertex 176.5 -91.86602540378439 0
vertex 176.5 -91.7660444431191 0
endloop
endfacet
facet normal 1 0 0
outer loop
vertex 176.5 -92 0
vertex 176.5 -91.7660444431191 0
vertex 176.5 -91.64278760968665 0
endloop
endfacet
facet normal 1 0 0
outer loop
vertex 176.5 -92 0
vertex 176.5 -91.64278760968665 0
vertex 176.5 -91.49999999999974 0
endloop
endfacet
facet normal 1 0 0
outer loop
vertex 176.5 -92 0
vertex 176.5 -91.49999999999974 0
vertex 176.5 -91.34202014332566 0
endloop
endfacet
facet normal 1 0 0
outer loop
vertex 176.5 -92 0
vertex 176.5 -91.34202014332566 0
vertex 176.5 -91.17364817766703 0
endloop
endfacet
facet normal 1 0 0
outer loop
vertex 176.5 -92 0
vertex 176.5 -91.17364817766703 0
vertex 176.5 -90.99999999999979 0
endloop
endfacet
facet normal 1 0 0
outer loop
vertex 176.5 -92 0
vertex 176.5 -90.99999999999979 0
vertex 176.5 -88.3875 0
endloop
endfacet
facet normal 1 0 0
outer loop
vertex 176.5 -92 0
vertex 176.5 -88.3875 0
vertex 176.5 -88.3875 2
endloop
endfacet
facet normal 1 0 0
outer loop
vertex 176.5 -92 0
vertex 176.5 -88.3875 2
vertex 176.5 -90.99999999999974 2
endloop
endfacet
facet normal 1 0 0
outer loop
vertex 176.5 -92 0
vertex 176.5 -90.99999999999974 2
vertex 176.5 -91.17364817766693 2
endloop
endfacet
facet normal 1 0 0
outer loop
vertex 176.5 -92 0
vertex 176.5 -91.17364817766693 2
vertex 176.5 -91.3420201433256 2
endloop
endfacet
facet normal 1 0 0
outer loop
vertex 176.5 -92 0
vertex 176.5 -91.3420201433256 2
vertex 176.5 -91.49999999999987 2
endloop
endfacet
facet normal 1 0 0
outer loop
vertex 176.5 -92 0
vertex 176.5 -91.49999999999987 2
vertex 176.5 -91.64278760968669 2
endloop
endfacet
facet normal 1 0 0
outer loop
vertex 176.5 -92 0
vertex 176.5 -91.64278760968669 2
vertex 176.5 -91.76604444311909 2
endloop
endfacet
facet normal 1 0 0
outer loop
vertex 176.5 -92 0
vertex 176.5 -91.76604444311909 2
vertex 176.5 -91.86602540378432 2
endloop
endfacet
facet normal 1 0 0
outer loop
vertex 176.5 -92 0
vertex 176.5 -91.86602540378432 2
vertex 176.5 -91.93969262078595 2
endloop
endfacet
facet normal 1 0 0
outer loop
vertex 176.5 -92 0
vertex 176.5 -91.93969262078595 2
vertex 176.5 -91.98480775301219 2
endloop
endfacet
facet normal 1 0 0
outer loop
vertex 176.5 -92 0
vertex 176.5 -91.98480775301219 2
vertex 176.5 -92 2
endloop
endfacet
facet normal 1 0 0
outer loop
vertex 176.5 -92 0
vertex 176.5 -92 2
vertex 176.5 -93.15 2
endloop
endfacet
facet normal 1 0 0
outer loop
vertex 176.5 -92 0
vertex 176.5 -93.15 2
vertex 176.5 -93.15 0
endloop
endfacet
facet normal -1 0 0
outer loop
vertex 159.5 -148.105 2
vertex 159.5 -141.15 2
vertex 159.5 -141.15 0
endloop
endfacet
facet normal -1 0 0
outer loop
vertex 159.5 -148.105 2
vertex 159.5 -141.15 0
vertex 159.5 -148.105 0
endloop
endfacet
facet normal -1 0 0
outer loop
vertex 159.5 -148.105 2
vertex 159.5 -148.105 0
vertex 159.5 -149.15 0
endloop
endfacet
facet normal -1 0 0
outer loop
vertex 159.5 -148.105 2
vertex 159.5 -149.15 0
vertex 159.5 -149.15 2
endloop
endfacet
facet normal -1 0 0
outer loop
vertex 159.5 -124.15 2
vertex 159.5 -124.15 0
vertex 159.5 -127.15 0
endloop
endfacet
facet normal -1 0 0
outer loop
vertex 159.5 -124.15 2
vertex 159.5 -127.15 0
vertex 159.5 -127.15 2
endloop
endfacet
facet normal -1 0 0
outer loop
vertex 159.5 -110.03267694556068 2
vertex 159.5 -110.01531340499254 2
vertex 159.5 -109.9475469 2
endloop
endfacet
facet normal -1 0 0
outer loop
vertex 159.5 -110.03267694556068 2
vertex 159.5 -109.9475469 2
vertex 159.5 -109.9475469 0
endloop
endfacet
facet normal -1 0 0
outer loop
vertex 159.5 -110.03267694556068 2
vertex 159.5 -109.9475469 0
vertex 159.5 -110.01531340499255 0
endloop
endfacet
facet normal -1 0 0
outer loop
vertex 159.5 -110.03267694556068 2
vertex 159.5 -110.01531340499255 0
vertex 159.5 -110.03267694556068 0
endloop
endfacet
facet normal -1 0 0
outer loop
vertex 159.5 -110.03267694556068 2
vertex 159.5 -110.03267694556068 0
vertex 159.5 -110.15 0
endloop
endfacet
facet normal -1 0 0
outer loop
vertex 159.5 -110.03267694556068 2
vertex 159.5 -110.15 0
vertex 159.5 -110.15 2
endloop
endfacet
facet normal 0.2449605430169155 0.9695330486192093 0
outer loop
vertex 159.5 -109.9475469 2
vertex 159.76821407795111 -110.01531340499254 2
vertex 159.76821407795114 -110.01531340499255 0
endloop
endfacet
facet normal 0.2449605430169155 0.9695330486192093 0
outer loop
vertex 159.5 -109.9475469 2
vertex 159.76821407795114 -110.01531340499255 0
vertex 159.5 -109.9475469 0
endloop
endfacet
facet normal 0.06276616842380633 0.9980282601717221 0
outer loop
vertex 159.76821407795111 -110.01531340499254 2
vertex 160.0443071487696 -110.03267694556068 2
vertex 160.04430714876943 -110.03267694556068 0
endloop
endfacet
facet normal 0.06276616842380633 0.9980282601717221 0
outer loop
vertex 159.76821407795111 -110.01531340499254 2
vertex 160.04430714876943 -110.03267694556068 0
vertex 159.76821407795114 -110.01531340499255 0
endloop
endfacet
facet normal -0.12157907676319735 0.9925817488214301 0
outer loop
vertex 160.0443071487696 -110.03267694556068 2
vertex 160.31889350469453 -109.99904348848294 2
vertex 160.3188935046944 -109.99904348848295 0
endloop
endfacet
facet normal -0.12157907676319735 0.9925817488214301 0
outer loop
vertex 160.0443071487696 -110.03267694556068 2
vertex 160.3188935046944 -109.99904348848295 0
vertex 160.04430714876943 -110.03267694556068 0
endloop
endfacet
facet normal -0.301789073005267 0.9533747193074829 0
outer loop
vertex 160.31889350469453 -109.99904348848294 2
vertex 160.58263368560776 -109.91555700294882 2
vertex 160.58263368560773 -109.91555700294882 0
endloop
endfacet
facet normal -0.301789073005267 0.9533747193074829 0
outer loop
vertex 160.31889350469453 -109.99904348848294 2
vertex 160.58263368560773 -109.91555700294882 0
vertex 160.3188935046944 -109.99904348848295 0
endloop
endfacet
facet normal -0.4717343676319069 0.8817407138126974 0
outer loop
vertex 160.58263368560776 -109.91555700294882 2
vertex 160.82655714054118 -109.78505710092428 2
vertex 160.82655714054127 -109.78505710092422 0
endloop
endfacet
facet normal -0.4717343676319069 0.8817407138126974 0
outer loop
vertex 160.58263368560776 -109.91555700294882 2
vertex 160.82655714054127 -109.78505710092422 0
vertex 160.58263368560773 -109.91555700294882 0
endloop
endfacet
facet normal -0.6256346395629181 0.7801162078684032 0
outer loop
vertex 160.82655714054118 -109.78505710092428 2
vertex 161.0423673415355 -109.61198245390212 2
vertex 161.04236734153548 -109.61198245390216 0
endloop
endfacet
facet normal -0.6256346395629181 0.7801162078684032 0
outer loop
vertex 160.82655714054118 -109.78505710092428 2
vertex 161.04236734153548 -109.61198245390216 0
vertex 160.82655714054127 -109.78505710092422 0
endloop
endfacet
facet normal -0.7582553044110143 0.6519577389160743 0
outer loop
vertex 161.0423673415355 -109.61198245390212 2
vertex 161.22272397206848 -109.40221982110526 2
vertex 161.22272397206845 -109.40221982110529 0
endloop
endfacet
facet normal -0.7582553044110143 0.6519577389160743 0
outer loop
vertex 161.0423673415355 -109.61198245390212 2
vertex 161.22272397206845 -109.40221982110529 0
vertex 161.04236734153548 -109.61198245390216 0
endloop
endfacet
facet normal -0.8650855575295165 0.5016243396744674 0
outer loop
vertex 161.22272397206848 -109.40221982110526 2
vertex 161.36149259202134 -109.16290382412349 2
vertex 161.36149259202128 -109.16290382412355 0
endloop
endfacet
facet normal -0.8650855575295165 0.5016243396744674 0
outer loop
vertex 161.22272397206848 -109.40221982110526 2
vertex 161.36149259202128 -109.16290382412355 0
vertex 161.22272397206845 -109.40221982110529 0
endloop
endfacet
facet normal -0.9424917992627856 0.33422927508283456 0
outer loop
vertex 161.36149259202134 -109.16290382412349 2
vertex 161.45395328737197 -108.9021742782137 2
vertex 161.45395328737197 -108.90217427821355 0
endloop
endfacet
facet normal -0.9424917992627856 0.33422927508283456 0
outer loop
vertex 161.36149259202134 -109.16290382412349 2
vertex 161.45395328737197 -108.90217427821355 0
vertex 161.36149259202128 -109.16290382412355 0
endloop
endfacet
facet normal -0.9878412239672388 0.15546612567021637 0
outer loop
vertex 161.45395328737197 -108.9021742782137 2
vertex 161.49696120784625 -108.62889933411617 2
vertex 161.49696120784625 -108.628899334116 0
endloop
endfacet
facet normal -0.9878412239672388 0.15546612567021637 0
outer loop
vertex 161.45395328737197 -108.9021742782137 2
vertex 161.49696120784625 -108.628899334116 0
vertex 161.45395328737197 -108.90217427821355 0
endloop
endfacet
facet normal -0.9995913691924929 -0.028584867253101713 0
outer loop
vertex 161.49696120784625 -108.62889933411617 2
vertex 161.48905353218836 -108.35237384711567 2
vertex 161.48905353218836 -108.35237384711571 0
endloop
endfacet
facet normal -0.9995913691924929 -0.028584867253101713 0
outer loop
vertex 161.49696120784625 -108.62889933411617 2
vertex 161.48905353218836 -108.35237384711571 0
vertex 161.49696120784625 -108.628899334116 0
endloop
endfacet
facet normal -0.9773425792006174 -0.21166360783442448 0
outer loop
vertex 161.48905353218836 -108.35237384711567 2
vertex 161.43049922285704 -108.08200323267376 2
vertex 161.43049922285704 -108.08200323267376 0
endloop
endfacet
facet normal -0.9773425792006174 -0.21166360783442448 0
outer loop
vertex 161.48905353218836 -108.35237384711567 2
vertex 161.43049922285704 -108.08200323267376 0
vertex 161.48905353218836 -108.35237384711571 0
endloop
endfacet
facet normal -0.921851598390308 -0.38754306927776977 0
outer loop
vertex 161.43049922285704 -108.08200323267376 2
vertex 161.32328987785016 -107.8269835615927 2
vertex 161.32328987785016 -107.82698356159268 0
endloop
endfacet
facet normal -0.921851598390308 -0.38754306927776977 0
outer loop
vertex 161.43049922285704 -108.08200323267376 2
vertex 161.32328987785016 -107.82698356159268 0
vertex 161.43049922285704 -108.08200323267376 0
endloop
endfacet
facet normal -0.8350058322752494 -0.5502410926733099 0
outer loop
vertex 161.32328987785016 -107.8269835615927 2
vertex 161.171071990813 -107.59598877558876 2
vertex 161.171071990813 -107.59598877558878 0
endloop
endfacet
facet normal -0.8350058322752494 -0.5502410926733099 0
outer loop
vertex 161.32328987785016 -107.8269835615927 2
vertex 161.171071990813 -107.59598877558878 0
vertex 161.32328987785016 -107.82698356159268 0
endloop
endfacet
facet normal -0.7197591514740274 -0.694223857173886 0
outer loop
vertex 161.171071990813 -107.59598877558876 2
vertex 160.97902292345532 -107.39687566195211 2
vertex 160.9790229234553 -107.39687566195208 0
endloop
endfacet
facet normal -0.7197591514740274 -0.694223857173886 0
outer loop
vertex 161.171071990813 -107.59598877558876 2
vertex 160.9790229234553 -107.39687566195208 0
vertex 161.171071990813 -107.59598877558878 0
endloop
endfacet
facet normal -0.5800314221993615 -0.8145941009247404 0
outer loop
vertex 160.97902292345532 -107.39687566195211 2
vertex 160.7536748088074 -107.23641662194579 2
vertex 160.75367480880735 -107.23641662194578 0
endloop
endfacet
facet normal -0.5800314221993615 -0.8145941009247404 0
outer loop
vertex 160.97902292345532 -107.39687566195211 2
vertex 160.75367480880735 -107.23641662194578 0
vertex 160.9790229234553 -107.39687566195208 0
endloop
endfacet
facet normal -0.4205751804994122 -0.9072576908177119 0
outer loop
vertex 160.7536748088074 -107.23641662194579 2
vertex 160.50269237486478 -107.120069322247 2
vertex 160.50269237486478 -107.120069322247 0
endloop
endfacet
facet normal -0.4205751804994122 -0.9072576908177119 0
outer loop
vertex 160.7536748088074 -107.23641662194579 2
vertex 160.50269237486478 -107.120069322247 0
vertex 160.75367480880735 -107.23641662194578 0
endloop
endfacet
facet normal -0.246813985038983 -0.9690628755602892 0
outer loop
vertex 160.50269237486478 -107.120069322247 2
vertex 160.2346122454667 -107.05179106423589 2
vertex 160.2346122454667 -107.05179106423589 0
endloop
endfacet
facet normal -0.246813985038983 -0.9690628755602892 0
outer loop
vertex 160.50269237486478 -107.120069322247 2
vertex 160.2346122454667 -107.05179106423589 0
vertex 160.50269237486478 -107.120069322247 0
endloop
endfacet
facet normal -0.06465794649896849 -0.997907485669156 0
outer loop
vertex 160.2346122454667 -107.05179106423589 2
vertex 159.95855258552905 -107.0339041849619 2
vertex 159.95855258552905 -107.0339041849619 0
endloop
endfacet
facet normal -0.06465794649896849 -0.997907485669156 0
outer loop
vertex 160.2346122454667 -107.05179106423589 2
vertex 159.95855258552905 -107.0339041849619 0
vertex 160.2346122454667 -107.05179106423589 0
endloop
endfacet
facet normal 0.11969729203619305 -0.9928104342114875 0
outer loop
vertex 159.95855258552905 -107.0339041849619 2
vertex 159.683902966414 -107.06701706787892 2
vertex 159.6839029664141 -107.06701706787891 0
endloop
endfacet
facet normal 0.11969729203619305 -0.9928104342114875 0
outer loop
vertex 159.95855258552905 -107.0339041849619 2
vertex 159.6839029664141 -107.06701706787891 0
vertex 159.95855258552905 -107.0339041849619 0
endloop
endfacet
facet normal 0.29998013477075564 -0.9539454485152279 -1.6359946300482653e-8
outer loop
vertex 159.683902966414 -107.06701706787892 2
vertex 159.42000499999995 -107.15000309989347 2
vertex 159.420005 -107.1500030655939 0
endloop
endfacet
facet normal 0.29998013477075564 -0.9539454485152279 -1.6359946300482653e-8
outer loop
vertex 159.683902966414 -107.06701706787892 2
vertex 159.420005 -107.1500030655939 0
vertex 159.42001309299246 -107.15000052067887 0
endloop
endfacet
facet normal 0.29998013477075564 -0.9539454485152279 -1.6359946300482653e-8
outer loop
vertex 159.683902966414 -107.06701706787892 2
vertex 159.42001309299246 -107.15000052067887 0
vertex 159.6839029664141 -107.06701706787891 0
endloop
endfacet
facet normal -1.363220876832784e-7 -0.9999999999999908 -7.10542747834162e-15
outer loop
vertex 159.42000499999995 -107.15000309989347 2
vertex 140.5 -107.15000052067889 2
vertex 140.5 -107.15000052067887 0
endloop
endfacet
facet normal -1.363220876832784e-7 -0.9999999999999908 -7.10542747834162e-15
outer loop
vertex 159.42000499999995 -107.15000309989347 2
vertex 140.5 -107.15000052067887 0
vertex 143.35543390043964 -107.15000052067887 0
endloop
endfacet
facet normal -1.363220876832784e-7 -0.9999999999999908 -7.10542747834162e-15
outer loop
vertex 159.42000499999995 -107.15000309989347 2
vertex 143.35543390043964 -107.15000052067887 0
vertex 152.32508346403398 -107.1500030655939 0
endloop
endfacet
facet normal -1.363220876832784e-7 -0.9999999999999908 -7.10542747834162e-15
outer loop
vertex 159.42000499999995 -107.15000309989347 2
vertex 152.32508346403398 -107.1500030655939 0
vertex 159.420005 -107.1500030655939 0
endloop
endfacet
facet normal 1 0 0
outer loop
vertex 140.5 -141.15 0
vertex 140.5 -141.15 2
vertex 140.5 -149.15 2
endloop
endfacet
facet normal 1 0 0
outer loop
vertex 140.5 -141.15 0
vertex 140.5 -149.15 2
vertex 140.49999999999994 -149.15 0
endloop
endfacet
facet normal 1 0 0
outer loop
vertex 140.5 -124.15 0
vertex 140.5 -124.15 2
vertex 140.5 -132.15 2
endloop
endfacet
facet normal 1 0 0
outer loop
vertex 140.5 -124.15 0
vertex 140.5 -132.15 2
vertex 140.5 -132.15 0
endloop
endfacet
facet normal 1 0 0
outer loop
vertex 140.5 -107.15000052067887 0
vertex 140.5 -107.15000052067889 2
vertex 140.5 -115.15 2
endloop
endfacet
facet normal 1 0 0
outer loop
vertex 140.5 -107.15000052067887 0
vertex 140.5 -115.15 2
vertex 140.5 -115.15 0
endloop
endfacet
facet normal 0 1 0
outer loop
vertex 158.5 -132.15 2
vertex 158.5 -132.15 0
vertex 140.5 -132.15 0
endloop
endfacet
facet normal 0 1 0
outer loop
vertex 158.5 -132.15 2
vertex 140.5 -132.15 0
vertex 140.5 -132.15 2
endloop
endfacet
facet normal 0 1 0
outer loop
vertex 177.5 -135.15 2
vertex 177.5 -135.15 0
vertex 158.5 -135.15 0
endloop
endfacet
facet normal 0 1 0
outer loop
vertex 177.5 -135.15 2
vertex 158.5 -135.15 0
vertex 158.5 -135.15 2
endloop
endfacet
facet normal 0 1 0
outer loop
vertex 212.5 -135.15 2
vertex 212.5 -135.15 0
vertex 194.5 -135.15 0
endloop
endfacet
facet normal 0 1 0
outer loop
vertex 212.5 -135.15 2
vertex 194.5 -135.15 0
vertex 194.5 -135.15 2
endloop
endfacet
facet normal 0 1 0
outer loop
vertex 194.5 -130.3875 2
vertex 194.5 -130.3875 0
vertex 177.5 -130.3875 0
endloop
endfacet
facet normal 0 1 0
outer loop
vertex 194.5 -130.3875 2
vertex 177.5 -130.3875 0
vertex 177.5 -130.3875 2
endloop
endfacet
facet normal 0 1 0
outer loop
vertex 231.5 -138.0075 2
vertex 231.5 -138.0075 0
vertex 212.5 -138.0075 0
endloop
endfacet
facet normal 0 1 0
outer loop
vertex 231.5 -138.0075 2
vertex 212.5 -138.0075 0
vertex 212.5 -138.0075 2
endloop
endfacet
facet normal 0 -1 0
outer loop
vertex 231.5 -130.0075 0
vertex 231.5 -130.0075 2
vertex 213.5 -130.0075 2
endloop
endfacet
facet normal 0 -1 0
outer loop
vertex 231.5 -130.0075 0
vertex 213.5 -130.0075 2
vertex 213.5 -130.0075 0
endloop
endfacet
facet normal 0 -1 0
outer loop
vertex 176.5 -127.15 0
vertex 176.5 -127.15 2
vertex 159.5 -127.15 2
endloop
endfacet
facet normal 0 -1 0
outer loop
vertex 176.5 -127.15 0
vertex 159.5 -127.15 2
vertex 159.5 -127.15 0
endloop
endfacet
facet normal 0 -1 0
outer loop
vertex 213.5 -127.15 0
vertex 213.5 -127.15 2
vertex 195.5 -127.15 2
endloop
endfacet
facet normal 0 -1 0
outer loop
vertex 213.5 -127.15 0
vertex 195.5 -127.15 2
vertex 195.5 -127.15 0
endloop
endfacet
facet normal 0 -1 0
outer loop
vertex 195.5 -122.3875 0
vertex 195.5 -122.3875 2
vertex 176.5 -122.3875 2
endloop
endfacet
facet normal 0 -1 0
outer loop
vertex 195.5 -122.3875 0
vertex 176.5 -122.3875 2
vertex 176.5 -122.3875 0
endloop
endfacet
facet normal 0 -1 0
outer loop
vertex 159.5 -124.15 0
vertex 159.5 -124.15 2
vertex 140.5 -124.15 2
endloop
endfacet
facet normal 0 -1 0
outer loop
vertex 159.5 -124.15 0
vertex 140.5 -124.15 2
vertex 140.5 -124.15 0
endloop
endfacet
facet normal 0 1 0
outer loop
vertex 177.5 -101.15 2
vertex 177.5 -101.15 0
vertex 158.5 -101.15 0
endloop
endfacet
facet normal 0 1 0
outer loop
vertex 177.5 -101.15 2
vertex 158.5 -101.15 0
vertex 158.5 -101.15 2
endloop
endfacet
facet normal 0 1 0
outer loop
vertex 212.5 -101.15 2
vertex 212.5 -101.15 0
vertex 194.5 -101.15 0
endloop
endfacet
facet normal 0 1 0
outer loop
vertex 212.5 -101.15 2
vertex 194.5 -101.15 0
vertex 194.5 -101.15 2
endloop
endfacet
facet normal 0 1 0
outer loop
vertex 194.5 -96.3875 2
vertex 194.5 -96.3875 0
vertex 177.5 -96.3875 0
endloop
endfacet
facet normal 0 1 0
outer loop
vertex 194.5 -96.3875 2
vertex 177.5 -96.3875 0
vertex 177.5 -96.3875 2
endloop
endfacet
facet normal 0 1 0
outer loop
vertex 231.5 -104.0075 2
vertex 231.5 -104.0075 0
vertex 212.5 -104.0075 0
endloop
endfacet
facet normal 0 1 0
outer loop
vertex 231.5 -104.0075 2
vertex 212.5 -104.0075 0
vertex 212.5 -104.0075 2
endloop
endfacet
facet normal 0 -1 0
outer loop
vertex 231.5 -96.0075 0
vertex 231.5 -96.0075 2
vertex 213.5 -96.0075 2
endloop
endfacet
facet normal 0 -1 0
outer loop
vertex 231.5 -96.0075 0
vertex 213.5 -96.0075 2
vertex 213.5 -96.0075 0
endloop
endfacet
facet normal 0 -1 0
outer loop
vertex 176.5 -93.15 0
vertex 176.5 -93.15 2
vertex 158.49999999999994 -93.15 2
endloop
endfacet
facet normal 0 -1 0
outer loop
vertex 176.5 -93.15 0
vertex 158.49999999999994 -93.15 2
vertex 158.5 -93.15 0
endloop
endfacet
facet normal 0 -1 0
outer loop
vertex 213.5 -93.15 0
vertex 213.5 -93.15 2
vertex 195.5 -93.15 2
endloop
endfacet
facet normal 0 -1 0
outer loop
vertex 213.5 -93.15 0
vertex 195.5 -93.15 2
vertex 195.5 -93.15 0
endloop
endfacet
facet normal 0 -1 0
outer loop
vertex 195.50000000000003 -88.3875 0
vertex 195.5 -88.3875 2
vertex 176.5 -88.3875 2
endloop
endfacet
facet normal 0 -1 0
outer loop
vertex 195.50000000000003 -88.3875 0
vertex 176.5 -88.3875 2
vertex 176.5 -88.3875 0
endloop
endfacet
facet normal 0 1 0
outer loop
vertex 159.5 -149.15 2
vertex 159.5 -149.15 0
vertex 140.49999999999994 -149.15 0
endloop
endfacet
facet normal 0 1 0
outer loop
vertex 159.5 -149.15 2
vertex 140.49999999999994 -149.15 0
vertex 140.5 -149.15 2
endloop
endfacet
facet normal 0 -1 0
outer loop
vertex 159.5 -141.15 0
vertex 159.5 -141.15 2
vertex 140.5 -141.15 2
endloop
endfacet
facet normal 0 -1 0
outer loop
vertex 159.5 -141.15 0
vertex 140.5 -141.15 2
vertex 140.5 -141.15 0
endloop
endfacet
facet normal 0 1 0
outer loop
vertex 204.5 -156.105 2
vertex 204.5 -156.105 0
vertex 185.5 -156.105 0
endloop
endfacet
facet normal 0 1 0
outer loop
vertex 204.5 -156.105 2
vertex 185.5 -156.105 0
vertex 185.5 -156.105 2
endloop
endfacet
facet normal -1 0 0
outer loop
vertex 204.5 -148.6012867 2
vertex 204.5 -148.105 2
vertex 204.5 -148.105 0
endloop
endfacet
facet normal -1 0 0
outer loop
vertex 204.5 -148.6012867 2
vertex 204.5 -148.105 0
vertex 204.5 -148.6012867 0
endloop
endfacet
facet normal -1 0 0
outer loop
vertex 204.5 -148.6012867 2
vertex 204.5 -148.6012867 0
vertex 204.5 -156.105 0
endloop
endfacet
facet normal -1 0 0
outer loop
vertex 204.5 -148.6012867 2
vertex 204.5 -156.105 0
vertex 204.5 -156.105 2
endloop
endfacet
facet normal 0 -1 0
outer loop
vertex 204.5 -148.105 0
vertex 204.5 -148.105 2
vertex 185.5 -148.105 2
endloop
endfacet
facet normal 0 -1 0
outer loop
vertex 204.5 -148.105 0
vertex 185.5 -148.105 2
vertex 185.5 -148.105 0
endloop
endfacet
facet normal 1 0 0
outer loop
vertex 185.5 -153.49999999999997 0
vertex 185.5 -153.47117792060484 0
vertex 185.5 -153.38581929876693 0
endloop
endfacet
facet normal 1 0 0
outer loop
vertex 185.5 -153.49999999999997 0
vertex 185.5 -153.38581929876693 0
vertex 185.5 -153.24720441845386 0
endloop
endfacet
facet normal 1 0 0
outer loop
vertex 185.5 -153.49999999999997 0
vertex 185.5 -153.24720441845386 0
vertex 185.5 -153.06066017177983 0
endloop
endfacet
facet normal 1 0 0
outer loop
vertex 185.5 -153.49999999999997 0
vertex 185.5 -153.06066017177983 0
vertex 185.5 -152.83335534952943 0
endloop
endfacet
facet normal 1 0 0
outer loop
vertex 185.5 -153.49999999999997 0
vertex 185.5 -152.83335534952943 0
vertex 185.5 -152.57402514854766 0
endloop
endfacet
facet normal 1 0 0
outer loop
vertex 185.5 -153.49999999999997 0
vertex 185.5 -152.57402514854766 0
vertex 185.5 -152.2926354830241 0
endloop
endfacet
facet normal 1 0 0
outer loop
vertex 185.5 -153.49999999999997 0
vertex 185.5 -152.2926354830241 0
vertex 185.5 -151.99999999999991 0
endloop
endfacet
facet normal 1 0 0
outer loop
vertex 185.5 -153.49999999999997 0
vertex 185.5 -151.99999999999991 0
vertex 185.5 -151.70736451697567 0
endloop
endfacet
facet normal 1 0 0
outer loop
vertex 185.5 -153.49999999999997 0
vertex 185.5 -151.70736451697567 0
vertex 185.5 -151.42597485145245 0
endloop
endfacet
facet normal 1 0 0
outer loop
vertex 185.5 -153.49999999999997 0
vertex 185.5 -151.42597485145245 0
vertex 185.5 -151.1666446504705 0
endloop
endfacet
facet normal 1 0 0
outer loop
vertex 185.5 -153.49999999999997 0
vertex 185.5 -151.1666446504705 0
vertex 185.5 -150.93933982822026 0
endloop
endfacet
facet normal 1 0 0
outer loop
vertex 185.5 -153.49999999999997 0
vertex 185.5 -150.93933982822026 0
vertex 185.5 -150.7527955815462 0
endloop
endfacet
facet normal 1 0 0
outer loop
vertex 185.5 -153.49999999999997 0
vertex 185.5 -150.7527955815462 0
vertex 185.5 -150.61418070123304 0
endloop
endfacet
facet normal 1 0 0
outer loop
vertex 185.5 -153.49999999999997 0
vertex 185.5 -150.61418070123304 0
vertex 185.5 -150.52882207939516 0
endloop
endfacet
facet normal 1 0 0
outer loop
vertex 185.5 -153.49999999999997 0
vertex 185.5 -150.52882207939516 0
vertex 185.5 -150.49999999999997 0
endloop
endfacet
facet normal 1 0 0
outer loop
vertex 185.5 -153.49999999999997 0
vertex 185.5 -150.49999999999997 0
vertex 185.5 -149.15 0
endloop
endfacet
facet normal 1 0 0
outer loop
vertex 185.5 -153.49999999999997 0
vertex 185.5 -149.15 0
vertex 185.5 -148.105 0
endloop
endfacet
facet normal 1 0 0
outer loop
vertex 185.5 -153.49999999999997 0
vertex 185.5 -148.105 0
vertex 185.5 -148.105 2
endloop
endfacet
facet normal 1 0 0
outer loop
vertex 185.5 -153.49999999999997 0
vertex 185.5 -148.105 2
vertex 185.5 -149.15 2
endloop
endfacet
facet normal 1 0 0
outer loop
vertex 185.5 -153.49999999999997 0
vertex 185.5 -149.15 2
vertex 185.5 -150.49999999999997 2
endloop
endfacet
facet normal 1 0 0
outer loop
vertex 185.5 -153.49999999999997 0
vertex 185.5 -150.49999999999997 2
vertex 185.5 -150.52882207939516 2
endloop
endfacet
facet normal 1 0 0
outer loop
vertex 185.5 -153.49999999999997 0
vertex 185.5 -150.52882207939516 2
vertex 185.5 -150.614180701233 2
endloop
endfacet
facet normal 1 0 0
outer loop
vertex 185.5 -153.49999999999997 0
vertex 185.5 -150.614180701233 2
vertex 185.5 -150.75279558154625 2
endloop
endfacet
facet normal 1 0 0
outer loop
vertex 185.5 -153.49999999999997 0
vertex 185.5 -150.75279558154625 2
vertex 185.5 -150.93933982822026 2
endloop
endfacet
facet normal 1 0 0
outer loop
vertex 185.5 -153.49999999999997 0
vertex 185.5 -150.93933982822026 2
vertex 185.5 -151.16664465047052 2
endloop
endfacet
facet normal 1 0 0
outer loop
vertex 185.5 -153.49999999999997 0
vertex 185.5 -151.16664465047052 2
vertex 185.5 -151.42597485145242 2
endloop
endfacet
facet normal 1 0 0
outer loop
vertex 185.5 -153.49999999999997 0
vertex 185.5 -151.42597485145242 2
vertex 185.5 -151.7073645169759 2
endloop
endfacet
facet normal 1 0 0
outer loop
vertex 185.5 -153.49999999999997 0
vertex 185.5 -151.7073645169759 2
vertex 185.5 -151.9999999999999 2
endloop
endfacet
facet normal 1 0 0
outer loop
vertex 185.5 -153.49999999999997 0
vertex 185.5 -151.9999999999999 2
vertex 185.5 -152.29263548302424 2
endloop
endfacet
facet normal 1 0 0
outer loop
vertex 185.5 -153.49999999999997 0
vertex 185.5 -152.29263548302424 2
vertex 185.5 -152.57402514854746 2
endloop
endfacet
facet normal 1 0 0
outer loop
vertex 185.5 -153.49999999999997 0
vertex 185.5 -152.57402514854746 2
vertex 185.5 -152.83335534952943 2
endloop
endfacet
facet normal 1 0 0
outer loop
vertex 185.5 -153.49999999999997 0
vertex 185.5 -152.83335534952943 2
vertex 185.5 -153.06066017177992 2
endloop
endfacet
facet normal 1 0 0
outer loop
vertex 185.5 -153.49999999999997 0
vertex 185.5 -153.06066017177992 2
vertex 185.5 -153.24720441845378 2
endloop
endfacet
facet normal 1 0 0
outer loop
vertex 185.5 -153.49999999999997 0
vertex 185.5 -153.24720441845378 2
vertex 185.5 -153.38581929876693 2
endloop
endfacet
facet normal 1 0 0
outer loop
vertex 185.5 -153.49999999999997 0
vertex 185.5 -153.38581929876693 2
vertex 185.5 -153.47117792060482 2
endloop
endfacet
facet normal 1 0 0
outer loop
vertex 185.5 -153.49999999999997 0
vertex 185.5 -153.47117792060482 2
vertex 185.5 -153.49999999999997 2
endloop
endfacet
facet normal 1 0 0
outer loop
vertex 185.5 -153.49999999999997 0
vertex 185.5 -153.49999999999997 2
vertex 185.5 -156.105 2
endloop
endfacet
facet normal 1 0 0
outer loop
vertex 185.5 -153.49999999999997 0
vertex 185.5 -156.105 2
vertex 185.5 -156.105 0
endloop
endfacet
facet normal 0 0 -1
outer loop
vertex 206.19911960000002 -156.3286933 2
vertex 219.90062289361742 -160 2
vertex 220.0140193702129 -160.0303844939756 2
endloop
endfacet
facet normal 0 0 -1
outer loop
vertex 206.19911960000002 -156.3286933 2
vertex 220.0140193702129 -160.0303844939756 2
vertex 220.3507633054395 -160.12061475842822 2
endloop
endfacet
facet normal 0 0 -1
outer loop
vertex 206.19911960000002 -156.3286933 2
vertex 220.3507633054395 -160.12061475842822 2
vertex 220.90062290522584 -160.2679491924312 2
endloop
endfacet
facet normal 0 0 -1
outer loop
vertex 206.19911960000002 -156.3286933 2
vertex 220.90062290522584 -160.2679491924312 2
vertex 221.64689096387434 -160.467911113762 2
endloop
endfacet
facet normal 0 0 -1
outer loop
vertex 206.19911960000002 -156.3286933 2
vertex 221.64689096387434 -160.467911113762 2
vertex 222.5668925040542 -160.714424780627 2
endloop
endfacet
facet normal 0 0 -1
outer loop
vertex 206.19911960000002 -156.3286933 2
vertex 222.5668925040542 -160.714424780627 2
vertex 223.6326737445086 -161 2
endloop
endfacet
facet normal 0 0 -1
outer loop
vertex 206.19911960000002 -156.3286933 2
vertex 223.6326737445086 -161 2
vertex 224.55171029999994 -161.2462551 2
endloop
endfacet
facet normal 0 0 -1
outer loop
vertex 206.19911960000002 -156.3286933 2
vertex 224.55171029999994 -161.2462551 2
vertex 224.55171029999994 -161.2462551 0
endloop
endfacet
facet normal 0 0 -1
outer loop
vertex 206.19911960000002 -156.3286933 2
vertex 224.55171029999994 -161.2462551 0
vertex 223.63267374450913 -161.00000000000014 0
endloop
endfacet
facet normal 0 0 -1
outer loop
vertex 206.19911960000002 -156.3286933 2
vertex 223.63267374450913 -161.00000000000014 0
vertex 222.56689250405347 -160.7144247806268 0
endloop
endfacet
facet normal 0 0 -1
outer loop
vertex 206.19911960000002 -156.3286933 2
vertex 222.56689250405347 -160.7144247806268 0
vertex 221.64689096387465 -160.46791111376209 0
endloop
endfacet
facet normal 0 0 -1
outer loop
vertex 206.19911960000002 -156.3286933 2
vertex 221.64689096387465 -160.46791111376209 0
vertex 220.90062290522573 -160.26794919243116 0
endloop
endfacet
facet normal 0 0 -1
outer loop
vertex 206.19911960000002 -156.3286933 2
vertex 220.90062290522573 -160.26794919243116 0
vertex 220.3507633054394 -160.1206147584282 0
endloop
endfacet
facet normal 0 0 -1
outer loop
vertex 206.19911960000002 -156.3286933 2
vertex 220.3507633054394 -160.1206147584282 0
vertex 220.0140193702129 -160.0303844939756 0
endloop
endfacet
facet normal 0 0 -1
outer loop
vertex 206.19911960000002 -156.3286933 2
vertex 220.0140193702129 -160.0303844939756 0
vertex 219.90062289361742 -160 0
endloop
endfacet
facet normal 0 0 -1
outer loop
vertex 206.19911960000002 -156.3286933 2
vertex 219.90062289361742 -160 0
vertex 206.19911959999996 -156.32869329999997 0
endloop
endfacet
facet normal 0 0 -1
outer loop
vertex 224.55171029999994 -161.2462551 2
vertex 226.19813097981762 -155.1017293 2
vertex 226.2373559315718 -154.95533978302424 2
endloop
endfacet
facet normal 0 0 -1
outer loop
vertex 224.55171029999994 -161.2462551 2
vertex 226.2373559315718 -154.95533978302424 2
vertex 226.31576737072623 -154.66270429999994 2
endloop
endfacet
facet normal 0 0 -1
outer loop
vertex 224.55171029999994 -161.2462551 2
vertex 226.31576737072623 -154.66270429999994 2
vertex 226.39417880988066 -154.37006881697576 2
endloop
endfacet
facet normal 0 0 -1
outer loop
vertex 224.55171029999994 -161.2462551 2
vertex 226.39417880988066 -154.37006881697576 2
vertex 226.46957694140204 -154.08867915145225 2
endloop
endfacet
facet normal 0 0 -1
outer loop
vertex 224.55171029999994 -161.2462551 2
vertex 226.46957694140204 -154.08867915145225 2
vertex 226.5390642573797 -153.8293489504706 2
endloop
endfacet
facet normal 0 0 -1
outer loop
vertex 224.55171029999994 -161.2462551 2
vertex 226.5390642573797 -153.8293489504706 2
vertex 226.59997039922965 -153.60204412822011 2
endloop
endfacet
facet normal 0 0 -1
outer loop
vertex 224.55171029999994 -161.2462551 2
vertex 226.59997039922965 -153.60204412822011 2
vertex 226.62226259999997 -153.5188485 2
endloop
endfacet
facet normal 0 0 -1
outer loop
vertex 224.55171029999994 -161.2462551 2
vertex 226.62226259999997 -153.5188485 2
vertex 226.62226259999997 -153.5188485 0
endloop
endfacet
facet normal 0 0 -1
outer loop
vertex 224.55171029999994 -161.2462551 2
vertex 226.62226259999997 -153.5188485 0
vertex 226.5999703992297 -153.60204412822 0
endloop
endfacet
facet normal 0 0 -1
outer loop
vertex 224.55171029999994 -161.2462551 2
vertex 226.5999703992297 -153.60204412822 0
vertex 226.53906425737964 -153.82934895047086 0
endloop
endfacet
facet normal 0 0 -1
outer loop
vertex 224.55171029999994 -161.2462551 2
vertex 226.53906425737964 -153.82934895047086 0
vertex 226.46957694140204 -154.08867915145228 0
endloop
endfacet
facet normal 0 0 -1
outer loop
vertex 224.55171029999994 -161.2462551 2
vertex 226.46957694140204 -154.08867915145228 0
vertex 226.39417880988069 -154.3700688169758 0
endloop
endfacet
facet normal 0 0 -1
outer loop
vertex 224.55171029999994 -161.2462551 2
vertex 226.39417880988069 -154.3700688169758 0
vertex 226.31576737072623 -154.66270430000003 0
endloop
endfacet
facet normal 0 0 -1
outer loop
vertex 224.55171029999994 -161.2462551 2
vertex 226.31576737072623 -154.66270430000003 0
vertex 226.23735593157178 -154.95533978302436 0
endloop
endfacet
facet normal 0 0 -1
outer loop
vertex 224.55171029999994 -161.2462551 2
vertex 226.23735593157178 -154.95533978302436 0
vertex 226.19813097981762 -155.1017293 0
endloop
endfacet
facet normal 0 0 -1
outer loop
vertex 224.55171029999994 -161.2462551 2
vertex 226.19813097981762 -155.1017293 0
vertex 224.55171029999994 -161.2462551 0
endloop
endfacet
facet normal 0 0 1
outer loop
vertex 226.62226259999997 -153.5188485 2
vertex 226.23656030056097 -153.41549988154617 2
vertex 225.7192425185424 -153.2768850012331 2
endloop
endfacet
facet normal 0 0 1
outer loop
vertex 226.62226259999997 -153.5188485 2
vertex 225.7192425185424 -153.2768850012331 2
vertex 225.4006798012812 -153.19152637939516 2
endloop
endfacet
facet normal 0 0 1
outer loop
vertex 226.62226259999997 -153.5188485 2
vertex 225.4006798012812 -153.19152637939516 2
vertex 225.29311433535005 -153.1627043 2
endloop
endfacet
facet normal 0 0 1
outer loop
vertex 226.62226259999997 -153.5188485 2
vertex 225.29311433535005 -153.1627043 2
vertex 208.26967189999996 -148.6012867 2
endloop
endfacet
facet normal 0 0 1
outer loop
vertex 226.62226259999997 -153.5188485 2
vertex 208.26967189999996 -148.6012867 2
vertex 208.26967189999996 -148.6012867 0
endloop
endfacet
facet normal 0 0 1
outer loop
vertex 226.62226259999997 -153.5188485 2
vertex 208.26967189999996 -148.6012867 0
vertex 225.29311433535005 -153.1627043 0
endloop
endfacet
facet normal 0 0 1
outer loop
vertex 226.62226259999997 -153.5188485 2
vertex 225.29311433535005 -153.1627043 0
vertex 225.4006798012812 -153.19152637939516 0
endloop
endfacet
facet normal 0 0 1
outer loop
vertex 226.62226259999997 -153.5188485 2
vertex 225.4006798012812 -153.19152637939516 0
vertex 225.71924251854216 -153.27688500123304 0
endloop
endfacet
facet normal 0 0 1
outer loop
vertex 226.62226259999997 -153.5188485 2
vertex 225.71924251854216 -153.27688500123304 0
vertex 226.23656030056148 -153.4154998815463 0
endloop
endfacet
facet normal 0 0 1
outer loop
vertex 226.62226259999997 -153.5188485 2
vertex 226.23656030056148 -153.4154998815463 0
vertex 226.62226259999997 -153.5188485 0
endloop
endfacet
facet normal 0 0 1
outer loop
vertex 208.26967189999996 -148.6012867 2
vertex 206.25905803740662 -156.105 2
vertex 206.19911960000002 -156.3286933 2
endloop
endfacet
facet normal 0 0 1
outer loop
vertex 208.26967189999996 -148.6012867 2
vertex 206.19911960000002 -156.3286933 2
vertex 206.19911959999996 -156.32869329999997 0
endloop
endfacet
facet normal 0 0 1
outer loop
vertex 208.26967189999996 -148.6012867 2
vertex 206.19911959999996 -156.32869329999997 0
vertex 206.25905803740656 -156.105 0
endloop
endfacet
facet normal 0 0 1
outer loop
vertex 208.26967189999996 -148.6012867 2
vertex 206.25905803740656 -156.105 0
vertex 208.26967189999996 -148.6012867 0
endloop
endfacet
facet normal 0 0 -1
outer loop
vertex 226.0855394 -162.02993250000003 2
vertex 234.616006503429 -166.955 2
vertex 234.62259796464616 -166.95880558192474 2
endloop
endfacet
facet normal 0 0 -1
outer loop
vertex 226.0855394 -162.02993250000003 2
vertex 234.62259796464616 -166.95880558192474 2
vertex 234.64231252762372 -166.97018779021653 2
endloop
endfacet
facet normal 0 0 -1
outer loop
vertex 226.0855394 -162.02993250000003 2
vertex 234.64231252762372 -166.97018779021653 2
vertex 234.67500881393113 -166.9890650000001 2
endloop
endfacet
facet normal 0 0 -1
outer loop
vertex 226.0855394 -162.02993250000003 2
vertex 234.67500881393113 -166.9890650000001 2
vertex 242.3340274663049 -171.41100149999983 2
endloop
endfacet
facet normal 0 0 -1
outer loop
vertex 226.0855394 -162.02993250000003 2
vertex 242.3340274663049 -171.41100149999983 2
vertex 242.37946326604305 -171.43723387132414 2
endloop
endfacet
facet normal 0 0 -1
outer loop
vertex 226.0855394 -162.02993250000003 2
vertex 242.37946326604305 -171.43723387132414 2
vertex 242.4372872483103 -171.47061856319763 2
endloop
endfacet
facet normal 0 0 -1
outer loop
vertex 226.0855394 -162.02993250000003 2
vertex 242.4372872483103 -171.47061856319763 2
vertex 242.5070580421869 -171.5109007499999 2
endloop
endfacet
facet normal 0 0 -1
outer loop
vertex 226.0855394 -162.02993250000003 2
vertex 242.5070580421869 -171.5109007499999 2
vertex 242.540022 -171.5299325 2
endloop
endfacet
facet normal 0 0 -1
outer loop
vertex 226.0855394 -162.02993250000003 2
vertex 242.540022 -171.5299325 2
vertex 242.54002200000002 -171.52993250000003 0
endloop
endfacet
facet normal 0 0 -1
outer loop
vertex 226.0855394 -162.02993250000003 2
vertex 242.54002200000002 -171.52993250000003 0
vertex 242.50705804218697 -171.51090074999993 0
endloop
endfacet
facet normal 0 0 -1
outer loop
vertex 226.0855394 -162.02993250000003 2
vertex 242.50705804218697 -171.51090074999993 0
vertex 242.43728724831035 -171.47061856319766 0
endloop
endfacet
facet normal 0 0 -1
outer loop
vertex 226.0855394 -162.02993250000003 2
vertex 242.43728724831035 -171.47061856319766 0
vertex 242.37946326604302 -171.4372338713241 0
endloop
endfacet
facet normal 0 0 -1
outer loop
vertex 226.0855394 -162.02993250000003 2
vertex 242.37946326604302 -171.4372338713241 0
vertex 242.33402746630503 -171.4110014999999 0
endloop
endfacet
facet normal 0 0 -1
outer loop
vertex 226.0855394 -162.02993250000003 2
vertex 242.33402746630503 -171.4110014999999 0
vertex 234.67500881393093 -166.98906499999998 0
endloop
endfacet
facet normal 0 0 -1
outer loop
vertex 226.0855394 -162.02993250000003 2
vertex 234.67500881393093 -166.98906499999998 0
vertex 234.6423125276239 -166.9701877902166 0
endloop
endfacet
facet normal 0 0 -1
outer loop
vertex 226.0855394 -162.02993250000003 2
vertex 234.6423125276239 -166.9701877902166 0
vertex 234.62259796464622 -166.95880558192476 0
endloop
endfacet
facet normal 0 0 -1
outer loop
vertex 226.0855394 -162.02993250000003 2
vertex 234.62259796464622 -166.95880558192476 0
vertex 234.616006503429 -166.955 0
endloop
endfacet
facet normal 0 0 -1
outer loop
vertex 226.0855394 -162.02993250000003 2
vertex 234.616006503429 -166.955 0
vertex 226.0855394 -162.02993250000003 0
endloop
endfacet
facet normal -0.8660254028383454 0.5000000016386815 0
outer loop
vertex 242.540022 -171.5299325 2
vertex 246.540022 -164.60172930000002 2
vertex 246.540022 -164.6017293 0
endloop
endfacet
facet normal -0.8660254028383454 0.5000000016386815 0
outer loop
vertex 242.540022 -171.5299325 2
vertex 246.540022 -164.6017293 0
vertex 242.54002200000002 -171.52993250000003 0
endloop
endfacet
facet normal 0 0 1
outer loop
vertex 246.540022 -164.60172930000002 2
vertex 245.74547383318134 -164.14299669999852 2
vertex 245.68146184270282 -164.1060393599029 2
endloop
endfacet
facet normal 0 0 1
outer loop
vertex 246.540022 -164.60172930000002 2
vertex 245.68146184270282 -164.1060393599029 2
vertex 245.61827488031773 -164.06955835000116 2
endloop
endfacet
facet normal 0 0 1
outer loop
vertex 246.540022 -164.60172930000002 2
vertex 245.61827488031773 -164.06955835000116 2
vertex 231.92320199753001 -156.16270430000003 2
endloop
endfacet
facet normal 0 0 1
outer loop
vertex 246.540022 -164.60172930000002 2
vertex 231.92320199753001 -156.16270430000003 2
vertex 231.87328069185597 -156.13388222060487 2
endloop
endfacet
facet normal 0 0 1
outer loop
vertex 246.540022 -164.60172930000002 2
vertex 231.87328069185597 -156.13388222060487 2
vertex 231.72543522261464 -156.0485235987669 2
endloop
endfacet
facet normal 0 0 1
outer loop
vertex 246.540022 -164.60172930000002 2
vertex 231.72543522261464 -156.0485235987669 2
vertex 231.48534720827652 -155.90990871845383 2
endloop
endfacet
facet normal 0 0 1
outer loop
vertex 246.540022 -164.60172930000002 2
vertex 231.48534720827652 -155.90990871845383 2
vertex 231.16224309658938 -155.7233644717798 2
endloop
endfacet
facet normal 0 0 1
outer loop
vertex 246.540022 -164.60172930000002 2
vertex 231.16224309658938 -155.7233644717798 2
vertex 230.76853959736704 -155.4960596495296 2
endloop
endfacet
facet normal 0 0 1
outer loop
vertex 246.540022 -164.60172930000002 2
vertex 230.76853959736704 -155.4960596495296 2
vertex 230.31936651529176 -155.23672944854746 2
endloop
endfacet
facet normal 0 0 1
outer loop
vertex 246.540022 -164.60172930000002 2
vertex 230.31936651529176 -155.23672944854746 2
vertex 230.08553939999996 -155.1017293 2
endloop
endfacet
facet normal 0 0 1
outer loop
vertex 246.540022 -164.60172930000002 2
vertex 230.08553939999996 -155.1017293 2
vertex 230.08553939999996 -155.1017293 0
endloop
endfacet
facet normal 0 0 1
outer loop
vertex 246.540022 -164.60172930000002 2
vertex 230.08553939999996 -155.1017293 0
vertex 230.31936651529193 -155.23672944854758 0
endloop
endfacet
facet normal 0 0 1
outer loop
vertex 246.540022 -164.60172930000002 2
vertex 230.31936651529193 -155.23672944854758 0
vertex 230.76853959736655 -155.49605964952934 0
endloop
endfacet
facet normal 0 0 1
outer loop
vertex 246.540022 -164.60172930000002 2
vertex 230.76853959736655 -155.49605964952934 0
vertex 231.16224309658932 -155.7233644717798 0
endloop
endfacet
facet normal 0 0 1
outer loop
vertex 246.540022 -164.60172930000002 2
vertex 231.16224309658932 -155.7233644717798 0
vertex 231.48534720827638 -155.90990871845378 0
endloop
endfacet
facet normal 0 0 1
outer loop
vertex 246.540022 -164.60172930000002 2
vertex 231.48534720827638 -155.90990871845378 0
vertex 231.72543522261478 -156.04852359876696 0
endloop
endfacet
facet normal 0 0 1
outer loop
vertex 246.540022 -164.60172930000002 2
vertex 231.72543522261478 -156.04852359876696 0
vertex 231.873280691856 -156.13388222060485 0
endloop
endfacet
facet normal 0 0 1
outer loop
vertex 246.540022 -164.60172930000002 2
vertex 231.873280691856 -156.13388222060485 0
vertex 231.92320199753004 -156.1627043 0
endloop
endfacet
facet normal 0 0 1
outer loop
vertex 246.540022 -164.60172930000002 2
vertex 231.92320199753004 -156.1627043 0
vertex 245.61827488031284 -164.06955834999832 0
endloop
endfacet
facet normal 0 0 1
outer loop
vertex 246.540022 -164.60172930000002 2
vertex 245.61827488031284 -164.06955834999832 0
vertex 245.68146184270296 -164.10603935990295 0
endloop
endfacet
facet normal 0 0 1
outer loop
vertex 246.540022 -164.60172930000002 2
vertex 245.68146184270296 -164.10603935990295 0
vertex 245.74547383318418 -164.14299670000014 0
endloop
endfacet
facet normal 0 0 1
outer loop
vertex 246.540022 -164.60172930000002 2
vertex 245.74547383318418 -164.14299670000014 0
vertex 246.540022 -164.6017293 0
endloop
endfacet
facet normal 0 0 1
outer loop
vertex 230.08553939999996 -155.1017293 2
vertex 226.53799575982498 -161.2462551 2
vertex 226.49775178236854 -161.31595971334863 2
endloop
endfacet
facet normal 0 0 1
outer loop
vertex 230.08553939999996 -155.1017293 2
vertex 226.49775178236854 -161.31595971334863 2
vertex 226.30333258212485 -161.6527036446661 2
endloop
endfacet
facet normal 0 0 1
outer loop
vertex 230.08553939999996 -155.1017293 2
vertex 226.30333258212485 -161.6527036446661 2
vertex 226.10282093700803 -161.99999999999997 2
endloop
endfacet
facet normal 0 0 1
outer loop
vertex 230.08553939999996 -155.1017293 2
vertex 226.10282093700803 -161.99999999999997 2
vertex 226.0855394 -162.02993250000003 2
endloop
endfacet
facet normal 0 0 1
outer loop
vertex 230.08553939999996 -155.1017293 2
vertex 226.0855394 -162.02993250000003 2
vertex 226.0855394 -162.02993250000003 0
endloop
endfacet
facet normal 0 0 1
outer loop
vertex 230.08553939999996 -155.1017293 2
vertex 226.0855394 -162.02993250000003 0
vertex 226.102820937008 -162.00000000000006 0
endloop
endfacet
facet normal 0 0 1
outer loop
vertex 230.08553939999996 -155.1017293 2
vertex 226.102820937008 -162.00000000000006 0
vertex 226.30333258212477 -161.6527036446662 0
endloop
endfacet
facet normal 0 0 1
outer loop
vertex 230.08553939999996 -155.1017293 2
vertex 226.30333258212477 -161.6527036446662 0
vertex 226.49775178236854 -161.3159597133486 0
endloop
endfacet
facet normal 0 0 1
outer loop
vertex 230.08553939999996 -155.1017293 2
vertex 226.49775178236854 -161.3159597133486 0
vertex 226.53799575982498 -161.2462551 0
endloop
endfacet
facet normal 0 0 1
outer loop
vertex 230.08553939999996 -155.1017293 2
vertex 226.53799575982498 -161.2462551 0
vertex 230.08553939999996 -155.1017293 0
endloop
endfacet
facet normal -0.9951847266721956 0.09801714032957415 0
outer loop
vertex 173.97117792060482 -152.29263548302424 2
vertex 174 -151.9999999999999 2
vertex 173.99999999999997 -151.99999999999991 0
endloop
endfacet
facet normal -0.9951847266721956 0.09801714032957415 0
outer loop
vertex 173.97117792060482 -152.29263548302424 2
vertex 173.99999999999997 -151.99999999999991 0
vertex 173.97117792060482 -152.2926354830241 0
endloop
endfacet
facet normal -0.9951847266721956 -0.09801714032957431 0
outer loop
vertex 174 -151.9999999999999 2
vertex 173.97117792060487 -151.7073645169759 2
vertex 173.97117792060482 -151.70736451697567 0
endloop
endfacet
facet normal -0.9951847266721956 -0.09801714032957431 0
outer loop
vertex 174 -151.9999999999999 2
vertex 173.97117792060482 -151.70736451697567 0
vertex 173.99999999999997 -151.99999999999991 0
endloop
endfacet
facet normal -0.9569403357322133 -0.2902846772544479 0
outer loop
vertex 173.97117792060487 -151.7073645169759 2
vertex 173.88581929876696 -151.42597485145242 2
vertex 173.88581929876696 -151.42597485145245 0
endloop
endfacet
facet normal -0.9569403357322133 -0.2902846772544479 0
outer loop
vertex 173.97117792060487 -151.7073645169759 2
vertex 173.88581929876696 -151.42597485145245 0
vertex 173.97117792060482 -151.70736451697567 0
endloop
endfacet
facet normal -0.8819212643483417 -0.4713967368260224 0
outer loop
vertex 173.88581929876696 -151.42597485145242 2
vertex 173.74720441845375 -151.16664465047052 2
vertex 173.74720441845375 -151.1666446504705 0
endloop
endfacet
facet normal -0.8819212643483417 -0.4713967368260224 0
outer loop
vertex 173.88581929876696 -151.42597485145242 2
vertex 173.74720441845375 -151.1666446504705 0
vertex 173.88581929876696 -151.42597485145245 0
endloop
endfacet
facet normal -0.7730104533627973 -0.634393284163572 0
outer loop
vertex 173.74720441845375 -151.16664465047052 2
vertex 173.56066017177994 -150.93933982822026 2
vertex 173.56066017177992 -150.93933982822026 0
endloop
endfacet
facet normal -0.7730104533627973 -0.634393284163572 0
outer loop
vertex 173.74720441845375 -151.16664465047052 2
vertex 173.56066017177992 -150.93933982822026 0
vertex 173.74720441845375 -151.1666446504705 0
endloop
endfacet
facet normal -0.6343932841635901 -0.7730104533627825 0
outer loop
vertex 173.56066017177994 -150.93933982822026 2
vertex 173.33335534952948 -150.75279558154625 2
vertex 173.33335534952937 -150.7527955815462 0
endloop
endfacet
facet normal -0.6343932841635901 -0.7730104533627825 0
outer loop
vertex 173.56066017177994 -150.93933982822026 2
vertex 173.33335534952937 -150.7527955815462 0
vertex 173.56066017177992 -150.93933982822026 0
endloop
endfacet
facet normal -0.4713967368260365 -0.8819212643483344 0
outer loop
vertex 173.33335534952948 -150.75279558154625 2
vertex 173.0740251485475 -150.614180701233 2
vertex 173.07402514854758 -150.61418070123304 0
endloop
endfacet
facet normal -0.4713967368260365 -0.8819212643483344 0
outer loop
vertex 173.33335534952948 -150.75279558154625 2
vertex 173.07402514854758 -150.61418070123304 0
vertex 173.33335534952937 -150.7527955815462 0
endloop
endfacet
facet normal -0.2902846772544479 -0.9569403357322133 0
outer loop
vertex 173.0740251485475 -150.614180701233 2
vertex 172.7926354830242 -150.52882207939516 2
vertex 172.79263548302424 -150.52882207939516 0
endloop
endfacet
facet normal -0.2902846772544479 -0.9569403357322133 0
outer loop
vertex 173.0740251485475 -150.614180701233 2
vertex 172.79263548302424 -150.52882207939516 0
vertex 173.07402514854758 -150.61418070123304 0
endloop
endfacet
facet normal -0.09801714032957415 -0.9951847266721956 0
outer loop
vertex 172.7926354830242 -150.52882207939516 2
vertex 172.4999999999999 -150.49999999999997 2
vertex 172.49999999999991 -150.49999999999997 0
endloop
endfacet
facet normal -0.09801714032957415 -0.9951847266721956 0
outer loop
vertex 172.7926354830242 -150.52882207939516 2
vertex 172.49999999999991 -150.49999999999997 0
vertex 172.79263548302424 -150.52882207939516 0
endloop
endfacet
facet normal 0.09801714032954582 -0.9951847266721984 0
outer loop
vertex 172.4999999999999 -150.49999999999997 2
vertex 172.20736451697584 -150.52882207939516 2
vertex 172.20736451697545 -150.52882207939516 0
endloop
endfacet
facet normal 0.09801714032954582 -0.9951847266721984 0
outer loop
vertex 172.4999999999999 -150.49999999999997 2
vertex 172.20736451697545 -150.52882207939516 0
vertex 172.49999999999991 -150.49999999999997 0
endloop
endfacet
facet normal 0.2902846772544479 -0.9569403357322133 0
outer loop
vertex 172.20736451697584 -150.52882207939516 2
vertex 171.92597485145242 -150.614180701233 2
vertex 171.92597485145245 -150.61418070123304 0
endloop
endfacet
facet normal 0.2902846772544479 -0.9569403357322133 0
outer loop
vertex 172.20736451697584 -150.52882207939516 2
vertex 171.92597485145245 -150.61418070123304 0
vertex 172.20736451697545 -150.52882207939516 0
endloop
endfacet
facet normal 0.47139673682604744 -0.8819212643483284 0
outer loop
vertex 171.92597485145242 -150.614180701233 2
vertex 171.66664465047063 -150.75279558154625 2
vertex 171.66664465047077 -150.7527955815462 0
endloop
endfacet
facet normal 0.47139673682604744 -0.8819212643483284 0
outer loop
vertex 171.92597485145242 -150.614180701233 2
vertex 171.66664465047077 -150.7527955815462 0
vertex 171.92597485145245 -150.61418070123304 0
endloop
endfacet
facet normal 0.63439328416359 -0.7730104533627825 0
outer loop
vertex 171.66664465047063 -150.75279558154625 2
vertex 171.43933982822017 -150.93933982822026 2
vertex 171.43933982821997 -150.93933982822026 0
endloop
endfacet
facet normal 0.63439328416359 -0.7730104533627825 0
outer loop
vertex 171.66664465047063 -150.75279558154625 2
vertex 171.43933982821997 -150.93933982822026 0
vertex 171.66664465047077 -150.7527955815462 0
endloop
endfacet
facet normal 0.7730104533627825 -0.63439328416359 0
outer loop
vertex 171.43933982822017 -150.93933982822026 2
vertex 171.2527955815462 -151.16664465047052 2
vertex 171.25279558154637 -151.1666446504705 0
endloop
endfacet
facet normal 0.7730104533627825 -0.63439328416359 0
outer loop
vertex 171.43933982822017 -150.93933982822026 2
vertex 171.25279558154637 -151.1666446504705 0
vertex 171.43933982821997 -150.93933982822026 0
endloop
endfacet
facet normal 0.8819212643483284 -0.47139673682604744 0
outer loop
vertex 171.2527955815462 -151.16664465047052 2
vertex 171.11418070123307 -151.42597485145242 2
vertex 171.1141807012329 -151.42597485145245 0
endloop
endfacet
facet normal 0.8819212643483284 -0.47139673682604744 0
outer loop
vertex 171.2527955815462 -151.16664465047052 2
vertex 171.1141807012329 -151.42597485145245 0
vertex 171.25279558154637 -151.1666446504705 0
endloop
endfacet
facet normal 0.9569403357322133 -0.2902846772544479 0
outer loop
vertex 171.11418070123307 -151.42597485145242 2
vertex 171.02882207939516 -151.7073645169759 2
vertex 171.0288220793952 -151.70736451697567 0
endloop
endfacet
facet normal 0.9569403357322133 -0.2902846772544479 0
outer loop
vertex 171.11418070123307 -151.42597485145242 2
vertex 171.0288220793952 -151.70736451697567 0
vertex 171.1141807012329 -151.42597485145245 0
endloop
endfacet
facet normal 0.9951847266721956 -0.09801714032957415 0
outer loop
vertex 171.02882207939516 -151.7073645169759 2
vertex 171 -151.9999999999999 2
vertex 171 -151.99999999999991 0
endloop
endfacet
facet normal 0.9951847266721956 -0.09801714032957415 0
outer loop
vertex 171.02882207939516 -151.7073645169759 2
vertex 171 -151.99999999999991 0
vertex 171.0288220793952 -151.70736451697567 0
endloop
endfacet
facet normal 0.9951847266721956 0.09801714032957415 0
outer loop
vertex 171 -151.9999999999999 2
vertex 171.02882207939516 -152.29263548302424 2
vertex 171.02882207939516 -152.2926354830241 0
endloop
endfacet
facet normal 0.9951847266721956 0.09801714032957415 0
outer loop
vertex 171 -151.9999999999999 2
vertex 171.02882207939516 -152.2926354830241 0
vertex 171 -151.99999999999991 0
endloop
endfacet
facet normal 0.9569403357322217 0.2902846772544199 0
outer loop
vertex 171.02882207939516 -152.29263548302424 2
vertex 171.114180701233 -152.57402514854746 2
vertex 171.1141807012331 -152.57402514854766 0
endloop
endfacet
facet normal 0.9569403357322217 0.2902846772544199 0
outer loop
vertex 171.02882207939516 -152.29263548302424 2
vertex 171.1141807012331 -152.57402514854766 0
vertex 171.02882207939516 -152.2926354830241 0
endloop
endfacet
facet normal 0.881921264348327 0.4713967368260505 0
outer loop
vertex 171.114180701233 -152.57402514854746 2
vertex 171.25279558154625 -152.83335534952943 2
vertex 171.25279558154622 -152.83335534952943 0
endloop
endfacet
facet normal 0.881921264348327 0.4713967368260505 0
outer loop
vertex 171.114180701233 -152.57402514854746 2
vertex 171.25279558154622 -152.83335534952943 0
vertex 171.1141807012331 -152.57402514854766 0
endloop
endfacet
facet normal 0.7730104533627828 0.6343932841635896 0
outer loop
vertex 171.25279558154625 -152.83335534952943 2
vertex 171.43933982822026 -153.06066017177992 2
vertex 171.43933982822017 -153.06066017177983 0
endloop
endfacet
facet normal 0.7730104533627828 0.6343932841635896 0
outer loop
vertex 171.25279558154625 -152.83335534952943 2
vertex 171.43933982822017 -153.06066017177983 0
vertex 171.25279558154622 -152.83335534952943 0
endloop
endfacet
facet normal 0.6343932841635905 0.773010453362782 0
outer loop
vertex 171.43933982822026 -153.06066017177992 2
vertex 171.66664465047054 -153.24720441845378 2
vertex 171.6666446504707 -153.24720441845386 0
endloop
endfacet
facet normal 0.6343932841635905 0.773010453362782 0
outer loop
vertex 171.43933982822026 -153.06066017177992 2
vertex 171.6666446504707 -153.24720441845386 0
vertex 171.43933982822017 -153.06066017177983 0
endloop
endfacet
facet normal 0.4713967368260449 0.8819212643483297 0
outer loop
vertex 171.66664465047054 -153.24720441845378 2
vertex 171.92597485145234 -153.38581929876693 2
vertex 171.92597485145234 -153.38581929876693 0
endloop
endfacet
facet normal 0.4713967368260449 0.8819212643483297 0
outer loop
vertex 171.66664465047054 -153.24720441845378 2
vertex 171.92597485145234 -153.38581929876693 0
vertex 171.6666446504707 -153.24720441845386 0
endloop
endfacet
facet normal 0.2902846772544199 0.9569403357322217 0
outer loop
vertex 171.92597485145234 -153.38581929876693 2
vertex 172.2073645169757 -153.47117792060482 2
vertex 172.20736451697582 -153.47117792060484 0
endloop
endfacet
facet normal 0.2902846772544199 0.9569403357322217 0
outer loop
vertex 171.92597485145234 -153.38581929876693 2
vertex 172.20736451697582 -153.47117792060484 0
vertex 171.92597485145234 -153.38581929876693 0
endloop
endfacet
facet normal 0.09801714032957415 0.9951847266721956 0
outer loop
vertex 172.2073645169757 -153.47117792060482 2
vertex 172.4999999999999 -153.49999999999997 2
vertex 172.49999999999977 -153.49999999999997 0
endloop
endfacet
facet normal 0.09801714032957415 0.9951847266721956 0
outer loop
vertex 172.2073645169757 -153.47117792060482 2
vertex 172.49999999999977 -153.49999999999997 0
vertex 172.20736451697582 -153.47117792060484 0
endloop
endfacet
facet normal -0.09801714032957415 0.9951847266721956 0
outer loop
vertex 172.4999999999999 -153.49999999999997 2
vertex 172.7926354830242 -153.47117792060482 2
vertex 172.79263548302418 -153.47117792060484 0
endloop
endfacet
facet normal -0.09801714032957415 0.9951847266721956 0
outer loop
vertex 172.4999999999999 -153.49999999999997 2
vertex 172.79263548302418 -153.47117792060484 0
vertex 172.49999999999977 -153.49999999999997 0
endloop
endfacet
facet normal -0.2902846772544479 0.9569403357322133 0
outer loop
vertex 172.7926354830242 -153.47117792060482 2
vertex 173.0740251485476 -153.38581929876693 2
vertex 173.07402514854766 -153.38581929876693 0
endloop
endfacet
facet normal -0.2902846772544479 0.9569403357322133 0
outer loop
vertex 172.7926354830242 -153.47117792060482 2
vertex 173.07402514854766 -153.38581929876693 0
vertex 172.79263548302418 -153.47117792060484 0
endloop
endfacet
facet normal -0.47139673682604744 0.8819212643483284 0
outer loop
vertex 173.0740251485476 -153.38581929876693 2
vertex 173.33335534952943 -153.24720441845378 2
vertex 173.3333553495295 -153.24720441845386 0
endloop
endfacet
facet normal -0.47139673682604744 0.8819212643483284 0
outer loop
vertex 173.0740251485476 -153.38581929876693 2
vertex 173.3333553495295 -153.24720441845386 0
vertex 173.07402514854766 -153.38581929876693 0
endloop
endfacet
facet normal -0.63439328416359 0.7730104533627825 0
outer loop
vertex 173.33335534952943 -153.24720441845378 2
vertex 173.56066017177974 -153.06066017177992 2
vertex 173.56066017177974 -153.06066017177983 0
endloop
endfacet
facet normal -0.63439328416359 0.7730104533627825 0
outer loop
vertex 173.33335534952943 -153.24720441845378 2
vertex 173.56066017177974 -153.06066017177983 0
vertex 173.3333553495295 -153.24720441845386 0
endloop
endfacet
facet normal -0.7730104533627965 0.634393284163573 0
outer loop
vertex 173.56066017177974 -153.06066017177992 2
vertex 173.74720441845378 -152.83335534952943 2
vertex 173.74720441845383 -152.83335534952943 0
endloop
endfacet
facet normal -0.7730104533627965 0.634393284163573 0
outer loop
vertex 173.56066017177974 -153.06066017177992 2
vertex 173.74720441845383 -152.83335534952943 0
vertex 173.56066017177974 -153.06066017177983 0
endloop
endfacet
facet normal -0.8819212643483253 0.47139673682605343 0
outer loop
vertex 173.74720441845378 -152.83335534952943 2
vertex 173.8858192987671 -152.57402514854746 2
vertex 173.8858192987669 -152.57402514854766 0
endloop
endfacet
facet normal -0.8819212643483253 0.47139673682605343 0
outer loop
vertex 173.74720441845378 -152.83335534952943 2
vertex 173.8858192987669 -152.57402514854766 0
vertex 173.74720441845383 -152.83335534952943 0
endloop
endfacet
facet normal -0.9569403357322133 0.2902846772544479 0
outer loop
vertex 173.8858192987671 -152.57402514854746 2
vertex 173.97117792060482 -152.29263548302424 2
vertex 173.97117792060482 -152.2926354830241 0
endloop
endfacet
facet normal -0.9569403357322133 0.2902846772544479 0
outer loop
vertex 173.8858192987671 -152.57402514854746 2
vertex 173.97117792060482 -152.2926354830241 0
vertex 173.8858192987669 -152.57402514854766 0
endloop
endfacet
facet normal -0.9951847266721956 0.09801714032957415 0
outer loop
vertex 236.4083360206048 -154.95533978302424 2
vertex 236.43715809999998 -154.66270429999994 2
vertex 236.4371581 -154.66270430000003 0
endloop
endfacet
facet normal -0.9951847266721956 0.09801714032957415 0
outer loop
vertex 236.4083360206048 -154.95533978302424 2
vertex 236.4371581 -154.66270430000003 0
vertex 236.40833602060482 -154.95533978302436 0
endloop
endfacet
facet normal -0.9951847266721927 -0.09801714032960263 0
outer loop
vertex 236.43715809999998 -154.66270429999994 2
vertex 236.40833602060482 -154.37006881697576 2
vertex 236.40833602060485 -154.3700688169758 0
endloop
endfacet
facet normal -0.9951847266721927 -0.09801714032960263 0
outer loop
vertex 236.43715809999998 -154.66270429999994 2
vertex 236.40833602060485 -154.3700688169758 0
vertex 236.4371581 -154.66270430000003 0
endloop
endfacet
facet normal -0.9569403357322217 -0.2902846772544199 0
outer loop
vertex 236.40833602060482 -154.37006881697576 2
vertex 236.32297739876688 -154.08867915145225 2
vertex 236.32297739876694 -154.08867915145228 0
endloop
endfacet
facet normal -0.9569403357322217 -0.2902846772544199 0
outer loop
vertex 236.40833602060482 -154.37006881697576 2
vertex 236.32297739876694 -154.08867915145228 0
vertex 236.40833602060485 -154.3700688169758 0
endloop
endfacet
facet normal -0.8819212643483402 -0.47139673682602534 0
outer loop
vertex 236.32297739876688 -154.08867915145225 2
vertex 236.1843625184538 -153.8293489504706 2
vertex 236.18436251845398 -153.82934895047086 0
endloop
endfacet
facet normal -0.8819212643483402 -0.47139673682602534 0
outer loop
vertex 236.32297739876688 -154.08867915145225 2
vertex 236.18436251845398 -153.82934895047086 0
vertex 236.32297739876694 -154.08867915145228 0
endloop
endfacet
facet normal -0.7730104533627797 -0.6343932841635934 0
outer loop
vertex 236.1843625184538 -153.8293489504706 2
vertex 235.99781827177978 -153.60204412822011 2
vertex 235.99781827177966 -153.60204412822 0
endloop
endfacet
facet normal -0.7730104533627797 -0.6343932841635934 0
outer loop
vertex 236.1843625184538 -153.8293489504706 2
vertex 235.99781827177966 -153.60204412822 0
vertex 236.18436251845398 -153.82934895047086 0
endloop
endfacet
facet normal -0.634393284163582 -0.7730104533627893 0
outer loop
vertex 235.99781827177978 -153.60204412822011 2
vertex 235.77051344952937 -153.41549988154617 2
vertex 235.77051344952957 -153.4154998815463 0
endloop
endfacet
facet normal -0.634393284163582 -0.7730104533627893 0
outer loop
vertex 235.99781827177978 -153.60204412822011 2
vertex 235.77051344952957 -153.4154998815463 0
vertex 235.99781827177966 -153.60204412822 0
endloop
endfacet
facet normal -0.47139673682602595 -0.8819212643483401 0
outer loop
vertex 235.77051344952937 -153.41549988154617 2
vertex 235.51118324854772 -153.2768850012331 2
vertex 235.51118324854752 -153.27688500123304 0
endloop
endfacet
facet normal -0.47139673682602595 -0.8819212643483401 0
outer loop
vertex 235.77051344952937 -153.41549988154617 2
vertex 235.51118324854752 -153.27688500123304 0
vertex 235.77051344952957 -153.4154998815463 0
endloop
endfacet
facet normal -0.2902846772544479 -0.9569403357322133 0
outer loop
vertex 235.51118324854772 -153.2768850012331 2
vertex 235.2297935830242 -153.19152637939516 2
vertex 235.2297935830242 -153.19152637939516 0
endloop
endfacet
facet normal -0.2902846772544479 -0.9569403357322133 0
outer loop
vertex 235.51118324854772 -153.2768850012331 2
vertex 235.2297935830242 -153.19152637939516 0
vertex 235.51118324854752 -153.27688500123304 0
endloop
endfacet
facet normal -0.09801714032957415 -0.9951847266721956 0
outer loop
vertex 235.2297935830242 -153.19152637939516 2
vertex 234.93715810000012 -153.1627043 2
vertex 234.9371581 -153.1627043 0
endloop
endfacet
facet normal -0.09801714032957415 -0.9951847266721956 0
outer loop
vertex 235.2297935830242 -153.19152637939516 2
vertex 234.9371581 -153.1627043 0
vertex 235.2297935830242 -153.19152637939516 0
endloop
endfacet
facet normal 0.09801714032954566 -0.9951847266721985 0
outer loop
vertex 234.93715810000012 -153.1627043 2
vertex 234.6445226169757 -153.19152637939516 2
vertex 234.64452261697582 -153.19152637939516 0
endloop
endfacet
facet normal 0.09801714032954566 -0.9951847266721985 0
outer loop
vertex 234.93715810000012 -153.1627043 2
vertex 234.64452261697582 -153.19152637939516 0
vertex 234.9371581 -153.1627043 0
endloop
endfacet
facet normal 0.2902846772544479 -0.9569403357322133 0
outer loop
vertex 234.6445226169757 -153.19152637939516 2
vertex 234.3631329514523 -153.2768850012331 2
vertex 234.3631329514524 -153.27688500123304 0
endloop
endfacet
facet normal 0.2902846772544479 -0.9569403357322133 0
outer loop
vertex 234.6445226169757 -153.19152637939516 2
vertex 234.3631329514524 -153.27688500123304 0
vertex 234.64452261697582 -153.19152637939516 0
endloop
endfacet
facet normal 0.47139673682604744 -0.8819212643483284 0
outer loop
vertex 234.3631329514523 -153.2768850012331 2
vertex 234.1038027504706 -153.41549988154617 2
vertex 234.10380275047024 -153.4154998815463 0
endloop
endfacet
facet normal 0.47139673682604744 -0.8819212643483284 0
outer loop
vertex 234.3631329514523 -153.2768850012331 2
vertex 234.10380275047024 -153.4154998815463 0
vertex 234.3631329514524 -153.27688500123304 0
endloop
endfacet
facet normal 0 0 1
outer loop
vertex 234.1038027504706 -153.41549988154617 2
vertex 233.97787209451997 -153.5188485 2
vertex 233.8764979282204 -153.60204412822011 2
endloop
endfacet
facet normal 0 0 1
outer loop
vertex 234.1038027504706 -153.41549988154617 2
vertex 233.8764979282204 -153.60204412822011 2
vertex 233.87649792822083 -153.60204412822 0
endloop
endfacet
facet normal 0 0 1
outer loop
vertex 234.1038027504706 -153.41549988154617 2
vertex 233.87649792822083 -153.60204412822 0
vertex 233.97787209452045 -153.5188485 0
endloop
endfacet
facet normal 0 0 1
outer loop
vertex 234.1038027504706 -153.41549988154617 2
vertex 233.97787209452045 -153.5188485 0
vertex 234.10380275047024 -153.4154998815463 0
endloop
endfacet
facet normal 0.7730104533627825 -0.63439328416359 0
outer loop
vertex 233.8764979282204 -153.60204412822011 2
vertex 233.68995368154611 -153.8293489504706 2
vertex 233.68995368154563 -153.82934895047086 0
endloop
endfacet
facet normal 0.7730104533627825 -0.63439328416359 0
outer loop
vertex 233.8764979282204 -153.60204412822011 2
vertex 233.68995368154563 -153.82934895047086 0
vertex 233.87649792822083 -153.60204412822 0
endloop
endfacet
facet normal 0.8819212643483285 -0.47139673682604755 0
outer loop
vertex 233.68995368154611 -153.8293489504706 2
vertex 233.55133880123316 -154.08867915145225 2
vertex 233.5513388012333 -154.08867915145228 0
endloop
endfacet
facet normal 0.8819212643483285 -0.47139673682604755 0
outer loop
vertex 233.68995368154611 -153.8293489504706 2
vertex 233.5513388012333 -154.08867915145228 0
vertex 233.68995368154563 -153.82934895047086 0
endloop
endfacet
facet normal 0.9569403357322224 -0.2902846772544179 0
outer loop
vertex 233.55133880123316 -154.08867915145225 2
vertex 233.46598017939516 -154.37006881697576 2
vertex 233.46598017939516 -154.3700688169758 0
endloop
endfacet
facet normal 0.9569403357322224 -0.2902846772544179 0
outer loop
vertex 233.55133880123316 -154.08867915145225 2
vertex 233.46598017939516 -154.3700688169758 0
vertex 233.5513388012333 -154.08867915145228 0
endloop
endfacet
facet normal 0.9951847266721985 -0.09801714032954566 0
outer loop
vertex 233.46598017939516 -154.37006881697576 2
vertex 233.4371581 -154.66270429999994 2
vertex 233.43715809999998 -154.66270430000003 0
endloop
endfacet
facet normal 0.9951847266721985 -0.09801714032954566 0
outer loop
vertex 233.46598017939516 -154.37006881697576 2
vertex 233.43715809999998 -154.66270430000003 0
vertex 233.46598017939516 -154.3700688169758 0
endloop
endfacet
facet normal 0.9951847266721956 0.09801714032957415 0
outer loop
vertex 233.4371581 -154.66270429999994 2
vertex 233.46598017939516 -154.95533978302424 2
vertex 233.4659801793952 -154.95533978302436 0
endloop
endfacet
facet normal 0.9951847266721956 0.09801714032957415 0
outer loop
vertex 233.4371581 -154.66270429999994 2
vertex 233.4659801793952 -154.95533978302436 0
vertex 233.43715809999998 -154.66270430000003 0
endloop
endfacet
facet normal 0 0 1
outer loop
vertex 233.46598017939516 -154.95533978302424 2
vertex 233.51038695388462 -155.1017293 2
vertex 233.55133880123302 -155.23672944854746 2
endloop
endfacet
facet normal 0 0 1
outer loop
vertex 233.46598017939516 -154.95533978302424 2
vertex 233.55133880123302 -155.23672944854746 2
vertex 233.55133880123304 -155.23672944854758 0
endloop
endfacet
facet normal 0 0 1
outer loop
vertex 233.46598017939516 -154.95533978302424 2
vertex 233.55133880123304 -155.23672944854758 0
vertex 233.51038695388462 -155.1017293 0
endloop
endfacet
facet normal 0 0 1
outer loop
vertex 233.46598017939516 -154.95533978302424 2
vertex 233.51038695388462 -155.1017293 0
vertex 233.4659801793952 -154.95533978302436 0
endloop
endfacet
facet normal 0.881921264348327 0.4713967368260505 0
outer loop
vertex 233.55133880123302 -155.23672944854746 2
vertex 233.68995368154634 -155.4960596495296 2
vertex 233.68995368154614 -155.49605964952934 0
endloop
endfacet
facet normal 0.881921264348327 0.4713967368260505 0
outer loop
vertex 233.55133880123302 -155.23672944854746 2
vertex 233.68995368154614 -155.49605964952934 0
vertex 233.55133880123304 -155.23672944854758 0
endloop
endfacet
facet normal 0.7730104533627797 0.6343932841635934 0
outer loop
vertex 233.68995368154634 -155.4960596495296 2
vertex 233.87649792822015 -155.7233644717798 2
vertex 233.87649792822015 -155.7233644717798 0
endloop
endfacet
facet normal 0.7730104533627797 0.6343932841635934 0
outer loop
vertex 233.68995368154634 -155.4960596495296 2
vertex 233.87649792822015 -155.7233644717798 0
vertex 233.68995368154614 -155.49605964952934 0
endloop
endfacet
facet normal 0.6343932841635582 0.7730104533628086 0
outer loop
vertex 233.87649792822015 -155.7233644717798 2
vertex 234.10380275047063 -155.90990871845383 2
vertex 234.10380275047058 -155.90990871845378 0
endloop
endfacet
facet normal 0.6343932841635582 0.7730104533628086 0
outer loop
vertex 233.87649792822015 -155.7233644717798 2
vertex 234.10380275047058 -155.90990871845378 0
vertex 233.87649792822015 -155.7233644717798 0
endloop
endfacet
facet normal 0.47139673682603717 0.881921264348334 0
outer loop
vertex 234.10380275047063 -155.90990871845383 2
vertex 234.36313295145226 -156.0485235987669 2
vertex 234.36313295145243 -156.04852359876696 0
endloop
endfacet
facet normal 0.47139673682603717 0.881921264348334 0
outer loop
vertex 234.10380275047063 -155.90990871845383 2
vertex 234.36313295145243 -156.04852359876696 0
vertex 234.10380275047058 -155.90990871845378 0
endloop
endfacet
facet normal 0.2902846772544479 0.9569403357322133 0
outer loop
vertex 234.36313295145226 -156.0485235987669 2
vertex 234.64452261697588 -156.13388222060487 2
vertex 234.6445226169758 -156.13388222060485 0
endloop
endfacet
facet normal 0.2902846772544479 0.9569403357322133 0
outer loop
vertex 234.36313295145226 -156.0485235987669 2
vertex 234.6445226169758 -156.13388222060485 0
vertex 234.36313295145243 -156.04852359876696 0
endloop
endfacet
facet normal 0.09801714032957415 0.9951847266721956 0
outer loop
vertex 234.64452261697588 -156.13388222060487 2
vertex 234.9371581000001 -156.16270430000003 2
vertex 234.93715809999995 -156.1627043 0
endloop
endfacet
facet normal 0.09801714032957415 0.9951847266721956 0
outer loop
vertex 234.64452261697588 -156.13388222060487 2
vertex 234.93715809999995 -156.1627043 0
vertex 234.6445226169758 -156.13388222060485 0
endloop
endfacet
facet normal -0.09801714032957415 0.9951847266721956 0
outer loop
vertex 234.9371581000001 -156.16270430000003 2
vertex 235.22979358302416 -156.13388222060487 2
vertex 235.22979358302402 -156.13388222060485 0
endloop
endfacet
facet normal -0.09801714032957415 0.9951847266721956 0
outer loop
vertex 234.9371581000001 -156.16270430000003 2
vertex 235.22979358302402 -156.13388222060485 0
vertex 234.93715809999995 -156.1627043 0
endloop
endfacet
facet normal -0.2902846772544479 0.9569403357322133 0
outer loop
vertex 235.22979358302416 -156.13388222060487 2
vertex 235.51118324854758 -156.0485235987669 2
vertex 235.51118324854778 -156.04852359876696 0
endloop
endfacet
facet normal -0.2902846772544479 0.9569403357322133 0
outer loop
vertex 235.22979358302416 -156.13388222060487 2
vertex 235.51118324854778 -156.04852359876696 0
vertex 235.22979358302402 -156.13388222060485 0
endloop
endfacet
facet normal -0.47139673682604755 0.8819212643483285 0
outer loop
vertex 235.51118324854758 -156.0485235987669 2
vertex 235.77051344952935 -155.90990871845383 2
vertex 235.77051344952937 -155.90990871845378 0
endloop
endfacet
facet normal -0.47139673682604755 0.8819212643483285 0
outer loop
vertex 235.51118324854758 -156.0485235987669 2
vertex 235.77051344952937 -155.90990871845378 0
vertex 235.51118324854778 -156.04852359876696 0
endloop
endfacet
facet normal -0.63439328416359 0.7730104533627825 0
outer loop
vertex 235.77051344952935 -155.90990871845383 2
vertex 235.99781827177992 -155.7233644717798 2
vertex 235.99781827177998 -155.7233644717798 0
endloop
endfacet
facet normal -0.63439328416359 0.7730104533627825 0
outer loop
vertex 235.77051344952935 -155.90990871845383 2
vertex 235.99781827177998 -155.7233644717798 0
vertex 235.77051344952937 -155.90990871845378 0
endloop
endfacet
facet normal -0.7730104533627711 0.6343932841636039 0
outer loop
vertex 235.99781827177992 -155.7233644717798 2
vertex 236.18436251845364 -155.4960596495296 2
vertex 236.1843625184538 -155.49605964952934 0
endloop
endfacet
facet normal -0.7730104533627711 0.6343932841636039 0
outer loop
vertex 235.99781827177992 -155.7233644717798 2
vertex 236.1843625184538 -155.49605964952934 0
vertex 235.99781827177998 -155.7233644717798 0
endloop
endfacet
facet normal -0.8819212643483284 0.47139673682604744 0
outer loop
vertex 236.18436251845364 -155.4960596495296 2
vertex 236.32297739876708 -155.23672944854746 2
vertex 236.32297739876682 -155.23672944854758 0
endloop
endfacet
facet normal -0.8819212643483284 0.47139673682604744 0
outer loop
vertex 236.18436251845364 -155.4960596495296 2
vertex 236.32297739876682 -155.23672944854758 0
vertex 236.1843625184538 -155.49605964952934 0
endloop
endfacet
facet normal -0.9569403357322224 0.2902846772544179 0
outer loop
vertex 236.32297739876708 -155.23672944854746 2
vertex 236.4083360206048 -154.95533978302424 2
vertex 236.40833602060482 -154.95533978302436 0
endloop
endfacet
facet normal -0.9569403357322224 0.2902846772544179 0
outer loop
vertex 236.32297739876708 -155.23672944854746 2
vertex 236.40833602060482 -154.95533978302436 0
vertex 236.32297739876682 -155.23672944854758 0
endloop
endfacet
endsolid csg.js
