solid csg.js
facet normal 0 0 -1
outer loop
vertex 197.5 -85.2375 0
vertex 197.67364817766693 -85.25269224698779 0
vertex 197.84202014332567 -85.2978073792141 0
endloop
endfacet
facet normal 0 0 -1
outer loop
vertex 197.5 -85.2375 0
vertex 197.84202014332567 -85.2978073792141 0
vertex 198.00000000000003 -85.3714745962156 0
endloop
endfacet
facet normal 0 0 -1
outer loop
vertex 197.5 -85.2375 0
vertex 198.00000000000003 -85.3714745962156 0
vertex 198.14278760968642 -85.47145555688094 0
endloop
endfacet
facet normal 0 0 -1
outer loop
vertex 197.5 -85.2375 0
vertex 198.14278760968642 -85.47145555688094 0
vertex 198.26604444311903 -85.59471239031349 0
endloop
endfacet
facet normal 0 0 -1
outer loop
vertex 197.5 -85.2375 0
vertex 198.26604444311903 -85.59471239031349 0
vertex 198.3660254037846 -85.73749999999995 0
endloop
endfacet
facet normal 0 0 -1
outer loop
vertex 197.5 -85.2375 0
vertex 198.3660254037846 -85.73749999999995 0
vertex 198.43969262078596 -85.89547985667457 0
endloop
endfacet
facet normal 0 0 -1
outer loop
vertex 197.5 -85.2375 0
vertex 198.43969262078596 -85.89547985667457 0
vertex 198.4848077530122 -86.06385182233291 0
endloop
endfacet
facet normal 0 0 -1
outer loop
vertex 197.5 -85.2375 0
vertex 198.4848077530122 -86.06385182233291 0
vertex 198.5 -86.23750000000015 0
endloop
endfacet
facet normal 0 0 -1
outer loop
vertex 197.5 -85.2375 0
vertex 198.5 -86.23750000000015 0
vertex 198.5 -88.99999999999987 0
endloop
endfacet
facet normal 0 0 -1
outer loop
vertex 197.5 -85.2375 0
vertex 198.5 -88.99999999999987 0
vertex 173.5 -88.99999999999987 0
endloop
endfacet
facet normal 0 0 -1
outer loop
vertex 197.5 -85.2375 0
vertex 173.5 -88.99999999999987 0
vertex 173.5 -86.23750000000015 0
endloop
endfacet
facet normal 0 0 -1
outer loop
vertex 197.5 -85.2375 0
vertex 173.5 -86.23750000000015 0
vertex 173.51519224698782 -86.06385182233291 0
endloop
endfacet
facet normal 0 0 -1
outer loop
vertex 197.5 -85.2375 0
vertex 173.51519224698782 -86.06385182233291 0
vertex 173.560307379214 -85.89547985667457 0
endloop
endfacet
facet normal 0 0 -1
outer loop
vertex 197.5 -85.2375 0
vertex 173.560307379214 -85.89547985667457 0
vertex 173.6339745962156 -85.73749999999995 0
endloop
endfacet
facet normal 0 0 -1
outer loop
vertex 197.5 -85.2375 0
vertex 173.6339745962156 -85.73749999999995 0
vertex 173.73395555688103 -85.59471239031349 0
endloop
endfacet
facet normal 0 0 -1
outer loop
vertex 197.5 -85.2375 0
vertex 173.73395555688103 -85.59471239031349 0
vertex 173.85721239031358 -85.47145555688094 0
endloop
endfacet
facet normal 0 0 -1
outer loop
vertex 197.5 -85.2375 0
vertex 173.85721239031358 -85.47145555688094 0
vertex 173.99999999999991 -85.3714745962156 0
endloop
endfacet
facet normal 0 0 -1
outer loop
vertex 197.5 -85.2375 0
vertex 173.99999999999991 -85.3714745962156 0
vertex 174.1579798566743 -85.2978073792141 0
endloop
endfacet
facet normal 0 0 -1
outer loop
vertex 197.5 -85.2375 0
vertex 174.1579798566743 -85.2978073792141 0
vertex 174.3263518223331 -85.25269224698779 0
endloop
endfacet
facet normal 0 0 -1
outer loop
vertex 197.5 -85.2375 0
vertex 174.3263518223331 -85.25269224698779 0
vertex 174.50000000000003 -85.2375 0
endloop
endfacet
facet normal 0 0 -1
outer loop
vertex 198.5 -88.99999999999987 0
vertex 198.5151922469878 -89.17364817766693 0
vertex 173.4848077530122 -89.17364817766693 0
endloop
endfacet
facet normal 0 0 -1
outer loop
vertex 198.5 -88.99999999999987 0
vertex 173.4848077530122 -89.17364817766693 0
vertex 173.5 -88.99999999999987 0
endloop
endfacet
facet normal 0 0 -1
outer loop
vertex 198.5151922469878 -89.17364817766693 0
vertex 198.56030737921418 -89.3420201433259 0
vertex 173.43969262078585 -89.3420201433259 0
endloop
endfacet
facet normal 0 0 -1
outer loop
vertex 198.5151922469878 -89.17364817766693 0
vertex 173.43969262078585 -89.3420201433259 0
vertex 173.4848077530122 -89.17364817766693 0
endloop
endfacet
facet normal 0 0 -1
outer loop
vertex 198.56030737921418 -89.3420201433259 0
vertex 198.63397459621547 -89.49999999999989 0
vertex 173.36602540378456 -89.49999999999989 0
endloop
endfacet
facet normal 0 0 -1
outer loop
vertex 198.56030737921418 -89.3420201433259 0
vertex 173.36602540378456 -89.49999999999989 0
vertex 173.43969262078585 -89.3420201433259 0
endloop
endfacet
facet normal 0 0 -1
outer loop
vertex 198.63397459621547 -89.49999999999989 0
vertex 198.73395555688106 -89.64278760968658 0
vertex 173.2660444431189 -89.64278760968658 0
endloop
endfacet
facet normal 0 0 -1
outer loop
vertex 198.63397459621547 -89.49999999999989 0
vertex 173.2660444431189 -89.64278760968658 0
vertex 173.36602540378456 -89.49999999999989 0
endloop
endfacet
facet normal 0 0 -1
outer loop
vertex 198.73395555688106 -89.64278760968658 0
vertex 198.85721239031346 -89.76604444311897 0
vertex 173.14278760968656 -89.76604444311897 0
endloop
endfacet
facet normal 0 0 -1
outer loop
vertex 198.73395555688106 -89.64278760968658 0
vertex 173.14278760968656 -89.76604444311897 0
vertex 173.2660444431189 -89.64278760968658 0
endloop
endfacet
facet normal 0 0 -1
outer loop
vertex 198.85721239031346 -89.76604444311897 0
vertex 199.00000000000009 -89.86602540378449 0
vertex 172.99999999999994 -89.86602540378449 0
endloop
endfacet
facet normal 0 0 -1
outer loop
vertex 198.85721239031346 -89.76604444311897 0
vertex 172.99999999999994 -89.86602540378449 0
vertex 173.14278760968656 -89.76604444311897 0
endloop
endfacet
facet normal 0 0 -1
outer loop
vertex 199.00000000000009 -89.86602540378449 0
vertex 199.1579798566743 -89.9396926207859 0
vertex 172.8420201433257 -89.9396926207859 0
endloop
endfacet
facet normal 0 0 -1
outer loop
vertex 199.00000000000009 -89.86602540378449 0
vertex 172.8420201433257 -89.9396926207859 0
vertex 172.99999999999994 -89.86602540378449 0
endloop
endfacet
facet normal 0 0 -1
outer loop
vertex 199.1579798566743 -89.9396926207859 0
vertex 199.32635182233304 -89.9848077530122 0
vertex 172.67364817766696 -89.9848077530122 0
endloop
endfacet
facet normal 0 0 -1
outer loop
vertex 199.1579798566743 -89.9396926207859 0
vertex 172.67364817766696 -89.9848077530122 0
vertex 172.8420201433257 -89.9396926207859 0
endloop
endfacet
facet normal 0 0 -1
outer loop
vertex 199.32635182233304 -89.9848077530122 0
vertex 199.49999999999991 -90 0
vertex 172.49999999999991 -90 0
endloop
endfacet
facet normal 0 0 -1
outer loop
vertex 199.32635182233304 -89.9848077530122 0
vertex 172.49999999999991 -90 0
vertex 172.67364817766696 -89.9848077530122 0
endloop
endfacet
facet normal 0 0 -1
outer loop
vertex 172.49999999999991 -90 0
vertex 199.49999999999991 -90 0
vertex 215.5 -90 0
endloop
endfacet
facet normal 0 0 -1
outer loop
vertex 172.49999999999991 -90 0
vertex 215.5 -90 0
vertex 215.67364817766693 -90.0151922469878 0
endloop
endfacet
facet normal 0 0 -1
outer loop
vertex 172.49999999999991 -90 0
vertex 215.67364817766693 -90.0151922469878 0
vertex 215.84202014332567 -90.0603073792141 0
endloop
endfacet
facet normal 0 0 -1
outer loop
vertex 172.49999999999991 -90 0
vertex 215.84202014332567 -90.0603073792141 0
vertex 216 -90.13397459621557 0
endloop
endfacet
facet normal 0 0 -1
outer loop
vertex 172.49999999999991 -90 0
vertex 216 -90.13397459621557 0
vertex 216.14278760968665 -90.23395555688111 0
endloop
endfacet
facet normal 0 0 -1
outer loop
vertex 172.49999999999991 -90 0
vertex 216.14278760968665 -90.23395555688111 0
vertex 216.26604444311886 -90.35721239031332 0
endloop
endfacet
facet normal 0 0 -1
outer loop
vertex 172.49999999999991 -90 0
vertex 216.26604444311886 -90.35721239031332 0
vertex 216.3660254037845 -90.50000000000011 0
endloop
endfacet
facet normal 0 0 -1
outer loop
vertex 172.49999999999991 -90 0
vertex 216.3660254037845 -90.50000000000011 0
vertex 216.4396926207859 -90.65797985667433 0
endloop
endfacet
facet normal 0 0 -1
outer loop
vertex 172.49999999999991 -90 0
vertex 216.4396926207859 -90.65797985667433 0
vertex 216.4848077530122 -90.82635182233305 0
endloop
endfacet
facet normal 0 0 -1
outer loop
vertex 172.49999999999991 -90 0
vertex 216.4848077530122 -90.82635182233305 0
vertex 216.5 -90.99999999999979 0
endloop
endfacet
facet normal 0 0 -1
outer loop
vertex 172.49999999999991 -90 0
vertex 216.5 -90.99999999999979 0
vertex 216.5 -91.85749999999987 0
endloop
endfacet
facet normal 0 0 -1
outer loop
vertex 172.49999999999991 -90 0
vertex 216.5 -91.85749999999987 0
vertex 155.5 -91.85749999999987 0
endloop
endfacet
facet normal 0 0 -1
outer loop
vertex 172.49999999999991 -90 0
vertex 155.5 -91.85749999999987 0
vertex 155.5 -90.99999999999979 0
endloop
endfacet
facet normal 0 0 -1
outer loop
vertex 172.49999999999991 -90 0
vertex 155.5 -90.99999999999979 0
vertex 155.5151922469878 -90.82635182233305 0
endloop
endfacet
facet normal 0 0 -1
outer loop
vertex 172.49999999999991 -90 0
vertex 155.5151922469878 -90.82635182233305 0
vertex 155.56030737921412 -90.65797985667433 0
endloop
endfacet
facet normal 0 0 -1
outer loop
vertex 172.49999999999991 -90 0
vertex 155.56030737921412 -90.65797985667433 0
vertex 155.6339745962155 -90.50000000000011 0
endloop
endfacet
facet normal 0 0 -1
outer loop
vertex 172.49999999999991 -90 0
vertex 155.6339745962155 -90.50000000000011 0
vertex 155.73395555688103 -90.35721239031332 0
endloop
endfacet
facet normal 0 0 -1
outer loop
vertex 172.49999999999991 -90 0
vertex 155.73395555688103 -90.35721239031332 0
vertex 155.85721239031346 -90.23395555688111 0
endloop
endfacet
facet normal 0 0 -1
outer loop
vertex 172.49999999999991 -90 0
vertex 155.85721239031346 -90.23395555688111 0
vertex 156.00000000000009 -90.13397459621557 0
endloop
endfacet
facet normal 0 0 -1
outer loop
vertex 172.49999999999991 -90 0
vertex 156.00000000000009 -90.13397459621557 0
vertex 156.1579798566742 -90.0603073792141 0
endloop
endfacet
facet normal 0 0 -1
outer loop
vertex 172.49999999999991 -90 0
vertex 156.1579798566742 -90.0603073792141 0
vertex 156.32635182233315 -90.0151922469878 0
endloop
endfacet
facet normal 0 0 -1
outer loop
vertex 172.49999999999991 -90 0
vertex 156.32635182233315 -90.0151922469878 0
vertex 156.5 -90 0
endloop
endfacet
facet normal 0 0 -1
outer loop
vertex 216.5 -91.85749999999987 0
vertex 216.51519224698785 -92.0311481776672 0
vertex 155.5 -92.0311481776672 0
endloop
endfacet
facet normal 0 0 -1
outer loop
vertex 216.5 -91.85749999999987 0
vertex 155.5 -92.0311481776672 0
vertex 155.5 -91.85749999999987 0
endloop
endfacet
facet normal 0 0 -1
outer loop
vertex 216.51519224698785 -92.0311481776672 0
vertex 216.56030737921404 -92.19952014332546 0
vertex 155.5 -92.19952014332546 0
endloop
endfacet
facet normal 0 0 -1
outer loop
vertex 216.51519224698785 -92.0311481776672 0
vertex 155.5 -92.19952014332546 0
vertex 155.5 -92.0311481776672 0
endloop
endfacet
facet normal 0 0 -1
outer loop
vertex 216.56030737921404 -92.19952014332546 0
vertex 216.63397459621564 -92.35750000000007 0
vertex 155.5 -92.35750000000007 0
endloop
endfacet
facet normal 0 0 -1
outer loop
vertex 216.56030737921404 -92.19952014332546 0
vertex 155.5 -92.35750000000007 0
vertex 155.5 -92.19952014332546 0
endloop
endfacet
facet normal 0 0 -1
outer loop
vertex 216.63397459621564 -92.35750000000007 0
vertex 216.73395555688114 -92.50028760968665 0
vertex 155.5 -92.50028760968665 0
endloop
endfacet
facet normal 0 0 -1
outer loop
vertex 216.63397459621564 -92.35750000000007 0
vertex 155.5 -92.50028760968665 0
vertex 155.5 -92.35750000000007 0
endloop
endfacet
facet normal 0 0 -1
outer loop
vertex 216.73395555688114 -92.50028760968665 0
vertex 216.8572123903134 -92.62354444311892 0
vertex 155.5 -92.62354444311892 0
endloop
endfacet
facet normal 0 0 -1
outer loop
vertex 216.73395555688114 -92.50028760968665 0
vertex 155.5 -92.62354444311892 0
vertex 155.5 -92.50028760968665 0
endloop
endfacet
facet normal 0 0 -1
outer loop
vertex 216.8572123903134 -92.62354444311892 0
vertex 217.00000000000009 -92.72352540378448 0
vertex 155.5 -92.72352540378448 0
endloop
endfacet
facet normal 0 0 -1
outer loop
vertex 216.8572123903134 -92.62354444311892 0
vertex 155.5 -92.72352540378448 0
vertex 155.5 -92.62354444311892 0
endloop
endfacet
facet normal 0 0 -1
outer loop
vertex 217.00000000000009 -92.72352540378448 0
vertex 217.1579798566744 -92.79719262078594 0
vertex 155.5 -92.79719262078594 0
endloop
endfacet
facet normal 0 0 -1
outer loop
vertex 217.00000000000009 -92.72352540378448 0
vertex 155.5 -92.79719262078594 0
vertex 155.5 -92.72352540378448 0
endloop
endfacet
facet normal 0 0 -1
outer loop
vertex 217.1579798566744 -92.79719262078594 0
vertex 217.32635182233295 -92.8423077530122 0
vertex 155.5 -92.8423077530122 0
endloop
endfacet
facet normal 0 0 -1
outer loop
vertex 217.1579798566744 -92.79719262078594 0
vertex 155.5 -92.8423077530122 0
vertex 155.5 -92.79719262078594 0
endloop
endfacet
facet normal 0 0 -1
outer loop
vertex 217.32635182233295 -92.8423077530122 0
vertex 217.5000000000001 -92.8575 0
vertex 155.5 -92.8575 0
endloop
endfacet
facet normal 0 0 -1
outer loop
vertex 217.32635182233295 -92.8423077530122 0
vertex 155.5 -92.8575 0
vertex 155.5 -92.8423077530122 0
endloop
endfacet
facet normal 0 0 -1
outer loop
vertex 217.5000000000001 -92.8575 0
vertex 233.49999999999991 -92.8575 0
vertex 233.67364817766702 -92.87269224698781 0
endloop
endfacet
facet normal 0 0 -1
outer loop
vertex 217.5000000000001 -92.8575 0
vertex 233.67364817766702 -92.87269224698781 0
vertex 233.84202014332567 -92.9178073792141 0
endloop
endfacet
facet normal 0 0 -1
outer loop
vertex 217.5000000000001 -92.8575 0
vertex 233.84202014332567 -92.9178073792141 0
vertex 234.00000000000006 -92.9914745962156 0
endloop
endfacet
facet normal 0 0 -1
outer loop
vertex 217.5000000000001 -92.8575 0
vertex 234.00000000000006 -92.9914745962156 0
vertex 234.14278760968654 -93.09145555688102 0
endloop
endfacet
facet normal 0 0 -1
outer loop
vertex 217.5000000000001 -92.8575 0
vertex 234.14278760968654 -93.09145555688102 0
vertex 234.26604444311891 -93.2147123903134 0
endloop
endfacet
facet normal 0 0 -1
outer loop
vertex 217.5000000000001 -92.8575 0
vertex 234.26604444311891 -93.2147123903134 0
vertex 234.3660254037844 -93.3574999999999 0
endloop
endfacet
facet normal 0 0 -1
outer loop
vertex 217.5000000000001 -92.8575 0
vertex 234.3660254037844 -93.3574999999999 0
vertex 234.4396926207859 -93.51547985667435 0
endloop
endfacet
facet normal 0 0 -1
outer loop
vertex 217.5000000000001 -92.8575 0
vertex 234.4396926207859 -93.51547985667435 0
vertex 234.4848077530122 -93.68385182233307 0
endloop
endfacet
facet normal 0 0 -1
outer loop
vertex 217.5000000000001 -92.8575 0
vertex 234.4848077530122 -93.68385182233307 0
vertex 234.5 -93.85750000000024 0
endloop
endfacet
facet normal 0 0 -1
outer loop
vertex 217.5000000000001 -92.8575 0
vertex 234.5 -93.85750000000024 0
vertex 234.5 -97.85750000000029 0
endloop
endfacet
facet normal 0 0 -1
outer loop
vertex 217.5000000000001 -92.8575 0
vertex 234.5 -97.85750000000029 0
vertex 155.5 -97.85750000000029 0
endloop
endfacet
facet normal 0 0 -1
outer loop
vertex 217.5000000000001 -92.8575 0
vertex 155.5 -97.85750000000029 0
vertex 155.5 -92.8575 0
endloop
endfacet
facet normal 0 0 -1
outer loop
vertex 234.5 -97.85750000000029 0
vertex 234.56076898795115 -98.55209271066768 0
vertex 155.5 -98.55209271066768 0
endloop
endfacet
facet normal 0 0 -1
outer loop
vertex 234.5 -97.85750000000029 0
vertex 155.5 -98.55209271066768 0
vertex 155.5 -97.85750000000029 0
endloop
endfacet
facet normal 0 0 -1
outer loop
vertex 234.56076898795115 -98.55209271066768 0
vertex 234.74122951685635 -99.22558057330262 0
vertex 155.5 -99.22558057330262 0
endloop
endfacet
facet normal 0 0 -1
outer loop
vertex 234.56076898795115 -98.55209271066768 0
vertex 155.5 -99.22558057330262 0
vertex 155.5 -98.55209271066768 0
endloop
endfacet
facet normal 0 0 -1
outer loop
vertex 234.74122951685635 -99.22558057330262 0
vertex 235.03589838486226 -99.85750000000009 0
vertex 155.5 -99.85750000000009 0
endloop
endfacet
facet normal 0 0 -1
outer loop
vertex 234.74122951685635 -99.22558057330262 0
vertex 155.5 -99.85750000000009 0
vertex 155.5 -99.22558057330262 0
endloop
endfacet
facet normal 0 0 -1
outer loop
vertex 235.03589838486226 -99.85750000000009 0
vertex 235.43582222752406 -100.42865043874615 0
vertex 155.5 -100.42865043874615 0
endloop
endfacet
facet normal 0 0 -1
outer loop
vertex 235.03589838486226 -99.85750000000009 0
vertex 155.5 -100.42865043874615 0
vertex 155.5 -99.85750000000009 0
endloop
endfacet
facet normal 0 0 -1
outer loop
vertex 235.43582222752406 -100.42865043874615 0
vertex 235.9288495612538 -100.92167777247586 0
vertex 155.5 -100.92167777247586 0
endloop
endfacet
facet normal 0 0 -1
outer loop
vertex 235.43582222752406 -100.42865043874615 0
vertex 155.5 -100.92167777247586 0
vertex 155.5 -100.42865043874615 0
endloop
endfacet
facet normal 0 0 -1
outer loop
vertex 235.9288495612538 -100.92167777247586 0
vertex 236.50000000000006 -101.32160161513778 0
vertex 155.5 -101.32160161513778 0
endloop
endfacet
facet normal 0 0 -1
outer loop
vertex 235.9288495612538 -100.92167777247586 0
vertex 155.5 -101.32160161513778 0
vertex 155.5 -100.92167777247586 0
endloop
endfacet
facet normal 0 0 -1
outer loop
vertex 236.50000000000006 -101.32160161513778 0
vertex 237.13191942669732 -101.61627048314364 0
vertex 155.5 -101.61627048314364 0
endloop
endfacet
facet normal 0 0 -1
outer loop
vertex 236.50000000000006 -101.32160161513778 0
vertex 155.5 -101.61627048314364 0
vertex 155.5 -101.32160161513778 0
endloop
endfacet
facet normal 0 0 -1
outer loop
vertex 237.13191942669732 -101.61627048314364 0
vertex 237.80540728933227 -101.79673101204884 0
vertex 155.5 -101.79673101204884 0
endloop
endfacet
facet normal 0 0 -1
outer loop
vertex 237.13191942669732 -101.61627048314364 0
vertex 155.5 -101.79673101204884 0
vertex 155.5 -101.61627048314364 0
endloop
endfacet
facet normal 0 0 -1
outer loop
vertex 237.80540728933227 -101.79673101204884 0
vertex 238.5 -101.85750000000026 0
vertex 238.5 -103.00000000000023 0
endloop
endfacet
facet normal 0 0 -1
outer loop
vertex 237.80540728933227 -101.79673101204884 0
vertex 238.5 -103.00000000000023 0
vertex 155.5 -103.00000000000023 0
endloop
endfacet
facet normal 0 0 -1
outer loop
vertex 237.80540728933227 -101.79673101204884 0
vertex 155.5 -103.00000000000023 0
vertex 155.5 -101.79673101204884 0
endloop
endfacet
facet normal 0 0 -1
outer loop
vertex 238.5 -103.00000000000023 0
vertex 238.5 -103.17364817766685 0
vertex 155.48480775301223 -103.17364817766685 0
endloop
endfacet
facet normal 0 0 -1
outer loop
vertex 238.5 -103.00000000000023 0
vertex 155.48480775301223 -103.17364817766685 0
vertex 155.5 -103.00000000000023 0
endloop
endfacet
facet normal 0 0 -1
outer loop
vertex 238.5 -103.17364817766685 0
vertex 238.5 -103.34202014332578 0
vertex 155.43969262078588 -103.34202014332578 0
endloop
endfacet
facet normal 0 0 -1
outer loop
vertex 238.5 -103.17364817766685 0
vertex 155.43969262078588 -103.34202014332578 0
vertex 155.48480775301223 -103.17364817766685 0
endloop
endfacet
facet normal 0 0 -1
outer loop
vertex 238.5 -103.34202014332578 0
vertex 238.5 -103.49999999999966 0
vertex 155.36602540378462 -103.49999999999966 0
endloop
endfacet
facet normal 0 0 -1
outer loop
vertex 238.5 -103.34202014332578 0
vertex 155.36602540378462 -103.49999999999966 0
vertex 155.43969262078588 -103.34202014332578 0
endloop
endfacet
facet normal 0 0 -1
outer loop
vertex 238.5 -103.49999999999966 0
vertex 238.5 -103.64278760968669 0
vertex 155.2660444431188 -103.64278760968669 0
endloop
endfacet
facet normal 0 0 -1
outer loop
vertex 238.5 -103.49999999999966 0
vertex 155.2660444431188 -103.64278760968669 0
vertex 155.36602540378462 -103.49999999999966 0
endloop
endfacet
facet normal 0 0 -1
outer loop
vertex 238.5 -103.64278760968669 0
vertex 238.5 -103.76604444311884 0
vertex 155.14278760968665 -103.76604444311884 0
endloop
endfacet
facet normal 0 0 -1
outer loop
vertex 238.5 -103.64278760968669 0
vertex 155.14278760968665 -103.76604444311884 0
vertex 155.2660444431188 -103.64278760968669 0
endloop
endfacet
facet normal 0 0 -1
outer loop
vertex 238.5 -103.76604444311884 0
vertex 238.5 -103.8660254037846 0
vertex 154.9999999999997 -103.8660254037846 0
endloop
endfacet
facet normal 0 0 -1
outer loop
vertex 238.5 -103.76604444311884 0
vertex 154.9999999999997 -103.8660254037846 0
vertex 155.14278760968665 -103.76604444311884 0
endloop
endfacet
facet normal 0 0 -1
outer loop
vertex 238.5 -103.8660254037846 0
vertex 238.5 -103.9396926207859 0
vertex 154.84202014332573 -103.9396926207859 0
endloop
endfacet
facet normal 0 0 -1
outer loop
vertex 238.5 -103.8660254037846 0
vertex 154.84202014332573 -103.9396926207859 0
vertex 154.9999999999997 -103.8660254037846 0
endloop
endfacet
facet normal 0 0 -1
outer loop
vertex 238.5 -103.9396926207859 0
vertex 238.5 -103.98480775301218 0
vertex 154.6736481776671 -103.98480775301218 0
endloop
endfacet
facet normal 0 0 -1
outer loop
vertex 238.5 -103.9396926207859 0
vertex 154.6736481776671 -103.98480775301218 0
vertex 154.84202014332573 -103.9396926207859 0
endloop
endfacet
facet normal 0 0 -1
outer loop
vertex 238.5 -103.98480775301218 0
vertex 238.5 -104 0
vertex 154.49999999999983 -104 0
endloop
endfacet
facet normal 0 0 -1
outer loop
vertex 238.5 -103.98480775301218 0
vertex 154.49999999999983 -104 0
vertex 154.6736481776671 -103.98480775301218 0
endloop
endfacet
facet normal 0 0 -1
outer loop
vertex 154.49999999999983 -104 0
vertex 238.5 -104 0
vertex 238.5 -105.8575 0
endloop
endfacet
facet normal 0 0 -1
outer loop
vertex 154.49999999999983 -104 0
vertex 238.5 -105.8575 0
vertex 137.5 -105.8575 0
endloop
endfacet
facet normal 0 0 -1
outer loop
vertex 154.49999999999983 -104 0
vertex 137.5 -105.8575 0
vertex 137.5 -105.00000000000011 0
endloop
endfacet
facet normal 0 0 -1
outer loop
vertex 154.49999999999983 -104 0
vertex 137.5 -105.00000000000011 0
vertex 137.5151922469878 -104.82635182233297 0
endloop
endfacet
facet normal 0 0 -1
outer loop
vertex 154.49999999999983 -104 0
vertex 137.5151922469878 -104.82635182233297 0
vertex 137.56030737921404 -104.65797985667452 0
endloop
endfacet
facet normal 0 0 -1
outer loop
vertex 154.49999999999983 -104 0
vertex 137.56030737921404 -104.65797985667452 0
vertex 137.6339745962156 -104.49999999999993 0
endloop
endfacet
facet normal 0 0 -1
outer loop
vertex 154.49999999999983 -104 0
vertex 137.6339745962156 -104.49999999999993 0
vertex 137.73395555688103 -104.35721239031345 0
endloop
endfacet
facet normal 0 0 -1
outer loop
vertex 154.49999999999983 -104 0
vertex 137.73395555688103 -104.35721239031345 0
vertex 137.85721239031335 -104.23395555688114 0
endloop
endfacet
facet normal 0 0 -1
outer loop
vertex 154.49999999999983 -104 0
vertex 137.85721239031335 -104.23395555688114 0
vertex 138.00000000000009 -104.13397459621552 0
endloop
endfacet
facet normal 0 0 -1
outer loop
vertex 154.49999999999983 -104 0
vertex 138.00000000000009 -104.13397459621552 0
vertex 138.15797985667433 -104.0603073792141 0
endloop
endfacet
facet normal 0 0 -1
outer loop
vertex 154.49999999999983 -104 0
vertex 138.15797985667433 -104.0603073792141 0
vertex 138.32635182233312 -104.01519224698778 0
endloop
endfacet
facet normal 0 0 -1
outer loop
vertex 154.49999999999983 -104 0
vertex 138.32635182233312 -104.01519224698778 0
vertex 138.49999999999997 -104 0
endloop
endfacet
facet normal 0 0 -1
outer loop
vertex 256.5 -101.85750000000026 0
vertex 256.50000006839093 -105.8575 0
vertex 249.5 -105.8575 0
endloop
endfacet
facet normal 0 0 -1
outer loop
vertex 256.5 -101.85750000000026 0
vertex 249.5 -105.8575 0
vertex 249.5 -101.85750000000026 0
endloop
endfacet
facet normal 0 0 -1
outer loop
vertex 238.5 -105.8575 0
vertex 249.5 -105.8575 0
vertex 256.50000006839093 -105.8575 0
endloop
endfacet
facet normal 0 0 -1
outer loop
vertex 238.5 -105.8575 0
vertex 256.50000006839093 -105.8575 0
vertex 256.500000088495 -107.03333330000046 0
endloop
endfacet
facet normal 0 0 -1
outer loop
vertex 238.5 -105.8575 0
vertex 256.500000088495 -107.03333330000046 0
vertex 160.00000000000983 -107.03333330000046 0
endloop
endfacet
facet normal 0 0 -1
outer loop
vertex 238.5 -105.8575 0
vertex 160.00000000000983 -107.03333330000046 0
vertex 137.5 -107.03333330000046 0
endloop
endfacet
facet normal 0 0 -1
outer loop
vertex 238.5 -105.8575 0
vertex 137.5 -107.03333330000046 0
vertex 137.5 -105.8575 0
endloop
endfacet
facet normal 0 0 -1
outer loop
vertex 160.00000000000983 -107.03333330000046 0
vertex 159.70736451700012 -107.0621553793942 0
vertex 137.5 -107.0621553793942 0
endloop
endfacet
facet normal 0 0 -1
outer loop
vertex 160.00000000000983 -107.03333330000046 0
vertex 137.5 -107.0621553793942 0
vertex 137.5 -107.03333330000046 0
endloop
endfacet
facet normal 0 0 -1
outer loop
vertex 256.500000088495 -107.03333330000046 0
vertex 256.5000000889878 -107.0621553793942 0
vertex 160.2926354830196 -107.0621553793942 0
endloop
endfacet
facet normal 0 0 -1
outer loop
vertex 256.500000088495 -107.03333330000046 0
vertex 160.2926354830196 -107.0621553793942 0
vertex 160.00000000000983 -107.03333330000046 0
endloop
endfacet
facet normal 0 0 -1
outer loop
vertex 159.70736451700012 -107.0621553793942 0
vertex 159.42597485144358 -107.14751400123215 0
vertex 137.5 -107.14751400123215 0
endloop
endfacet
facet normal 0 0 -1
outer loop
vertex 159.70736451700012 -107.0621553793942 0
vertex 137.5 -107.14751400123215 0
vertex 137.5 -107.0621553793942 0
endloop
endfacet
facet normal 0 0 -1
outer loop
vertex 256.5000000889878 -107.0621553793942 0
vertex 256.50000009044726 -107.14751400123215 0
vertex 160.5740251485432 -107.14751400123215 0
endloop
endfacet
facet normal 0 0 -1
outer loop
vertex 256.5000000889878 -107.0621553793942 0
vertex 160.5740251485432 -107.14751400123215 0
vertex 160.2926354830196 -107.0621553793942 0
endloop
endfacet
facet normal 0 0 -1
outer loop
vertex 159.42597485144358 -107.14751400123215 0
vertex 159.16664465050226 -107.28612888153108 0
vertex 137.5 -107.28612888153108 0
endloop
endfacet
facet normal 0 0 -1
outer loop
vertex 159.42597485144358 -107.14751400123215 0
vertex 137.5 -107.28612888153108 0
vertex 137.5 -107.14751400123215 0
endloop
endfacet
facet normal 0 0 -1
outer loop
vertex 256.50000009044726 -107.14751400123215 0
vertex 256.50000009281723 -107.28612888153108 0
vertex 160.83335534949842 -107.28612888153108 0
endloop
endfacet
facet normal 0 0 -1
outer loop
vertex 256.50000009044726 -107.14751400123215 0
vertex 160.83335534949842 -107.28612888153108 0
vertex 160.5740251485432 -107.14751400123215 0
endloop
endfacet
facet normal 0 0 -1
outer loop
vertex 159.16664465050226 -107.28612888153108 0
vertex 158.93933982814207 -107.47267312826564 0
vertex 137.5 -107.47267312826564 0
endloop
endfacet
facet normal 0 0 -1
outer loop
vertex 159.16664465050226 -107.28612888153108 0
vertex 137.5 -107.47267312826564 0
vertex 137.5 -107.28612888153108 0
endloop
endfacet
facet normal 0 0 -1
outer loop
vertex 256.50000009281723 -107.28612888153108 0
vertex 256.5000000960067 -107.47267312826564 0
vertex 161.06066017182263 -107.47267312826564 0
endloop
endfacet
facet normal 0 0 -1
outer loop
vertex 256.50000009281723 -107.28612888153108 0
vertex 161.06066017182263 -107.47267312826564 0
vertex 160.83335534949842 -107.28612888153108 0
endloop
endfacet
facet normal 0 0 -1
outer loop
vertex 158.93933982814207 -107.47267312826564 0
vertex 158.75279558161438 -107.69997795043396 0
vertex 137.5 -107.69997795043396 0
endloop
endfacet
facet normal 0 0 -1
outer loop
vertex 158.93933982814207 -107.47267312826564 0
vertex 137.5 -107.69997795043396 0
vertex 137.5 -107.47267312826564 0
endloop
endfacet
facet normal 0 0 -1
outer loop
vertex 256.5000000960067 -107.47267312826564 0
vertex 256.50000009989316 -107.69997795043396 0
vertex 161.24720441842925 -107.69997795043396 0
endloop
endfacet
facet normal 0 0 -1
outer loop
vertex 256.5000000960067 -107.47267312826564 0
vertex 161.24720441842925 -107.69997795043396 0
vertex 161.06066017182263 -107.47267312826564 0
endloop
endfacet
facet normal 0 0 -1
outer loop
vertex 158.75279558161438 -107.69997795043396 0
vertex 158.6141807011993 -107.95930815147858 0
vertex 137.5 -107.95930815147858 0
endloop
endfacet
facet normal 0 0 -1
outer loop
vertex 158.75279558161438 -107.69997795043396 0
vertex 137.5 -107.95930815147858 0
vertex 137.5 -107.69997795043396 0
endloop
endfacet
facet normal 0 0 -1
outer loop
vertex 256.50000009989316 -107.69997795043396 0
vertex 256.5000001043271 -107.95930815147858 0
vertex 161.38581929877597 -107.95930815147858 0
endloop
endfacet
facet normal 0 0 -1
outer loop
vertex 256.50000009989316 -107.69997795043396 0
vertex 161.38581929877597 -107.95930815147858 0
vertex 161.24720441842925 -107.69997795043396 0
endloop
endfacet
facet normal 0 0 -1
outer loop
vertex 158.6141807011993 -107.95930815147858 0
vertex 158.52882207940334 -108.24069781697831 0
vertex 137.5 -108.24069781697831 0
endloop
endfacet
facet normal 0 0 -1
outer loop
vertex 158.6141807011993 -107.95930815147858 0
vertex 137.5 -108.24069781697831 0
vertex 137.5 -107.95930815147858 0
endloop
endfacet
facet normal 0 0 -1
outer loop
vertex 256.5000001043271 -107.95930815147858 0
vertex 256.5000001091382 -108.24069781697831 0
vertex 161.4711779206067 -108.24069781697831 0
endloop
endfacet
facet normal 0 0 -1
outer loop
vertex 256.5000001043271 -107.95930815147858 0
vertex 161.4711779206067 -108.24069781697831 0
vertex 161.38581929877597 -107.95930815147858 0
endloop
endfacet
facet normal 0 0 -1
outer loop
vertex 158.52882207940334 -108.24069781697831 0
vertex 158.49999999999903 -108.5333332999833 0
vertex 137.5 -108.5333332999833 0
endloop
endfacet
facet normal 0 0 -1
outer loop
vertex 158.52882207940334 -108.24069781697831 0
vertex 137.5 -108.5333332999833 0
vertex 137.5 -108.24069781697831 0
endloop
endfacet
facet normal 0 0 -1
outer loop
vertex 256.5000001091382 -108.24069781697831 0
vertex 256.50000011414164 -108.5333332999833 0
vertex 161.49999999999997 -108.5333332999833 0
endloop
endfacet
facet normal 0 0 -1
outer loop
vertex 256.5000001091382 -108.24069781697831 0
vertex 161.49999999999997 -108.5333332999833 0
vertex 161.4711779206067 -108.24069781697831 0
endloop
endfacet
facet normal 0 0 -1
outer loop
vertex 158.49999999999903 -108.5333332999833 0
vertex 158.5288220793975 -108.82596878303019 0
vertex 137.5 -108.82596878303019 0
endloop
endfacet
facet normal 0 0 -1
outer loop
vertex 158.49999999999903 -108.5333332999833 0
vertex 137.5 -108.82596878303019 0
vertex 137.5 -108.5333332999833 0
endloop
endfacet
facet normal 0 0 -1
outer loop
vertex 256.50000011414164 -108.5333332999833 0
vertex 256.50000011914506 -108.82596878303019 0
vertex 161.4711779206026 -108.82596878303019 0
endloop
endfacet
facet normal 0 0 -1
outer loop
vertex 256.50000011414164 -108.5333332999833 0
vertex 161.4711779206026 -108.82596878303019 0
vertex 161.49999999999997 -108.5333332999833 0
endloop
endfacet
facet normal 0 0 -1
outer loop
vertex 158.5288220793975 -108.82596878303019 0
vertex 158.61418070123264 -109.1073584485439 0
vertex 137.5 -109.1073584485439 0
endloop
endfacet
facet normal 0 0 -1
outer loop
vertex 158.5288220793975 -108.82596878303019 0
vertex 137.5 -109.1073584485439 0
vertex 137.5 -108.82596878303019 0
endloop
endfacet
facet normal 0 0 -1
outer loop
vertex 256.50000011914506 -108.82596878303019 0
vertex 256.50000012395617 -109.1073584485439 0
vertex 161.38581929876838 -109.1073584485439 0
endloop
endfacet
facet normal 0 0 -1
outer loop
vertex 256.50000011914506 -108.82596878303019 0
vertex 161.38581929876838 -109.1073584485439 0
vertex 161.4711779206026 -108.82596878303019 0
endloop
endfacet
facet normal 0 0 -1
outer loop
vertex 158.61418070123264 -109.1073584485439 0
vertex 158.75279558155628 -109.36668864954532 0
vertex 137.5 -109.36668864954532 0
endloop
endfacet
facet normal 0 0 -1
outer loop
vertex 158.61418070123264 -109.1073584485439 0
vertex 137.5 -109.36668864954532 0
vertex 137.5 -109.1073584485439 0
endloop
endfacet
facet normal 0 0 -1
outer loop
vertex 256.50000012395617 -109.1073584485439 0
vertex 256.5000001283901 -109.36668864954532 0
vertex 161.24720441845417 -109.36668864954532 0
endloop
endfacet
facet normal 0 0 -1
outer loop
vertex 256.50000012395617 -109.1073584485439 0
vertex 161.24720441845417 -109.36668864954532 0
vertex 161.38581929876838 -109.1073584485439 0
endloop
endfacet
facet normal 0 0 -1
outer loop
vertex 158.75279558155628 -109.36668864954532 0
vertex 158.9393398281848 -109.59399347174036 0
vertex 137.5 -109.59399347174036 0
endloop
endfacet
facet normal 0 0 -1
outer loop
vertex 158.75279558155628 -109.36668864954532 0
vertex 137.5 -109.59399347174036 0
vertex 137.5 -109.36668864954532 0
endloop
endfacet
facet normal 0 0 -1
outer loop
vertex 256.5000001283901 -109.36668864954532 0
vertex 256.5000001322765 -109.59399347174036 0
vertex 161.0606601717802 -109.59399347174036 0
endloop
endfacet
facet normal 0 0 -1
outer loop
vertex 256.5000001283901 -109.36668864954532 0
vertex 161.0606601717802 -109.59399347174036 0
vertex 161.24720441845417 -109.36668864954532 0
endloop
endfacet
facet normal 0 0 -1
outer loop
vertex 158.9393398281848 -109.59399347174036 0
vertex 159.16664465052406 -109.78053771848725 0
vertex 137.5 -109.78053771848725 0
endloop
endfacet
facet normal 0 0 -1
outer loop
vertex 158.9393398281848 -109.59399347174036 0
vertex 137.5 -109.78053771848725 0
vertex 137.5 -109.59399347174036 0
endloop
endfacet
facet normal 0 0 -1
outer loop
vertex 256.5000001322765 -109.59399347174036 0
vertex 256.500000135466 -109.78053771848725 0
vertex 160.8333553495222 -109.78053771848725 0
endloop
endfacet
facet normal 0 0 -1
outer loop
vertex 256.5000001322765 -109.59399347174036 0
vertex 160.8333553495222 -109.78053771848725 0
vertex 161.0606601717802 -109.59399347174036 0
endloop
endfacet
facet normal 0 0 -1
outer loop
vertex 159.16664465052406 -109.78053771848725 0
vertex 159.42597485143327 -109.91915259876158 0
vertex 137.5 -109.91915259876158 0
endloop
endfacet
facet normal 0 0 -1
outer loop
vertex 159.16664465052406 -109.78053771848725 0
vertex 137.5 -109.91915259876158 0
vertex 137.5 -109.78053771848725 0
endloop
endfacet
facet normal 0 0 -1
outer loop
vertex 256.500000135466 -109.78053771848725 0
vertex 256.500000137836 -109.91915259876158 0
vertex 160.57402514855676 -109.91915259876158 0
endloop
endfacet
facet normal 0 0 -1
outer loop
vertex 256.500000135466 -109.78053771848725 0
vertex 160.57402514855676 -109.91915259876158 0
vertex 160.8333553495222 -109.78053771848725 0
endloop
endfacet
facet normal 0 0 -1
outer loop
vertex 159.42597485143327 -109.91915259876158 0
vertex 159.70736451696578 -110.00451122060225 0
vertex 137.5 -110.00451122060225 0
endloop
endfacet
facet normal 0 0 -1
outer loop
vertex 159.42597485143327 -109.91915259876158 0
vertex 137.5 -110.00451122060225 0
vertex 137.5 -109.91915259876158 0
endloop
endfacet
facet normal 0 0 -1
outer loop
vertex 256.500000137836 -109.91915259876158 0
vertex 256.5000001392954 -110.00451122060225 0
vertex 160.29263548301785 -110.00451122060225 0
endloop
endfacet
facet normal 0 0 -1
outer loop
vertex 256.500000137836 -109.91915259876158 0
vertex 160.29263548301785 -110.00451122060225 0
vertex 160.57402514855676 -109.91915259876158 0
endloop
endfacet
facet normal 0 0 -1
outer loop
vertex 159.70736451696578 -110.00451122060225 0
vertex 160.0000000000129 -110.03333329999967 0
vertex 137.5 -110.03333329999967 0
endloop
endfacet
facet normal 0 0 -1
outer loop
vertex 159.70736451696578 -110.00451122060225 0
vertex 137.5 -110.03333329999967 0
vertex 137.5 -110.00451122060225 0
endloop
endfacet
facet normal 0 0 -1
outer loop
vertex 256.5000001392954 -110.00451122060225 0
vertex 256.50000013978826 -110.03333329999967 0
vertex 160.0000000000129 -110.03333329999967 0
endloop
endfacet
facet normal 0 0 -1
outer loop
vertex 256.5000001392954 -110.00451122060225 0
vertex 160.0000000000129 -110.03333329999967 0
vertex 160.29263548301785 -110.00451122060225 0
endloop
endfacet
facet normal 0 0 -1
outer loop
vertex 160.0000000000129 -110.03333329999967 0
vertex 256.50000013978826 -110.03333329999967 0
vertex 256.50000017097733 -111.85749999999805 0
endloop
endfacet
facet normal 0 0 -1
outer loop
vertex 160.0000000000129 -110.03333329999967 0
vertex 256.50000017097733 -111.85749999999805 0
vertex 232.00000000000188 -111.85749999999805 0
endloop
endfacet
facet normal 0 0 -1
outer loop
vertex 160.0000000000129 -110.03333329999967 0
vertex 232.00000000000188 -111.85749999999805 0
vertex 137.5 -111.85749999999805 0
endloop
endfacet
facet normal 0 0 -1
outer loop
vertex 160.0000000000129 -110.03333329999967 0
vertex 137.5 -111.85749999999805 0
vertex 137.5 -110.03333329999967 0
endloop
endfacet
facet normal 0 0 -1
outer loop
vertex 232.00000000000188 -111.85749999999805 0
vertex 231.707364516993 -111.8863220793917 0
vertex 137.5 -111.8863220793917 0
endloop
endfacet
facet normal 0 0 -1
outer loop
vertex 232.00000000000188 -111.85749999999805 0
vertex 137.5 -111.8863220793917 0
vertex 137.5 -111.85749999999805 0
endloop
endfacet
facet normal 0 0 -1
outer loop
vertex 256.50000017097733 -111.85749999999805 0
vertex 256.50000017147016 -111.8863220793917 0
vertex 232.29263548301083 -111.8863220793917 0
endloop
endfacet
facet normal 0 0 -1
outer loop
vertex 256.50000017097733 -111.85749999999805 0
vertex 232.29263548301083 -111.8863220793917 0
vertex 232.00000000000188 -111.85749999999805 0
endloop
endfacet
facet normal 0 0 -1
outer loop
vertex 231.707364516993 -111.8863220793917 0
vertex 231.4259748514698 -111.97168070122616 0
vertex 137.5 -111.97168070122616 0
endloop
endfacet
facet normal 0 0 -1
outer loop
vertex 231.707364516993 -111.8863220793917 0
vertex 137.5 -111.97168070122616 0
vertex 137.5 -111.8863220793917 0
endloop
endfacet
facet normal 0 0 -1
outer loop
vertex 256.50000017147016 -111.8863220793917 0
vertex 256.50000017292956 -111.97168070122616 0
vertex 232.57402514852288 -111.97168070122616 0
endloop
endfacet
facet normal 0 0 -1
outer loop
vertex 256.50000017147016 -111.8863220793917 0
vertex 232.57402514852288 -111.97168070122616 0
vertex 232.29263548301083 -111.8863220793917 0
endloop
endfacet
facet normal 0 0 -1
outer loop
vertex 231.4259748514698 -111.97168070122616 0
vertex 231.1666446504164 -112.11029558157696 0
vertex 137.5 -112.11029558157696 0
endloop
endfacet
facet normal 0 0 -1
outer loop
vertex 231.4259748514698 -111.97168070122616 0
vertex 137.5 -112.11029558157696 0
vertex 137.5 -111.97168070122616 0
endloop
endfacet
facet normal 0 0 -1
outer loop
vertex 256.50000017292956 -111.97168070122616 0
vertex 256.5000001752996 -112.11029558157696 0
vertex 232.83335534957513 -112.11029558157696 0
endloop
endfacet
facet normal 0 0 -1
outer loop
vertex 256.50000017292956 -111.97168070122616 0
vertex 232.83335534957513 -112.11029558157696 0
vertex 232.57402514852288 -111.97168070122616 0
endloop
endfacet
facet normal 0 0 -1
outer loop
vertex 231.1666446504164 -112.11029558157696 0
vertex 230.9393398282762 -112.29683982818831 0
vertex 137.5 -112.29683982818831 0
endloop
endfacet
facet normal 0 0 -1
outer loop
vertex 231.1666446504164 -112.11029558157696 0
vertex 137.5 -112.29683982818831 0
vertex 137.5 -112.11029558157696 0
endloop
endfacet
facet normal 0 0 -1
outer loop
vertex 256.5000001752996 -112.11029558157696 0
vertex 256.5000001784891 -112.29683982818831 0
vertex 233.06066017174922 -112.29683982818831 0
endloop
endfacet
facet normal 0 0 -1
outer loop
vertex 256.5000001752996 -112.11029558157696 0
vertex 233.06066017174922 -112.29683982818831 0
vertex 232.83335534957513 -112.11029558157696 0
endloop
endfacet
facet normal 0 0 -1
outer loop
vertex 230.9393398282762 -112.29683982818831 0
vertex 230.7527955815013 -112.52414465050592 0
vertex 137.5 -112.52414465050592 0
endloop
endfacet
facet normal 0 0 -1
outer loop
vertex 230.9393398282762 -112.29683982818831 0
vertex 137.5 -112.52414465050592 0
vertex 137.5 -112.29683982818831 0
endloop
endfacet
facet normal 0 0 -1
outer loop
vertex 256.5000001784891 -112.29683982818831 0
vertex 256.50000018237546 -112.52414465050592 0
vertex 233.24720441847833 -112.52414465050592 0
endloop
endfacet
facet normal 0 0 -1
outer loop
vertex 256.5000001784891 -112.29683982818831 0
vertex 233.24720441847833 -112.52414465050592 0
vertex 233.06066017174922 -112.29683982818831 0
endloop
endfacet
facet normal 0 0 -1
outer loop
vertex 230.7527955815013 -112.52414465050592 0
vertex 230.61418070126535 -112.78347485141852 0
vertex 137.5 -112.78347485141852 0
endloop
endfacet
facet normal 0 0 -1
outer loop
vertex 230.7527955815013 -112.52414465050592 0
vertex 137.5 -112.78347485141852 0
vertex 137.5 -112.52414465050592 0
endloop
endfacet
facet normal 0 0 -1
outer loop
vertex 256.50000018237546 -112.52414465050592 0
vertex 256.5000001868094 -112.78347485141852 0
vertex 233.3858192987545 -112.78347485141852 0
endloop
endfacet
facet normal 0 0 -1
outer loop
vertex 256.50000018237546 -112.52414465050592 0
vertex 233.3858192987545 -112.78347485141852 0
vertex 233.24720441847833 -112.52414465050592 0
endloop
endfacet
facet normal 0 0 -1
outer loop
vertex 230.61418070126535 -112.78347485141852 0
vertex 230.5288220793803 -113.06486451699841 0
vertex 137.5 -113.06486451699841 0
endloop
endfacet
facet normal 0 0 -1
outer loop
vertex 230.61418070126535 -112.78347485141852 0
vertex 137.5 -113.06486451699841 0
vertex 137.5 -112.78347485141852 0
endloop
endfacet
facet normal 0 0 -1
outer loop
vertex 256.5000001868094 -112.78347485141852 0
vertex 256.50000019162053 -113.06486451699841 0
vertex 233.47117792060953 -113.06486451699841 0
endloop
endfacet
facet normal 0 0 -1
outer loop
vertex 256.5000001868094 -112.78347485141852 0
vertex 233.47117792060953 -113.06486451699841 0
vertex 233.3858192987545 -112.78347485141852 0
endloop
endfacet
facet normal 0 0 -1
outer loop
vertex 230.5288220793803 -113.06486451699841 0
vertex 230.5000000000024 -113.35749999998042 0
vertex 137.5 -113.35749999998042 0
endloop
endfacet
facet normal 0 0 -1
outer loop
vertex 230.5288220793803 -113.06486451699841 0
vertex 137.5 -113.35749999998042 0
vertex 137.5 -113.06486451699841 0
endloop
endfacet
facet normal 0 0 -1
outer loop
vertex 256.50000019162053 -113.06486451699841 0
vertex 256.50000019662394 -113.35749999998042 0
vertex 233.50000000000054 -113.35749999998042 0
endloop
endfacet
facet normal 0 0 -1
outer loop
vertex 256.50000019162053 -113.06486451699841 0
vertex 233.50000000000054 -113.35749999998042 0
vertex 233.47117792060953 -113.06486451699841 0
endloop
endfacet
facet normal 0 0 -1
outer loop
vertex 230.5000000000024 -113.35749999998042 0
vertex 230.5288220793998 -113.65013548304698 0
vertex 137.5 -113.65013548304698 0
endloop
endfacet
facet normal 0 0 -1
outer loop
vertex 230.5000000000024 -113.35749999998042 0
vertex 137.5 -113.65013548304698 0
vertex 137.5 -113.35749999998042 0
endloop
endfacet
facet normal 0 0 -1
outer loop
vertex 256.50000019662394 -113.35749999998042 0
vertex 256.50000020162736 -113.65013548304698 0
vertex 233.4711779206012 -113.65013548304698 0
endloop
endfacet
facet normal 0 0 -1
outer loop
vertex 256.50000019662394 -113.35749999998042 0
vertex 233.4711779206012 -113.65013548304698 0
vertex 233.50000000000054 -113.35749999998042 0
endloop
endfacet
facet normal 0 0 -1
outer loop
vertex 230.5288220793998 -113.65013548304698 0
vertex 230.61418070121724 -113.93152514850436 0
vertex 137.5 -113.93152514850436 0
endloop
endfacet
facet normal 0 0 -1
outer loop
vertex 230.5288220793998 -113.65013548304698 0
vertex 137.5 -113.93152514850436 0
vertex 137.5 -113.65013548304698 0
endloop
endfacet
facet normal 0 0 -1
outer loop
vertex 256.50000020162736 -113.65013548304698 0
vertex 256.5000002064385 -113.93152514850436 0
vertex 233.3858192987693 -113.93152514850436 0
endloop
endfacet
facet normal 0 0 -1
outer loop
vertex 256.50000020162736 -113.65013548304698 0
vertex 233.3858192987693 -113.93152514850436 0
vertex 233.4711779206012 -113.65013548304698 0
endloop
endfacet
facet normal 0 0 -1
outer loop
vertex 230.61418070121724 -113.93152514850436 0
vertex 230.7527955815659 -114.19085534955258 0
vertex 137.5 -114.19085534955258 0
endloop
endfacet
facet normal 0 0 -1
outer loop
vertex 230.61418070121724 -113.93152514850436 0
vertex 137.5 -114.19085534955258 0
vertex 137.5 -113.93152514850436 0
endloop
endfacet
facet normal 0 0 -1
outer loop
vertex 256.5000002064385 -113.93152514850436 0
vertex 256.50000021087243 -114.19085534955258 0
vertex 233.24720441845093 -114.19085534955258 0
endloop
endfacet
facet normal 0 0 -1
outer loop
vertex 256.5000002064385 -113.93152514850436 0
vertex 233.24720441845093 -114.19085534955258 0
vertex 233.3858192987693 -113.93152514850436 0
endloop
endfacet
facet normal 0 0 -1
outer loop
vertex 230.7527955815659 -114.19085534955258 0
vertex 230.93933982821352 -114.4181601717709 0
vertex 137.5 -114.4181601717709 0
endloop
endfacet
facet normal 0 0 -1
outer loop
vertex 230.7527955815659 -114.19085534955258 0
vertex 137.5 -114.4181601717709 0
vertex 137.5 -114.19085534955258 0
endloop
endfacet
facet normal 0 0 -1
outer loop
vertex 256.50000021087243 -114.19085534955258 0
vertex 256.50000021475887 -114.4181601717709 0
vertex 233.06066017178634 -114.4181601717709 0
endloop
endfacet
facet normal 0 0 -1
outer loop
vertex 256.50000021087243 -114.19085534955258 0
vertex 233.06066017178634 -114.4181601717709 0
vertex 233.24720441845093 -114.19085534955258 0
endloop
endfacet
facet normal 0 0 -1
outer loop
vertex 230.93933982821352 -114.4181601717709 0
vertex 231.16664465049146 -114.60470441846746 0
vertex 137.5 -114.60470441846746 0
endloop
endfacet
facet normal 0 0 -1
outer loop
vertex 230.93933982821352 -114.4181601717709 0
vertex 137.5 -114.60470441846746 0
vertex 137.5 -114.4181601717709 0
endloop
endfacet
facet normal 0 0 -1
outer loop
vertex 256.50000021475887 -114.4181601717709 0
vertex 256.50000021794835 -114.60470441846746 0
vertex 232.83335534951152 -114.60470441846746 0
endloop
endfacet
facet normal 0 0 -1
outer loop
vertex 256.50000021475887 -114.4181601717709 0
vertex 232.83335534951152 -114.60470441846746 0
vertex 233.06066017178634 -114.4181601717709 0
endloop
endfacet
facet normal 0 0 -1
outer loop
vertex 231.16664465049146 -114.60470441846746 0
vertex 231.42597485144435 -114.74331929876514 0
vertex 137.5 -114.74331929876514 0
endloop
endfacet
facet normal 0 0 -1
outer loop
vertex 231.16664465049146 -114.60470441846746 0
vertex 137.5 -114.74331929876514 0
vertex 137.5 -114.60470441846746 0
endloop
endfacet
facet normal 0 0 -1
outer loop
vertex 256.50000021794835 -114.60470441846746 0
vertex 256.5000002203183 -114.74331929876514 0
vertex 232.57402514856133 -114.74331929876514 0
endloop
endfacet
facet normal 0 0 -1
outer loop
vertex 256.50000021794835 -114.60470441846746 0
vertex 232.57402514856133 -114.74331929876514 0
vertex 232.83335534951152 -114.60470441846746 0
endloop
endfacet
facet normal 0 0 -1
outer loop
vertex 231.42597485144435 -114.74331929876514 0
vertex 231.70736451696536 -114.82867792060232 0
vertex 137.5 -114.82867792060232 0
endloop
endfacet
facet normal 0 0 -1
outer loop
vertex 231.42597485144435 -114.74331929876514 0
vertex 137.5 -114.82867792060232 0
vertex 137.5 -114.74331929876514 0
endloop
endfacet
facet normal 0 0 -1
outer loop
vertex 256.5000002203183 -114.74331929876514 0
vertex 256.5000002217778 -114.82867792060232 0
vertex 232.29263548302757 -114.82867792060232 0
endloop
endfacet
facet normal 0 0 -1
outer loop
vertex 256.5000002203183 -114.74331929876514 0
vertex 232.29263548302757 -114.82867792060232 0
vertex 232.57402514856133 -114.74331929876514 0
endloop
endfacet
facet normal 0 0 -1
outer loop
vertex 231.70736451696536 -114.82867792060232 0
vertex 232.00000000000142 -114.85749999999864 0
vertex 137.5 -114.85749999999864 0
endloop
endfacet
facet normal 0 0 -1
outer loop
vertex 231.70736451696536 -114.82867792060232 0
vertex 137.5 -114.85749999999864 0
vertex 137.5 -114.82867792060232 0
endloop
endfacet
facet normal 0 0 -1
outer loop
vertex 256.5000002217778 -114.82867792060232 0
vertex 256.50000022227056 -114.85749999999864 0
vertex 232.00000000000142 -114.85749999999864 0
endloop
endfacet
facet normal 0 0 -1
outer loop
vertex 256.5000002217778 -114.82867792060232 0
vertex 232.00000000000142 -114.85749999999864 0
vertex 232.29263548302757 -114.82867792060232 0
endloop
endfacet
facet normal 0 0 -1
outer loop
vertex 232.00000000000142 -114.85749999999864 0
vertex 256.50000022227056 -114.85749999999864 0
vertex 256.50000073520266 -144.8575 0
endloop
endfacet
facet normal 0 0 -1
outer loop
vertex 232.00000000000142 -114.85749999999864 0
vertex 256.50000073520266 -144.8575 0
vertex 253 -144.8575 0
endloop
endfacet
facet normal 0 0 -1
outer loop
vertex 232.00000000000142 -114.85749999999864 0
vertex 253 -144.8575 0
vertex 137.5 -144.8575 0
endloop
endfacet
facet normal 0 0 -1
outer loop
vertex 232.00000000000142 -114.85749999999864 0
vertex 137.5 -144.8575 0
vertex 137.5 -114.85749999999864 0
endloop
endfacet
facet normal 0 0 -1
outer loop
vertex 253 -144.8575 0
vertex 253 -150.49999999999994 0
vertex 172.49999999998815 -150.49999999999994 0
endloop
endfacet
facet normal 0 0 -1
outer loop
vertex 253 -144.8575 0
vertex 172.49999999998815 -150.49999999999994 0
vertex 137.5 -150.49999999999994 0
endloop
endfacet
facet normal 0 0 -1
outer loop
vertex 253 -144.8575 0
vertex 137.5 -150.49999999999994 0
vertex 137.5 -144.8575 0
endloop
endfacet
facet normal 0 0 -1
outer loop
vertex 172.49999999998815 -150.49999999999994 0
vertex 172.20736451694899 -150.52882207939658 0
vertex 137.5 -150.52882207939658 0
endloop
endfacet
facet normal 0 0 -1
outer loop
vertex 172.49999999998815 -150.49999999999994 0
vertex 137.5 -150.52882207939658 0
vertex 137.5 -150.49999999999994 0
endloop
endfacet
facet normal 0 0 -1
outer loop
vertex 253 -150.49999999999994 0
vertex 253 -150.52882207939658 0
vertex 172.7926354830274 -150.52882207939658 0
endloop
endfacet
facet normal 0 0 -1
outer loop
vertex 253 -150.49999999999994 0
vertex 172.7926354830274 -150.52882207939658 0
vertex 172.49999999998815 -150.49999999999994 0
endloop
endfacet
facet normal 0 0 -1
outer loop
vertex 172.20736451694899 -150.52882207939658 0
vertex 171.9259748514642 -150.61418070123216 0
vertex 137.5 -150.61418070123216 0
endloop
endfacet
facet normal 0 0 -1
outer loop
vertex 172.20736451694899 -150.52882207939658 0
vertex 137.5 -150.61418070123216 0
vertex 137.5 -150.52882207939658 0
endloop
endfacet
facet normal 0 0 -1
outer loop
vertex 253 -150.52882207939658 0
vertex 253 -150.61418070123216 0
vertex 173.07402514854317 -150.61418070123216 0
endloop
endfacet
facet normal 0 0 -1
outer loop
vertex 253 -150.52882207939658 0
vertex 173.07402514854317 -150.61418070123216 0
vertex 172.7926354830274 -150.52882207939658 0
endloop
endfacet
facet normal 0 0 -1
outer loop
vertex 171.9259748514642 -150.61418070123216 0
vertex 171.66664465046662 -150.75279558154946 0
vertex 137.5 -150.75279558154946 0
endloop
endfacet
facet normal 0 0 -1
outer loop
vertex 171.9259748514642 -150.61418070123216 0
vertex 137.5 -150.75279558154946 0
vertex 137.5 -150.61418070123216 0
endloop
endfacet
facet normal 0 0 -1
outer loop
vertex 253 -150.61418070123216 0
vertex 253 -150.75279558154946 0
vertex 173.33335534953275 -150.75279558154946 0
endloop
endfacet
facet normal 0 0 -1
outer loop
vertex 253 -150.61418070123216 0
vertex 173.33335534953275 -150.75279558154946 0
vertex 173.07402514854317 -150.61418070123216 0
endloop
endfacet
facet normal 0 0 -1
outer loop
vertex 171.66664465046662 -150.75279558154946 0
vertex 171.43933982820624 -150.93933982823157 0
vertex 137.5 -150.93933982823157 0
endloop
endfacet
facet normal 0 0 -1
outer loop
vertex 171.66664465046662 -150.75279558154946 0
vertex 137.5 -150.93933982823157 0
vertex 137.5 -150.75279558154946 0
endloop
endfacet
facet normal 0 0 -1
outer loop
vertex 253 -150.75279558154946 0
vertex 253 -150.93933982823157 0
vertex 173.56066017179305 -150.93933982823157 0
endloop
endfacet
facet normal 0 0 -1
outer loop
vertex 253 -150.75279558154946 0
vertex 173.56066017179305 -150.93933982823157 0
vertex 173.33335534953275 -150.75279558154946 0
endloop
endfacet
facet normal 0 0 -1
outer loop
vertex 171.43933982820624 -150.93933982823157 0
vertex 171.2527955815701 -151.16664465045298 0
vertex 137.5 -151.16664465045298 0
endloop
endfacet
facet normal 0 0 -1
outer loop
vertex 171.43933982820624 -150.93933982823157 0
vertex 137.5 -151.16664465045298 0
vertex 137.5 -150.93933982823157 0
endloop
endfacet
facet normal 0 0 -1
outer loop
vertex 253 -150.93933982823157 0
vertex 253 -151.16664465045298 0
vertex 173.7472044184432 -151.16664465045298 0
endloop
endfacet
facet normal 0 0 -1
outer loop
vertex 253 -150.93933982823157 0
vertex 173.7472044184432 -151.16664465045298 0
vertex 173.56066017179305 -150.93933982823157 0
endloop
endfacet
facet normal 0 0 -1
outer loop
vertex 171.2527955815701 -151.16664465045298 0
vertex 171.11418070122303 -151.42597485145959 0
vertex 137.5 -151.42597485145959 0
endloop
endfacet
facet normal 0 0 -1
outer loop
vertex 171.2527955815701 -151.16664465045298 0
vertex 137.5 -151.42597485145959 0
vertex 137.5 -151.16664465045298 0
endloop
endfacet
facet normal 0 0 -1
outer loop
vertex 253 -151.16664465045298 0
vertex 253 -151.42597485145959 0
vertex 173.8858192987696 -151.42597485145959 0
endloop
endfacet
facet normal 0 0 -1
outer loop
vertex 253 -151.16664465045298 0
vertex 173.8858192987696 -151.42597485145959 0
vertex 173.7472044184432 -151.16664465045298 0
endloop
endfacet
facet normal 0 0 -1
outer loop
vertex 171.11418070122303 -151.42597485145959 0
vertex 171.02882207939416 -151.70736451698062 0
vertex 137.5 -151.70736451698062 0
endloop
endfacet
facet normal 0 0 -1
outer loop
vertex 171.11418070122303 -151.42597485145959 0
vertex 137.5 -151.70736451698062 0
vertex 137.5 -151.42597485145959 0
endloop
endfacet
facet normal 0 0 -1
outer loop
vertex 253 -151.42597485145959 0
vertex 253 -151.70736451698062 0
vertex 173.97117792060678 -151.70736451698062 0
endloop
endfacet
facet normal 0 0 -1
outer loop
vertex 253 -151.42597485145959 0
vertex 173.97117792060678 -151.70736451698062 0
vertex 173.8858192987696 -151.42597485145959 0
endloop
endfacet
facet normal 0 0 -1
outer loop
vertex 171.02882207939416 -151.70736451698062 0
vertex 171.0000000000005 -151.9999999999877 0
vertex 137.5 -151.9999999999877 0
endloop
endfacet
facet normal 0 0 -1
outer loop
vertex 171.02882207939416 -151.70736451698062 0
vertex 137.5 -151.9999999999877 0
vertex 137.5 -151.70736451698062 0
endloop
endfacet
facet normal 0 0 -1
outer loop
vertex 253 -151.70736451698062 0
vertex 253 -151.9999999999877 0
vertex 174.00000000000026 -151.9999999999877 0
endloop
endfacet
facet normal 0 0 -1
outer loop
vertex 253 -151.70736451698062 0
vertex 174.00000000000026 -151.9999999999877 0
vertex 173.97117792060678 -151.70736451698062 0
endloop
endfacet
facet normal 0 0 -1
outer loop
vertex 171.0000000000005 -151.9999999999877 0
vertex 171.0288220793971 -152.29263548302885 0
vertex 137.5 -152.29263548302885 0
endloop
endfacet
facet normal 0 0 -1
outer loop
vertex 171.0000000000005 -151.9999999999877 0
vertex 137.5 -152.29263548302885 0
vertex 137.5 -151.9999999999877 0
endloop
endfacet
facet normal 0 0 -1
outer loop
vertex 253 -151.9999999999877 0
vertex 253 -152.29263548302885 0
vertex 173.9711779206034 -152.29263548302885 0
endloop
endfacet
facet normal 0 0 -1
outer loop
vertex 253 -151.9999999999877 0
vertex 173.9711779206034 -152.29263548302885 0
vertex 174.00000000000026 -151.9999999999877 0
endloop
endfacet
facet normal 0 0 -1
outer loop
vertex 171.0288220793971 -152.29263548302885 0
vertex 171.11418070122912 -152.57402514853314 0
vertex 137.5 -152.57402514853314 0
endloop
endfacet
facet normal 0 0 -1
outer loop
vertex 171.0288220793971 -152.29263548302885 0
vertex 137.5 -152.57402514853314 0
vertex 137.5 -152.29263548302885 0
endloop
endfacet
facet normal 0 0 -1
outer loop
vertex 253 -152.29263548302885 0
vertex 253 -152.57402514853314 0
vertex 173.88581929876537 -152.57402514853314 0
endloop
endfacet
facet normal 0 0 -1
outer loop
vertex 253 -152.29263548302885 0
vertex 173.88581929876537 -152.57402514853314 0
vertex 173.9711779206034 -152.29263548302885 0
endloop
endfacet
facet normal 0 0 -1
outer loop
vertex 171.11418070122912 -152.57402514853314 0
vertex 171.25279558157268 -152.83335534957183 0
vertex 137.5 -152.83335534957183 0
endloop
endfacet
facet normal 0 0 -1
outer loop
vertex 171.11418070122912 -152.57402514853314 0
vertex 137.5 -152.83335534957183 0
vertex 137.5 -152.57402514853314 0
endloop
endfacet
facet normal 0 0 -1
outer loop
vertex 253 -152.57402514853314 0
vertex 253 -152.83335534957183 0
vertex 173.7472044184556 -152.83335534957183 0
endloop
endfacet
facet normal 0 0 -1
outer loop
vertex 253 -152.57402514853314 0
vertex 173.7472044184556 -152.83335534957183 0
vertex 173.88581929876537 -152.57402514853314 0
endloop
endfacet
facet normal 0 0 -1
outer loop
vertex 253 -152.83335534957183 0
vertex 253 -152.8575 0
vertex 173.7273894159319 -152.8575 0
endloop
endfacet
facet normal 0 0 -1
outer loop
vertex 253 -152.83335534957183 0
vertex 173.7273894159319 -152.8575 0
vertex 173.7472044184556 -152.83335534957183 0
endloop
endfacet
facet normal 0 0 -1
outer loop
vertex 171.25279558157268 -152.83335534957183 0
vertex 171.43933982819644 -153.06066017176107 0
vertex 137.5 -153.06066017176107 0
endloop
endfacet
facet normal 0 0 -1
outer loop
vertex 171.25279558157268 -152.83335534957183 0
vertex 137.5 -153.06066017176107 0
vertex 137.5 -152.83335534957183 0
endloop
endfacet
facet normal 0 0 -1
outer loop
vertex 253 -152.8575 0
vertex 256.5000008719845 -152.8575 0
vertex 256.5000008754581 -153.06066017176107 0
endloop
endfacet
facet normal 0 0 -1
outer loop
vertex 253 -152.8575 0
vertex 256.5000008754581 -153.06066017176107 0
vertex 173.5606601717815 -153.06066017176107 0
endloop
endfacet
facet normal 0 0 -1
outer loop
vertex 253 -152.8575 0
vertex 173.5606601717815 -153.06066017176107 0
vertex 173.7273894159319 -152.8575 0
endloop
endfacet
facet normal 0 0 -1
outer loop
vertex 256.5000008754581 -153.06066017176107 0
vertex 256.50000087720287 -153.16270429999938 0
vertex 234.93715809998437 -153.16270429999938 0
endloop
endfacet
facet normal 0 0 -1
outer loop
vertex 256.5000008754581 -153.06066017176107 0
vertex 234.93715809998437 -153.16270429999938 0
vertex 173.43631904177897 -153.16270429999938 0
endloop
endfacet
facet normal 0 0 -1
outer loop
vertex 256.5000008754581 -153.06066017176107 0
vertex 173.43631904177897 -153.16270429999938 0
vertex 173.5606601717815 -153.06066017176107 0
endloop
endfacet
facet normal 0 0 -1
outer loop
vertex 234.93715809998437 -153.16270429999938 0
vertex 234.64452261694348 -153.19152637939618 0
vertex 173.40119923641927 -153.19152637939618 0
endloop
endfacet
facet normal 0 0 -1
outer loop
vertex 234.93715809998437 -153.16270429999938 0
vertex 173.40119923641927 -153.19152637939618 0
vertex 173.43631904177897 -153.16270429999938 0
endloop
endfacet
facet normal 0 0 -1
outer loop
vertex 256.50000087720287 -153.16270429999938 0
vertex 256.50000087769564 -153.19152637939618 0
vertex 235.22979358302538 -153.19152637939618 0
endloop
endfacet
facet normal 0 0 -1
outer loop
vertex 256.50000087720287 -153.16270429999938 0
vertex 235.22979358302538 -153.19152637939618 0
vertex 234.93715809998437 -153.16270429999938 0
endloop
endfacet
facet normal 0 0 -1
outer loop
vertex 171.43933982819644 -153.06066017176107 0
vertex 171.66664465047162 -153.24720441845537 0
vertex 137.5 -153.24720441845537 0
endloop
endfacet
facet normal 0 0 -1
outer loop
vertex 171.43933982819644 -153.06066017176107 0
vertex 137.5 -153.24720441845537 0
vertex 137.5 -153.06066017176107 0
endloop
endfacet
facet normal 0 0 -1
outer loop
vertex 234.64452261694348 -153.19152637939618 0
vertex 234.4609767202653 -153.24720441845537 0
vertex 173.33335534952795 -153.24720441845537 0
endloop
endfacet
facet normal 0 0 -1
outer loop
vertex 234.64452261694348 -153.19152637939618 0
vertex 173.33335534952795 -153.24720441845537 0
vertex 173.40119923641927 -153.19152637939618 0
endloop
endfacet
facet normal 0 0 -1
outer loop
vertex 234.4609767202653 -153.24720441845537 0
vertex 234.3631329514638 -153.27688500123287 0
vertex 173.2778268847645 -153.27688500123287 0
endloop
endfacet
facet normal 0 0 -1
outer loop
vertex 234.4609767202653 -153.24720441845537 0
vertex 173.2778268847645 -153.27688500123287 0
vertex 173.33335534952795 -153.24720441845537 0
endloop
endfacet
facet normal 0 0 -1
outer loop
vertex 256.50000087769564 -153.19152637939618 0
vertex 256.5000008791551 -153.27688500123287 0
vertex 235.5111832485448 -153.27688500123287 0
endloop
endfacet
facet normal 0 0 -1
outer loop
vertex 256.50000087769564 -153.19152637939618 0
vertex 235.5111832485448 -153.27688500123287 0
vertex 235.22979358302538 -153.19152637939618 0
endloop
endfacet
facet normal 0 0 -1
outer loop
vertex 171.66664465047162 -153.24720441845537 0
vertex 171.92597485145035 -153.38581929876688 0
vertex 137.5 -153.38581929876688 0
endloop
endfacet
facet normal 0 0 -1
outer loop
vertex 171.66664465047162 -153.24720441845537 0
vertex 137.5 -153.38581929876688 0
vertex 137.5 -153.24720441845537 0
endloop
endfacet
facet normal 0 0 -1
outer loop
vertex 234.3631329514638 -153.27688500123287 0
vertex 234.15933121523565 -153.38581929876688 0
vertex 173.0740251485478 -153.38581929876688 0
endloop
endfacet
facet normal 0 0 -1
outer loop
vertex 234.3631329514638 -153.27688500123287 0
vertex 173.0740251485478 -153.38581929876688 0
vertex 173.2778268847645 -153.27688500123287 0
endloop
endfacet
facet normal 0 0 -1
outer loop
vertex 234.15933121523565 -153.38581929876688 0
vertex 234.10380275048016 -153.41549988154094 0
vertex 172.97618137977005 -153.41549988154094 0
endloop
endfacet
facet normal 0 0 -1
outer loop
vertex 234.15933121523565 -153.38581929876688 0
vertex 172.97618137977005 -153.41549988154094 0
vertex 173.0740251485478 -153.38581929876688 0
endloop
endfacet
facet normal 0 0 -1
outer loop
vertex 256.5000008791551 -153.27688500123287 0
vertex 256.50000088152507 -153.41549988154094 0
vertex 235.7705134495171 -153.41549988154094 0
endloop
endfacet
facet normal 0 0 -1
outer loop
vertex 256.5000008791551 -153.27688500123287 0
vertex 235.7705134495171 -153.41549988154094 0
vertex 235.5111832485448 -153.27688500123287 0
endloop
endfacet
facet normal 0 0 -1
outer loop
vertex 171.92597485145035 -153.38581929876688 0
vertex 172.2073645169809 -153.47117792060695 0
vertex 137.5 -153.47117792060695 0
endloop
endfacet
facet normal 0 0 -1
outer loop
vertex 171.92597485145035 -153.38581929876688 0
vertex 137.5 -153.47117792060695 0
vertex 137.5 -153.38581929876688 0
endloop
endfacet
facet normal 0 0 -1
outer loop
vertex 234.10380275048016 -153.41549988154094 0
vertex 234.03595886356916 -153.47117792060695 0
vertex 172.79263548303206 -153.47117792060695 0
endloop
endfacet
facet normal 0 0 -1
outer loop
vertex 234.10380275048016 -153.41549988154094 0
vertex 172.79263548303206 -153.47117792060695 0
vertex 172.97618137977005 -153.41549988154094 0
endloop
endfacet
facet normal 0 0 -1
outer loop
vertex 172.2073645169809 -153.47117792060695 0
vertex 172.49999999998226 -153.49999999999986 0
vertex 137.5 -153.49999999999986 0
endloop
endfacet
facet normal 0 0 -1
outer loop
vertex 172.2073645169809 -153.47117792060695 0
vertex 137.5 -153.49999999999986 0
vertex 137.5 -153.47117792060695 0
endloop
endfacet
facet normal 0 0 -1
outer loop
vertex 234.03595886356916 -153.47117792060695 0
vertex 234.00083905821418 -153.49999999999986 0
vertex 172.49999999998226 -153.49999999999986 0
endloop
endfacet
facet normal 0 0 -1
outer loop
vertex 234.03595886356916 -153.47117792060695 0
vertex 172.49999999998226 -153.49999999999986 0
vertex 172.79263548303206 -153.47117792060695 0
endloop
endfacet
facet normal 0 0 -1
outer loop
vertex 172.49999999998226 -153.49999999999986 0
vertex 234.00083905821418 -153.49999999999986 0
vertex 233.87649792819235 -153.60204412823657 0
endloop
endfacet
facet normal 0 0 -1
outer loop
vertex 172.49999999998226 -153.49999999999986 0
vertex 233.87649792819235 -153.60204412823657 0
vertex 137.5 -153.60204412823657 0
endloop
endfacet
facet normal 0 0 -1
outer loop
vertex 172.49999999998226 -153.49999999999986 0
vertex 137.5 -153.60204412823657 0
vertex 137.5 -153.49999999999986 0
endloop
endfacet
facet normal 0 0 -1
outer loop
vertex 256.50000088152507 -153.41549988154094 0
vertex 256.50000088471455 -153.60204412823657 0
vertex 235.9978182717939 -153.60204412823657 0
endloop
endfacet
facet normal 0 0 -1
outer loop
vertex 256.50000088152507 -153.41549988154094 0
vertex 235.9978182717939 -153.60204412823657 0
vertex 235.7705134495171 -153.41549988154094 0
endloop
endfacet
facet normal 0 0 -1
outer loop
vertex 233.87649792819235 -153.60204412823657 0
vertex 233.6899536815719 -153.8293489504607 0
vertex 137.5 -153.8293489504607 0
endloop
endfacet
facet normal 0 0 -1
outer loop
vertex 233.87649792819235 -153.60204412823657 0
vertex 137.5 -153.8293489504607 0
vertex 137.5 -153.60204412823657 0
endloop
endfacet
facet normal 0 0 -1
outer loop
vertex 256.50000088471455 -153.60204412823657 0
vertex 256.500000888601 -153.8293489504607 0
vertex 236.1843625184463 -153.8293489504607 0
endloop
endfacet
facet normal 0 0 -1
outer loop
vertex 256.50000088471455 -153.60204412823657 0
vertex 236.1843625184463 -153.8293489504607 0
vertex 235.9978182717939 -153.60204412823657 0
endloop
endfacet
facet normal 0 0 -1
outer loop
vertex 233.6899536815719 -153.8293489504607 0
vertex 233.55133880122105 -154.08867915146422 0
vertex 137.5 -154.08867915146422 0
endloop
endfacet
facet normal 0 0 -1
outer loop
vertex 233.6899536815719 -153.8293489504607 0
vertex 137.5 -154.08867915146422 0
vertex 137.5 -153.8293489504607 0
endloop
endfacet
facet normal 0 0 -1
outer loop
vertex 256.500000888601 -153.8293489504607 0
vertex 256.50000089303495 -154.08867915146422 0
vertex 236.32297739877106 -154.08867915146422 0
endloop
endfacet
facet normal 0 0 -1
outer loop
vertex 256.500000888601 -153.8293489504607 0
vertex 236.32297739877106 -154.08867915146422 0
vertex 236.1843625184463 -153.8293489504607 0
endloop
endfacet
facet normal 0 0 -1
outer loop
vertex 233.55133880122105 -154.08867915146422 0
vertex 233.46598017940383 -154.37006881697715 0
vertex 137.5 -154.37006881697715 0
endloop
endfacet
facet normal 0 0 -1
outer loop
vertex 233.55133880122105 -154.08867915146422 0
vertex 137.5 -154.37006881697715 0
vertex 137.5 -154.08867915146422 0
endloop
endfacet
facet normal 0 0 -1
outer loop
vertex 256.50000089303495 -154.08867915146422 0
vertex 256.50000089784606 -154.37006881697715 0
vertex 236.4083360206058 -154.37006881697715 0
endloop
endfacet
facet normal 0 0 -1
outer loop
vertex 256.50000089303495 -154.08867915146422 0
vertex 236.4083360206058 -154.37006881697715 0
vertex 236.32297739877106 -154.08867915146422 0
endloop
endfacet
facet normal 0 0 -1
outer loop
vertex 233.46598017940383 -154.37006881697715 0
vertex 233.43715809999765 -154.66270429999005 0
vertex 137.5 -154.66270429999005 0
endloop
endfacet
facet normal 0 0 -1
outer loop
vertex 233.46598017940383 -154.37006881697715 0
vertex 137.5 -154.66270429999005 0
vertex 137.5 -154.37006881697715 0
endloop
endfacet
facet normal 0 0 -1
outer loop
vertex 256.50000089784606 -154.37006881697715 0
vertex 256.5000009 -154.49604540000016 0
vertex 256.4890503978539 -154.66270429999005 0
endloop
endfacet
facet normal 0 0 -1
outer loop
vertex 256.50000089784606 -154.37006881697715 0
vertex 256.4890503978539 -154.66270429999005 0
vertex 236.43715809999983 -154.66270429999005 0
endloop
endfacet
facet normal 0 0 -1
outer loop
vertex 256.50000089784606 -154.37006881697715 0
vertex 236.43715809999983 -154.66270429999005 0
vertex 236.4083360206058 -154.37006881697715 0
endloop
endfacet
facet normal 0 0 -1
outer loop
vertex 233.43715809999765 -154.66270429999005 0
vertex 233.4659801793977 -154.9553397830343 0
vertex 137.5 -154.9553397830343 0
endloop
endfacet
facet normal 0 0 -1
outer loop
vertex 233.43715809999765 -154.66270429999005 0
vertex 137.5 -154.9553397830343 0
vertex 137.5 -154.66270429999005 0
endloop
endfacet
facet normal 0 0 -1
outer loop
vertex 256.4890503978539 -154.66270429999005 0
vertex 256.4698224689206 -154.9553397830343 0
vertex 236.40833602060272 -154.9553397830343 0
endloop
endfacet
facet normal 0 0 -1
outer loop
vertex 256.4890503978539 -154.66270429999005 0
vertex 236.40833602060272 -154.9553397830343 0
vertex 236.43715809999983 -154.66270429999005 0
endloop
endfacet
facet normal 0 0 -1
outer loop
vertex 233.4659801793977 -154.9553397830343 0
vertex 233.55133880124134 -155.2367294485733 0
vertex 137.5 -155.2367294485733 0
endloop
endfacet
facet normal 0 0 -1
outer loop
vertex 233.4659801793977 -154.9553397830343 0
vertex 137.5 -155.2367294485733 0
vertex 137.5 -154.9553397830343 0
endloop
endfacet
facet normal 0 0 -1
outer loop
vertex 256.4698224689206 -154.9553397830343 0
vertex 256.4656104330142 -155.01944399136255 0
vertex 256.42227939122625 -155.2367294485733 0
endloop
endfacet
facet normal 0 0 -1
outer loop
vertex 256.4698224689206 -154.9553397830343 0
vertex 256.42227939122625 -155.2367294485733 0
vertex 236.32297739877183 -155.2367294485733 0
endloop
endfacet
facet normal 0 0 -1
outer loop
vertex 256.4698224689206 -154.9553397830343 0
vertex 236.32297739877183 -155.2367294485733 0
vertex 236.40833602060272 -154.9553397830343 0
endloop
endfacet
facet normal 0 0 -1
outer loop
vertex 233.55133880124134 -155.2367294485733 0
vertex 233.6899536815422 -155.4960596495321 0
vertex 137.5 -155.4960596495321 0
endloop
endfacet
facet normal 0 0 -1
outer loop
vertex 233.55133880124134 -155.2367294485733 0
vertex 137.5 -155.4960596495321 0
vertex 137.5 -155.2367294485733 0
endloop
endfacet
facet normal 0 0 -1
outer loop
vertex 256.42227939122625 -155.2367294485733 0
vertex 256.3705637913012 -155.4960596495321 0
vertex 236.18436251845264 -155.4960596495321 0
endloop
endfacet
facet normal 0 0 -1
outer loop
vertex 256.42227939122625 -155.2367294485733 0
vertex 236.18436251845264 -155.4960596495321 0
vertex 236.32297739877183 -155.2367294485733 0
endloop
endfacet
facet normal 0 0 -1
outer loop
vertex 233.6899536815422 -155.4960596495321 0
vertex 233.8764979281957 -155.7233644717576 0
vertex 137.5 -155.7233644717576 0
endloop
endfacet
facet normal 0 0 -1
outer loop
vertex 233.6899536815422 -155.4960596495321 0
vertex 137.5 -155.7233644717576 0
vertex 137.5 -155.4960596495321 0
endloop
endfacet
facet normal 0 0 -1
outer loop
vertex 256.3705637913012 -155.4960596495321 0
vertex 256.36302913158596 -155.53384253943287 0
vertex 256.2985229247228 -155.7233644717576 0
endloop
endfacet
facet normal 0 0 -1
outer loop
vertex 256.3705637913012 -155.4960596495321 0
vertex 256.2985229247228 -155.7233644717576 0
vertex 235.9978182717854 -155.7233644717576 0
endloop
endfacet
facet normal 0 0 -1
outer loop
vertex 256.3705637913012 -155.4960596495321 0
vertex 235.9978182717854 -155.7233644717576 0
vertex 236.18436251845264 -155.4960596495321 0
endloop
endfacet
facet normal 0 0 -1
outer loop
vertex 233.8764979281957 -155.7233644717576 0
vertex 234.1038027504679 -155.90990871844946 0
vertex 137.5 -155.90990871844946 0
endloop
endfacet
facet normal 0 0 -1
outer loop
vertex 233.8764979281957 -155.7233644717576 0
vertex 137.5 -155.90990871844946 0
vertex 137.5 -155.7233644717576 0
endloop
endfacet
facet normal 0 0 -1
outer loop
vertex 256.2985229247228 -155.7233644717576 0
vertex 256.2350302111427 -155.90990871844946 0
vertex 235.77051344952332 -155.90990871844946 0
endloop
endfacet
facet normal 0 0 -1
outer loop
vertex 256.2985229247228 -155.7233644717576 0
vertex 235.77051344952332 -155.90990871844946 0
vertex 235.9978182717854 -155.7233644717576 0
endloop
endfacet
facet normal 0 0 -1
outer loop
vertex 234.1038027504679 -155.90990871844946 0
vertex 234.36313295146786 -156.0485235987723 0
vertex 137.5 -156.0485235987723 0
endloop
endfacet
facet normal 0 0 -1
outer loop
vertex 234.1038027504679 -155.90990871844946 0
vertex 137.5 -156.0485235987723 0
vertex 137.5 -155.90990871844946 0
endloop
endfacet
facet normal 0 0 -1
outer loop
vertex 256.2350302111427 -155.90990871844946 0
vertex 256.1940209375465 -156.0303956785908 0
vertex 256.1850555160217 -156.0485235987723 0
endloop
endfacet
facet normal 0 0 -1
outer loop
vertex 256.2350302111427 -155.90990871844946 0
vertex 256.1850555160217 -156.0485235987723 0
vertex 235.51118324855614 -156.0485235987723 0
endloop
endfacet
facet normal 0 0 -1
outer loop
vertex 256.2350302111427 -155.90990871844946 0
vertex 235.51118324855614 -156.0485235987723 0
vertex 235.77051344952332 -155.90990871844946 0
endloop
endfacet
facet normal 0 0 -1
outer loop
vertex 234.36313295146786 -156.0485235987723 0
vertex 234.6445226169857 -156.1338822206085 0
vertex 137.5 -156.1338822206085 0
endloop
endfacet
facet normal 0 0 -1
outer loop
vertex 234.36313295146786 -156.0485235987723 0
vertex 137.5 -156.1338822206085 0
vertex 137.5 -156.0485235987723 0
endloop
endfacet
facet normal 0 0 -1
outer loop
vertex 256.1850555160217 -156.0485235987723 0
vertex 256.1428401919317 -156.1338822206085 0
vertex 235.22979358302396 -156.1338822206085 0
endloop
endfacet
facet normal 0 0 -1
outer loop
vertex 256.1850555160217 -156.0485235987723 0
vertex 235.22979358302396 -156.1338822206085 0
vertex 235.51118324855614 -156.0485235987723 0
endloop
endfacet
facet normal 0 0 -1
outer loop
vertex 234.6445226169857 -156.1338822206085 0
vertex 234.9371580999781 -156.16270430000054 0
vertex 137.5 -156.16270430000054 0
endloop
endfacet
facet normal 0 0 -1
outer loop
vertex 234.6445226169857 -156.1338822206085 0
vertex 137.5 -156.16270430000054 0
vertex 137.5 -156.1338822206085 0
endloop
endfacet
facet normal 0 0 -1
outer loop
vertex 256.1428401919317 -156.1338822206085 0
vertex 256.1285858214146 -156.16270430000054 0
vertex 234.9371580999781 -156.16270430000054 0
endloop
endfacet
facet normal 0 0 -1
outer loop
vertex 256.1428401919317 -156.1338822206085 0
vertex 234.9371580999781 -156.16270430000054 0
vertex 235.22979358302396 -156.1338822206085 0
endloop
endfacet
facet normal 0 0 -1
outer loop
vertex 234.9371580999781 -156.16270430000054 0
vertex 256.1285858214146 -156.16270430000054 0
vertex 255.96149203963762 -156.50056490482484 0
endloop
endfacet
facet normal 0 0 -1
outer loop
vertex 234.9371580999781 -156.16270430000054 0
vertex 255.96149203963762 -156.50056490482484 0
vertex 255.6694418000001 -156.93626079999984 0
endloop
endfacet
facet normal 0 0 -1
outer loop
vertex 234.9371580999781 -156.16270430000054 0
vertex 255.6694418000001 -156.93626079999984 0
vertex 251.9580641048238 -161.75674000000004 0
endloop
endfacet
facet normal 0 0 -1
outer loop
vertex 234.9371580999781 -156.16270430000054 0
vertex 251.9580641048238 -161.75674000000004 0
vertex 137.84627999999998 -161.75674000000004 0
endloop
endfacet
facet normal 0 0 -1
outer loop
vertex 234.9371580999781 -156.16270430000054 0
vertex 137.84627999999998 -161.75674000000004 0
vertex 137.74507381420628 -161.65581324908456 0
endloop
endfacet
facet normal 0 0 -1
outer loop
vertex 234.9371580999781 -156.16270430000054 0
vertex 137.74507381420628 -161.65581324908456 0
vertex 137.65928994079474 -161.54148902524832 0
endloop
endfacet
facet normal 0 0 -1
outer loop
vertex 234.9371580999781 -156.16270430000054 0
vertex 137.65928994079474 -161.54148902524832 0
vertex 137.5906808500306 -161.4161028467523 0
endloop
endfacet
facet normal 0 0 -1
outer loop
vertex 234.9371580999781 -156.16270430000054 0
vertex 137.5906808500306 -161.4161028467523 0
vertex 137.5406481502434 -161.28221621543608 0
endloop
endfacet
facet normal 0 0 -1
outer loop
vertex 234.9371580999781 -156.16270430000054 0
vertex 137.5406481502434 -161.28221621543608 0
vertex 137.51021395450834 -161.14256428804774 0
endloop
endfacet
facet normal 0 0 -1
outer loop
vertex 234.9371580999781 -156.16270430000054 0
vertex 137.51021395450834 -161.14256428804774 0
vertex 137.5 -161.00000000000014 0
endloop
endfacet
facet normal 0 0 -1
outer loop
vertex 234.9371580999781 -156.16270430000054 0
vertex 137.5 -161.00000000000014 0
vertex 137.5 -156.16270430000054 0
endloop
endfacet
facet normal 0 0 -1
outer loop
vertex 251.9580641048238 -161.75674000000004 0
vertex 251.77077365076923 -162.00000000000006 0
vertex 178.50000000000014 -162.00000000000006 0
endloop
endfacet
facet normal 0 0 -1
outer loop
vertex 251.9580641048238 -161.75674000000004 0
vertex 178.50000000000014 -162.00000000000006 0
vertex 137.5 -162.00000000000006 0
endloop
endfacet
facet normal 0 0 -1
outer loop
vertex 251.9580641048238 -161.75674000000004 0
vertex 137.5 -162.00000000000006 0
vertex 137.84627999999998 -161.75674000000004 0
endloop
endfacet
facet normal 0 0 -1
outer loop
vertex 251.77077365076923 -162.00000000000006 0
vertex 251.7239864627983 -162.06076898795118 0
vertex 179.19459271066728 -162.06076898795118 0
endloop
endfacet
facet normal 0 0 -1
outer loop
vertex 251.77077365076923 -162.00000000000006 0
vertex 179.19459271066728 -162.06076898795118 0
vertex 178.50000000000014 -162.00000000000006 0
endloop
endfacet
facet normal 0 0 -1
outer loop
vertex 251.7239864627983 -162.06076898795118 0
vertex 251.58504650391657 -162.24122951685632 0
vertex 179.8680805733025 -162.24122951685632 0
endloop
endfacet
facet normal 0 0 -1
outer loop
vertex 251.7239864627983 -162.06076898795118 0
vertex 179.8680805733025 -162.24122951685632 0
vertex 179.19459271066728 -162.06076898795118 0
endloop
endfacet
facet normal 0 0 -1
outer loop
vertex 251.58504650391657 -162.24122951685632 0
vertex 251.35817539446745 -162.53589838486232 0
vertex 180.50000000000014 -162.53589838486232 0
endloop
endfacet
facet normal 0 0 -1
outer loop
vertex 251.58504650391657 -162.24122951685632 0
vertex 180.50000000000014 -162.53589838486232 0
vertex 179.8680805733025 -162.24122951685632 0
endloop
endfacet
facet normal 0 0 -1
outer loop
vertex 251.35817539446745 -162.53589838486232 0
vertex 251.05026649830955 -162.9358222275241 0
vertex 181.07115043874617 -162.9358222275241 0
endloop
endfacet
facet normal 0 0 -1
outer loop
vertex 251.35817539446745 -162.53589838486232 0
vertex 181.07115043874617 -162.9358222275241 0
vertex 180.50000000000014 -162.53589838486232 0
endloop
endfacet
facet normal 0 0 -1
outer loop
vertex 251.05026649830955 -162.9358222275241 0
vertex 250.71309820000016 -163.3737492999997 0
vertex 181.50907751122176 -163.3737492999997 0
endloop
endfacet
facet normal 0 0 -1
outer loop
vertex 251.05026649830955 -162.9358222275241 0
vertex 181.50907751122176 -163.3737492999997 0
vertex 181.07115043874617 -162.9358222275241 0
endloop
endfacet
facet normal 0 0 -1
outer loop
vertex 250.71309820000016 -163.3737492999997 0
vertex 250.68128604573164 -163.42884956125386 0
vertex 181.56417777247592 -163.42884956125386 0
endloop
endfacet
facet normal 0 0 -1
outer loop
vertex 250.71309820000016 -163.3737492999997 0
vertex 181.56417777247592 -163.42884956125386 0
vertex 181.50907751122176 -163.3737492999997 0
endloop
endfacet
facet normal 0 0 -1
outer loop
vertex 250.68128604573164 -163.42884956125386 0
vertex 250.3515321488465 -163.99999999999994 0
vertex 181.96410161513774 -163.99999999999994 0
endloop
endfacet
facet normal 0 0 -1
outer loop
vertex 250.68128604573164 -163.42884956125386 0
vertex 181.96410161513774 -163.99999999999994 0
vertex 181.56417777247592 -163.42884956125386 0
endloop
endfacet
facet normal 0 0 -1
outer loop
vertex 250.3515321488465 -163.99999999999994 0
vertex 249.98669325643772 -164.63191942669738 0
vertex 182.25877048314365 -164.63191942669738 0
endloop
endfacet
facet normal 0 0 -1
outer loop
vertex 250.3515321488465 -163.99999999999994 0
vertex 182.25877048314365 -164.63191942669738 0
vertex 181.96410161513774 -163.99999999999994 0
endloop
endfacet
facet normal 0 0 -1
outer loop
vertex 249.98669325643772 -164.63191942669738 0
vertex 249.597854813634 -165.30540728933224 0
vertex 182.43923101204882 -165.30540728933224 0
endloop
endfacet
facet normal 0 0 -1
outer loop
vertex 249.98669325643772 -164.63191942669738 0
vertex 182.43923101204882 -165.30540728933224 0
vertex 182.25877048314365 -164.63191942669738 0
endloop
endfacet
facet normal 0 0 -1
outer loop
vertex 249.597854813634 -165.30540728933224 0
vertex 249.196831479758 -165.99999999999997 0
vertex 182.5 -165.99999999999997 0
endloop
endfacet
facet normal 0 0 -1
outer loop
vertex 249.597854813634 -165.30540728933224 0
vertex 182.5 -165.99999999999997 0
vertex 182.43923101204882 -165.30540728933224 0
endloop
endfacet
facet normal 0 0 -1
outer loop
vertex 249.196831479758 -165.99999999999997 0
vertex 247.49076124117983 -168.955 0
vertex 203.54089759999994 -168.955 0
endloop
endfacet
facet normal 0 0 -1
outer loop
vertex 249.196831479758 -165.99999999999997 0
vertex 203.54089759999994 -168.955 0
vertex 183.49999999999955 -168.955 0
endloop
endfacet
facet normal 0 0 -1
outer loop
vertex 249.196831479758 -165.99999999999997 0
vertex 183.49999999999955 -168.955 0
vertex 183.32635182233332 -168.93980775301227 0
endloop
endfacet
facet normal 0 0 -1
outer loop
vertex 249.196831479758 -165.99999999999997 0
vertex 183.32635182233332 -168.93980775301227 0
vertex 183.15797985667433 -168.89469262078592 0
endloop
endfacet
facet normal 0 0 -1
outer loop
vertex 249.196831479758 -165.99999999999997 0
vertex 183.15797985667433 -168.89469262078592 0
vertex 182.99999999999997 -168.82102540378443 0
endloop
endfacet
facet normal 0 0 -1
outer loop
vertex 249.196831479758 -165.99999999999997 0
vertex 182.99999999999997 -168.82102540378443 0
vertex 182.85721239031346 -168.72104444311898 0
endloop
endfacet
facet normal 0 0 -1
outer loop
vertex 249.196831479758 -165.99999999999997 0
vertex 182.85721239031346 -168.72104444311898 0
vertex 182.73395555688106 -168.59778760968655 0
endloop
endfacet
facet normal 0 0 -1
outer loop
vertex 249.196831479758 -165.99999999999997 0
vertex 182.73395555688106 -168.59778760968655 0
vertex 182.63397459621558 -168.45500000000004 0
endloop
endfacet
facet normal 0 0 -1
outer loop
vertex 249.196831479758 -165.99999999999997 0
vertex 182.63397459621558 -168.45500000000004 0
vertex 182.56030737921407 -168.29702014332557 0
endloop
endfacet
facet normal 0 0 -1
outer loop
vertex 249.196831479758 -165.99999999999997 0
vertex 182.56030737921407 -168.29702014332557 0
vertex 182.51519224698782 -168.1286481776671 0
endloop
endfacet
facet normal 0 0 -1
outer loop
vertex 249.196831479758 -165.99999999999997 0
vertex 182.51519224698782 -168.1286481776671 0
vertex 182.5 -167.95499999999993 0
endloop
endfacet
facet normal 0 0 -1
outer loop
vertex 249.196831479758 -165.99999999999997 0
vertex 182.5 -167.95499999999993 0
vertex 182.5 -165.99999999999997 0
endloop
endfacet
facet normal 0 0 -1
outer loop
vertex 247.49076124117983 -168.955 0
vertex 247.48856408718245 -168.95880558192474 0
vertex 203.6280544451263 -168.95880558192474 0
endloop
endfacet
facet normal 0 0 -1
outer loop
vertex 247.49076124117983 -168.955 0
vertex 203.6280544451263 -168.95880558192474 0
vertex 203.54089759999994 -168.955 0
endloop
endfacet
facet normal 0 0 -1
outer loop
vertex 247.48856408718245 -168.95880558192474 0
vertex 247.48199256541727 -168.9701877902166 0
vertex 203.71454719762497 -168.9701877902166 0
endloop
endfacet
facet normal 0 0 -1
outer loop
vertex 247.48856408718245 -168.95880558192474 0
vertex 203.71454719762497 -168.9701877902166 0
vertex 203.6280544451263 -168.95880558192474 0
endloop
endfacet
facet normal 0 0 -1
outer loop
vertex 247.48199256541727 -168.9701877902166 0
vertex 247.47109380203366 -168.98906499999984 0
vertex 203.79971879999928 -168.98906499999984 0
endloop
endfacet
facet normal 0 0 -1
outer loop
vertex 247.48199256541727 -168.9701877902166 0
vertex 203.79971879999928 -168.98906499999984 0
vertex 203.71454719762497 -168.9701877902166 0
endloop
endfacet
facet normal 0 0 -1
outer loop
vertex 247.47109380203366 -168.98906499999984 0
vertex 244.99677817203258 -173.27470489999993 0
vertex 219.79390809999984 -173.27470489999993 0
endloop
endfacet
facet normal 0 0 -1
outer loop
vertex 247.47109380203366 -168.98906499999984 0
vertex 219.79390809999984 -173.27470489999993 0
vertex 203.79971879999928 -168.98906499999984 0
endloop
endfacet
facet normal 0 0 -1
outer loop
vertex 244.99677817203258 -173.27470489999993 0
vertex 244.9816309984166 -173.30094057132408 0
vertex 219.87710980711523 -173.30094057132408 0
endloop
endfacet
facet normal 0 0 -1
outer loop
vertex 244.99677817203258 -173.27470489999993 0
vertex 219.87710980711523 -173.30094057132408 0
vertex 219.79390809999984 -173.27470489999993 0
endloop
endfacet
facet normal 0 0 -1
outer loop
vertex 244.9816309984166 -173.30094057132408 0
vertex 244.96235633539473 -173.33432526319763 0
vertex 219.95770760477353 -173.33432526319763 0
endloop
endfacet
facet normal 0 0 -1
outer loop
vertex 244.9816309984166 -173.30094057132408 0
vertex 219.95770760477353 -173.33432526319763 0
vertex 219.87710980711523 -173.30094057132408 0
endloop
endfacet
facet normal 0 0 -1
outer loop
vertex 244.96235633539473 -173.33432526319763 0
vertex 244.9390994013683 -173.37460744999981 0
vertex 220.0350890499997 -173.37460744999981 0
endloop
endfacet
facet normal 0 0 -1
outer loop
vertex 244.96235633539473 -173.33432526319763 0
vertex 220.0350890499997 -173.37460744999981 0
vertex 219.95770760477353 -173.33432526319763 0
endloop
endfacet
facet normal 0 0 -1
outer loop
vertex 244.9390994013683 -173.37460744999981 0
vertex 239.21309639999987 -183.2923344500002 0
vertex 239.11311505379737 -183.435120525005 0
endloop
endfacet
facet normal 0 0 -1
outer loop
vertex 244.9390994013683 -173.37460744999981 0
vertex 239.11311505379737 -183.435120525005 0
vertex 238.98985823535943 -183.5583759083052 0
endloop
endfacet
facet normal 0 0 -1
outer loop
vertex 244.9390994013683 -173.37460744999981 0
vertex 238.98985823535943 -183.5583759083052 0
vertex 238.84707099622682 -183.65835559196537 0
endloop
endfacet
facet normal 0 0 -1
outer loop
vertex 244.9390994013683 -173.37460744999981 0
vertex 238.84707099622682 -183.65835559196537 0
vertex 238.68909180283617 -183.73202177999946 0
endloop
endfacet
facet normal 0 0 -1
outer loop
vertex 244.9390994013683 -173.37460744999981 0
vertex 238.68909180283617 -183.73202177999946 0
vertex 238.52072071597934 -183.7771361891672 0
endloop
endfacet
facet normal 0 0 -1
outer loop
vertex 244.9390994013683 -173.37460744999981 0
vertex 238.52072071597934 -183.7771361891672 0
vertex 238.34707354512014 -183.79232805726903 0
endloop
endfacet
facet normal 0 0 -1
outer loop
vertex 244.9390994013683 -173.37460744999981 0
vertex 238.34707354512014 -183.79232805726903 0
vertex 238.17342640895856 -183.7771361891672 0
endloop
endfacet
facet normal 0 0 -1
outer loop
vertex 244.9390994013683 -173.37460744999981 0
vertex 238.17342640895856 -183.7771361891672 0
vertex 238.0050554251411 -183.73202177999946 0
endloop
endfacet
facet normal 0 0 -1
outer loop
vertex 244.9390994013683 -173.37460744999981 0
vertex 238.0050554251411 -183.73202177999946 0
vertex 237.84707279999986 -183.6583588999999 0
endloop
endfacet
facet normal 0 0 -1
outer loop
vertex 244.9390994013683 -173.37460744999981 0
vertex 237.84707279999986 -183.6583588999999 0
vertex 220.0350890499997 -173.37460744999981 0
endloop
endfacet
facet normal 0 0 1
outer loop
vertex 237.78867031597952 -181.04508539256705 2
vertex 237.9570414028362 -180.99997137999947 2
vertex 238.11502059622717 -180.92630519196524 2
endloop
endfacet
facet normal 0 0 1
outer loop
vertex 237.78867031597952 -181.04508539256705 2
vertex 238.11502059622717 -180.92630519196524 2
vertex 238.2578078353595 -180.8263255083053 2
endloop
endfacet
facet normal 0 0 1
outer loop
vertex 237.78867031597952 -181.04508539256705 2
vertex 238.2578078353595 -180.8263255083053 2
vertex 238.3810646537972 -180.7030701250052 2
endloop
endfacet
facet normal 0 0 1
outer loop
vertex 237.78867031597952 -181.04508539256705 2
vertex 238.3810646537972 -180.7030701250052 2
vertex 238.48104600000048 -180.56028404999924 2
endloop
endfacet
facet normal 0 0 1
outer loop
vertex 237.78867031597952 -181.04508539256705 2
vertex 238.48104600000048 -180.56028404999924 2
vertex 243.70571023102954 -171.5109007499999 2
endloop
endfacet
facet normal 0 0 1
outer loop
vertex 237.78867031597952 -181.04508539256705 2
vertex 243.70571023102954 -171.5109007499999 2
vertex 220.8070595499999 -171.5109007499999 2
endloop
endfacet
facet normal 0 0 1
outer loop
vertex 237.78867031597952 -181.04508539256705 2
vertex 220.8070595499999 -171.5109007499999 2
vertex 237.115022 -180.9263081 2
endloop
endfacet
facet normal 0 0 1
outer loop
vertex 237.78867031597952 -181.04508539256705 2
vertex 237.115022 -180.9263081 2
vertex 237.273005025141 -180.99997137999947 2
endloop
endfacet
facet normal 0 0 1
outer loop
vertex 237.78867031597952 -181.04508539256705 2
vertex 237.273005025141 -180.99997137999947 2
vertex 237.44137600895863 -181.04508539256705 2
endloop
endfacet
facet normal 0 0 1
outer loop
vertex 237.78867031597952 -181.04508539256705 2
vertex 237.44137600895863 -181.04508539256705 2
vertex 237.61502314511998 -181.06027765726904 2
endloop
endfacet
facet normal 0 0 1
outer loop
vertex 243.70571023102954 -171.5109007499999 2
vertex 243.728967163967 -171.47061856319763 2
vertex 220.72967810477357 -171.47061856319763 2
endloop
endfacet
facet normal 0 0 1
outer loop
vertex 243.70571023102954 -171.5109007499999 2
vertex 220.72967810477357 -171.47061856319763 2
vertex 220.8070595499999 -171.5109007499999 2
endloop
endfacet
facet normal 0 0 1
outer loop
vertex 243.728967163967 -171.47061856319763 2
vertex 243.74824182608629 -171.43723387132414 2
vertex 220.64908030711536 -171.43723387132414 2
endloop
endfacet
facet normal 0 0 1
outer loop
vertex 243.728967163967 -171.47061856319763 2
vertex 220.64908030711536 -171.43723387132414 2
vertex 220.72967810477357 -171.47061856319763 2
endloop
endfacet
facet normal 0 0 1
outer loop
vertex 243.74824182608629 -171.43723387132414 2
vertex 243.7633870937371 -171.41100149999983 2
vertex 220.56587909999936 -171.41100149999983 2
endloop
endfacet
facet normal 0 0 1
outer loop
vertex 243.74824182608629 -171.43723387132414 2
vertex 220.56587909999936 -171.41100149999983 2
vertex 220.64908030711536 -171.43723387132414 2
endloop
endfacet
facet normal 0 0 1
outer loop
vertex 243.7633870937371 -171.41100149999983 2
vertex 246.3163934918009 -166.9890650000001 2
vertex 204.06302140000037 -166.9890650000001 2
endloop
endfacet
facet normal 0 0 1
outer loop
vertex 243.7633870937371 -171.41100149999983 2
vertex 204.06302140000037 -166.9890650000001 2
vertex 220.56587909999936 -171.41100149999983 2
endloop
endfacet
facet normal 0 0 1
outer loop
vertex 246.3163934918009 -166.9890650000001 2
vertex 246.3272922546744 -166.97018779021653 2
vertex 203.97784979762454 -166.97018779021653 2
endloop
endfacet
facet normal 0 0 1
outer loop
vertex 246.3163934918009 -166.9890650000001 2
vertex 203.97784979762454 -166.97018779021653 2
vertex 204.06302140000037 -166.9890650000001 2
endloop
endfacet
facet normal 0 0 1
outer loop
vertex 246.3272922546744 -166.97018779021653 2
vertex 246.3338637761318 -166.95880558192474 2
vertex 203.89135704512648 -166.95880558192474 2
endloop
endfacet
facet normal 0 0 1
outer loop
vertex 246.3272922546744 -166.97018779021653 2
vertex 203.89135704512648 -166.95880558192474 2
vertex 203.97784979762454 -166.97018779021653 2
endloop
endfacet
facet normal 0 0 1
outer loop
vertex 246.3338637761318 -166.95880558192474 2
vertex 246.3360609300263 -166.955 2
vertex 203.80420279999987 -166.955 2
endloop
endfacet
facet normal 0 0 1
outer loop
vertex 246.3338637761318 -166.95880558192474 2
vertex 203.80420279999987 -166.955 2
vertex 203.89135704512648 -166.95880558192474 2
endloop
endfacet
facet normal 0 0 1
outer loop
vertex 203.80420279999987 -166.955 2
vertex 246.3360609300263 -166.955 2
vertex 247.95957190000087 -164.14299669999852 2
endloop
endfacet
facet normal 0 0 1
outer loop
vertex 203.80420279999987 -166.955 2
vertex 247.95957190000087 -164.14299669999852 2
vertex 184.5 -164.14299669999852 2
endloop
endfacet
facet normal 0 0 1
outer loop
vertex 203.80420279999987 -166.955 2
vertex 184.5 -164.14299669999852 2
vertex 184.5 -165.95500000000027 2
endloop
endfacet
facet normal 0 0 1
outer loop
vertex 203.80420279999987 -166.955 2
vertex 184.5 -165.95500000000027 2
vertex 184.51519224698777 -166.12864817766686 2
endloop
endfacet
facet normal 0 0 1
outer loop
vertex 203.80420279999987 -166.955 2
vertex 184.51519224698777 -166.12864817766686 2
vertex 184.5603073792141 -166.29702014332568 2
endloop
endfacet
facet normal 0 0 1
outer loop
vertex 203.80420279999987 -166.955 2
vertex 184.5603073792141 -166.29702014332568 2
vertex 184.63397459621552 -166.45499999999998 2
endloop
endfacet
facet normal 0 0 1
outer loop
vertex 203.80420279999987 -166.955 2
vertex 184.63397459621552 -166.45499999999998 2
vertex 184.73395555688094 -166.59778760968646 2
endloop
endfacet
facet normal 0 0 1
outer loop
vertex 203.80420279999987 -166.955 2
vertex 184.73395555688094 -166.59778760968646 2
vertex 184.8572123903135 -166.721044443119 2
endloop
endfacet
facet normal 0 0 1
outer loop
vertex 203.80420279999987 -166.955 2
vertex 184.8572123903135 -166.721044443119 2
vertex 185.00000000000017 -166.82102540378455 2
endloop
endfacet
facet normal 0 0 1
outer loop
vertex 203.80420279999987 -166.955 2
vertex 185.00000000000017 -166.82102540378455 2
vertex 185.1579798566742 -166.89469262078586 2
endloop
endfacet
facet normal 0 0 1
outer loop
vertex 203.80420279999987 -166.955 2
vertex 185.1579798566742 -166.89469262078586 2
vertex 185.32635182233304 -166.9398077530122 2
endloop
endfacet
facet normal 0 0 1
outer loop
vertex 203.80420279999987 -166.955 2
vertex 185.32635182233304 -166.9398077530122 2
vertex 185.5000000000003 -166.955 2
endloop
endfacet
facet normal 0 0 1
outer loop
vertex 247.95957190000087 -164.14299669999852 2
vertex 247.98144171296832 -164.1060393599029 2
vertex 184.5 -164.1060393599029 2
endloop
endfacet
facet normal 0 0 1
outer loop
vertex 247.95957190000087 -164.14299669999852 2
vertex 184.5 -164.1060393599029 2
vertex 184.5 -164.14299669999852 2
endloop
endfacet
facet normal 0 0 1
outer loop
vertex 247.98144171296832 -164.1060393599029 2
vertex 248.00409594999925 -164.06955835000116 2
vertex 184.5 -164.06955835000116 2
endloop
endfacet
facet normal 0 0 1
outer loop
vertex 247.98144171296832 -164.1060393599029 2
vertex 184.5 -164.06955835000116 2
vertex 184.5 -164.1060393599029 2
endloop
endfacet
facet normal 0 0 1
outer loop
vertex 248.00409594999925 -164.06955835000116 2
vertex 249.32054485346072 -161.99999999999997 2
vertex 184.5 -161.99999999999997 2
endloop
endfacet
facet normal 0 0 1
outer loop
vertex 248.00409594999925 -164.06955835000116 2
vertex 184.5 -161.99999999999997 2
vertex 184.5 -164.06955835000116 2
endloop
endfacet
facet normal 0 0 1
outer loop
vertex 249.32054485346072 -161.99999999999997 2
vertex 249.54146054117504 -161.6527036446661 2
vertex 184.4696155060244 -161.6527036446661 2
endloop
endfacet
facet normal 0 0 1
outer loop
vertex 249.32054485346072 -161.99999999999997 2
vertex 184.4696155060244 -161.6527036446661 2
vertex 184.5 -161.99999999999997 2
endloop
endfacet
facet normal 0 0 1
outer loop
vertex 249.54146054117504 -161.6527036446661 2
vertex 249.7556638175069 -161.31595971334863 2
vertex 184.3793852415718 -161.31595971334863 2
endloop
endfacet
facet normal 0 0 1
outer loop
vertex 249.54146054117504 -161.6527036446661 2
vertex 184.3793852415718 -161.31595971334863 2
vertex 184.4696155060244 -161.6527036446661 2
endloop
endfacet
facet normal 0 0 1
outer loop
vertex 249.7556638175069 -161.31595971334863 2
vertex 249.956646224297 -161 2
vertex 184.23205080756887 -161 2
endloop
endfacet
facet normal 0 0 1
outer loop
vertex 249.7556638175069 -161.31595971334863 2
vertex 184.23205080756887 -161 2
vertex 184.3793852415718 -161.31595971334863 2
endloop
endfacet
facet normal 0 0 1
outer loop
vertex 249.956646224297 -161 2
vertex 250.13830101281704 -160.714424780627 2
vertex 184.032088886238 -160.714424780627 2
endloop
endfacet
facet normal 0 0 1
outer loop
vertex 249.956646224297 -161 2
vertex 184.032088886238 -160.714424780627 2
vertex 184.23205080756887 -161 2
endloop
endfacet
facet normal 0 0 1
outer loop
vertex 250.13830101281704 -160.714424780627 2
vertex 250.29510869423976 -160.467911113762 2
vertex 183.785575219373 -160.467911113762 2
endloop
endfacet
facet normal 0 0 1
outer loop
vertex 250.13830101281704 -160.714424780627 2
vertex 183.785575219373 -160.467911113762 2
vertex 184.032088886238 -160.714424780627 2
endloop
endfacet
facet normal 0 0 1
outer loop
vertex 250.29510869423976 -160.467911113762 2
vertex 250.42230474651336 -160.2679491924312 2
vertex 183.50000000000009 -160.2679491924312 2
endloop
endfacet
facet normal 0 0 1
outer loop
vertex 250.29510869423976 -160.467911113762 2
vertex 183.50000000000009 -160.2679491924312 2
vertex 183.785575219373 -160.467911113762 2
endloop
endfacet
facet normal 0 0 1
outer loop
vertex 250.42230474651336 -160.2679491924312 2
vertex 250.51602438195403 -160.12061475842822 2
vertex 183.18404028665137 -160.12061475842822 2
endloop
endfacet
facet normal 0 0 1
outer loop
vertex 250.42230474651336 -160.2679491924312 2
vertex 183.18404028665137 -160.12061475842822 2
vertex 183.50000000000009 -160.2679491924312 2
endloop
endfacet
facet normal 0 0 1
outer loop
vertex 250.51602438195403 -160.12061475842822 2
vertex 250.57341997686328 -160.0303844939756 2
vertex 182.84729635533384 -160.0303844939756 2
endloop
endfacet
facet normal 0 0 1
outer loop
vertex 250.51602438195403 -160.12061475842822 2
vertex 182.84729635533384 -160.0303844939756 2
vertex 183.18404028665137 -160.12061475842822 2
endloop
endfacet
facet normal 0 0 1
outer loop
vertex 250.57341997686328 -160.0303844939756 2
vertex 250.59274759513332 -160 2
vertex 182.50000000000006 -160 2
endloop
endfacet
facet normal 0 0 1
outer loop
vertex 250.57341997686328 -160.0303844939756 2
vertex 182.50000000000006 -160 2
vertex 182.84729635533384 -160.0303844939756 2
endloop
endfacet
facet normal 0 0 1
outer loop
vertex 182.50000000000006 -160 2
vertex 250.59274759513332 -160 2
vertex 252.39755527937115 -157.1627043000002 2
endloop
endfacet
facet normal 0 0 1
outer loop
vertex 182.50000000000006 -160 2
vertex 252.39755527937115 -157.1627043000002 2
vertex 234.9371580999885 -157.1627043000002 2
endloop
endfacet
facet normal 0 0 1
outer loop
vertex 182.50000000000006 -160 2
vertex 234.9371580999885 -157.1627043000002 2
vertex 139.5 -157.1627043000002 2
endloop
endfacet
facet normal 0 0 1
outer loop
vertex 182.50000000000006 -160 2
vertex 139.5 -157.1627043000002 2
vertex 139.5 -159.00000000000003 2
endloop
endfacet
facet normal 0 0 1
outer loop
vertex 182.50000000000006 -160 2
vertex 139.5 -159.00000000000003 2
vertex 139.5151922469878 -159.17364817766708 2
endloop
endfacet
facet normal 0 0 1
outer loop
vertex 182.50000000000006 -160 2
vertex 139.5151922469878 -159.17364817766708 2
vertex 139.56030737921398 -159.3420201433254 2
endloop
endfacet
facet normal 0 0 1
outer loop
vertex 182.50000000000006 -160 2
vertex 139.56030737921398 -159.3420201433254 2
vertex 139.63397459621555 -159.49999999999997 2
endloop
endfacet
facet normal 0 0 1
outer loop
vertex 182.50000000000006 -160 2
vertex 139.63397459621555 -159.49999999999997 2
vertex 139.73395555688106 -159.64278760968654 2
endloop
endfacet
facet normal 0 0 1
outer loop
vertex 182.50000000000006 -160 2
vertex 139.73395555688106 -159.64278760968654 2
vertex 139.85721239031346 -159.76604444311894 2
endloop
endfacet
facet normal 0 0 1
outer loop
vertex 182.50000000000006 -160 2
vertex 139.85721239031346 -159.76604444311894 2
vertex 140.00000000000023 -159.8660254037846 2
endloop
endfacet
facet normal 0 0 1
outer loop
vertex 182.50000000000006 -160 2
vertex 140.00000000000023 -159.8660254037846 2
vertex 140.1579798566742 -159.93969262078588 2
endloop
endfacet
facet normal 0 0 1
outer loop
vertex 182.50000000000006 -160 2
vertex 140.1579798566742 -159.93969262078588 2
vertex 140.32635182233312 -159.98480775301223 2
endloop
endfacet
facet normal 0 0 1
outer loop
vertex 182.50000000000006 -160 2
vertex 140.32635182233312 -159.98480775301223 2
vertex 140.49999999999977 -160 2
endloop
endfacet
facet normal 0 0 1
outer loop
vertex 234.9371580999885 -157.1627043000002 2
vertex 234.44943229497505 -157.11466750101093 2
vertex 139.5 -157.11466750101093 2
endloop
endfacet
facet normal 0 0 1
outer loop
vertex 234.9371580999885 -157.1627043000002 2
vertex 139.5 -157.11466750101093 2
vertex 139.5 -157.1627043000002 2
endloop
endfacet
facet normal 0 0 1
outer loop
vertex 252.39755527937115 -157.1627043000002 2
vertex 252.4281115530588 -157.11466750101093 2
vertex 235.42488390500193 -157.11466750101093 2
endloop
endfacet
facet normal 0 0 1
outer loop
vertex 252.39755527937115 -157.1627043000002 2
vertex 235.42488390500193 -157.11466750101093 2
vertex 234.9371580999885 -157.1627043000002 2
endloop
endfacet
facet normal 0 0 1
outer loop
vertex 234.44943229497505 -157.11466750101093 2
vertex 233.98044951904686 -156.97240313126414 2
vertex 139.5 -156.97240313126414 2
endloop
endfacet
facet normal 0 0 1
outer loop
vertex 234.44943229497505 -157.11466750101093 2
vertex 139.5 -156.97240313126414 2
vertex 139.5 -157.11466750101093 2
endloop
endfacet
facet normal 0 0 1
outer loop
vertex 252.4281115530588 -157.11466750101093 2
vertex 252.5186061136759 -156.97240313126414 2
vertex 235.89386668097958 -156.97240313126414 2
endloop
endfacet
facet normal 0 0 1
outer loop
vertex 252.4281115530588 -157.11466750101093 2
vertex 235.89386668097958 -156.97240313126414 2
vertex 235.42488390500193 -157.11466750101093 2
endloop
endfacet
facet normal 0 0 1
outer loop
vertex 233.98044951904686 -156.97240313126414 2
vertex 233.54823251749576 -156.7413783307878 2
vertex 139.5 -156.7413783307878 2
endloop
endfacet
facet normal 0 0 1
outer loop
vertex 233.98044951904686 -156.97240313126414 2
vertex 139.5 -156.7413783307878 2
vertex 139.5 -156.97240313126414 2
endloop
endfacet
facet normal 0 0 1
outer loop
vertex 252.5186061136759 -156.97240313126414 2
vertex 252.66556130595612 -156.7413783307878 2
vertex 236.32608368246062 -156.7413783307878 2
endloop
endfacet
facet normal 0 0 1
outer loop
vertex 252.5186061136759 -156.97240313126414 2
vertex 236.32608368246062 -156.7413783307878 2
vertex 235.89386668097958 -156.97240313126414 2
endloop
endfacet
facet normal 0 0 1
outer loop
vertex 233.54823251749576 -156.7413783307878 2
vertex 233.16939114702413 -156.43047125295328 2
vertex 139.5 -156.43047125295328 2
endloop
endfacet
facet normal 0 0 1
outer loop
vertex 233.54823251749576 -156.7413783307878 2
vertex 139.5 -156.43047125295328 2
vertex 139.5 -156.7413783307878 2
endloop
endfacet
facet normal 0 0 1
outer loop
vertex 252.66556130595612 -156.7413783307878 2
vertex 252.86332972436935 -156.43047125295328 2
vertex 236.70492505299865 -156.43047125295328 2
endloop
endfacet
facet normal 0 0 1
outer loop
vertex 252.66556130595612 -156.7413783307878 2
vertex 236.70492505299865 -156.43047125295328 2
vertex 236.32608368246062 -156.7413783307878 2
endloop
endfacet
facet normal 0 0 1
outer loop
vertex 233.16939114702413 -156.43047125295328 2
vertex 232.85848406923742 -156.05162988255188 2
vertex 139.5 -156.05162988255188 2
endloop
endfacet
facet normal 0 0 1
outer loop
vertex 233.16939114702413 -156.43047125295328 2
vertex 139.5 -156.05162988255188 2
vertex 139.5 -156.43047125295328 2
endloop
endfacet
facet normal 0 0 1
outer loop
vertex 252.86332972436935 -156.43047125295328 2
vertex 253.1043112394112 -156.05162988255188 2
vertex 237.01583213075486 -156.05162988255188 2
endloop
endfacet
facet normal 0 0 1
outer loop
vertex 252.86332972436935 -156.43047125295328 2
vertex 237.01583213075486 -156.05162988255188 2
vertex 236.70492505299865 -156.43047125295328 2
endloop
endfacet
facet normal 0 0 1
outer loop
vertex 232.85848406923742 -156.05162988255188 2
vertex 232.6274592687148 -155.61941288090895 2
vertex 139.5 -155.61941288090895 2
endloop
endfacet
facet normal 0 0 1
outer loop
vertex 232.85848406923742 -156.05162988255188 2
vertex 139.5 -155.61941288090895 2
vertex 139.5 -156.05162988255188 2
endloop
endfacet
facet normal 0 0 1
outer loop
vertex 253.1043112394112 -156.05162988255188 2
vertex 253.37924506665502 -155.61941288090895 2
vertex 237.24685693128026 -155.61941288090895 2
endloop
endfacet
facet normal 0 0 1
outer loop
vertex 253.1043112394112 -156.05162988255188 2
vertex 237.24685693128026 -155.61941288090895 2
vertex 237.01583213075486 -156.05162988255188 2
endloop
endfacet
facet normal 0 0 1
outer loop
vertex 232.6274592687148 -155.61941288090895 2
vertex 232.48519489899527 -155.15043010504397 2
vertex 139.5 -155.15043010504397 2
endloop
endfacet
facet normal 0 0 1
outer loop
vertex 232.6274592687148 -155.61941288090895 2
vertex 139.5 -155.15043010504397 2
vertex 139.5 -155.61941288090895 2
endloop
endfacet
facet normal 0 0 1
outer loop
vertex 253.37924506665502 -155.61941288090895 2
vertex 253.67756565328136 -155.15043010504397 2
vertex 237.3891213010079 -155.15043010504397 2
endloop
endfacet
facet normal 0 0 1
outer loop
vertex 253.37924506665502 -155.61941288090895 2
vertex 237.3891213010079 -155.15043010504397 2
vertex 237.24685693128026 -155.61941288090895 2
endloop
endfacet
facet normal 0 0 1
outer loop
vertex 232.48519489899527 -155.15043010504397 2
vertex 232.43715810000106 -154.6627043000001 2
vertex 139.5 -154.6627043000001 2
endloop
endfacet
facet normal 0 0 1
outer loop
vertex 232.48519489899527 -155.15043010504397 2
vertex 139.5 -154.6627043000001 2
vertex 139.5 -155.15043010504397 2
endloop
endfacet
facet normal 0 0 1
outer loop
vertex 253.67756565328136 -155.15043010504397 2
vertex 253.987808706462 -154.6627043000001 2
vertex 237.43715810000012 -154.6627043000001 2
endloop
endfacet
facet normal 0 0 1
outer loop
vertex 253.67756565328136 -155.15043010504397 2
vertex 237.43715810000012 -154.6627043000001 2
vertex 237.3891213010079 -155.15043010504397 2
endloop
endfacet
facet normal 0 0 1
outer loop
vertex 232.43715810000106 -154.6627043000001 2
vertex 232.4531830748394 -154.50000000000043 2
vertex 172.49999999999855 -154.50000000000043 2
endloop
endfacet
facet normal 0 0 1
outer loop
vertex 232.43715810000106 -154.6627043000001 2
vertex 172.49999999999855 -154.50000000000043 2
vertex 139.5 -154.50000000000043 2
endloop
endfacet
facet normal 0 0 1
outer loop
vertex 232.43715810000106 -154.6627043000001 2
vertex 139.5 -154.50000000000043 2
vertex 139.5 -154.6627043000001 2
endloop
endfacet
facet normal 0 0 1
outer loop
vertex 172.49999999999855 -154.50000000000043 2
vertex 172.01227419496666 -154.45196320100933 2
vertex 139.5 -154.45196320100933 2
endloop
endfacet
facet normal 0 0 1
outer loop
vertex 172.49999999999855 -154.50000000000043 2
vertex 139.5 -154.45196320100933 2
vertex 139.5 -154.50000000000043 2
endloop
endfacet
facet normal 0 0 1
outer loop
vertex 232.4531830748394 -154.50000000000043 2
vertex 232.4579142865848 -154.45196320100933 2
vertex 172.9877258050304 -154.45196320100933 2
endloop
endfacet
facet normal 0 0 1
outer loop
vertex 232.4531830748394 -154.50000000000043 2
vertex 172.9877258050304 -154.45196320100933 2
vertex 172.49999999999855 -154.50000000000043 2
endloop
endfacet
facet normal 0 0 1
outer loop
vertex 172.01227419496666 -154.45196320100933 2
vertex 171.54329141910455 -154.3096988312826 2
vertex 139.5 -154.3096988312826 2
endloop
endfacet
facet normal 0 0 1
outer loop
vertex 172.01227419496666 -154.45196320100933 2
vertex 139.5 -154.3096988312826 2
vertex 139.5 -154.45196320100933 2
endloop
endfacet
facet normal 0 0 1
outer loop
vertex 232.4579142865848 -154.45196320100933 2
vertex 232.47192610400768 -154.3096988312826 2
vertex 173.4567085809032 -154.3096988312826 2
endloop
endfacet
facet normal 0 0 1
outer loop
vertex 232.4579142865848 -154.45196320100933 2
vertex 173.4567085809032 -154.3096988312826 2
vertex 172.9877258050304 -154.45196320100933 2
endloop
endfacet
facet normal 0 0 1
outer loop
vertex 232.47192610400768 -154.3096988312826 2
vertex 232.4851948989929 -154.17497849497587 2
vertex 173.70875260252927 -154.17497849497587 2
endloop
endfacet
facet normal 0 0 1
outer loop
vertex 232.47192610400768 -154.3096988312826 2
vertex 173.70875260252927 -154.17497849497587 2
vertex 173.4567085809032 -154.3096988312826 2
endloop
endfacet
facet normal 0 0 1
outer loop
vertex 253.987808706462 -154.6627043000001 2
vertex 254.18752379999978 -154.34873690000032 2
vertex 254.28148601826064 -154.17497849497587 2
endloop
endfacet
facet normal 0 0 1
outer loop
vertex 253.987808706462 -154.6627043000001 2
vertex 254.28148601826064 -154.17497849497587 2
vertex 237.38912130100985 -154.17497849497587 2
endloop
endfacet
facet normal 0 0 1
outer loop
vertex 253.987808706462 -154.6627043000001 2
vertex 237.38912130100985 -154.17497849497587 2
vertex 237.43715810000012 -154.6627043000001 2
endloop
endfacet
facet normal 0 0 1
outer loop
vertex 171.54329141910455 -154.3096988312826 2
vertex 171.1110744174267 -154.0786740307385 2
vertex 139.5 -154.0786740307385 2
endloop
endfacet
facet normal 0 0 1
outer loop
vertex 171.54329141910455 -154.3096988312826 2
vertex 139.5 -154.0786740307385 2
vertex 139.5 -154.3096988312826 2
endloop
endfacet
facet normal 0 0 1
outer loop
vertex 232.4851948989929 -154.17497849497587 2
vertex 232.51440853882858 -154.0786740307385 2
vertex 173.88892558258388 -154.0786740307385 2
endloop
endfacet
facet normal 0 0 1
outer loop
vertex 232.4851948989929 -154.17497849497587 2
vertex 173.88892558258388 -154.0786740307385 2
vertex 173.70875260252927 -154.17497849497587 2
endloop
endfacet
facet normal 0 0 1
outer loop
vertex 171.1110744174267 -154.0786740307385 2
vertex 170.73223304703774 -153.76776695297187 2
vertex 139.5 -153.76776695297187 2
endloop
endfacet
facet normal 0 0 1
outer loop
vertex 171.1110744174267 -154.0786740307385 2
vertex 139.5 -153.76776695297187 2
vertex 139.5 -154.0786740307385 2
endloop
endfacet
facet normal 0 0 1
outer loop
vertex 232.51440853882858 -154.0786740307385 2
vertex 232.60872116977723 -153.76776695297187 2
vertex 174.2677669529596 -153.76776695297187 2
endloop
endfacet
facet normal 0 0 1
outer loop
vertex 232.51440853882858 -154.0786740307385 2
vertex 174.2677669529596 -153.76776695297187 2
vertex 173.88892558258388 -154.0786740307385 2
endloop
endfacet
facet normal 0 0 1
outer loop
vertex 232.60872116977723 -153.76776695297187 2
vertex 232.62745926871875 -153.70599571908002 2
vertex 174.31846129450315 -153.70599571908002 2
endloop
endfacet
facet normal 0 0 1
outer loop
vertex 232.60872116977723 -153.76776695297187 2
vertex 174.31846129450315 -153.70599571908002 2
vertex 174.2677669529596 -153.76776695297187 2
endloop
endfacet
facet normal 0 0 1
outer loop
vertex 254.28148601826064 -154.17497849497587 2
vertex 254.32215403931255 -154.09977368814745 2
vertex 254.42029336121104 -153.83429687357207 2
endloop
endfacet
facet normal 0 0 1
outer loop
vertex 254.28148601826064 -154.17497849497587 2
vertex 254.42029336121104 -153.83429687357207 2
vertex 254.44796925103088 -153.70599571908002 2
endloop
endfacet
facet normal 0 0 1
outer loop
vertex 254.28148601826064 -154.17497849497587 2
vertex 254.44796925103088 -153.70599571908002 2
vertex 237.2468569312729 -153.70599571908002 2
endloop
endfacet
facet normal 0 0 1
outer loop
vertex 254.28148601826064 -154.17497849497587 2
vertex 237.2468569312729 -153.70599571908002 2
vertex 237.38912130100985 -154.17497849497587 2
endloop
endfacet
facet normal 0 0 1
outer loop
vertex 170.73223304703774 -153.76776695297187 2
vertex 170.42132596924077 -153.38892558254764 2
vertex 139.5 -153.38892558254764 2
endloop
endfacet
facet normal 0 0 1
outer loop
vertex 170.73223304703774 -153.76776695297187 2
vertex 139.5 -153.38892558254764 2
vertex 139.5 -153.76776695297187 2
endloop
endfacet
facet normal 0 0 1
outer loop
vertex 232.62745926871875 -153.70599571908002 2
vertex 232.79693678757943 -153.38892558254764 2
vertex 174.57867403075744 -153.38892558254764 2
endloop
endfacet
facet normal 0 0 1
outer loop
vertex 232.62745926871875 -153.70599571908002 2
vertex 174.57867403075744 -153.38892558254764 2
vertex 174.31846129450315 -153.70599571908002 2
endloop
endfacet
facet normal 0 0 1
outer loop
vertex 232.79693678757943 -153.38892558254764 2
vertex 232.8584840692418 -153.27377871746896 2
vertex 174.64022131241182 -153.27377871746896 2
endloop
endfacet
facet normal 0 0 1
outer loop
vertex 232.79693678757943 -153.38892558254764 2
vertex 174.64022131241182 -153.27377871746896 2
vertex 174.57867403075744 -153.38892558254764 2
endloop
endfacet
facet normal 0 0 1
outer loop
vertex 254.44796925103088 -153.70599571908002 2
vertex 254.4799743984454 -153.55762479443402 2
vertex 254.5000019 -153.27529844999987 2
endloop
endfacet
facet normal 0 0 1
outer loop
vertex 254.44796925103088 -153.70599571908002 2
vertex 254.5000019 -153.27529844999987 2
vertex 254.5000018999391 -153.27377871746896 2
endloop
endfacet
facet normal 0 0 1
outer loop
vertex 254.44796925103088 -153.70599571908002 2
vertex 254.5000018999391 -153.27377871746896 2
vertex 237.01583213076455 -153.27377871746896 2
endloop
endfacet
facet normal 0 0 1
outer loop
vertex 254.44796925103088 -153.70599571908002 2
vertex 237.01583213076455 -153.27377871746896 2
vertex 237.2468569312729 -153.70599571908002 2
endloop
endfacet
facet normal 0 0 1
outer loop
vertex 170.42132596924077 -153.38892558254764 2
vertex 170.19030116872352 -152.95670858090776 2
vertex 139.5 -152.95670858090776 2
endloop
endfacet
facet normal 0 0 1
outer loop
vertex 170.42132596924077 -153.38892558254764 2
vertex 139.5 -152.95670858090776 2
vertex 139.5 -153.38892558254764 2
endloop
endfacet
facet normal 0 0 1
outer loop
vertex 232.8584840692418 -153.27377871746896 2
vertex 233.11869680548577 -152.95670858090776 2
vertex 174.80969883128122 -152.95670858090776 2
endloop
endfacet
facet normal 0 0 1
outer loop
vertex 232.8584840692418 -153.27377871746896 2
vertex 174.80969883128122 -152.95670858090776 2
vertex 174.64022131241182 -153.27377871746896 2
endloop
endfacet
facet normal 0 0 1
outer loop
vertex 233.11869680548577 -152.95670858090776 2
vertex 233.16939114703771 -152.89493734698144 2
vertex 174.8284369302351 -152.89493734698144 2
endloop
endfacet
facet normal 0 0 1
outer loop
vertex 233.11869680548577 -152.95670858090776 2
vertex 174.8284369302351 -152.89493734698144 2
vertex 174.80969883128122 -152.95670858090776 2
endloop
endfacet
facet normal 0 0 1
outer loop
vertex 254.5000018999391 -153.27377871746896 2
vertex 254.50000188475917 -152.89493734698144 2
vertex 236.70492505291693 -152.89493734698144 2
endloop
endfacet
facet normal 0 0 1
outer loop
vertex 254.5000018999391 -153.27377871746896 2
vertex 236.70492505291693 -152.89493734698144 2
vertex 237.01583213076455 -153.27377871746896 2
endloop
endfacet
facet normal 0 0 1
outer loop
vertex 254.50000188475917 -152.89493734698144 2
vertex 254.50000188325907 -152.8575 2
vertex 253 -152.8575 2
endloop
endfacet
facet normal 0 0 1
outer loop
vertex 254.50000188475917 -152.89493734698144 2
vertex 253 -152.8575 2
vertex 236.65930751363138 -152.8575 2
endloop
endfacet
facet normal 0 0 1
outer loop
vertex 254.50000188475917 -152.89493734698144 2
vertex 236.65930751363138 -152.8575 2
vertex 236.70492505291693 -152.89493734698144 2
endloop
endfacet
facet normal 0 0 1
outer loop
vertex 233.16939114703771 -152.89493734698144 2
vertex 233.54823251744665 -152.58403026927851 2
vertex 174.92274956116634 -152.58403026927851 2
endloop
endfacet
facet normal 0 0 1
outer loop
vertex 233.16939114703771 -152.89493734698144 2
vertex 174.92274956116634 -152.58403026927851 2
vertex 174.8284369302351 -152.89493734698144 2
endloop
endfacet
facet normal 0 0 1
outer loop
vertex 253 -152.8575 2
vertex 253 -152.58403026927851 2
vertex 236.3260836826057 -152.58403026927851 2
endloop
endfacet
facet normal 0 0 1
outer loop
vertex 253 -152.8575 2
vertex 236.3260836826057 -152.58403026927851 2
vertex 236.65930751363138 -152.8575 2
endloop
endfacet
facet normal 0 0 1
outer loop
vertex 170.19030116872352 -152.95670858090776 2
vertex 170.04803679899308 -152.48772580504976 2
vertex 139.5 -152.48772580504976 2
endloop
endfacet
facet normal 0 0 1
outer loop
vertex 170.19030116872352 -152.95670858090776 2
vertex 139.5 -152.48772580504976 2
vertex 139.5 -152.95670858090776 2
endloop
endfacet
facet normal 0 0 1
outer loop
vertex 233.54823251744665 -152.58403026927851 2
vertex 233.72840549741696 -152.48772580504976 2
vertex 174.95196320100672 -152.48772580504976 2
endloop
endfacet
facet normal 0 0 1
outer loop
vertex 233.54823251744665 -152.58403026927851 2
vertex 174.95196320100672 -152.48772580504976 2
vertex 174.92274956116634 -152.58403026927851 2
endloop
endfacet
facet normal 0 0 1
outer loop
vertex 233.72840549741696 -152.48772580504976 2
vertex 233.9804495190739 -152.3530054687162 2
vertex 174.96523199599295 -152.3530054687162 2
endloop
endfacet
facet normal 0 0 1
outer loop
vertex 233.72840549741696 -152.48772580504976 2
vertex 174.96523199599295 -152.3530054687162 2
vertex 174.95196320100672 -152.48772580504976 2
endloop
endfacet
facet normal 0 0 1
outer loop
vertex 253 -152.58403026927851 2
vertex 253 -152.3530054687162 2
vertex 235.89386668089375 -152.3530054687162 2
endloop
endfacet
facet normal 0 0 1
outer loop
vertex 253 -152.58403026927851 2
vertex 235.89386668089375 -152.3530054687162 2
vertex 236.3260836826057 -152.58403026927851 2
endloop
endfacet
facet normal 0 0 1
outer loop
vertex 233.9804495190739 -152.3530054687162 2
vertex 234.44943229498207 -152.21074109899274 2
vertex 174.97924381341474 -152.21074109899274 2
endloop
endfacet
facet normal 0 0 1
outer loop
vertex 233.9804495190739 -152.3530054687162 2
vertex 174.97924381341474 -152.21074109899274 2
vertex 174.96523199599295 -152.3530054687162 2
endloop
endfacet
facet normal 0 0 1
outer loop
vertex 253 -152.3530054687162 2
vertex 253 -152.21074109899274 2
vertex 235.42488390504255 -152.21074109899274 2
endloop
endfacet
facet normal 0 0 1
outer loop
vertex 253 -152.3530054687162 2
vertex 235.42488390504255 -152.21074109899274 2
vertex 235.89386668089375 -152.3530054687162 2
endloop
endfacet
facet normal 0 0 1
outer loop
vertex 234.44943229498207 -152.21074109899274 2
vertex 234.93715809999216 -152.16270429999983 2
vertex 174.98397502516033 -152.16270429999983 2
endloop
endfacet
facet normal 0 0 1
outer loop
vertex 234.44943229498207 -152.21074109899274 2
vertex 174.98397502516033 -152.16270429999983 2
vertex 174.97924381341474 -152.21074109899274 2
endloop
endfacet
facet normal 0 0 1
outer loop
vertex 253 -152.21074109899274 2
vertex 253 -152.16270429999983 2
vertex 234.93715809999216 -152.16270429999983 2
endloop
endfacet
facet normal 0 0 1
outer loop
vertex 253 -152.21074109899274 2
vertex 234.93715809999216 -152.16270429999983 2
vertex 235.42488390504255 -152.21074109899274 2
endloop
endfacet
facet normal 0 0 1
outer loop
vertex 170.04803679899308 -152.48772580504976 2
vertex 170.0000000000008 -152.00000000000009 2
vertex 139.5 -152.00000000000009 2
endloop
endfacet
facet normal 0 0 1
outer loop
vertex 170.04803679899308 -152.48772580504976 2
vertex 139.5 -152.00000000000009 2
vertex 139.5 -152.48772580504976 2
endloop
endfacet
facet normal 0 0 1
outer loop
vertex 234.93715809999216 -152.16270429999983 2
vertex 253 -152.16270429999983 2
vertex 253 -152.00000000000009 2
endloop
endfacet
facet normal 0 0 1
outer loop
vertex 234.93715809999216 -152.16270429999983 2
vertex 253 -152.00000000000009 2
vertex 174.99999999999955 -152.00000000000009 2
endloop
endfacet
facet normal 0 0 1
outer loop
vertex 234.93715809999216 -152.16270429999983 2
vertex 174.99999999999955 -152.00000000000009 2
vertex 174.98397502516033 -152.16270429999983 2
endloop
endfacet
facet normal 0 0 1
outer loop
vertex 170.0000000000008 -152.00000000000009 2
vertex 170.04803679899166 -151.5122741949655 2
vertex 139.5 -151.5122741949655 2
endloop
endfacet
facet normal 0 0 1
outer loop
vertex 170.0000000000008 -152.00000000000009 2
vertex 139.5 -151.5122741949655 2
vertex 139.5 -152.00000000000009 2
endloop
endfacet
facet normal 0 0 1
outer loop
vertex 253 -152.00000000000009 2
vertex 253 -151.5122741949655 2
vertex 174.95196320100868 -151.5122741949655 2
endloop
endfacet
facet normal 0 0 1
outer loop
vertex 253 -152.00000000000009 2
vertex 174.95196320100868 -151.5122741949655 2
vertex 174.99999999999955 -152.00000000000009 2
endloop
endfacet
facet normal 0 0 1
outer loop
vertex 170.04803679899166 -151.5122741949655 2
vertex 170.19030116872355 -151.04329141907374 2
vertex 139.5 -151.04329141907374 2
endloop
endfacet
facet normal 0 0 1
outer loop
vertex 170.04803679899166 -151.5122741949655 2
vertex 139.5 -151.04329141907374 2
vertex 139.5 -151.5122741949655 2
endloop
endfacet
facet normal 0 0 1
outer loop
vertex 253 -151.5122741949655 2
vertex 253 -151.04329141907374 2
vertex 174.80969883127298 -151.04329141907374 2
endloop
endfacet
facet normal 0 0 1
outer loop
vertex 253 -151.5122741949655 2
vertex 174.80969883127298 -151.04329141907374 2
vertex 174.95196320100868 -151.5122741949655 2
endloop
endfacet
facet normal 0 0 1
outer loop
vertex 170.19030116872355 -151.04329141907374 2
vertex 170.42132596924355 -150.61107441746336 2
vertex 139.5 -150.61107441746336 2
endloop
endfacet
facet normal 0 0 1
outer loop
vertex 170.19030116872355 -151.04329141907374 2
vertex 139.5 -150.61107441746336 2
vertex 139.5 -151.04329141907374 2
endloop
endfacet
facet normal 0 0 1
outer loop
vertex 253 -151.04329141907374 2
vertex 253 -150.61107441746336 2
vertex 174.57867403076497 -150.61107441746336 2
endloop
endfacet
facet normal 0 0 1
outer loop
vertex 253 -151.04329141907374 2
vertex 174.57867403076497 -150.61107441746336 2
vertex 174.80969883127298 -151.04329141907374 2
endloop
endfacet
facet normal 0 0 1
outer loop
vertex 170.42132596924355 -150.61107441746336 2
vertex 170.7322330470357 -150.2322330470359 2
vertex 139.5 -150.2322330470359 2
endloop
endfacet
facet normal 0 0 1
outer loop
vertex 170.42132596924355 -150.61107441746336 2
vertex 139.5 -150.2322330470359 2
vertex 139.5 -150.61107441746336 2
endloop
endfacet
facet normal 0 0 1
outer loop
vertex 253 -150.61107441746336 2
vertex 253 -150.2322330470359 2
vertex 174.26776695296667 -150.2322330470359 2
endloop
endfacet
facet normal 0 0 1
outer loop
vertex 253 -150.61107441746336 2
vertex 174.26776695296667 -150.2322330470359 2
vertex 174.57867403076497 -150.61107441746336 2
endloop
endfacet
facet normal 0 0 1
outer loop
vertex 170.7322330470357 -150.2322330470359 2
vertex 171.11107441744605 -149.92132596924588 2
vertex 139.5 -149.92132596924588 2
endloop
endfacet
facet normal 0 0 1
outer loop
vertex 170.7322330470357 -150.2322330470359 2
vertex 139.5 -149.92132596924588 2
vertex 139.5 -150.2322330470359 2
endloop
endfacet
facet normal 0 0 1
outer loop
vertex 253 -150.2322330470359 2
vertex 253 -149.92132596924588 2
vertex 173.8889255825493 -149.92132596924588 2
endloop
endfacet
facet normal 0 0 1
outer loop
vertex 253 -150.2322330470359 2
vertex 173.8889255825493 -149.92132596924588 2
vertex 174.26776695296667 -150.2322330470359 2
endloop
endfacet
facet normal 0 0 1
outer loop
vertex 171.11107441744605 -149.92132596924588 2
vertex 171.5432914190896 -149.69030116872082 2
vertex 139.5 -149.69030116872082 2
endloop
endfacet
facet normal 0 0 1
outer loop
vertex 171.11107441744605 -149.92132596924588 2
vertex 139.5 -149.69030116872082 2
vertex 139.5 -149.92132596924588 2
endloop
endfacet
facet normal 0 0 1
outer loop
vertex 253 -149.92132596924588 2
vertex 253 -149.69030116872082 2
vertex 173.456708580907 -149.69030116872082 2
endloop
endfacet
facet normal 0 0 1
outer loop
vertex 253 -149.92132596924588 2
vertex 173.456708580907 -149.69030116872082 2
vertex 173.8889255825493 -149.92132596924588 2
endloop
endfacet
facet normal 0 0 1
outer loop
vertex 171.5432914190896 -149.69030116872082 2
vertex 172.01227419496175 -149.54803679899322 2
vertex 139.5 -149.54803679899322 2
endloop
endfacet
facet normal 0 0 1
outer loop
vertex 171.5432914190896 -149.69030116872082 2
vertex 139.5 -149.54803679899322 2
vertex 139.5 -149.69030116872082 2
endloop
endfacet
facet normal 0 0 1
outer loop
vertex 253 -149.69030116872082 2
vertex 253 -149.54803679899322 2
vertex 172.98772580504215 -149.54803679899322 2
endloop
endfacet
facet normal 0 0 1
outer loop
vertex 253 -149.69030116872082 2
vertex 172.98772580504215 -149.54803679899322 2
vertex 173.456708580907 -149.69030116872082 2
endloop
endfacet
facet normal 0 0 1
outer loop
vertex 172.01227419496175 -149.54803679899322 2
vertex 172.49999999999326 -149.50000000000045 2
vertex 139.5 -149.50000000000045 2
endloop
endfacet
facet normal 0 0 1
outer loop
vertex 172.01227419496175 -149.54803679899322 2
vertex 139.5 -149.50000000000045 2
vertex 139.5 -149.54803679899322 2
endloop
endfacet
facet normal 0 0 1
outer loop
vertex 253 -149.54803679899322 2
vertex 253 -149.50000000000045 2
vertex 172.49999999999326 -149.50000000000045 2
endloop
endfacet
facet normal 0 0 1
outer loop
vertex 253 -149.54803679899322 2
vertex 172.49999999999326 -149.50000000000045 2
vertex 172.98772580504215 -149.54803679899322 2
endloop
endfacet
facet normal 0 0 1
outer loop
vertex 172.49999999999326 -149.50000000000045 2
vertex 253 -149.50000000000045 2
vertex 253 -144.8575 2
endloop
endfacet
facet normal 0 0 1
outer loop
vertex 172.49999999999326 -149.50000000000045 2
vertex 253 -144.8575 2
vertex 139.5 -144.8575 2
endloop
endfacet
facet normal 0 0 1
outer loop
vertex 172.49999999999326 -149.50000000000045 2
vertex 139.5 -144.8575 2
vertex 139.5 -149.50000000000045 2
endloop
endfacet
facet normal 0 0 1
outer loop
vertex 253 -144.8575 2
vertex 254.50000156270437 -144.8575 2
vertex 254.50000040069344 -115.85750000000031 2
endloop
endfacet
facet normal 0 0 1
outer loop
vertex 253 -144.8575 2
vertex 254.50000040069344 -115.85750000000031 2
vertex 231.99999999999764 -115.85750000000031 2
endloop
endfacet
facet normal 0 0 1
outer loop
vertex 253 -144.8575 2
vertex 231.99999999999764 -115.85750000000031 2
vertex 139.5 -115.85750000000031 2
endloop
endfacet
facet normal 0 0 1
outer loop
vertex 253 -144.8575 2
vertex 139.5 -115.85750000000031 2
vertex 139.5 -144.8575 2
endloop
endfacet
facet normal 0 0 1
outer loop
vertex 231.99999999999764 -115.85750000000031 2
vertex 231.51227419492773 -115.80946320100547 2
vertex 139.5 -115.80946320100547 2
endloop
endfacet
facet normal 0 0 1
outer loop
vertex 231.99999999999764 -115.85750000000031 2
vertex 139.5 -115.80946320100547 2
vertex 139.5 -115.85750000000031 2
endloop
endfacet
facet normal 0 0 1
outer loop
vertex 254.50000040069344 -115.85750000000031 2
vertex 254.50000039876863 -115.80946320100547 2
vertex 232.48772580506753 -115.80946320100547 2
endloop
endfacet
facet normal 0 0 1
outer loop
vertex 254.50000040069344 -115.85750000000031 2
vertex 232.48772580506753 -115.80946320100547 2
vertex 231.99999999999764 -115.85750000000031 2
endloop
endfacet
facet normal 0 0 1
outer loop
vertex 231.51227419492773 -115.80946320100547 2
vertex 231.04329141909437 -115.66719883128744 2
vertex 139.5 -115.66719883128744 2
endloop
endfacet
facet normal 0 0 1
outer loop
vertex 231.51227419492773 -115.80946320100547 2
vertex 139.5 -115.66719883128744 2
vertex 139.5 -115.80946320100547 2
endloop
endfacet
facet normal 0 0 1
outer loop
vertex 254.50000039876863 -115.80946320100547 2
vertex 254.50000039306818 -115.66719883128744 2
vertex 232.9567085808867 -115.66719883128744 2
endloop
endfacet
facet normal 0 0 1
outer loop
vertex 254.50000039876863 -115.80946320100547 2
vertex 232.9567085808867 -115.66719883128744 2
vertex 232.48772580506753 -115.80946320100547 2
endloop
endfacet
facet normal 0 0 1
outer loop
vertex 231.04329141909437 -115.66719883128744 2
vertex 230.6110744174678 -115.43617403077076 2
vertex 139.5 -115.43617403077076 2
endloop
endfacet
facet normal 0 0 1
outer loop
vertex 231.04329141909437 -115.66719883128744 2
vertex 139.5 -115.43617403077076 2
vertex 139.5 -115.66719883128744 2
endloop
endfacet
facet normal 0 0 1
outer loop
vertex 254.50000039306818 -115.66719883128744 2
vertex 254.50000038381117 -115.43617403077076 2
vertex 233.38892558252874 -115.43617403077076 2
endloop
endfacet
facet normal 0 0 1
outer loop
vertex 254.50000039306818 -115.66719883128744 2
vertex 233.38892558252874 -115.43617403077076 2
vertex 232.9567085808867 -115.66719883128744 2
endloop
endfacet
facet normal 0 0 1
outer loop
vertex 230.6110744174678 -115.43617403077076 2
vertex 230.23223304702884 -115.12526695296306 2
vertex 139.5 -115.12526695296306 2
endloop
endfacet
facet normal 0 0 1
outer loop
vertex 230.6110744174678 -115.43617403077076 2
vertex 139.5 -115.12526695296306 2
vertex 139.5 -115.43617403077076 2
endloop
endfacet
facet normal 0 0 1
outer loop
vertex 254.50000038381117 -115.43617403077076 2
vertex 254.50000037135334 -115.12526695296306 2
vertex 233.76776695298054 -115.12526695296306 2
endloop
endfacet
facet normal 0 0 1
outer loop
vertex 254.50000038381117 -115.43617403077076 2
vertex 233.76776695298054 -115.12526695296306 2
vertex 233.38892558252874 -115.43617403077076 2
endloop
endfacet
facet normal 0 0 1
outer loop
vertex 230.23223304702884 -115.12526695296306 2
vertex 229.92132596924645 -114.74642558254648 2
vertex 139.5 -114.74642558254648 2
endloop
endfacet
facet normal 0 0 1
outer loop
vertex 230.23223304702884 -115.12526695296306 2
vertex 139.5 -114.74642558254648 2
vertex 139.5 -115.12526695296306 2
endloop
endfacet
facet normal 0 0 1
outer loop
vertex 254.50000037135334 -115.12526695296306 2
vertex 254.5000003561734 -114.74642558254648 2
vertex 234.07867403075767 -114.74642558254648 2
endloop
endfacet
facet normal 0 0 1
outer loop
vertex 254.50000037135334 -115.12526695296306 2
vertex 234.07867403075767 -114.74642558254648 2
vertex 233.76776695298054 -115.12526695296306 2
endloop
endfacet
facet normal 0 0 1
outer loop
vertex 229.92132596924645 -114.74642558254648 2
vertex 229.6903011687218 -114.31420858091057 2
vertex 139.5 -114.31420858091057 2
endloop
endfacet
facet normal 0 0 1
outer loop
vertex 229.92132596924645 -114.74642558254648 2
vertex 139.5 -114.31420858091057 2
vertex 139.5 -114.74642558254648 2
endloop
endfacet
facet normal 0 0 1
outer loop
vertex 254.5000003561734 -114.74642558254648 2
vertex 254.50000033885473 -114.31420858091057 2
vertex 234.30969883127932 -114.31420858091057 2
endloop
endfacet
facet normal 0 0 1
outer loop
vertex 254.5000003561734 -114.74642558254648 2
vertex 234.30969883127932 -114.31420858091057 2
vertex 234.07867403075767 -114.74642558254648 2
endloop
endfacet
facet normal 0 0 1
outer loop
vertex 229.6903011687218 -114.31420858091057 2
vertex 229.54803679899285 -113.84522580504155 2
vertex 139.5 -113.84522580504155 2
endloop
endfacet
facet normal 0 0 1
outer loop
vertex 229.6903011687218 -114.31420858091057 2
vertex 139.5 -113.84522580504155 2
vertex 139.5 -114.31420858091057 2
endloop
endfacet
facet normal 0 0 1
outer loop
vertex 254.50000033885473 -114.31420858091057 2
vertex 254.50000032006292 -113.84522580504155 2
vertex 234.45196320100817 -113.84522580504155 2
endloop
endfacet
facet normal 0 0 1
outer loop
vertex 254.50000033885473 -114.31420858091057 2
vertex 234.45196320100817 -113.84522580504155 2
vertex 234.30969883127932 -114.31420858091057 2
endloop
endfacet
facet normal 0 0 1
outer loop
vertex 229.54803679899285 -113.84522580504155 2
vertex 229.50000000000057 -113.35749999999993 2
vertex 139.5 -113.35749999999993 2
endloop
endfacet
facet normal 0 0 1
outer loop
vertex 229.54803679899285 -113.84522580504155 2
vertex 139.5 -113.35749999999993 2
vertex 139.5 -113.84522580504155 2
endloop
endfacet
facet normal 0 0 1
outer loop
vertex 254.50000032006292 -113.84522580504155 2
vertex 254.50000030052007 -113.35749999999993 2
vertex 234.50000000000023 -113.35749999999993 2
endloop
endfacet
facet normal 0 0 1
outer loop
vertex 254.50000032006292 -113.84522580504155 2
vertex 234.50000000000023 -113.35749999999993 2
vertex 234.45196320100817 -113.84522580504155 2
endloop
endfacet
facet normal 0 0 1
outer loop
vertex 229.50000000000057 -113.35749999999993 2
vertex 229.54803679899203 -112.86977419495305 2
vertex 139.5 -112.86977419495305 2
endloop
endfacet
facet normal 0 0 1
outer loop
vertex 229.50000000000057 -113.35749999999993 2
vertex 139.5 -112.86977419495305 2
vertex 139.5 -113.35749999999993 2
endloop
endfacet
facet normal 0 0 1
outer loop
vertex 254.50000030052007 -113.35749999999993 2
vertex 254.50000028097722 -112.86977419495305 2
vertex 234.4519632010079 -112.86977419495305 2
endloop
endfacet
facet normal 0 0 1
outer loop
vertex 254.50000030052007 -113.35749999999993 2
vertex 234.4519632010079 -112.86977419495305 2
vertex 234.50000000000023 -113.35749999999993 2
endloop
endfacet
facet normal 0 0 1
outer loop
vertex 229.54803679899203 -112.86977419495305 2
vertex 229.6903011687193 -112.40079141909665 2
vertex 139.5 -112.40079141909665 2
endloop
endfacet
facet normal 0 0 1
outer loop
vertex 229.54803679899203 -112.86977419495305 2
vertex 139.5 -112.40079141909665 2
vertex 139.5 -112.86977419495305 2
endloop
endfacet
facet normal 0 0 1
outer loop
vertex 254.50000028097722 -112.86977419495305 2
vertex 254.50000026218538 -112.40079141909665 2
vertex 234.30969883128287 -112.40079141909665 2
endloop
endfacet
facet normal 0 0 1
outer loop
vertex 254.50000028097722 -112.86977419495305 2
vertex 234.30969883128287 -112.40079141909665 2
vertex 234.4519632010079 -112.86977419495305 2
endloop
endfacet
facet normal 0 0 1
outer loop
vertex 229.6903011687193 -112.40079141909665 2
vertex 229.92132596924537 -111.96857441745689 2
vertex 139.5 -111.96857441745689 2
endloop
endfacet
facet normal 0 0 1
outer loop
vertex 229.6903011687193 -112.40079141909665 2
vertex 139.5 -111.96857441745689 2
vertex 139.5 -112.40079141909665 2
endloop
endfacet
facet normal 0 0 1
outer loop
vertex 254.50000026218538 -112.40079141909665 2
vertex 254.50000024486675 -111.96857441745689 2
vertex 234.07867403075915 -111.96857441745689 2
endloop
endfacet
facet normal 0 0 1
outer loop
vertex 254.50000026218538 -112.40079141909665 2
vertex 234.07867403075915 -111.96857441745689 2
vertex 234.30969883128287 -112.40079141909665 2
endloop
endfacet
facet normal 0 0 1
outer loop
vertex 229.92132596924537 -111.96857441745689 2
vertex 230.2322330470323 -111.58973304701775 2
vertex 139.5 -111.58973304701775 2
endloop
endfacet
facet normal 0 0 1
outer loop
vertex 229.92132596924537 -111.96857441745689 2
vertex 139.5 -111.58973304701775 2
vertex 139.5 -111.96857441745689 2
endloop
endfacet
facet normal 0 0 1
outer loop
vertex 254.50000024486675 -111.96857441745689 2
vertex 254.5000002296868 -111.58973304701775 2
vertex 233.7677669529513 -111.58973304701775 2
endloop
endfacet
facet normal 0 0 1
outer loop
vertex 254.50000024486675 -111.96857441745689 2
vertex 233.7677669529513 -111.58973304701775 2
vertex 234.07867403075915 -111.96857441745689 2
endloop
endfacet
facet normal 0 0 1
outer loop
vertex 230.2322330470323 -111.58973304701775 2
vertex 230.61107441744767 -111.27882596925424 2
vertex 139.5 -111.27882596925424 2
endloop
endfacet
facet normal 0 0 1
outer loop
vertex 230.2322330470323 -111.58973304701775 2
vertex 139.5 -111.27882596925424 2
vertex 139.5 -111.58973304701775 2
endloop
endfacet
facet normal 0 0 1
outer loop
vertex 254.5000002296868 -111.58973304701775 2
vertex 254.50000021722897 -111.27882596925424 2
vertex 233.38892558256617 -111.27882596925424 2
endloop
endfacet
facet normal 0 0 1
outer loop
vertex 254.5000002296868 -111.58973304701775 2
vertex 233.38892558256617 -111.27882596925424 2
vertex 233.7677669529513 -111.58973304701775 2
endloop
endfacet
facet normal 0 0 1
outer loop
vertex 230.61107441744767 -111.27882596925424 2
vertex 231.043291419079 -111.04780116872868 2
vertex 139.5 -111.04780116872868 2
endloop
endfacet
facet normal 0 0 1
outer loop
vertex 230.61107441744767 -111.27882596925424 2
vertex 139.5 -111.04780116872868 2
vertex 139.5 -111.27882596925424 2
endloop
endfacet
facet normal 0 0 1
outer loop
vertex 254.50000021722897 -111.27882596925424 2
vertex 254.50000020797196 -111.04780116872868 2
vertex 232.95670858092296 -111.04780116872868 2
endloop
endfacet
facet normal 0 0 1
outer loop
vertex 254.50000021722897 -111.27882596925424 2
vertex 232.95670858092296 -111.04780116872868 2
vertex 233.38892558256617 -111.27882596925424 2
endloop
endfacet
facet normal 0 0 1
outer loop
vertex 231.043291419079 -111.04780116872868 2
vertex 231.09098559050184 -111.0333332999998 2
vertex 159.99999999999403 -111.0333332999998 2
endloop
endfacet
facet normal 0 0 1
outer loop
vertex 231.043291419079 -111.04780116872868 2
vertex 159.99999999999403 -111.0333332999998 2
vertex 139.5 -111.0333332999998 2
endloop
endfacet
facet normal 0 0 1
outer loop
vertex 231.043291419079 -111.04780116872868 2
vertex 139.5 -111.0333332999998 2
vertex 139.5 -111.04780116872868 2
endloop
endfacet
facet normal 0 0 1
outer loop
vertex 159.99999999999403 -111.0333332999998 2
vertex 159.51227419495515 -110.98529650100801 2
vertex 139.5 -110.98529650100801 2
endloop
endfacet
facet normal 0 0 1
outer loop
vertex 159.99999999999403 -111.0333332999998 2
vertex 139.5 -110.98529650100801 2
vertex 139.5 -111.0333332999998 2
endloop
endfacet
facet normal 0 0 1
outer loop
vertex 231.09098559050184 -111.0333332999998 2
vertex 231.24934169454966 -110.98529650100801 2
vertex 160.48772580503288 -110.98529650100801 2
endloop
endfacet
facet normal 0 0 1
outer loop
vertex 231.09098559050184 -111.0333332999998 2
vertex 160.48772580503288 -110.98529650100801 2
vertex 159.99999999999403 -111.0333332999998 2
endloop
endfacet
facet normal 0 0 1
outer loop
vertex 231.24934169454966 -110.98529650100801 2
vertex 231.5122741949742 -110.90553679899179 2
vertex 160.75065830547518 -110.90553679899179 2
endloop
endfacet
facet normal 0 0 1
outer loop
vertex 231.24934169454966 -110.98529650100801 2
vertex 160.75065830547518 -110.90553679899179 2
vertex 160.48772580503288 -110.98529650100801 2
endloop
endfacet
facet normal 0 0 1
outer loop
vertex 254.50000020797196 -111.04780116872868 2
vertex 254.5000002022715 -110.90553679899179 2
vertex 232.4877258050274 -110.90553679899179 2
endloop
endfacet
facet normal 0 0 1
outer loop
vertex 254.50000020797196 -111.04780116872868 2
vertex 232.4877258050274 -110.90553679899179 2
vertex 232.95670858092296 -111.04780116872868 2
endloop
endfacet
facet normal 0 0 1
outer loop
vertex 231.5122741949742 -110.90553679899179 2
vertex 231.9999999999918 -110.85750000000033 2
vertex 160.9090144095211 -110.85750000000033 2
endloop
endfacet
facet normal 0 0 1
outer loop
vertex 231.5122741949742 -110.90553679899179 2
vertex 160.9090144095211 -110.85750000000033 2
vertex 160.75065830547518 -110.90553679899179 2
endloop
endfacet
facet normal 0 0 1
outer loop
vertex 254.5000002022715 -110.90553679899179 2
vertex 254.5000002003467 -110.85750000000033 2
vertex 231.9999999999918 -110.85750000000033 2
endloop
endfacet
facet normal 0 0 1
outer loop
vertex 254.5000002022715 -110.90553679899179 2
vertex 231.9999999999918 -110.85750000000033 2
vertex 232.4877258050274 -110.90553679899179 2
endloop
endfacet
facet normal 0 0 1
outer loop
vertex 159.51227419495515 -110.98529650100801 2
vertex 159.04329141908593 -110.8430321312791 2
vertex 139.5 -110.8430321312791 2
endloop
endfacet
facet normal 0 0 1
outer loop
vertex 159.51227419495515 -110.98529650100801 2
vertex 139.5 -110.8430321312791 2
vertex 139.5 -110.98529650100801 2
endloop
endfacet
facet normal 0 0 1
outer loop
vertex 231.9999999999918 -110.85750000000033 2
vertex 254.5000002003467 -110.85750000000033 2
vertex 254.500000199767 -110.8430321312791 2
endloop
endfacet
facet normal 0 0 1
outer loop
vertex 231.9999999999918 -110.85750000000033 2
vertex 254.500000199767 -110.8430321312791 2
vertex 160.95670858091972 -110.8430321312791 2
endloop
endfacet
facet normal 0 0 1
outer loop
vertex 231.9999999999918 -110.85750000000033 2
vertex 160.95670858091972 -110.8430321312791 2
vertex 160.9090144095211 -110.85750000000033 2
endloop
endfacet
facet normal 0 0 1
outer loop
vertex 159.04329141908593 -110.8430321312791 2
vertex 158.61107441744997 -110.61200733075742 2
vertex 139.5 -110.61200733075742 2
endloop
endfacet
facet normal 0 0 1
outer loop
vertex 159.04329141908593 -110.8430321312791 2
vertex 139.5 -110.61200733075742 2
vertex 139.5 -110.8430321312791 2
endloop
endfacet
facet normal 0 0 1
outer loop
vertex 254.500000199767 -110.8430321312791 2
vertex 254.50000019050998 -110.61200733075742 2
vertex 161.3889255825439 -110.61200733075742 2
endloop
endfacet
facet normal 0 0 1
outer loop
vertex 254.500000199767 -110.8430321312791 2
vertex 161.3889255825439 -110.61200733075742 2
vertex 160.95670858091972 -110.8430321312791 2
endloop
endfacet
facet normal 0 0 1
outer loop
vertex 158.61107441744997 -110.61200733075742 2
vertex 158.23223304704837 -110.30110025298036 2
vertex 139.5 -110.30110025298036 2
endloop
endfacet
facet normal 0 0 1
outer loop
vertex 158.61107441744997 -110.61200733075742 2
vertex 139.5 -110.30110025298036 2
vertex 139.5 -110.61200733075742 2
endloop
endfacet
facet normal 0 0 1
outer loop
vertex 254.50000019050998 -110.61200733075742 2
vertex 254.50000017805215 -110.30110025298036 2
vertex 161.767766952951 -110.30110025298036 2
endloop
endfacet
facet normal 0 0 1
outer loop
vertex 254.50000019050998 -110.61200733075742 2
vertex 161.767766952951 -110.30110025298036 2
vertex 161.3889255825439 -110.61200733075742 2
endloop
endfacet
facet normal 0 0 1
outer loop
vertex 158.23223304704837 -110.30110025298036 2
vertex 157.92132596923398 -109.92225888254805 2
vertex 139.5 -109.92225888254805 2
endloop
endfacet
facet normal 0 0 1
outer loop
vertex 158.23223304704837 -110.30110025298036 2
vertex 139.5 -109.92225888254805 2
vertex 139.5 -110.30110025298036 2
endloop
endfacet
facet normal 0 0 1
outer loop
vertex 254.50000017805215 -110.30110025298036 2
vertex 254.5000001628722 -109.92225888254805 2
vertex 162.07867403075687 -109.92225888254805 2
endloop
endfacet
facet normal 0 0 1
outer loop
vertex 254.50000017805215 -110.30110025298036 2
vertex 162.07867403075687 -109.92225888254805 2
vertex 161.767766952951 -110.30110025298036 2
endloop
endfacet
facet normal 0 0 1
outer loop
vertex 157.92132596923398 -109.92225888254805 2
vertex 157.69030116872102 -109.4900418809083 2
vertex 139.5 -109.4900418809083 2
endloop
endfacet
facet normal 0 0 1
outer loop
vertex 157.92132596923398 -109.92225888254805 2
vertex 139.5 -109.4900418809083 2
vertex 139.5 -109.92225888254805 2
endloop
endfacet
facet normal 0 0 1
outer loop
vertex 254.5000001628722 -109.92225888254805 2
vertex 254.50000014555357 -109.4900418809083 2
vertex 162.30969883128054 -109.4900418809083 2
endloop
endfacet
facet normal 0 0 1
outer loop
vertex 254.5000001628722 -109.92225888254805 2
vertex 162.30969883128054 -109.4900418809083 2
vertex 162.07867403075687 -109.92225888254805 2
endloop
endfacet
facet normal 0 0 1
outer loop
vertex 157.69030116872102 -109.4900418809083 2
vertex 157.54803679899277 -109.02105910504602 2
vertex 139.5 -109.02105910504602 2
endloop
endfacet
facet normal 0 0 1
outer loop
vertex 157.69030116872102 -109.4900418809083 2
vertex 139.5 -109.02105910504602 2
vertex 139.5 -109.4900418809083 2
endloop
endfacet
facet normal 0 0 1
outer loop
vertex 254.50000014555357 -109.4900418809083 2
vertex 254.50000012676173 -109.02105910504602 2
vertex 162.45196320100735 -109.02105910504602 2
endloop
endfacet
facet normal 0 0 1
outer loop
vertex 254.50000014555357 -109.4900418809083 2
vertex 162.45196320100735 -109.02105910504602 2
vertex 162.30969883128054 -109.4900418809083 2
endloop
endfacet
facet normal 0 0 1
outer loop
vertex 157.54803679899277 -109.02105910504602 2
vertex 157.50000000000026 -108.53333330000014 2
vertex 139.5 -108.53333330000014 2
endloop
endfacet
facet normal 0 0 1
outer loop
vertex 157.54803679899277 -109.02105910504602 2
vertex 139.5 -108.53333330000014 2
vertex 139.5 -109.02105910504602 2
endloop
endfacet
facet normal 0 0 1
outer loop
vertex 254.50000012676173 -109.02105910504602 2
vertex 254.50000010721888 -108.53333330000014 2
vertex 162.4999999999998 -108.53333330000014 2
endloop
endfacet
facet normal 0 0 1
outer loop
vertex 254.50000012676173 -109.02105910504602 2
vertex 162.4999999999998 -108.53333330000014 2
vertex 162.45196320100735 -109.02105910504602 2
endloop
endfacet
facet normal 0 0 1
outer loop
vertex 157.50000000000026 -108.53333330000014 2
vertex 157.5480367989921 -108.04560749497054 2
vertex 139.5 -108.04560749497054 2
endloop
endfacet
facet normal 0 0 1
outer loop
vertex 157.50000000000026 -108.53333330000014 2
vertex 139.5 -108.04560749497054 2
vertex 139.5 -108.53333330000014 2
endloop
endfacet
facet normal 0 0 1
outer loop
vertex 254.50000010721888 -108.53333330000014 2
vertex 254.50000008767603 -108.04560749497054 2
vertex 162.45196320100936 -108.04560749497054 2
endloop
endfacet
facet normal 0 0 1
outer loop
vertex 254.50000010721888 -108.53333330000014 2
vertex 162.45196320100936 -108.04560749497054 2
vertex 162.4999999999998 -108.53333330000014 2
endloop
endfacet
facet normal 0 0 1
outer loop
vertex 157.5480367989921 -108.04560749497054 2
vertex 157.6903011687207 -107.57662471908425 2
vertex 139.5 -107.57662471908425 2
endloop
endfacet
facet normal 0 0 1
outer loop
vertex 157.5480367989921 -108.04560749497054 2
vertex 139.5 -107.57662471908425 2
vertex 139.5 -108.04560749497054 2
endloop
endfacet
facet normal 0 0 1
outer loop
vertex 254.50000008767603 -108.04560749497054 2
vertex 254.5000000688842 -107.57662471908425 2
vertex 162.3096988312753 -107.57662471908425 2
endloop
endfacet
facet normal 0 0 1
outer loop
vertex 254.50000008767603 -108.04560749497054 2
vertex 162.3096988312753 -107.57662471908425 2
vertex 162.45196320100936 -108.04560749497054 2
endloop
endfacet
facet normal 0 0 1
outer loop
vertex 157.6903011687207 -107.57662471908425 2
vertex 157.92132596924395 -107.14440771743699 2
vertex 139.5 -107.14440771743699 2
endloop
endfacet
facet normal 0 0 1
outer loop
vertex 157.6903011687207 -107.57662471908425 2
vertex 139.5 -107.14440771743699 2
vertex 139.5 -107.57662471908425 2
endloop
endfacet
facet normal 0 0 1
outer loop
vertex 254.5000000688842 -107.57662471908425 2
vertex 254.50000005156556 -107.14440771743699 2
vertex 162.07867403074758 -107.14440771743699 2
endloop
endfacet
facet normal 0 0 1
outer loop
vertex 254.5000000688842 -107.57662471908425 2
vertex 162.07867403074758 -107.14440771743699 2
vertex 162.3096988312753 -107.57662471908425 2
endloop
endfacet
facet normal 0 0 1
outer loop
vertex 157.92132596924395 -107.14440771743699 2
vertex 158.23223304703117 -106.76556634705274 2
vertex 139.53147966600065 -106.76556634705274 2
endloop
endfacet
facet normal 0 0 1
outer loop
vertex 157.92132596924395 -107.14440771743699 2
vertex 139.53147966600065 -106.76556634705274 2
vertex 139.51519224698782 -106.82635182233284 2
endloop
endfacet
facet normal 0 0 1
outer loop
vertex 157.92132596924395 -107.14440771743699 2
vertex 139.51519224698782 -106.82635182233284 2
vertex 139.5 -107.00000000000014 2
endloop
endfacet
facet normal 0 0 1
outer loop
vertex 157.92132596924395 -107.14440771743699 2
vertex 139.5 -107.00000000000014 2
vertex 139.5 -107.14440771743699 2
endloop
endfacet
facet normal 0 0 1
outer loop
vertex 254.50000005156556 -107.14440771743699 2
vertex 254.50000003638561 -106.76556634705274 2
vertex 161.76776695298474 -106.76556634705274 2
endloop
endfacet
facet normal 0 0 1
outer loop
vertex 254.50000005156556 -107.14440771743699 2
vertex 161.76776695298474 -106.76556634705274 2
vertex 162.07867403074758 -107.14440771743699 2
endloop
endfacet
facet normal 0 0 1
outer loop
vertex 158.23223304703117 -106.76556634705274 2
vertex 158.61107441745307 -106.45465926923131 2
vertex 139.66572251768773 -106.45465926923131 2
endloop
endfacet
facet normal 0 0 1
outer loop
vertex 158.23223304703117 -106.76556634705274 2
vertex 139.66572251768773 -106.45465926923131 2
vertex 139.6339745962156 -106.49999999999991 2
endloop
endfacet
facet normal 0 0 1
outer loop
vertex 158.23223304703117 -106.76556634705274 2
vertex 139.6339745962156 -106.49999999999991 2
vertex 139.56030737921398 -106.65797985667459 2
endloop
endfacet
facet normal 0 0 1
outer loop
vertex 158.23223304703117 -106.76556634705274 2
vertex 139.56030737921398 -106.65797985667459 2
vertex 139.53147966600065 -106.76556634705274 2
endloop
endfacet
facet normal 0 0 1
outer loop
vertex 254.50000003638561 -106.76556634705274 2
vertex 254.50000002392778 -106.45465926923131 2
vertex 161.38892558252905 -106.45465926923131 2
endloop
endfacet
facet normal 0 0 1
outer loop
vertex 254.50000003638561 -106.76556634705274 2
vertex 161.38892558252905 -106.45465926923131 2
vertex 161.76776695298474 -106.76556634705274 2
endloop
endfacet
facet normal 0 0 1
outer loop
vertex 158.61107441745307 -106.45465926923131 2
vertex 159.04329141908033 -106.22363446873139 2
vertex 139.87195243178184 -106.22363446873139 2
endloop
endfacet
facet normal 0 0 1
outer loop
vertex 158.61107441745307 -106.45465926923131 2
vertex 139.87195243178184 -106.22363446873139 2
vertex 139.8572123903134 -106.23395555688111 2
endloop
endfacet
facet normal 0 0 1
outer loop
vertex 158.61107441745307 -106.45465926923131 2
vertex 139.8572123903134 -106.23395555688111 2
vertex 139.73395555688094 -106.35721239031356 2
endloop
endfacet
facet normal 0 0 1
outer loop
vertex 158.61107441745307 -106.45465926923131 2
vertex 139.73395555688094 -106.35721239031356 2
vertex 139.66572251768773 -106.45465926923131 2
endloop
endfacet
facet normal 0 0 1
outer loop
vertex 254.50000002392778 -106.45465926923131 2
vertex 254.50000001467077 -106.22363446873139 2
vertex 160.9567085809338 -106.22363446873139 2
endloop
endfacet
facet normal 0 0 1
outer loop
vertex 254.50000002392778 -106.45465926923131 2
vertex 160.9567085809338 -106.22363446873139 2
vertex 161.38892558252905 -106.45465926923131 2
endloop
endfacet
facet normal 0 0 1
outer loop
vertex 159.04329141908033 -106.22363446873139 2
vertex 159.5122741949665 -106.08137009899092 2
vertex 140.11281070834823 -106.08137009899092 2
endloop
endfacet
facet normal 0 0 1
outer loop
vertex 159.04329141908033 -106.22363446873139 2
vertex 140.11281070834823 -106.08137009899092 2
vertex 140.00000000000009 -106.13397459621555 2
endloop
endfacet
facet normal 0 0 1
outer loop
vertex 159.04329141908033 -106.22363446873139 2
vertex 140.00000000000009 -106.13397459621555 2
vertex 139.87195243178184 -106.22363446873139 2
endloop
endfacet
facet normal 0 0 1
outer loop
vertex 254.50000001467077 -106.22363446873139 2
vertex 254.50000000897035 -106.08137009899092 2
vertex 160.4877258050264 -106.08137009899092 2
endloop
endfacet
facet normal 0 0 1
outer loop
vertex 254.50000001467077 -106.22363446873139 2
vertex 160.4877258050264 -106.08137009899092 2
vertex 160.9567085809338 -106.22363446873139 2
endloop
endfacet
facet normal 0 0 1
outer loop
vertex 159.5122741949665 -106.08137009899092 2
vertex 159.99999999999915 -106.03333330000027 2
vertex 140.25864849078775 -106.03333330000027 2
endloop
endfacet
facet normal 0 0 1
outer loop
vertex 159.5122741949665 -106.08137009899092 2
vertex 140.25864849078775 -106.03333330000027 2
vertex 140.15797985667442 -106.06030737921408 2
endloop
endfacet
facet normal 0 0 1
outer loop
vertex 159.5122741949665 -106.08137009899092 2
vertex 140.15797985667442 -106.06030737921408 2
vertex 140.11281070834823 -106.08137009899092 2
endloop
endfacet
facet normal 0 0 1
outer loop
vertex 254.50000000897035 -106.08137009899092 2
vertex 254.50000000704554 -106.03333330000027 2
vertex 159.99999999999915 -106.03333330000027 2
endloop
endfacet
facet normal 0 0 1
outer loop
vertex 254.50000000897035 -106.08137009899092 2
vertex 159.99999999999915 -106.03333330000027 2
vertex 160.4877258050264 -106.08137009899092 2
endloop
endfacet
facet normal 0 0 1
outer loop
vertex 159.99999999999915 -106.03333330000027 2
vertex 254.50000000704554 -106.03333330000027 2
vertex 254.5000000057099 -106 2
endloop
endfacet
facet normal 0 0 1
outer loop
vertex 159.99999999999915 -106.03333330000027 2
vertex 254.5000000057099 -106 2
vertex 156.5 -106 2
endloop
endfacet
facet normal 0 0 1
outer loop
vertex 159.99999999999915 -106.03333330000027 2
vertex 156.5 -106 2
vertex 140.49999999999994 -106 2
endloop
endfacet
facet normal 0 0 1
outer loop
vertex 159.99999999999915 -106.03333330000027 2
vertex 140.49999999999994 -106 2
vertex 140.32635182233312 -106.01519224698778 2
endloop
endfacet
facet normal 0 0 1
outer loop
vertex 159.99999999999915 -106.03333330000027 2
vertex 140.32635182233312 -106.01519224698778 2
vertex 140.25864849078775 -106.03333330000027 2
endloop
endfacet
facet normal 0 0 1
outer loop
vertex 254.5000000057099 -106 2
vertex 254.50000000510113 -105.9848077530122 2
vertex 156.67364817766693 -105.9848077530122 2
endloop
endfacet
facet normal 0 0 1
outer loop
vertex 254.5000000057099 -106 2
vertex 156.67364817766693 -105.9848077530122 2
vertex 156.5 -106 2
endloop
endfacet
facet normal 0 0 1
outer loop
vertex 254.50000000510113 -105.9848077530122 2
vertex 254.5000000032934 -105.9396926207859 2
vertex 156.84202014332567 -105.9396926207859 2
endloop
endfacet
facet normal 0 0 1
outer loop
vertex 254.50000000510113 -105.9848077530122 2
vertex 156.84202014332567 -105.9396926207859 2
vertex 156.67364817766693 -105.9848077530122 2
endloop
endfacet
facet normal 0 0 1
outer loop
vertex 254.5000000032934 -105.9396926207859 2
vertex 254.5000000003416 -105.8660254037844 2
vertex 157.00000000000006 -105.8660254037844 2
endloop
endfacet
facet normal 0 0 1
outer loop
vertex 254.5000000032934 -105.9396926207859 2
vertex 157.00000000000006 -105.8660254037844 2
vertex 156.84202014332567 -105.9396926207859 2
endloop
endfacet
facet normal 0 0 1
outer loop
vertex 254.5000000003416 -105.8660254037844 2
vertex 254.5 -105.8575 2
vertex 249.5 -105.8575 2
endloop
endfacet
facet normal 0 0 1
outer loop
vertex 254.5000000003416 -105.8660254037844 2
vertex 249.5 -105.8575 2
vertex 238.5 -105.8575 2
endloop
endfacet
facet normal 0 0 1
outer loop
vertex 254.5000000003416 -105.8660254037844 2
vertex 238.5 -105.8575 2
vertex 157.01217553842142 -105.8575 2
endloop
endfacet
facet normal 0 0 1
outer loop
vertex 254.5000000003416 -105.8660254037844 2
vertex 157.01217553842142 -105.8575 2
vertex 157.00000000000006 -105.8660254037844 2
endloop
endfacet
facet normal 0 0 1
outer loop
vertex 238.5 -105.8575 2
vertex 238.5 -105.766044443119 2
vertex 157.1427876096865 -105.766044443119 2
endloop
endfacet
facet normal 0 0 1
outer loop
vertex 238.5 -105.8575 2
vertex 157.1427876096865 -105.766044443119 2
vertex 157.01217553842142 -105.8575 2
endloop
endfacet
facet normal 0 0 1
outer loop
vertex 238.5 -105.766044443119 2
vertex 238.5 -105.6427876096865 2
vertex 157.266044443119 -105.6427876096865 2
endloop
endfacet
facet normal 0 0 1
outer loop
vertex 238.5 -105.766044443119 2
vertex 157.266044443119 -105.6427876096865 2
vertex 157.1427876096865 -105.766044443119 2
endloop
endfacet
facet normal 0 0 1
outer loop
vertex 238.5 -105.6427876096865 2
vertex 238.5 -105.49999999999997 2
vertex 157.36602540378448 -105.49999999999997 2
endloop
endfacet
facet normal 0 0 1
outer loop
vertex 238.5 -105.6427876096865 2
vertex 157.36602540378448 -105.49999999999997 2
vertex 157.266044443119 -105.6427876096865 2
endloop
endfacet
facet normal 0 0 1
outer loop
vertex 238.5 -105.49999999999997 2
vertex 238.5 -105.3420201433257 2
vertex 157.4396926207859 -105.3420201433257 2
endloop
endfacet
facet normal 0 0 1
outer loop
vertex 238.5 -105.49999999999997 2
vertex 157.4396926207859 -105.3420201433257 2
vertex 157.36602540378448 -105.49999999999997 2
endloop
endfacet
facet normal 0 0 1
outer loop
vertex 238.5 -105.3420201433257 2
vertex 238.5 -105.17364817766698 2
vertex 157.4848077530122 -105.17364817766698 2
endloop
endfacet
facet normal 0 0 1
outer loop
vertex 238.5 -105.3420201433257 2
vertex 157.4848077530122 -105.17364817766698 2
vertex 157.4396926207859 -105.3420201433257 2
endloop
endfacet
facet normal 0 0 1
outer loop
vertex 238.5 -105.17364817766698 2
vertex 238.5 -105.00000000000013 2
vertex 157.5 -105.00000000000013 2
endloop
endfacet
facet normal 0 0 1
outer loop
vertex 238.5 -105.17364817766698 2
vertex 157.5 -105.00000000000013 2
vertex 157.4848077530122 -105.17364817766698 2
endloop
endfacet
facet normal 0 0 1
outer loop
vertex 238.5 -105.00000000000013 2
vertex 238.5 -103.8575 2
vertex 234.50000000000003 -103.8575 2
endloop
endfacet
facet normal 0 0 1
outer loop
vertex 238.5 -105.00000000000013 2
vertex 234.50000000000003 -103.8575 2
vertex 157.5 -103.8575 2
endloop
endfacet
facet normal 0 0 1
outer loop
vertex 238.5 -105.00000000000013 2
vertex 157.5 -103.8575 2
vertex 157.5 -105.00000000000013 2
endloop
endfacet
facet normal 0 0 1
outer loop
vertex 254.5 -105.8575 2
vertex 254.46961550602444 -105.51020364466636 2
vertex 254.37938524157173 -105.17345971334848 2
endloop
endfacet
facet normal 0 0 1
outer loop
vertex 254.5 -105.8575 2
vertex 254.37938524157173 -105.17345971334848 2
vertex 254.23205080756892 -104.8575000000001 2
endloop
endfacet
facet normal 0 0 1
outer loop
vertex 254.5 -105.8575 2
vertex 254.23205080756892 -104.8575000000001 2
vertex 254.0320888862379 -104.57192478062687 2
endloop
endfacet
facet normal 0 0 1
outer loop
vertex 254.5 -105.8575 2
vertex 254.0320888862379 -104.57192478062687 2
vertex 253.78557521937307 -104.32541111376203 2
endloop
endfacet
facet normal 0 0 1
outer loop
vertex 254.5 -105.8575 2
vertex 253.78557521937307 -104.32541111376203 2
vertex 253.50000000000006 -104.12544919243115 2
endloop
endfacet
facet normal 0 0 1
outer loop
vertex 254.5 -105.8575 2
vertex 253.50000000000006 -104.12544919243115 2
vertex 253.18404028665134 -103.97811475842819 2
endloop
endfacet
facet normal 0 0 1
outer loop
vertex 254.5 -105.8575 2
vertex 253.18404028665134 -103.97811475842819 2
vertex 252.84729635533387 -103.88788449397559 2
endloop
endfacet
facet normal 0 0 1
outer loop
vertex 254.5 -105.8575 2
vertex 252.84729635533387 -103.88788449397559 2
vertex 252.5 -103.8575 2
endloop
endfacet
facet normal 0 0 1
outer loop
vertex 254.5 -105.8575 2
vertex 252.5 -103.8575 2
vertex 249.5 -103.8575 2
endloop
endfacet
facet normal 0 0 1
outer loop
vertex 254.5 -105.8575 2
vertex 249.5 -103.8575 2
vertex 249.5 -105.8575 2
endloop
endfacet
facet normal 0 0 1
outer loop
vertex 234.50000000000003 -103.8575 2
vertex 234.15270364466616 -103.82711550602441 2
vertex 157.5 -103.82711550602441 2
endloop
endfacet
facet normal 0 0 1
outer loop
vertex 234.50000000000003 -103.8575 2
vertex 157.5 -103.82711550602441 2
vertex 157.5 -103.8575 2
endloop
endfacet
facet normal 0 0 1
outer loop
vertex 234.15270364466616 -103.82711550602441 2
vertex 233.81595971334863 -103.73688524157181 2
vertex 157.5 -103.73688524157181 2
endloop
endfacet
facet normal 0 0 1
outer loop
vertex 234.15270364466616 -103.82711550602441 2
vertex 157.5 -103.73688524157181 2
vertex 157.5 -103.82711550602441 2
endloop
endfacet
facet normal 0 0 1
outer loop
vertex 233.81595971334863 -103.73688524157181 2
vertex 233.50000000000003 -103.5895508075689 2
vertex 157.5 -103.5895508075689 2
endloop
endfacet
facet normal 0 0 1
outer loop
vertex 233.81595971334863 -103.73688524157181 2
vertex 157.5 -103.5895508075689 2
vertex 157.5 -103.73688524157181 2
endloop
endfacet
facet normal 0 0 1
outer loop
vertex 233.50000000000003 -103.5895508075689 2
vertex 233.21442478062698 -103.389588886238 2
vertex 157.5 -103.389588886238 2
endloop
endfacet
facet normal 0 0 1
outer loop
vertex 233.50000000000003 -103.5895508075689 2
vertex 157.5 -103.389588886238 2
vertex 157.5 -103.5895508075689 2
endloop
endfacet
facet normal 0 0 1
outer loop
vertex 233.21442478062698 -103.389588886238 2
vertex 232.96791111376206 -103.14307521937307 2
vertex 157.5 -103.14307521937307 2
endloop
endfacet
facet normal 0 0 1
outer loop
vertex 233.21442478062698 -103.389588886238 2
vertex 157.5 -103.14307521937307 2
vertex 157.5 -103.389588886238 2
endloop
endfacet
facet normal 0 0 1
outer loop
vertex 232.96791111376206 -103.14307521937307 2
vertex 232.76794919243113 -102.8575 2
vertex 157.5 -102.8575 2
endloop
endfacet
facet normal 0 0 1
outer loop
vertex 232.96791111376206 -103.14307521937307 2
vertex 157.5 -102.8575 2
vertex 157.5 -103.14307521937307 2
endloop
endfacet
facet normal 0 0 1
outer loop
vertex 232.76794919243113 -102.8575 2
vertex 232.62061475842813 -102.54154028665123 2
vertex 157.5 -102.54154028665123 2
endloop
endfacet
facet normal 0 0 1
outer loop
vertex 232.76794919243113 -102.8575 2
vertex 157.5 -102.54154028665123 2
vertex 157.5 -102.8575 2
endloop
endfacet
facet normal 0 0 1
outer loop
vertex 232.62061475842813 -102.54154028665123 2
vertex 232.53038449397556 -102.20479635533381 2
vertex 157.5 -102.20479635533381 2
endloop
endfacet
facet normal 0 0 1
outer loop
vertex 232.62061475842813 -102.54154028665123 2
vertex 157.5 -102.20479635533381 2
vertex 157.5 -102.54154028665123 2
endloop
endfacet
facet normal 0 0 1
outer loop
vertex 232.53038449397556 -102.20479635533381 2
vertex 232.5 -101.85750000000024 2
vertex 157.5 -101.85750000000024 2
endloop
endfacet
facet normal 0 0 1
outer loop
vertex 232.53038449397556 -102.20479635533381 2
vertex 157.5 -101.85750000000024 2
vertex 157.5 -102.20479635533381 2
endloop
endfacet
facet normal 0 0 1
outer loop
vertex 232.5 -101.85750000000024 2
vertex 232.5 -95.85749999999993 2
vertex 232.48480775301223 -95.68385182233318 2
endloop
endfacet
facet normal 0 0 1
outer loop
vertex 232.5 -101.85750000000024 2
vertex 232.48480775301223 -95.68385182233318 2
vertex 232.43969262078593 -95.5154798566744 2
endloop
endfacet
facet normal 0 0 1
outer loop
vertex 232.5 -101.85750000000024 2
vertex 232.43969262078593 -95.5154798566744 2
vertex 232.36602540378445 -95.3575 2
endloop
endfacet
facet normal 0 0 1
outer loop
vertex 232.5 -101.85750000000024 2
vertex 232.36602540378445 -95.3575 2
vertex 232.26604444311891 -95.21471239031338 2
endloop
endfacet
facet normal 0 0 1
outer loop
vertex 232.5 -101.85750000000024 2
vertex 232.26604444311891 -95.21471239031338 2
vertex 232.1427876096866 -95.09145555688107 2
endloop
endfacet
facet normal 0 0 1
outer loop
vertex 232.5 -101.85750000000024 2
vertex 232.1427876096866 -95.09145555688107 2
vertex 231.99999999999997 -94.99147459621555 2
endloop
endfacet
facet normal 0 0 1
outer loop
vertex 232.5 -101.85750000000024 2
vertex 231.99999999999997 -94.99147459621555 2
vertex 231.84202014332564 -94.91780737921408 2
endloop
endfacet
facet normal 0 0 1
outer loop
vertex 232.5 -101.85750000000024 2
vertex 231.84202014332564 -94.91780737921408 2
vertex 231.67364817766688 -94.87269224698778 2
endloop
endfacet
facet normal 0 0 1
outer loop
vertex 232.5 -101.85750000000024 2
vertex 231.67364817766688 -94.87269224698778 2
vertex 231.5000000000001 -94.8575 2
endloop
endfacet
facet normal 0 0 1
outer loop
vertex 232.5 -101.85750000000024 2
vertex 231.5000000000001 -94.8575 2
vertex 215.5 -94.8575 2
endloop
endfacet
facet normal 0 0 1
outer loop
vertex 232.5 -101.85750000000024 2
vertex 215.5 -94.8575 2
vertex 157.5 -94.8575 2
endloop
endfacet
facet normal 0 0 1
outer loop
vertex 232.5 -101.85750000000024 2
vertex 157.5 -94.8575 2
vertex 157.5 -101.85750000000024 2
endloop
endfacet
facet normal 0 0 1
outer loop
vertex 215.5 -94.8575 2
vertex 215.32635182233307 -94.84230775301221 2
vertex 157.5 -94.84230775301221 2
endloop
endfacet
facet normal 0 0 1
outer loop
vertex 215.5 -94.8575 2
vertex 157.5 -94.84230775301221 2
vertex 157.5 -94.8575 2
endloop
endfacet
facet normal 0 0 1
outer loop
vertex 215.32635182233307 -94.84230775301221 2
vertex 215.15797985667442 -94.79719262078594 2
vertex 157.5 -94.79719262078594 2
endloop
endfacet
facet normal 0 0 1
outer loop
vertex 215.32635182233307 -94.84230775301221 2
vertex 157.5 -94.79719262078594 2
vertex 157.5 -94.84230775301221 2
endloop
endfacet
facet normal 0 0 1
outer loop
vertex 215.15797985667442 -94.79719262078594 2
vertex 215 -94.72352540378444 2
vertex 157.5 -94.72352540378444 2
endloop
endfacet
facet normal 0 0 1
outer loop
vertex 215.15797985667442 -94.79719262078594 2
vertex 157.5 -94.72352540378444 2
vertex 157.5 -94.79719262078594 2
endloop
endfacet
facet normal 0 0 1
outer loop
vertex 215 -94.72352540378444 2
vertex 214.85721239031346 -94.62354444311897 2
vertex 157.5 -94.62354444311897 2
endloop
endfacet
facet normal 0 0 1
outer loop
vertex 215 -94.72352540378444 2
vertex 157.5 -94.62354444311897 2
vertex 157.5 -94.72352540378444 2
endloop
endfacet
facet normal 0 0 1
outer loop
vertex 214.85721239031346 -94.62354444311897 2
vertex 214.73395555688114 -94.50028760968665 2
vertex 157.5 -94.50028760968665 2
endloop
endfacet
facet normal 0 0 1
outer loop
vertex 214.85721239031346 -94.62354444311897 2
vertex 157.5 -94.50028760968665 2
vertex 157.5 -94.62354444311897 2
endloop
endfacet
facet normal 0 0 1
outer loop
vertex 214.73395555688114 -94.50028760968665 2
vertex 214.63397459621544 -94.3574999999998 2
vertex 157.5 -94.3574999999998 2
endloop
endfacet
facet normal 0 0 1
outer loop
vertex 214.73395555688114 -94.50028760968665 2
vertex 157.5 -94.3574999999998 2
vertex 157.5 -94.50028760968665 2
endloop
endfacet
facet normal 0 0 1
outer loop
vertex 214.63397459621544 -94.3574999999998 2
vertex 214.56030737921407 -94.19952014332563 2
vertex 157.5 -94.19952014332563 2
endloop
endfacet
facet normal 0 0 1
outer loop
vertex 214.63397459621544 -94.3574999999998 2
vertex 157.5 -94.19952014332563 2
vertex 157.5 -94.3574999999998 2
endloop
endfacet
facet normal 0 0 1
outer loop
vertex 214.56030737921407 -94.19952014332563 2
vertex 214.51519224698774 -94.03114817766685 2
vertex 157.5 -94.03114817766685 2
endloop
endfacet
facet normal 0 0 1
outer loop
vertex 214.56030737921407 -94.19952014332563 2
vertex 157.5 -94.03114817766685 2
vertex 157.5 -94.19952014332563 2
endloop
endfacet
facet normal 0 0 1
outer loop
vertex 214.51519224698774 -94.03114817766685 2
vertex 214.5 -93.85750000000041 2
vertex 157.5 -93.85750000000041 2
endloop
endfacet
facet normal 0 0 1
outer loop
vertex 214.51519224698774 -94.03114817766685 2
vertex 157.5 -93.85750000000041 2
vertex 157.5 -94.03114817766685 2
endloop
endfacet
facet normal 0 0 1
outer loop
vertex 214.5 -93.85750000000041 2
vertex 214.5 -92.99999999999996 2
vertex 214.48480775301218 -92.82635182233304 2
endloop
endfacet
facet normal 0 0 1
outer loop
vertex 214.5 -93.85750000000041 2
vertex 214.48480775301218 -92.82635182233304 2
vertex 214.4396926207859 -92.6579798566744 2
endloop
endfacet
facet normal 0 0 1
outer loop
vertex 214.5 -93.85750000000041 2
vertex 214.4396926207859 -92.6579798566744 2
vertex 214.36602540378445 -92.50000000000014 2
endloop
endfacet
facet normal 0 0 1
outer loop
vertex 214.5 -93.85750000000041 2
vertex 214.36602540378445 -92.50000000000014 2
vertex 214.26604444311903 -92.35721239031324 2
endloop
endfacet
facet normal 0 0 1
outer loop
vertex 214.5 -93.85750000000041 2
vertex 214.26604444311903 -92.35721239031324 2
vertex 214.1427876096865 -92.23395555688106 2
endloop
endfacet
facet normal 0 0 1
outer loop
vertex 214.5 -93.85750000000041 2
vertex 214.1427876096865 -92.23395555688106 2
vertex 214.00000000000009 -92.13397459621562 2
endloop
endfacet
facet normal 0 0 1
outer loop
vertex 214.5 -93.85750000000041 2
vertex 214.00000000000009 -92.13397459621562 2
vertex 213.84202014332564 -92.06030737921412 2
endloop
endfacet
facet normal 0 0 1
outer loop
vertex 214.5 -93.85750000000041 2
vertex 213.84202014332564 -92.06030737921412 2
vertex 213.67364817766685 -92.01519224698777 2
endloop
endfacet
facet normal 0 0 1
outer loop
vertex 214.5 -93.85750000000041 2
vertex 213.67364817766685 -92.01519224698777 2
vertex 213.50000000000023 -92 2
endloop
endfacet
facet normal 0 0 1
outer loop
vertex 214.5 -93.85750000000041 2
vertex 213.50000000000023 -92 2
vertex 197.49999999999994 -92 2
endloop
endfacet
facet normal 0 0 1
outer loop
vertex 214.5 -93.85750000000041 2
vertex 197.49999999999994 -92 2
vertex 174.49999999999991 -92 2
endloop
endfacet
facet normal 0 0 1
outer loop
vertex 214.5 -93.85750000000041 2
vertex 174.49999999999991 -92 2
vertex 158.49999999999991 -92 2
endloop
endfacet
facet normal 0 0 1
outer loop
vertex 214.5 -93.85750000000041 2
vertex 158.49999999999991 -92 2
vertex 158.32635182233324 -92.01519224698777 2
endloop
endfacet
facet normal 0 0 1
outer loop
vertex 214.5 -93.85750000000041 2
vertex 158.32635182233324 -92.01519224698777 2
vertex 158.1579798566743 -92.06030737921412 2
endloop
endfacet
facet normal 0 0 1
outer loop
vertex 214.5 -93.85750000000041 2
vertex 158.1579798566743 -92.06030737921412 2
vertex 157.99999999999991 -92.13397459621562 2
endloop
endfacet
facet normal 0 0 1
outer loop
vertex 214.5 -93.85750000000041 2
vertex 157.99999999999991 -92.13397459621562 2
vertex 157.8572123903134 -92.23395555688106 2
endloop
endfacet
facet normal 0 0 1
outer loop
vertex 214.5 -93.85750000000041 2
vertex 157.8572123903134 -92.23395555688106 2
vertex 157.73395555688123 -92.35721239031324 2
endloop
endfacet
facet normal 0 0 1
outer loop
vertex 214.5 -93.85750000000041 2
vertex 157.73395555688123 -92.35721239031324 2
vertex 157.6339745962155 -92.50000000000014 2
endloop
endfacet
facet normal 0 0 1
outer loop
vertex 214.5 -93.85750000000041 2
vertex 157.6339745962155 -92.50000000000014 2
vertex 157.56030737921407 -92.6579798566744 2
endloop
endfacet
facet normal 0 0 1
outer loop
vertex 214.5 -93.85750000000041 2
vertex 157.56030737921407 -92.6579798566744 2
vertex 157.5151922469878 -92.82635182233304 2
endloop
endfacet
facet normal 0 0 1
outer loop
vertex 214.5 -93.85750000000041 2
vertex 157.5151922469878 -92.82635182233304 2
vertex 157.5 -92.99999999999996 2
endloop
endfacet
facet normal 0 0 1
outer loop
vertex 214.5 -93.85750000000041 2
vertex 157.5 -92.99999999999996 2
vertex 157.5 -93.85750000000041 2
endloop
endfacet
facet normal 0 0 1
outer loop
vertex 197.49999999999994 -92 2
vertex 197.32635182233284 -91.98480775301219 2
vertex 174.67364817766708 -91.98480775301219 2
endloop
endfacet
facet normal 0 0 1
outer loop
vertex 197.49999999999994 -92 2
vertex 174.67364817766708 -91.98480775301219 2
vertex 174.49999999999991 -92 2
endloop
endfacet
facet normal 0 0 1
outer loop
vertex 197.32635182233284 -91.98480775301219 2
vertex 197.15797985667433 -91.93969262078589 2
vertex 174.84202014332558 -91.93969262078589 2
endloop
endfacet
facet normal 0 0 1
outer loop
vertex 197.32635182233284 -91.98480775301219 2
vertex 174.84202014332558 -91.93969262078589 2
vertex 174.67364817766708 -91.98480775301219 2
endloop
endfacet
facet normal 0 0 1
outer loop
vertex 197.15797985667433 -91.93969262078589 2
vertex 196.99999999999972 -91.86602540378432 2
vertex 175.00000000000023 -91.86602540378432 2
endloop
endfacet
facet normal 0 0 1
outer loop
vertex 197.15797985667433 -91.93969262078589 2
vertex 175.00000000000023 -91.86602540378432 2
vertex 174.84202014332558 -91.93969262078589 2
endloop
endfacet
facet normal 0 0 1
outer loop
vertex 196.99999999999972 -91.86602540378432 2
vertex 196.8572123903138 -91.76604444311909 2
vertex 175.14278760968642 -91.76604444311909 2
endloop
endfacet
facet normal 0 0 1
outer loop
vertex 196.99999999999972 -91.86602540378432 2
vertex 175.14278760968642 -91.76604444311909 2
vertex 175.00000000000023 -91.86602540378432 2
endloop
endfacet
facet normal 0 0 1
outer loop
vertex 196.8572123903138 -91.76604444311909 2
vertex 196.73395555688117 -91.64278760968669 2
vertex 175.26604444311883 -91.64278760968669 2
endloop
endfacet
facet normal 0 0 1
outer loop
vertex 196.8572123903138 -91.76604444311909 2
vertex 175.26604444311883 -91.64278760968669 2
vertex 175.14278760968642 -91.76604444311909 2
endloop
endfacet
facet normal 0 0 1
outer loop
vertex 196.73395555688117 -91.64278760968669 2
vertex 196.63397459621532 -91.49999999999987 2
vertex 175.3660254037845 -91.49999999999987 2
endloop
endfacet
facet normal 0 0 1
outer loop
vertex 196.73395555688117 -91.64278760968669 2
vertex 175.3660254037845 -91.49999999999987 2
vertex 175.26604444311883 -91.64278760968669 2
endloop
endfacet
facet normal 0 0 1
outer loop
vertex 196.63397459621532 -91.49999999999987 2
vertex 196.56030737921412 -91.3420201433256 2
vertex 175.43969262078593 -91.3420201433256 2
endloop
endfacet
facet normal 0 0 1
outer loop
vertex 196.63397459621532 -91.49999999999987 2
vertex 175.43969262078593 -91.3420201433256 2
vertex 175.3660254037845 -91.49999999999987 2
endloop
endfacet
facet normal 0 0 1
outer loop
vertex 196.56030737921412 -91.3420201433256 2
vertex 196.51519224698782 -91.17364817766693 2
vertex 175.48480775301218 -91.17364817766693 2
endloop
endfacet
facet normal 0 0 1
outer loop
vertex 196.56030737921412 -91.3420201433256 2
vertex 175.48480775301218 -91.17364817766693 2
vertex 175.43969262078593 -91.3420201433256 2
endloop
endfacet
facet normal 0 0 1
outer loop
vertex 196.51519224698782 -91.17364817766693 2
vertex 196.5 -90.99999999999974 2
vertex 175.5 -90.99999999999974 2
endloop
endfacet
facet normal 0 0 1
outer loop
vertex 196.51519224698782 -91.17364817766693 2
vertex 175.5 -90.99999999999974 2
vertex 175.48480775301218 -91.17364817766693 2
endloop
endfacet
facet normal 0 0 1
outer loop
vertex 196.5 -90.99999999999974 2
vertex 196.5 -88.2375 2
vertex 196.4848077530122 -88.06385182233308 2
endloop
endfacet
facet normal 0 0 1
outer loop
vertex 196.5 -90.99999999999974 2
vertex 196.4848077530122 -88.06385182233308 2
vertex 196.43969262078588 -87.8954798566744 2
endloop
endfacet
facet normal 0 0 1
outer loop
vertex 196.5 -90.99999999999974 2
vertex 196.43969262078588 -87.8954798566744 2
vertex 196.36602540378445 -87.73750000000004 2
endloop
endfacet
facet normal 0 0 1
outer loop
vertex 196.5 -90.99999999999974 2
vertex 196.36602540378445 -87.73750000000004 2
vertex 196.26604444311897 -87.59471239031339 2
endloop
endfacet
facet normal 0 0 1
outer loop
vertex 196.5 -90.99999999999974 2
vertex 196.26604444311897 -87.59471239031339 2
vertex 196.14278760968654 -87.47145555688088 2
endloop
endfacet
facet normal 0 0 1
outer loop
vertex 196.5 -90.99999999999974 2
vertex 196.14278760968654 -87.47145555688088 2
vertex 195.99999999999997 -87.37147459621563 2
endloop
endfacet
facet normal 0 0 1
outer loop
vertex 196.5 -90.99999999999974 2
vertex 195.99999999999997 -87.37147459621563 2
vertex 195.84202014332567 -87.2978073792141 2
endloop
endfacet
facet normal 0 0 1
outer loop
vertex 196.5 -90.99999999999974 2
vertex 195.84202014332567 -87.2978073792141 2
vertex 195.67364817766676 -87.25269224698779 2
endloop
endfacet
facet normal 0 0 1
outer loop
vertex 196.5 -90.99999999999974 2
vertex 195.67364817766676 -87.25269224698779 2
vertex 195.50000000000014 -87.2375 2
endloop
endfacet
facet normal 0 0 1
outer loop
vertex 196.5 -90.99999999999974 2
vertex 195.50000000000014 -87.2375 2
vertex 176.5 -87.2375 2
endloop
endfacet
facet normal 0 0 1
outer loop
vertex 196.5 -90.99999999999974 2
vertex 176.5 -87.2375 2
vertex 176.32635182233312 -87.25269224698779 2
endloop
endfacet
facet normal 0 0 1
outer loop
vertex 196.5 -90.99999999999974 2
vertex 176.32635182233312 -87.25269224698779 2
vertex 176.1579798566743 -87.2978073792141 2
endloop
endfacet
facet normal 0 0 1
outer loop
vertex 196.5 -90.99999999999974 2
vertex 176.1579798566743 -87.2978073792141 2
vertex 175.99999999999983 -87.37147459621563 2
endloop
endfacet
facet normal 0 0 1
outer loop
vertex 196.5 -90.99999999999974 2
vertex 175.99999999999983 -87.37147459621563 2
vertex 175.8572123903136 -87.47145555688088 2
endloop
endfacet
facet normal 0 0 1
outer loop
vertex 196.5 -90.99999999999974 2
vertex 175.8572123903136 -87.47145555688088 2
vertex 175.73395555688109 -87.59471239031339 2
endloop
endfacet
facet normal 0 0 1
outer loop
vertex 196.5 -90.99999999999974 2
vertex 175.73395555688109 -87.59471239031339 2
vertex 175.63397459621552 -87.73750000000004 2
endloop
endfacet
facet normal 0 0 1
outer loop
vertex 196.5 -90.99999999999974 2
vertex 175.63397459621552 -87.73750000000004 2
vertex 175.56030737921407 -87.8954798566744 2
endloop
endfacet
facet normal 0 0 1
outer loop
vertex 196.5 -90.99999999999974 2
vertex 175.56030737921407 -87.8954798566744 2
vertex 175.5151922469878 -88.06385182233308 2
endloop
endfacet
facet normal 0 0 1
outer loop
vertex 196.5 -90.99999999999974 2
vertex 175.5151922469878 -88.06385182233308 2
vertex 175.5 -88.2375 2
endloop
endfacet
facet normal 0 0 1
outer loop
vertex 196.5 -90.99999999999974 2
vertex 175.5 -88.2375 2
vertex 175.5 -90.99999999999974 2
endloop
endfacet
facet normal 0 0 1
outer loop
vertex 238.52072071597945 -183.7771361891672 9
vertex 238.68909180283632 -183.73202177999946 9
vertex 238.8470709962265 -183.65835559196557 9
endloop
endfacet
facet normal 0 0 1
outer loop
vertex 238.52072071597945 -183.7771361891672 9
vertex 238.8470709962265 -183.65835559196557 9
vertex 238.98985823535958 -183.5583759083051 9
endloop
endfacet
facet normal 0 0 1
outer loop
vertex 238.52072071597945 -183.7771361891672 9
vertex 238.98985823535958 -183.5583759083051 9
vertex 239.11311505379737 -183.435120525005 9
endloop
endfacet
facet normal 0 0 1
outer loop
vertex 238.52072071597945 -183.7771361891672 9
vertex 239.11311505379737 -183.435120525005 9
vertex 239.2130963999999 -183.29233445000017 9
endloop
endfacet
facet normal 0 0 1
outer loop
vertex 238.52072071597945 -183.7771361891672 9
vertex 239.2130963999999 -183.29233445000017 9
vertex 240.5017751360049 -181.06027765726904 9
endloop
endfacet
facet normal 0 0 1
outer loop
vertex 238.52072071597945 -183.7771361891672 9
vertex 240.5017751360049 -181.06027765726904 9
vertex 237.61502314512015 -181.06027765726904 9
endloop
endfacet
facet normal 0 0 1
outer loop
vertex 238.52072071597945 -183.7771361891672 9
vertex 237.61502314512015 -181.06027765726904 9
vertex 233.347063138963 -181.06027765726904 9
endloop
endfacet
facet normal 0 0 1
outer loop
vertex 238.52072071597945 -183.7771361891672 9
vertex 233.347063138963 -181.06027765726904 9
vertex 237.8470728 -183.6583589 9
endloop
endfacet
facet normal 0 0 1
outer loop
vertex 238.52072071597945 -183.7771361891672 9
vertex 237.8470728 -183.6583589 9
vertex 238.00505542514105 -183.73202177999946 9
endloop
endfacet
facet normal 0 0 1
outer loop
vertex 238.52072071597945 -183.7771361891672 9
vertex 238.00505542514105 -183.73202177999946 9
vertex 238.17342640895848 -183.7771361891672 9
endloop
endfacet
facet normal 0 0 1
outer loop
vertex 238.52072071597945 -183.7771361891672 9
vertex 238.17342640895848 -183.7771361891672 9
vertex 238.34707354512003 -183.79232805726903 9
endloop
endfacet
facet normal 0 0 1
outer loop
vertex 237.61502314512015 -181.06027765726904 9
vertex 237.4413760089586 -181.04508539256702 9
vertex 233.32074935908278 -181.04508539256702 9
endloop
endfacet
facet normal 0 0 1
outer loop
vertex 237.61502314512015 -181.06027765726904 9
vertex 233.32074935908278 -181.04508539256702 9
vertex 233.347063138963 -181.06027765726904 9
endloop
endfacet
facet normal 0 0 1
outer loop
vertex 240.5017751360049 -181.06027765726904 9
vertex 240.5105463951131 -181.04508539256702 9
vertex 237.78867484922714 -181.04508539256702 9
endloop
endfacet
facet normal 0 0 1
outer loop
vertex 240.5017751360049 -181.06027765726904 9
vertex 237.78867484922714 -181.04508539256702 9
vertex 237.61502314512015 -181.06027765726904 9
endloop
endfacet
facet normal 0 0 1
outer loop
vertex 237.4413760089586 -181.04508539256702 9
vertex 237.27300502514083 -180.99997059884936 9
vertex 233.24260822775628 -180.99997059884936 9
endloop
endfacet
facet normal 0 0 1
outer loop
vertex 237.4413760089586 -181.04508539256702 9
vertex 233.24260822775628 -180.99997059884936 9
vertex 233.32074935908278 -181.04508539256702 9
endloop
endfacet
facet normal 0 0 1
outer loop
vertex 240.5105463951131 -181.04508539256702 9
vertex 240.53659343635888 -180.99997059884936 9
vertex 237.95704336120963 -180.99997059884936 9
endloop
endfacet
facet normal 0 0 1
outer loop
vertex 240.5105463951131 -181.04508539256702 9
vertex 237.95704336120963 -180.99997059884936 9
vertex 237.78867484922714 -181.04508539256702 9
endloop
endfacet
facet normal 0 0 1
outer loop
vertex 237.27300502514083 -180.99997059884936 9
vertex 237.11502200000018 -180.92630810000009 9
vertex 233.11502101030288 -180.92630810000009 9
endloop
endfacet
facet normal 0 0 1
outer loop
vertex 237.27300502514083 -180.99997059884936 9
vertex 233.11502101030288 -180.92630810000009 9
vertex 233.24260822775628 -180.99997059884936 9
endloop
endfacet
facet normal 0 0 1
outer loop
vertex 240.53659343635888 -180.99997059884936 9
vertex 240.57912418366766 -180.9263051919654 9
vertex 238.1150200302479 -180.9263051919654 9
endloop
endfacet
facet normal 0 0 1
outer loop
vertex 240.53659343635888 -180.99997059884936 9
vertex 238.1150200302479 -180.9263051919654 9
vertex 237.95704336120963 -180.99997059884936 9
endloop
endfacet
facet normal 0 0 1
outer loop
vertex 240.57912418366766 -180.9263051919654 9
vertex 240.63684748747653 -180.82632550830516 9
vertex 238.25780783535959 -180.82632550830516 9
endloop
endfacet
facet normal 0 0 1
outer loop
vertex 240.57912418366766 -180.9263051919654 9
vertex 238.25780783535959 -180.82632550830516 9
vertex 238.1150200302479 -180.9263051919654 9
endloop
endfacet
facet normal 0 0 1
outer loop
vertex 240.63684748747653 -180.82632550830516 9
vertex 240.70800902425913 -180.7030701250052 9
vertex 238.38106465379724 -180.7030701250052 9
endloop
endfacet
facet normal 0 0 1
outer loop
vertex 240.63684748747653 -180.82632550830516 9
vertex 238.38106465379724 -180.7030701250052 9
vertex 238.25780783535959 -180.82632550830516 9
endloop
endfacet
facet normal 0 0 1
outer loop
vertex 240.70800902425913 -180.7030701250052 9
vertex 240.7904466124319 -180.56028404999955 9
vertex 238.4810460000003 -180.56028404999955 9
endloop
endfacet
facet normal 0 0 1
outer loop
vertex 240.70800902425913 -180.7030701250052 9
vertex 238.4810460000003 -180.56028404999955 9
vertex 238.38106465379724 -180.7030701250052 9
endloop
endfacet
facet normal 0 0 1
outer loop
vertex 237.11502200000018 -180.92630810000009 9
vertex 224.03509395696693 -173.3746074499997 9
vertex 220.03508904999956 -173.3746074499997 9
endloop
endfacet
facet normal 0 0 1
outer loop
vertex 237.11502200000018 -180.92630810000009 9
vertex 220.03508904999956 -173.3746074499997 9
vertex 233.11502101030288 -180.92630810000009 9
endloop
endfacet
facet normal 0 0 1
outer loop
vertex 224.03509395696693 -173.3746074499997 9
vertex 223.9653231690073 -173.33432526319774 9
vertex 219.95770760477382 -173.33432526319774 9
endloop
endfacet
facet normal 0 0 1
outer loop
vertex 224.03509395696693 -173.3746074499997 9
vertex 219.95770760477382 -173.33432526319774 9
vertex 220.03508904999956 -173.3746074499997 9
endloop
endfacet
facet normal 0 0 1
outer loop
vertex 223.9653231690073 -173.33432526319774 9
vertex 223.907499191643 -173.300940571324 9
vertex 219.877109807115 -173.300940571324 9
endloop
endfacet
facet normal 0 0 1
outer loop
vertex 223.9653231690073 -173.33432526319774 9
vertex 219.877109807115 -173.300940571324 9
vertex 219.95770760477382 -173.33432526319774 9
endloop
endfacet
facet normal 0 0 1
outer loop
vertex 223.907499191643 -173.300940571324 9
vertex 223.86205767999087 -173.27470489999985 9
vertex 219.79390809999953 -173.27470489999985 9
endloop
endfacet
facet normal 0 0 1
outer loop
vertex 223.907499191643 -173.300940571324 9
vertex 219.79390809999953 -173.27470489999985 9
vertex 219.877109807115 -173.300940571324 9
endloop
endfacet
facet normal 0 0 1
outer loop
vertex 223.86205767999087 -173.27470489999985 9
vertex 220.80705955000002 -171.51090075000002 9
vertex 220.72967810477368 -171.47061856319772 9
endloop
endfacet
facet normal 0 0 1
outer loop
vertex 223.86205767999087 -173.27470489999985 9
vertex 220.72967810477368 -171.47061856319772 9
vertex 220.64908030711487 -171.43723387132397 9
endloop
endfacet
facet normal 0 0 1
outer loop
vertex 223.86205767999087 -173.27470489999985 9
vertex 220.64908030711487 -171.43723387132397 9
vertex 220.56587909999982 -171.41100149999994 9
endloop
endfacet
facet normal 0 0 1
outer loop
vertex 223.86205767999087 -173.27470489999985 9
vertex 220.56587909999982 -171.41100149999994 9
vertex 211.52710764366265 -168.98906499999998 9
endloop
endfacet
facet normal 0 0 1
outer loop
vertex 223.86205767999087 -173.27470489999985 9
vertex 211.52710764366265 -168.98906499999998 9
vertex 203.7997187999999 -168.98906499999998 9
endloop
endfacet
facet normal 0 0 1
outer loop
vertex 223.86205767999087 -173.27470489999985 9
vertex 203.7997187999999 -168.98906499999998 9
vertex 219.79390809999953 -173.27470489999985 9
endloop
endfacet
facet normal 0 0 1
outer loop
vertex 211.52710764366265 -168.98906499999998 9
vertex 211.45665708273134 -168.97018779021664 9
vertex 203.7145471976251 -168.97018779021664 9
endloop
endfacet
facet normal 0 0 1
outer loop
vertex 211.52710764366265 -168.98906499999998 9
vertex 203.7145471976251 -168.97018779021664 9
vertex 203.7997187999999 -168.98906499999998 9
endloop
endfacet
facet normal 0 0 1
outer loop
vertex 211.45665708273134 -168.97018779021664 9
vertex 211.4141781905643 -168.95880558192474 9
vertex 203.62805444512622 -168.95880558192474 9
endloop
endfacet
facet normal 0 0 1
outer loop
vertex 211.45665708273134 -168.97018779021664 9
vertex 203.62805444512622 -168.95880558192474 9
vertex 203.7145471976251 -168.97018779021664 9
endloop
endfacet
facet normal 0 0 1
outer loop
vertex 211.4141781905643 -168.95880558192474 9
vertex 211.39997559471757 -168.955 9
vertex 203.5408975999999 -168.955 9
endloop
endfacet
facet normal 0 0 1
outer loop
vertex 211.4141781905643 -168.95880558192474 9
vertex 203.5408975999999 -168.955 9
vertex 203.62805444512622 -168.95880558192474 9
endloop
endfacet
facet normal 0 0 1
outer loop
vertex 203.5408975999999 -168.955 9
vertex 211.39997559471757 -168.955 9
vertex 204.06302140000022 -166.98906500000007 9
endloop
endfacet
facet normal 0 0 1
outer loop
vertex 203.5408975999999 -168.955 9
vertex 204.06302140000022 -166.98906500000007 9
vertex 203.97784979762503 -166.97018779021664 9
endloop
endfacet
facet normal 0 0 1
outer loop
vertex 203.5408975999999 -168.955 9
vertex 203.97784979762503 -166.97018779021664 9
vertex 203.891357045126 -166.9588055819247 9
endloop
endfacet
facet normal 0 0 1
outer loop
vertex 203.5408975999999 -168.955 9
vertex 203.891357045126 -166.9588055819247 9
vertex 203.80420280000038 -166.955 9
endloop
endfacet
facet normal 0 0 1
outer loop
vertex 203.5408975999999 -168.955 9
vertex 203.80420280000038 -166.955 9
vertex 185.5 -166.955 9
endloop
endfacet
facet normal 0 0 1
outer loop
vertex 203.5408975999999 -168.955 9
vertex 185.5 -166.955 9
vertex 182.5 -166.955 9
endloop
endfacet
facet normal 0 0 1
outer loop
vertex 203.5408975999999 -168.955 9
vertex 182.5 -166.955 9
vertex 182.5 -167.95500000000004 9
endloop
endfacet
facet normal 0 0 1
outer loop
vertex 203.5408975999999 -168.955 9
vertex 182.5 -167.95500000000004 9
vertex 182.5151922469878 -168.12864817766703 9
endloop
endfacet
facet normal 0 0 1
outer loop
vertex 203.5408975999999 -168.955 9
vertex 182.5151922469878 -168.12864817766703 9
vertex 182.56030737921404 -168.2970201433255 9
endloop
endfacet
facet normal 0 0 1
outer loop
vertex 203.5408975999999 -168.955 9
vertex 182.56030737921404 -168.2970201433255 9
vertex 182.63397459621555 -168.45499999999996 9
endloop
endfacet
facet normal 0 0 1
outer loop
vertex 203.5408975999999 -168.955 9
vertex 182.63397459621555 -168.45499999999996 9
vertex 182.73395555688097 -168.59778760968646 9
endloop
endfacet
facet normal 0 0 1
outer loop
vertex 203.5408975999999 -168.955 9
vertex 182.73395555688097 -168.59778760968646 9
vertex 182.8572123903135 -168.72104444311898 9
endloop
endfacet
facet normal 0 0 1
outer loop
vertex 203.5408975999999 -168.955 9
vertex 182.8572123903135 -168.72104444311898 9
vertex 183.00000000000009 -168.8210254037845 9
endloop
endfacet
facet normal 0 0 1
outer loop
vertex 203.5408975999999 -168.955 9
vertex 183.00000000000009 -168.8210254037845 9
vertex 183.15797985667433 -168.89469262078592 9
endloop
endfacet
facet normal 0 0 1
outer loop
vertex 203.5408975999999 -168.955 9
vertex 183.15797985667433 -168.89469262078592 9
vertex 183.3263518223332 -168.93980775301225 9
endloop
endfacet
facet normal 0 0 1
outer loop
vertex 203.5408975999999 -168.955 9
vertex 183.3263518223332 -168.93980775301225 9
vertex 183.49999999999983 -168.955 9
endloop
endfacet
facet normal 0 0 1
outer loop
vertex 185.5 -166.955 9
vertex 185.32635182233307 -166.93980775301222 9
vertex 182.5 -166.93980775301222 9
endloop
endfacet
facet normal 0 0 1
outer loop
vertex 185.5 -166.955 9
vertex 182.5 -166.93980775301222 9
vertex 182.5 -166.955 9
endloop
endfacet
facet normal 0 0 1
outer loop
vertex 185.32635182233307 -166.93980775301222 9
vertex 185.15797985667413 -166.89469262078586 9
vertex 182.5 -166.89469262078586 9
endloop
endfacet
facet normal 0 0 1
outer loop
vertex 185.32635182233307 -166.93980775301222 9
vertex 182.5 -166.89469262078586 9
vertex 182.5 -166.93980775301222 9
endloop
endfacet
facet normal 0 0 1
outer loop
vertex 185.15797985667413 -166.89469262078586 9
vertex 185.0000000000001 -166.82102540378455 9
vertex 182.5 -166.82102540378455 9
endloop
endfacet
facet normal 0 0 1
outer loop
vertex 185.15797985667413 -166.89469262078586 9
vertex 182.5 -166.82102540378455 9
vertex 182.5 -166.89469262078586 9
endloop
endfacet
facet normal 0 0 1
outer loop
vertex 185.0000000000001 -166.82102540378455 9
vertex 184.85721239031344 -166.72104444311896 9
vertex 182.5 -166.72104444311896 9
endloop
endfacet
facet normal 0 0 1
outer loop
vertex 185.0000000000001 -166.82102540378455 9
vertex 182.5 -166.72104444311896 9
vertex 182.5 -166.82102540378455 9
endloop
endfacet
facet normal 0 0 1
outer loop
vertex 184.85721239031344 -166.72104444311896 9
vertex 184.73395555688103 -166.59778760968655 9
vertex 182.5 -166.59778760968655 9
endloop
endfacet
facet normal 0 0 1
outer loop
vertex 184.85721239031344 -166.72104444311896 9
vertex 182.5 -166.59778760968655 9
vertex 182.5 -166.72104444311896 9
endloop
endfacet
facet normal 0 0 1
outer loop
vertex 184.73395555688103 -166.59778760968655 9
vertex 184.6339745962157 -166.45500000000024 9
vertex 182.5 -166.45500000000024 9
endloop
endfacet
facet normal 0 0 1
outer loop
vertex 184.73395555688103 -166.59778760968655 9
vertex 182.5 -166.45500000000024 9
vertex 182.5 -166.59778760968655 9
endloop
endfacet
facet normal 0 0 1
outer loop
vertex 184.6339745962157 -166.45500000000024 9
vertex 184.56030737921404 -166.29702014332548 9
vertex 182.5 -166.29702014332548 9
endloop
endfacet
facet normal 0 0 1
outer loop
vertex 184.6339745962157 -166.45500000000024 9
vertex 182.5 -166.29702014332548 9
vertex 182.5 -166.45500000000024 9
endloop
endfacet
facet normal 0 0 1
outer loop
vertex 184.56030737921404 -166.29702014332548 9
vertex 184.5151922469878 -166.12864817766695 9
vertex 182.5 -166.12864817766695 9
endloop
endfacet
facet normal 0 0 1
outer loop
vertex 184.56030737921404 -166.29702014332548 9
vertex 182.5 -166.12864817766695 9
vertex 182.5 -166.29702014332548 9
endloop
endfacet
facet normal 0 0 1
outer loop
vertex 184.5151922469878 -166.12864817766695 9
vertex 184.50393698985863 -165.99999999999952 9
vertex 182.5 -165.99999999999952 9
endloop
endfacet
facet normal 0 0 1
outer loop
vertex 184.5151922469878 -166.12864817766695 9
vertex 182.5 -165.99999999999952 9
vertex 182.5 -166.12864817766695 9
endloop
endfacet
facet normal 0 0 1
outer loop
vertex 184.50393698985863 -165.99999999999952 9
vertex 184.5 -165.9549999999998 9
vertex 182.49606301014137 -165.9549999999998 9
endloop
endfacet
facet normal 0 0 1
outer loop
vertex 184.50393698985863 -165.99999999999952 9
vertex 182.49606301014137 -165.9549999999998 9
vertex 182.5 -165.99999999999952 9
endloop
endfacet
facet normal 0 0 1
outer loop
vertex 184.5 -165.9549999999998 9
vertex 184.5 -165.30540728933244 9
vertex 182.43923101204888 -165.30540728933244 9
endloop
endfacet
facet normal 0 0 1
outer loop
vertex 184.5 -165.9549999999998 9
vertex 182.43923101204888 -165.30540728933244 9
vertex 182.49606301014137 -165.9549999999998 9
endloop
endfacet
facet normal 0 0 1
outer loop
vertex 184.5 -165.30540728933244 9
vertex 184.5 -164.63191942669732 9
vertex 182.25877048314362 -164.63191942669732 9
endloop
endfacet
facet normal 0 0 1
outer loop
vertex 184.5 -165.30540728933244 9
vertex 182.25877048314362 -164.63191942669732 9
vertex 182.43923101204888 -165.30540728933244 9
endloop
endfacet
facet normal 0 0 1
outer loop
vertex 184.5 -164.63191942669732 9
vertex 184.5 -164.00000000000006 9
vertex 181.9641016151378 -164.00000000000006 9
endloop
endfacet
facet normal 0 0 1
outer loop
vertex 184.5 -164.63191942669732 9
vertex 181.9641016151378 -164.00000000000006 9
vertex 182.25877048314362 -164.63191942669732 9
endloop
endfacet
facet normal 0 0 1
outer loop
vertex 184.5 -164.00000000000006 9
vertex 184.5 -163.42884956125383 9
vertex 181.5641777724759 -163.42884956125383 9
endloop
endfacet
facet normal 0 0 1
outer loop
vertex 184.5 -164.00000000000006 9
vertex 181.5641777724759 -163.42884956125383 9
vertex 181.9641016151378 -164.00000000000006 9
endloop
endfacet
facet normal 0 0 1
outer loop
vertex 240.7904466124319 -180.56028404999955 9
vertex 250.71309820000008 -163.37374929999984 9
vertex 248.4467010405454 -163.37374929999984 9
endloop
endfacet
facet normal 0 0 1
outer loop
vertex 240.7904466124319 -180.56028404999955 9
vertex 248.4467010405454 -163.37374929999984 9
vertex 248.00409594999903 -164.06955835000156 9
endloop
endfacet
facet normal 0 0 1
outer loop
vertex 240.7904466124319 -180.56028404999955 9
vertex 248.00409594999903 -164.06955835000156 9
vertex 247.98144171296806 -164.10603935990332 9
endloop
endfacet
facet normal 0 0 1
outer loop
vertex 240.7904466124319 -180.56028404999955 9
vertex 247.98144171296806 -164.10603935990332 9
vertex 247.95957189999928 -164.14299670000122 9
endloop
endfacet
facet normal 0 0 1
outer loop
vertex 240.7904466124319 -180.56028404999955 9
vertex 247.95957189999928 -164.14299670000122 9
vertex 238.4810460000003 -180.56028404999955 9
endloop
endfacet
facet normal 0 0 1
outer loop
vertex 184.5 -163.42884956125383 9
vertex 184.5 -162.9358222275241 9
vertex 181.07115043874617 -162.9358222275241 9
endloop
endfacet
facet normal 0 0 1
outer loop
vertex 184.5 -163.42884956125383 9
vertex 181.07115043874617 -162.9358222275241 9
vertex 181.5641777724759 -163.42884956125383 9
endloop
endfacet
facet normal 0 0 1
outer loop
vertex 184.5 -162.9358222275241 9
vertex 184.5 -162.53589838486215 9
vertex 180.49999999999986 -162.53589838486215 9
endloop
endfacet
facet normal 0 0 1
outer loop
vertex 184.5 -162.9358222275241 9
vertex 180.49999999999986 -162.53589838486215 9
vertex 181.07115043874617 -162.9358222275241 9
endloop
endfacet
facet normal 0 0 1
outer loop
vertex 184.5 -162.53589838486215 9
vertex 184.5 -162.24122951685632 9
vertex 179.86808057330256 -162.24122951685632 9
endloop
endfacet
facet normal 0 0 1
outer loop
vertex 184.5 -162.53589838486215 9
vertex 179.86808057330256 -162.24122951685632 9
vertex 180.49999999999986 -162.53589838486215 9
endloop
endfacet
facet normal 0 0 1
outer loop
vertex 184.5 -162.24122951685632 9
vertex 184.5 -162.06076898795118 9
vertex 179.19459271066782 -162.06076898795118 9
endloop
endfacet
facet normal 0 0 1
outer loop
vertex 184.5 -162.24122951685632 9
vertex 179.19459271066782 -162.06076898795118 9
vertex 179.86808057330256 -162.24122951685632 9
endloop
endfacet
facet normal 0 0 1
outer loop
vertex 184.5 -162.06076898795118 9
vertex 184.5 -162 9
vertex 178.5000000000001 -162 9
endloop
endfacet
facet normal 0 0 1
outer loop
vertex 184.5 -162.06076898795118 9
vertex 178.5000000000001 -162 9
vertex 179.19459271066782 -162.06076898795118 9
endloop
endfacet
facet normal 0 0 1
outer loop
vertex 178.5000000000001 -162 9
vertex 184.5 -162 9
vertex 184.4787175077107 -161.75674000000004 9
endloop
endfacet
facet normal 0 0 1
outer loop
vertex 178.5000000000001 -162 9
vertex 184.4787175077107 -161.75674000000004 9
vertex 137.84627999999998 -161.75674000000004 9
endloop
endfacet
facet normal 0 0 1
outer loop
vertex 178.5000000000001 -162 9
vertex 137.84627999999998 -161.75674000000004 9
vertex 137.5 -162 9
endloop
endfacet
facet normal 0 0 1
outer loop
vertex 184.4787175077107 -161.75674000000004 9
vertex 184.46961550602444 -161.65270364466622 9
vertex 184.37938524157178 -161.31595971334852 9
endloop
endfacet
facet normal 0 0 1
outer loop
vertex 184.4787175077107 -161.75674000000004 9
vertex 184.37938524157178 -161.31595971334852 9
vertex 184.23205080756898 -161.00000000000017 9
endloop
endfacet
facet normal 0 0 1
outer loop
vertex 184.4787175077107 -161.75674000000004 9
vertex 184.23205080756898 -161.00000000000017 9
vertex 184.0320888862379 -160.71442478062687 9
endloop
endfacet
facet normal 0 0 1
outer loop
vertex 184.4787175077107 -161.75674000000004 9
vertex 184.0320888862379 -160.71442478062687 9
vertex 183.78557521937321 -160.46791111376217 9
endloop
endfacet
facet normal 0 0 1
outer loop
vertex 184.4787175077107 -161.75674000000004 9
vertex 183.78557521937321 -160.46791111376217 9
vertex 183.4999999999998 -160.26794919243102 9
endloop
endfacet
facet normal 0 0 1
outer loop
vertex 184.4787175077107 -161.75674000000004 9
vertex 183.4999999999998 -160.26794919243102 9
vertex 183.18404028665125 -160.12061475842813 9
endloop
endfacet
facet normal 0 0 1
outer loop
vertex 184.4787175077107 -161.75674000000004 9
vertex 183.18404028665125 -160.12061475842813 9
vertex 182.84729635533395 -160.0303844939756 9
endloop
endfacet
facet normal 0 0 1
outer loop
vertex 184.4787175077107 -161.75674000000004 9
vertex 182.84729635533395 -160.0303844939756 9
vertex 182.50000000000003 -160 9
endloop
endfacet
facet normal 0 0 1
outer loop
vertex 184.4787175077107 -161.75674000000004 9
vertex 182.50000000000003 -160 9
vertex 140.50000000000028 -160 9
endloop
endfacet
facet normal 0 0 1
outer loop
vertex 184.4787175077107 -161.75674000000004 9
vertex 140.50000000000028 -160 9
vertex 137.5 -160 9
endloop
endfacet
facet normal 0 0 1
outer loop
vertex 184.4787175077107 -161.75674000000004 9
vertex 137.5 -160 9
vertex 137.5 -161.00000000000017 9
endloop
endfacet
facet normal 0 0 1
outer loop
vertex 184.4787175077107 -161.75674000000004 9
vertex 137.5 -161.00000000000017 9
vertex 137.51021395450834 -161.14256428804782 9
endloop
endfacet
facet normal 0 0 1
outer loop
vertex 184.4787175077107 -161.75674000000004 9
vertex 137.51021395450834 -161.14256428804782 9
vertex 137.5406481502434 -161.2822162154361 9
endloop
endfacet
facet normal 0 0 1
outer loop
vertex 184.4787175077107 -161.75674000000004 9
vertex 137.5406481502434 -161.2822162154361 9
vertex 137.5906808500306 -161.4161028467523 9
endloop
endfacet
facet normal 0 0 1
outer loop
vertex 184.4787175077107 -161.75674000000004 9
vertex 137.5906808500306 -161.4161028467523 9
vertex 137.6592899407947 -161.54148902524827 9
endloop
endfacet
facet normal 0 0 1
outer loop
vertex 184.4787175077107 -161.75674000000004 9
vertex 137.6592899407947 -161.54148902524827 9
vertex 137.7450738142063 -161.6558132490846 9
endloop
endfacet
facet normal 0 0 1
outer loop
vertex 184.4787175077107 -161.75674000000004 9
vertex 137.7450738142063 -161.6558132490846 9
vertex 137.84627999999998 -161.75674000000004 9
endloop
endfacet
facet normal 0 0 1
outer loop
vertex 140.50000000000028 -160 9
vertex 140.3263518223331 -159.98480775301218 9
vertex 137.5 -159.98480775301218 9
endloop
endfacet
facet normal 0 0 1
outer loop
vertex 140.50000000000028 -160 9
vertex 137.5 -159.98480775301218 9
vertex 137.5 -160 9
endloop
endfacet
facet normal 0 0 1
outer loop
vertex 140.3263518223331 -159.98480775301218 9
vertex 140.15797985667427 -159.93969262078588 9
vertex 137.5 -159.93969262078588 9
endloop
endfacet
facet normal 0 0 1
outer loop
vertex 140.3263518223331 -159.98480775301218 9
vertex 137.5 -159.93969262078588 9
vertex 137.5 -159.98480775301218 9
endloop
endfacet
facet normal 0 0 1
outer loop
vertex 140.15797985667427 -159.93969262078588 9
vertex 139.99999999999994 -159.86602540378442 9
vertex 137.5 -159.86602540378442 9
endloop
endfacet
facet normal 0 0 1
outer loop
vertex 140.15797985667427 -159.93969262078588 9
vertex 137.5 -159.86602540378442 9
vertex 137.5 -159.93969262078588 9
endloop
endfacet
facet normal 0 0 1
outer loop
vertex 139.99999999999994 -159.86602540378442 9
vertex 139.8572123903135 -159.766044443119 9
vertex 137.5 -159.766044443119 9
endloop
endfacet
facet normal 0 0 1
outer loop
vertex 139.99999999999994 -159.86602540378442 9
vertex 137.5 -159.766044443119 9
vertex 137.5 -159.86602540378442 9
endloop
endfacet
facet normal 0 0 1
outer loop
vertex 139.8572123903135 -159.766044443119 9
vertex 139.73395555688103 -159.64278760968654 9
vertex 137.5 -159.64278760968654 9
endloop
endfacet
facet normal 0 0 1
outer loop
vertex 139.8572123903135 -159.766044443119 9
vertex 137.5 -159.64278760968654 9
vertex 137.5 -159.766044443119 9
endloop
endfacet
facet normal 0 0 1
outer loop
vertex 139.73395555688103 -159.64278760968654 9
vertex 139.6339745962155 -159.49999999999991 9
vertex 137.5 -159.49999999999991 9
endloop
endfacet
facet normal 0 0 1
outer loop
vertex 139.73395555688103 -159.64278760968654 9
vertex 137.5 -159.49999999999991 9
vertex 137.5 -159.64278760968654 9
endloop
endfacet
facet normal 0 0 1
outer loop
vertex 139.6339745962155 -159.49999999999991 9
vertex 139.5603073792141 -159.3420201433257 9
vertex 137.5 -159.3420201433257 9
endloop
endfacet
facet normal 0 0 1
outer loop
vertex 139.6339745962155 -159.49999999999991 9
vertex 137.5 -159.3420201433257 9
vertex 137.5 -159.49999999999991 9
endloop
endfacet
facet normal 0 0 1
outer loop
vertex 139.5603073792141 -159.3420201433257 9
vertex 139.51519224698777 -159.17364817766685 9
vertex 137.5 -159.17364817766685 9
endloop
endfacet
facet normal 0 0 1
outer loop
vertex 139.5603073792141 -159.3420201433257 9
vertex 137.5 -159.17364817766685 9
vertex 137.5 -159.3420201433257 9
endloop
endfacet
facet normal 0 0 1
outer loop
vertex 139.51519224698777 -159.17364817766685 9
vertex 139.5 -159.00000000000026 9
vertex 137.5 -159.00000000000026 9
endloop
endfacet
facet normal 0 0 1
outer loop
vertex 139.51519224698777 -159.17364817766685 9
vertex 137.5 -159.00000000000026 9
vertex 137.5 -159.17364817766685 9
endloop
endfacet
facet normal 0 0 1
outer loop
vertex 250.71309820000008 -163.37374929999984 9
vertex 255.66944179999982 -156.93626080000018 9
vertex 255.96149203963805 -156.5005649048241 9
endloop
endfacet
facet normal 0 0 1
outer loop
vertex 250.71309820000008 -163.37374929999984 9
vertex 255.96149203963805 -156.5005649048241 9
vertex 256.1940209375463 -156.0303956785912 9
endloop
endfacet
facet normal 0 0 1
outer loop
vertex 250.71309820000008 -163.37374929999984 9
vertex 256.1940209375463 -156.0303956785912 9
vertex 256.3630291315859 -155.53384253943295 9
endloop
endfacet
facet normal 0 0 1
outer loop
vertex 250.71309820000008 -163.37374929999984 9
vertex 256.3630291315859 -155.53384253943295 9
vertex 256.46561043301415 -155.01944399136258 9
endloop
endfacet
facet normal 0 0 1
outer loop
vertex 250.71309820000008 -163.37374929999984 9
vertex 256.46561043301415 -155.01944399136258 9
vertex 256.5000009 -154.4960453999993 9
endloop
endfacet
facet normal 0 0 1
outer loop
vertex 250.71309820000008 -163.37374929999984 9
vertex 256.5000009 -154.4960453999993 9
vertex 256.50000089748136 -154.34873690000003 9
endloop
endfacet
facet normal 0 0 1
outer loop
vertex 250.71309820000008 -163.37374929999984 9
vertex 256.50000089748136 -154.34873690000003 9
vertex 254.18752379999995 -154.34873690000003 9
endloop
endfacet
facet normal 0 0 1
outer loop
vertex 250.71309820000008 -163.37374929999984 9
vertex 254.18752379999995 -154.34873690000003 9
vertex 248.4467010405454 -163.37374929999984 9
endloop
endfacet
facet normal 0 0 1
outer loop
vertex 256.50000089748136 -154.34873690000003 9
vertex 256.50000089322464 -154.09977368814742 9
vertex 254.32215403931258 -154.09977368814742 9
endloop
endfacet
facet normal 0 0 1
outer loop
vertex 256.50000089748136 -154.34873690000003 9
vertex 254.32215403931258 -154.09977368814742 9
vertex 254.18752379999995 -154.34873690000003 9
endloop
endfacet
facet normal 0 0 1
outer loop
vertex 256.50000089322464 -154.09977368814742 9
vertex 256.5000008886856 -153.83429687357213 9
vertex 254.42029336121104 -153.83429687357213 9
endloop
endfacet
facet normal 0 0 1
outer loop
vertex 256.50000089322464 -154.09977368814742 9
vertex 254.42029336121104 -153.83429687357213 9
vertex 254.32215403931258 -154.09977368814742 9
endloop
endfacet
facet normal 0 0 1
outer loop
vertex 256.5000008886856 -153.83429687357213 9
vertex 256.5000008839551 -153.5576247944343 9
vertex 254.47997439844534 -153.5576247944343 9
endloop
endfacet
facet normal 0 0 1
outer loop
vertex 256.5000008886856 -153.83429687357213 9
vertex 254.47997439844534 -153.5576247944343 9
vertex 254.42029336121104 -153.83429687357213 9
endloop
endfacet
facet normal 0 0 1
outer loop
vertex 256.5000008839551 -153.5576247944343 9
vertex 256.500000879128 -153.27529844999913 9
vertex 254.50000190000003 -153.27529844999913 9
endloop
endfacet
facet normal 0 0 1
outer loop
vertex 256.5000008839551 -153.5576247944343 9
vertex 254.50000190000003 -153.27529844999913 9
vertex 254.47997439844534 -153.5576247944343 9
endloop
endfacet
facet normal 0 0 1
outer loop
vertex 256.500000879128 -153.27529844999913 9
vertex 256.5000008719846 -152.8575 9
vertex 254.50000188325913 -152.8575 9
endloop
endfacet
facet normal 0 0 1
outer loop
vertex 256.500000879128 -153.27529844999913 9
vertex 254.50000188325913 -152.8575 9
vertex 254.50000190000003 -153.27529844999913 9
endloop
endfacet
facet normal 0 0 1
outer loop
vertex 139.5 -159.00000000000026 9
vertex 139.5 -106.99999999999997 9
vertex 137.5 -106.99999999999997 9
endloop
endfacet
facet normal 0 0 1
outer loop
vertex 139.5 -159.00000000000026 9
vertex 137.5 -106.99999999999997 9
vertex 137.5 -159.00000000000026 9
endloop
endfacet
facet normal 0 0 1
outer loop
vertex 139.5 -106.99999999999997 9
vertex 139.5151922469878 -106.82635182233298 9
vertex 137.5 -106.82635182233298 9
endloop
endfacet
facet normal 0 0 1
outer loop
vertex 139.5 -106.99999999999997 9
vertex 137.5 -106.82635182233298 9
vertex 137.5 -106.99999999999997 9
endloop
endfacet
facet normal 0 0 1
outer loop
vertex 139.5151922469878 -106.82635182233298 9
vertex 139.56030737921404 -106.65797985667446 9
vertex 137.5 -106.65797985667446 9
endloop
endfacet
facet normal 0 0 1
outer loop
vertex 139.5151922469878 -106.82635182233298 9
vertex 137.5 -106.65797985667446 9
vertex 137.5 -106.82635182233298 9
endloop
endfacet
facet normal 0 0 1
outer loop
vertex 139.56030737921404 -106.65797985667446 9
vertex 139.63397459621558 -106.49999999999994 9
vertex 137.5 -106.49999999999994 9
endloop
endfacet
facet normal 0 0 1
outer loop
vertex 139.56030737921404 -106.65797985667446 9
vertex 137.5 -106.49999999999994 9
vertex 137.5 -106.65797985667446 9
endloop
endfacet
facet normal 0 0 1
outer loop
vertex 139.63397459621558 -106.49999999999994 9
vertex 139.73395555688091 -106.3572123903136 9
vertex 137.5 -106.3572123903136 9
endloop
endfacet
facet normal 0 0 1
outer loop
vertex 139.63397459621558 -106.49999999999994 9
vertex 137.5 -106.3572123903136 9
vertex 137.5 -106.49999999999994 9
endloop
endfacet
facet normal 0 0 1
outer loop
vertex 139.73395555688091 -106.3572123903136 9
vertex 139.8572123903135 -106.23395555688101 9
vertex 137.5 -106.23395555688101 9
endloop
endfacet
facet normal 0 0 1
outer loop
vertex 139.73395555688091 -106.3572123903136 9
vertex 137.5 -106.23395555688101 9
vertex 137.5 -106.3572123903136 9
endloop
endfacet
facet normal 0 0 1
outer loop
vertex 139.8572123903135 -106.23395555688101 9
vertex 139.99999999999994 -106.13397459621562 9
vertex 137.5 -106.13397459621562 9
endloop
endfacet
facet normal 0 0 1
outer loop
vertex 139.8572123903135 -106.23395555688101 9
vertex 137.5 -106.13397459621562 9
vertex 137.5 -106.23395555688101 9
endloop
endfacet
facet normal 0 0 1
outer loop
vertex 139.99999999999994 -106.13397459621562 9
vertex 140.1579798566745 -106.06030737921404 9
vertex 137.5 -106.06030737921404 9
endloop
endfacet
facet normal 0 0 1
outer loop
vertex 139.99999999999994 -106.13397459621562 9
vertex 137.5 -106.06030737921404 9
vertex 137.5 -106.13397459621562 9
endloop
endfacet
facet normal 0 0 1
outer loop
vertex 140.1579798566745 -106.06030737921404 9
vertex 140.326351822333 -106.0151922469878 9
vertex 137.5 -106.0151922469878 9
endloop
endfacet
facet normal 0 0 1
outer loop
vertex 140.1579798566745 -106.06030737921404 9
vertex 137.5 -106.0151922469878 9
vertex 137.5 -106.06030737921404 9
endloop
endfacet
facet normal 0 0 1
outer loop
vertex 140.326351822333 -106.0151922469878 9
vertex 140.49999999999991 -106 9
vertex 137.5 -106 9
endloop
endfacet
facet normal 0 0 1
outer loop
vertex 140.326351822333 -106.0151922469878 9
vertex 137.5 -106 9
vertex 137.5 -106.0151922469878 9
endloop
endfacet
facet normal 0 0 1
outer loop
vertex 256.50000073520266 -144.8575 9
vertex 256.50000006839093 -105.8575000000004 9
vertex 254.50000000000003 -105.8575000000004 9
endloop
endfacet
facet normal 0 0 1
outer loop
vertex 256.50000073520266 -144.8575 9
vertex 254.50000000000003 -105.8575000000004 9
vertex 254.5000015627044 -144.8575 9
endloop
endfacet
facet normal 0 0 1
outer loop
vertex 256.50000006839093 -105.8575000000004 9
vertex 256.50000006245295 -105.51020364466595 9
vertex 254.46961550602438 -105.51020364466595 9
endloop
endfacet
facet normal 0 0 1
outer loop
vertex 256.50000006839093 -105.8575000000004 9
vertex 254.46961550602438 -105.51020364466595 9
vertex 254.50000000000003 -105.8575000000004 9
endloop
endfacet
facet normal 0 0 1
outer loop
vertex 256.50000006245295 -105.51020364466595 9
vertex 256.5000000566954 -105.17345971334878 9
vertex 254.37938524157187 -105.17345971334878 9
endloop
endfacet
facet normal 0 0 1
outer loop
vertex 256.50000006245295 -105.51020364466595 9
vertex 254.37938524157187 -105.17345971334878 9
vertex 254.46961550602438 -105.51020364466595 9
endloop
endfacet
facet normal 0 0 1
outer loop
vertex 256.5000000566954 -105.17345971334878 9
vertex 256.5000000512932 -104.85749999999992 9
vertex 254.23205080756884 -104.85749999999992 9
endloop
endfacet
facet normal 0 0 1
outer loop
vertex 256.5000000566954 -105.17345971334878 9
vertex 254.23205080756884 -104.85749999999992 9
vertex 254.37938524157187 -105.17345971334878 9
endloop
endfacet
facet normal 0 0 1
outer loop
vertex 256.5000000512932 -104.85749999999992 9
vertex 256.5000000464105 -104.57192478062706 9
vertex 254.03208888623806 -104.57192478062706 9
endloop
endfacet
facet normal 0 0 1
outer loop
vertex 256.5000000512932 -104.85749999999992 9
vertex 254.03208888623806 -104.57192478062706 9
vertex 254.23205080756884 -104.85749999999992 9
endloop
endfacet
facet normal 0 0 1
outer loop
vertex 256.5000000464105 -104.57192478062706 9
vertex 256.50000004219567 -104.32541111376193 9
vertex 253.78557521937296 -104.32541111376193 9
endloop
endfacet
facet normal 0 0 1
outer loop
vertex 256.5000000464105 -104.57192478062706 9
vertex 253.78557521937296 -104.32541111376193 9
vertex 254.03208888623806 -104.57192478062706 9
endloop
endfacet
facet normal 0 0 1
outer loop
vertex 256.50000004219567 -104.32541111376193 9
vertex 256.5000000387768 -104.12544919243116 9
vertex 253.5000000000001 -104.12544919243116 9
endloop
endfacet
facet normal 0 0 1
outer loop
vertex 256.50000004219567 -104.32541111376193 9
vertex 253.5000000000001 -104.12544919243116 9
vertex 253.78557521937296 -104.32541111376193 9
endloop
endfacet
facet normal 0 0 1
outer loop
vertex 140.49999999999991 -106 9
vertex 156.49999999999991 -106 9
vertex 156.67364817766685 -105.9848077530122 9
endloop
endfacet
facet normal 0 0 1
outer loop
vertex 140.49999999999991 -106 9
vertex 156.67364817766685 -105.9848077530122 9
vertex 156.84202014332567 -105.93969262078589 9
endloop
endfacet
facet normal 0 0 1
outer loop
vertex 140.49999999999991 -106 9
vertex 156.84202014332567 -105.93969262078589 9
vertex 156.99999999999991 -105.86602540378446 9
endloop
endfacet
facet normal 0 0 1
outer loop
vertex 140.49999999999991 -106 9
vertex 156.99999999999991 -105.86602540378446 9
vertex 157.14278760968676 -105.76604444311877 9
endloop
endfacet
facet normal 0 0 1
outer loop
vertex 140.49999999999991 -106 9
vertex 157.14278760968676 -105.76604444311877 9
vertex 157.26604444311891 -105.64278760968662 9
endloop
endfacet
facet normal 0 0 1
outer loop
vertex 140.49999999999991 -106 9
vertex 157.26604444311891 -105.64278760968662 9
vertex 157.36602540378448 -105.49999999999996 9
endloop
endfacet
facet normal 0 0 1
outer loop
vertex 140.49999999999991 -106 9
vertex 157.36602540378448 -105.49999999999996 9
vertex 157.4396926207859 -105.34202014332568 9
endloop
endfacet
facet normal 0 0 1
outer loop
vertex 140.49999999999991 -106 9
vertex 157.4396926207859 -105.34202014332568 9
vertex 157.48480775301223 -105.1736481776668 9
endloop
endfacet
facet normal 0 0 1
outer loop
vertex 140.49999999999991 -106 9
vertex 157.48480775301223 -105.1736481776668 9
vertex 157.5 -104.9999999999998 9
endloop
endfacet
facet normal 0 0 1
outer loop
vertex 140.49999999999991 -106 9
vertex 157.5 -104.9999999999998 9
vertex 157.5 -104 9
endloop
endfacet
facet normal 0 0 1
outer loop
vertex 140.49999999999991 -106 9
vertex 157.5 -104 9
vertex 154.49999999999991 -104 9
endloop
endfacet
facet normal 0 0 1
outer loop
vertex 140.49999999999991 -106 9
vertex 154.49999999999991 -104 9
vertex 138.49999999999994 -104 9
endloop
endfacet
facet normal 0 0 1
outer loop
vertex 140.49999999999991 -106 9
vertex 138.49999999999994 -104 9
vertex 138.32635182233318 -104.01519224698778 9
endloop
endfacet
facet normal 0 0 1
outer loop
vertex 140.49999999999991 -106 9
vertex 138.32635182233318 -104.01519224698778 9
vertex 138.1579798566742 -104.06030737921415 9
endloop
endfacet
facet normal 0 0 1
outer loop
vertex 140.49999999999991 -106 9
vertex 138.1579798566742 -104.06030737921415 9
vertex 138.00000000000006 -104.13397459621552 9
endloop
endfacet
facet normal 0 0 1
outer loop
vertex 140.49999999999991 -106 9
vertex 138.00000000000006 -104.13397459621552 9
vertex 137.85721239031344 -104.23395555688106 9
endloop
endfacet
facet normal 0 0 1
outer loop
vertex 140.49999999999991 -106 9
vertex 137.85721239031344 -104.23395555688106 9
vertex 137.73395555688103 -104.35721239031348 9
endloop
endfacet
facet normal 0 0 1
outer loop
vertex 140.49999999999991 -106 9
vertex 137.73395555688103 -104.35721239031348 9
vertex 137.63397459621552 -104.50000000000004 9
endloop
endfacet
facet normal 0 0 1
outer loop
vertex 140.49999999999991 -106 9
vertex 137.63397459621552 -104.50000000000004 9
vertex 137.56030737921404 -104.65797985667444 9
endloop
endfacet
facet normal 0 0 1
outer loop
vertex 140.49999999999991 -106 9
vertex 137.56030737921404 -104.65797985667444 9
vertex 137.5151922469878 -104.82635182233292 9
endloop
endfacet
facet normal 0 0 1
outer loop
vertex 140.49999999999991 -106 9
vertex 137.5151922469878 -104.82635182233292 9
vertex 137.5 -104.9999999999998 9
endloop
endfacet
facet normal 0 0 1
outer loop
vertex 140.49999999999991 -106 9
vertex 137.5 -104.9999999999998 9
vertex 137.5 -106 9
endloop
endfacet
facet normal 0 0 1
outer loop
vertex 157.5 -104 9
vertex 157.5 -103.98480775301219 9
vertex 154.67364817766702 -103.98480775301219 9
endloop
endfacet
facet normal 0 0 1
outer loop
vertex 157.5 -104 9
vertex 154.67364817766702 -103.98480775301219 9
vertex 154.49999999999991 -104 9
endloop
endfacet
facet normal 0 0 1
outer loop
vertex 256.5000000387768 -104.12544919243116 9
vertex 256.5000000362577 -103.97811475842822 9
vertex 253.18404028665142 -103.97811475842822 9
endloop
endfacet
facet normal 0 0 1
outer loop
vertex 256.5000000387768 -104.12544919243116 9
vertex 253.18404028665142 -103.97811475842822 9
vertex 253.5000000000001 -104.12544919243116 9
endloop
endfacet
facet normal 0 0 1
outer loop
vertex 157.5 -103.98480775301219 9
vertex 157.5 -103.9396926207859 9
vertex 154.84202014332567 -103.9396926207859 9
endloop
endfacet
facet normal 0 0 1
outer loop
vertex 157.5 -103.98480775301219 9
vertex 154.84202014332567 -103.9396926207859 9
vertex 154.67364817766702 -103.98480775301219 9
endloop
endfacet
facet normal 0 0 1
outer loop
vertex 256.5000000362577 -103.97811475842822 9
vertex 256.50000003471496 -103.88788449397558 9
vertex 252.84729635533378 -103.88788449397558 9
endloop
endfacet
facet normal 0 0 1
outer loop
vertex 256.5000000362577 -103.97811475842822 9
vertex 252.84729635533378 -103.88788449397558 9
vertex 253.18404028665142 -103.97811475842822 9
endloop
endfacet
facet normal 0 0 1
outer loop
vertex 157.5 -103.9396926207859 9
vertex 157.5 -103.8660254037844 9
vertex 155.00000000000006 -103.8660254037844 9
endloop
endfacet
facet normal 0 0 1
outer loop
vertex 157.5 -103.9396926207859 9
vertex 155.00000000000006 -103.8660254037844 9
vertex 154.84202014332567 -103.9396926207859 9
endloop
endfacet
facet normal 0 0 1
outer loop
vertex 256.50000003471496 -103.88788449397558 9
vertex 256.50000003419547 -103.8575 9
vertex 252.5000000000001 -103.8575 9
endloop
endfacet
facet normal 0 0 1
outer loop
vertex 256.50000003471496 -103.88788449397558 9
vertex 252.5000000000001 -103.8575 9
vertex 252.84729635533378 -103.88788449397558 9
endloop
endfacet
facet normal 0 0 1
outer loop
vertex 157.5 -103.8660254037844 9
vertex 157.5 -103.766044443119 9
vertex 155.1427876096865 -103.766044443119 9
endloop
endfacet
facet normal 0 0 1
outer loop
vertex 157.5 -103.8660254037844 9
vertex 155.1427876096865 -103.766044443119 9
vertex 155.00000000000006 -103.8660254037844 9
endloop
endfacet
facet normal 0 0 1
outer loop
vertex 157.5 -103.766044443119 9
vertex 157.5 -103.64278760968661 9
vertex 155.2660444431189 -103.64278760968661 9
endloop
endfacet
facet normal 0 0 1
outer loop
vertex 157.5 -103.766044443119 9
vertex 155.2660444431189 -103.64278760968661 9
vertex 155.1427876096865 -103.766044443119 9
endloop
endfacet
facet normal 0 0 1
outer loop
vertex 157.5 -103.64278760968661 9
vertex 157.5 -103.49999999999982 9
vertex 155.36602540378453 -103.49999999999982 9
endloop
endfacet
facet normal 0 0 1
outer loop
vertex 157.5 -103.64278760968661 9
vertex 155.36602540378453 -103.49999999999982 9
vertex 155.2660444431189 -103.64278760968661 9
endloop
endfacet
facet normal 0 0 1
outer loop
vertex 157.5 -103.49999999999982 9
vertex 157.5 -103.3420201433257 9
vertex 155.4396926207859 -103.3420201433257 9
endloop
endfacet
facet normal 0 0 1
outer loop
vertex 157.5 -103.49999999999982 9
vertex 155.4396926207859 -103.3420201433257 9
vertex 155.36602540378453 -103.49999999999982 9
endloop
endfacet
facet normal 0 0 1
outer loop
vertex 157.5 -103.3420201433257 9
vertex 157.5 -103.17364817766698 9
vertex 155.4848077530122 -103.17364817766698 9
endloop
endfacet
facet normal 0 0 1
outer loop
vertex 157.5 -103.3420201433257 9
vertex 155.4848077530122 -103.17364817766698 9
vertex 155.4396926207859 -103.3420201433257 9
endloop
endfacet
facet normal 0 0 1
outer loop
vertex 157.5 -103.17364817766698 9
vertex 157.5 -103.00000000000013 9
vertex 155.5 -103.00000000000013 9
endloop
endfacet
facet normal 0 0 1
outer loop
vertex 157.5 -103.17364817766698 9
vertex 155.5 -103.00000000000013 9
vertex 155.4848077530122 -103.17364817766698 9
endloop
endfacet
facet normal 0 0 1
outer loop
vertex 252.5000000000001 -103.8575 9
vertex 256.50000003419547 -103.8575 9
vertex 256.5 -101.8575 9
endloop
endfacet
facet normal 0 0 1
outer loop
vertex 252.5000000000001 -103.8575 9
vertex 256.5 -101.8575 9
vertex 249.5 -101.8575 9
endloop
endfacet
facet normal 0 0 1
outer loop
vertex 252.5000000000001 -103.8575 9
vertex 249.5 -101.8575 9
vertex 249.5 -103.8575 9
endloop
endfacet
facet normal 0 0 1
outer loop
vertex 238.5 -103.8575 9
vertex 238.49999999999994 -101.8575 9
vertex 237.80540728933235 -101.79673101204885 9
endloop
endfacet
facet normal 0 0 1
outer loop
vertex 238.5 -103.8575 9
vertex 237.80540728933235 -101.79673101204885 9
vertex 232.5 -101.79673101204885 9
endloop
endfacet
facet normal 0 0 1
outer loop
vertex 238.5 -103.8575 9
vertex 232.5 -101.79673101204885 9
vertex 232.5 -101.8575 9
endloop
endfacet
facet normal 0 0 1
outer loop
vertex 238.5 -103.8575 9
vertex 232.5 -101.8575 9
vertex 232.5303844939756 -102.20479635533387 9
endloop
endfacet
facet normal 0 0 1
outer loop
vertex 238.5 -103.8575 9
vertex 232.5303844939756 -102.20479635533387 9
vertex 232.62061475842808 -102.5415402866511 9
endloop
endfacet
facet normal 0 0 1
outer loop
vertex 238.5 -103.8575 9
vertex 232.62061475842808 -102.5415402866511 9
vertex 232.76794919243113 -102.85749999999994 9
endloop
endfacet
facet normal 0 0 1
outer loop
vertex 238.5 -103.8575 9
vertex 232.76794919243113 -102.85749999999994 9
vertex 232.9679111137621 -103.14307521937312 9
endloop
endfacet
facet normal 0 0 1
outer loop
vertex 238.5 -103.8575 9
vertex 232.9679111137621 -103.14307521937312 9
vertex 233.2144247806269 -103.38958888623793 9
endloop
endfacet
facet normal 0 0 1
outer loop
vertex 238.5 -103.8575 9
vertex 233.2144247806269 -103.38958888623793 9
vertex 233.50000000000006 -103.58955080756893 9
endloop
endfacet
facet normal 0 0 1
outer loop
vertex 238.5 -103.8575 9
vertex 233.50000000000006 -103.58955080756893 9
vertex 233.81595971334855 -103.73688524157178 9
endloop
endfacet
facet normal 0 0 1
outer loop
vertex 238.5 -103.8575 9
vertex 233.81595971334855 -103.73688524157178 9
vertex 234.15270364466616 -103.82711550602441 9
endloop
endfacet
facet normal 0 0 1
outer loop
vertex 238.5 -103.8575 9
vertex 234.15270364466616 -103.82711550602441 9
vertex 234.49999999999997 -103.8575 9
endloop
endfacet
facet normal 0 0 1
outer loop
vertex 237.80540728933235 -101.79673101204885 9
vertex 237.13191942669732 -101.61627048314364 9
vertex 232.5 -101.61627048314364 9
endloop
endfacet
facet normal 0 0 1
outer loop
vertex 237.80540728933235 -101.79673101204885 9
vertex 232.5 -101.61627048314364 9
vertex 232.5 -101.79673101204885 9
endloop
endfacet
facet normal 0 0 1
outer loop
vertex 237.13191942669732 -101.61627048314364 9
vertex 236.50000000000006 -101.32160161513778 9
vertex 232.5 -101.32160161513778 9
endloop
endfacet
facet normal 0 0 1
outer loop
vertex 237.13191942669732 -101.61627048314364 9
vertex 232.5 -101.32160161513778 9
vertex 232.5 -101.61627048314364 9
endloop
endfacet
facet normal 0 0 1
outer loop
vertex 236.50000000000006 -101.32160161513778 9
vertex 235.92884956125368 -100.92167777247577 9
vertex 232.5 -100.92167777247577 9
endloop
endfacet
facet normal 0 0 1
outer loop
vertex 236.50000000000006 -101.32160161513778 9
vertex 232.5 -100.92167777247577 9
vertex 232.5 -101.32160161513778 9
endloop
endfacet
facet normal 0 0 1
outer loop
vertex 235.92884956125368 -100.92167777247577 9
vertex 235.4358222275241 -100.42865043874619 9
vertex 232.5 -100.42865043874619 9
endloop
endfacet
facet normal 0 0 1
outer loop
vertex 235.92884956125368 -100.92167777247577 9
vertex 232.5 -100.42865043874619 9
vertex 232.5 -100.92167777247577 9
endloop
endfacet
facet normal 0 0 1
outer loop
vertex 235.4358222275241 -100.42865043874619 9
vertex 235.03589838486218 -99.8574999999999 9
vertex 232.5 -99.8574999999999 9
endloop
endfacet
facet normal 0 0 1
outer loop
vertex 235.4358222275241 -100.42865043874619 9
vertex 232.5 -99.8574999999999 9
vertex 232.5 -100.42865043874619 9
endloop
endfacet
facet normal 0 0 1
outer loop
vertex 235.03589838486218 -99.8574999999999 9
vertex 234.7412295168564 -99.22558057330279 9
vertex 232.5 -99.22558057330279 9
endloop
endfacet
facet normal 0 0 1
outer loop
vertex 235.03589838486218 -99.8574999999999 9
vertex 232.5 -99.22558057330279 9
vertex 232.5 -99.8574999999999 9
endloop
endfacet
facet normal 0 0 1
outer loop
vertex 234.7412295168564 -99.22558057330279 9
vertex 234.56076898795115 -98.55209271066752 9
vertex 232.5 -98.55209271066752 9
endloop
endfacet
facet normal 0 0 1
outer loop
vertex 234.7412295168564 -99.22558057330279 9
vertex 232.5 -98.55209271066752 9
vertex 232.5 -99.22558057330279 9
endloop
endfacet
facet normal 0 0 1
outer loop
vertex 234.56076898795115 -98.55209271066752 9
vertex 234.5 -97.85750000000013 9
vertex 232.5 -97.85750000000013 9
endloop
endfacet
facet normal 0 0 1
outer loop
vertex 234.56076898795115 -98.55209271066752 9
vertex 232.5 -97.85750000000013 9
vertex 232.5 -98.55209271066752 9
endloop
endfacet
facet normal 0 0 1
outer loop
vertex 234.5 -97.85750000000013 9
vertex 234.5 -95.85750000000003 9
vertex 232.5 -95.85750000000003 9
endloop
endfacet
facet normal 0 0 1
outer loop
vertex 234.5 -97.85750000000013 9
vertex 232.5 -95.85750000000003 9
vertex 232.5 -97.85750000000013 9
endloop
endfacet
facet normal 0 0 1
outer loop
vertex 234.5 -95.85750000000003 9
vertex 234.5 -95.68385182233301 9
vertex 232.4848077530122 -95.68385182233301 9
endloop
endfacet
facet normal 0 0 1
outer loop
vertex 234.5 -95.85750000000003 9
vertex 232.4848077530122 -95.68385182233301 9
vertex 232.5 -95.85750000000003 9
endloop
endfacet
facet normal 0 0 1
outer loop
vertex 234.5 -95.68385182233301 9
vertex 234.5 -95.51547985667442 9
vertex 232.43969262078593 -95.51547985667442 9
endloop
endfacet
facet normal 0 0 1
outer loop
vertex 234.5 -95.68385182233301 9
vertex 232.43969262078593 -95.51547985667442 9
vertex 232.4848077530122 -95.68385182233301 9
endloop
endfacet
facet normal 0 0 1
outer loop
vertex 234.5 -95.51547985667442 9
vertex 234.5 -95.3574999999999 9
vertex 232.3660254037844 -95.3574999999999 9
endloop
endfacet
facet normal 0 0 1
outer loop
vertex 234.5 -95.51547985667442 9
vertex 232.3660254037844 -95.3574999999999 9
vertex 232.43969262078593 -95.51547985667442 9
endloop
endfacet
facet normal 0 0 1
outer loop
vertex 234.5 -95.3574999999999 9
vertex 234.5 -95.21471239031344 9
vertex 232.26604444311897 -95.21471239031344 9
endloop
endfacet
facet normal 0 0 1
outer loop
vertex 234.5 -95.3574999999999 9
vertex 232.26604444311897 -95.21471239031344 9
vertex 232.3660254037844 -95.3574999999999 9
endloop
endfacet
facet normal 0 0 1
outer loop
vertex 234.5 -95.21471239031344 9
vertex 234.5 -95.09145555688112 9
vertex 232.14278760968665 -95.09145555688112 9
endloop
endfacet
facet normal 0 0 1
outer loop
vertex 234.5 -95.21471239031344 9
vertex 232.14278760968665 -95.09145555688112 9
vertex 232.26604444311897 -95.21471239031344 9
endloop
endfacet
facet normal 0 0 1
outer loop
vertex 234.5 -95.09145555688112 9
vertex 234.5 -94.9914745962156 9
vertex 232.00000000000003 -94.9914745962156 9
endloop
endfacet
facet normal 0 0 1
outer loop
vertex 234.5 -95.09145555688112 9
vertex 232.00000000000003 -94.9914745962156 9
vertex 232.14278760968665 -95.09145555688112 9
endloop
endfacet
facet normal 0 0 1
outer loop
vertex 234.5 -94.9914745962156 9
vertex 234.5 -94.91780737921407 9
vertex 231.84202014332558 -94.91780737921407 9
endloop
endfacet
facet normal 0 0 1
outer loop
vertex 234.5 -94.9914745962156 9
vertex 231.84202014332558 -94.91780737921407 9
vertex 232.00000000000003 -94.9914745962156 9
endloop
endfacet
facet normal 0 0 1
outer loop
vertex 234.5 -94.91780737921407 9
vertex 234.5 -94.8726922469878 9
vertex 231.67364817766696 -94.8726922469878 9
endloop
endfacet
facet normal 0 0 1
outer loop
vertex 234.5 -94.91780737921407 9
vertex 231.67364817766696 -94.8726922469878 9
vertex 231.84202014332558 -94.91780737921407 9
endloop
endfacet
facet normal 0 0 1
outer loop
vertex 234.5 -94.8726922469878 9
vertex 234.5 -94.8575 9
vertex 231.5000000000001 -94.8575 9
endloop
endfacet
facet normal 0 0 1
outer loop
vertex 234.5 -94.8726922469878 9
vertex 231.5000000000001 -94.8575 9
vertex 231.67364817766696 -94.8726922469878 9
endloop
endfacet
facet normal 0 0 1
outer loop
vertex 157.5 -103.00000000000013 9
vertex 157.5 -92.99999999999966 9
vertex 155.5 -92.99999999999966 9
endloop
endfacet
facet normal 0 0 1
outer loop
vertex 157.5 -103.00000000000013 9
vertex 155.5 -92.99999999999966 9
vertex 155.5 -103.00000000000013 9
endloop
endfacet
facet normal 0 0 1
outer loop
vertex 231.5000000000001 -94.8575 9
vertex 234.5 -94.8575 9
vertex 234.5 -93.85750000000009 9
endloop
endfacet
facet normal 0 0 1
outer loop
vertex 231.5000000000001 -94.8575 9
vertex 234.5 -93.85750000000009 9
vertex 234.48480775301223 -93.68385182233321 9
endloop
endfacet
facet normal 0 0 1
outer loop
vertex 231.5000000000001 -94.8575 9
vertex 234.48480775301223 -93.68385182233321 9
vertex 234.4396926207859 -93.51547985667433 9
endloop
endfacet
facet normal 0 0 1
outer loop
vertex 231.5000000000001 -94.8575 9
vertex 234.4396926207859 -93.51547985667433 9
vertex 234.36602540378442 -93.35749999999994 9
endloop
endfacet
facet normal 0 0 1
outer loop
vertex 231.5000000000001 -94.8575 9
vertex 234.36602540378442 -93.35749999999994 9
vertex 234.26604444311906 -93.21471239031357 9
endloop
endfacet
facet normal 0 0 1
outer loop
vertex 231.5000000000001 -94.8575 9
vertex 234.26604444311906 -93.21471239031357 9
vertex 234.1427876096865 -93.09145555688102 9
endloop
endfacet
facet normal 0 0 1
outer loop
vertex 231.5000000000001 -94.8575 9
vertex 234.1427876096865 -93.09145555688102 9
vertex 234.01217553842093 -92.99999999999966 9
endloop
endfacet
facet normal 0 0 1
outer loop
vertex 231.5000000000001 -94.8575 9
vertex 234.01217553842093 -92.99999999999966 9
vertex 214.5 -92.99999999999966 9
endloop
endfacet
facet normal 0 0 1
outer loop
vertex 231.5000000000001 -94.8575 9
vertex 214.5 -92.99999999999966 9
vertex 214.5 -93.85750000000009 9
endloop
endfacet
facet normal 0 0 1
outer loop
vertex 231.5000000000001 -94.8575 9
vertex 214.5 -93.85750000000009 9
vertex 214.5151922469878 -94.03114817766705 9
endloop
endfacet
facet normal 0 0 1
outer loop
vertex 231.5000000000001 -94.8575 9
vertex 214.5151922469878 -94.03114817766705 9
vertex 214.56030737921404 -94.19952014332554 9
endloop
endfacet
facet normal 0 0 1
outer loop
vertex 231.5000000000001 -94.8575 9
vertex 214.56030737921404 -94.19952014332554 9
vertex 214.63397459621555 -94.3575 9
endloop
endfacet
facet normal 0 0 1
outer loop
vertex 231.5000000000001 -94.8575 9
vertex 214.63397459621555 -94.3575 9
vertex 214.73395555688109 -94.5002876096866 9
endloop
endfacet
facet normal 0 0 1
outer loop
vertex 231.5000000000001 -94.8575 9
vertex 214.73395555688109 -94.5002876096866 9
vertex 214.85721239031346 -94.62354444311897 9
endloop
endfacet
facet normal 0 0 1
outer loop
vertex 231.5000000000001 -94.8575 9
vertex 214.85721239031346 -94.62354444311897 9
vertex 215.00000000000009 -94.72352540378449 9
endloop
endfacet
facet normal 0 0 1
outer loop
vertex 231.5000000000001 -94.8575 9
vertex 215.00000000000009 -94.72352540378449 9
vertex 215.15797985667433 -94.79719262078592 9
endloop
endfacet
facet normal 0 0 1
outer loop
vertex 231.5000000000001 -94.8575 9
vertex 215.15797985667433 -94.79719262078592 9
vertex 215.32635182233307 -94.84230775301222 9
endloop
endfacet
facet normal 0 0 1
outer loop
vertex 231.5000000000001 -94.8575 9
vertex 215.32635182233307 -94.84230775301222 9
vertex 215.4999999999999 -94.8575 9
endloop
endfacet
facet normal 0 0 1
outer loop
vertex 234.01217553842093 -92.99999999999966 9
vertex 234.00000000000009 -92.99147459621561 9
vertex 233.84202014332567 -92.91780737921411 9
endloop
endfacet
facet normal 0 0 1
outer loop
vertex 234.01217553842093 -92.99999999999966 9
vertex 233.84202014332567 -92.91780737921411 9
vertex 233.67364817766696 -92.87269224698781 9
endloop
endfacet
facet normal 0 0 1
outer loop
vertex 234.01217553842093 -92.99999999999966 9
vertex 233.67364817766696 -92.87269224698781 9
vertex 233.4999999999999 -92.8575 9
endloop
endfacet
facet normal 0 0 1
outer loop
vertex 234.01217553842093 -92.99999999999966 9
vertex 233.4999999999999 -92.8575 9
vertex 217.50000000000009 -92.8575 9
endloop
endfacet
facet normal 0 0 1
outer loop
vertex 234.01217553842093 -92.99999999999966 9
vertex 217.50000000000009 -92.8575 9
vertex 214.48753286544758 -92.8575 9
endloop
endfacet
facet normal 0 0 1
outer loop
vertex 234.01217553842093 -92.99999999999966 9
vertex 214.48753286544758 -92.8575 9
vertex 214.5 -92.99999999999966 9
endloop
endfacet
facet normal 0 0 1
outer loop
vertex 217.50000000000009 -92.8575 9
vertex 217.32635182233298 -92.8423077530122 9
vertex 214.48620371606265 -92.8423077530122 9
endloop
endfacet
facet normal 0 0 1
outer loop
vertex 217.50000000000009 -92.8575 9
vertex 214.48620371606265 -92.8423077530122 9
vertex 214.48753286544758 -92.8575 9
endloop
endfacet
facet normal 0 0 1
outer loop
vertex 157.5 -92.99999999999966 9
vertex 157.5151922469878 -92.82635182233312 9
vertex 155.5 -92.82635182233312 9
endloop
endfacet
facet normal 0 0 1
outer loop
vertex 157.5 -92.99999999999966 9
vertex 155.5 -92.82635182233312 9
vertex 155.5 -92.99999999999966 9
endloop
endfacet
facet normal 0 0 1
outer loop
vertex 217.32635182233298 -92.8423077530122 9
vertex 217.26680347835665 -92.82635182233312 9
vertex 214.48480775301223 -92.82635182233312 9
endloop
endfacet
facet normal 0 0 1
outer loop
vertex 217.32635182233298 -92.8423077530122 9
vertex 214.48480775301223 -92.82635182233312 9
vertex 214.48620371606265 -92.8423077530122 9
endloop
endfacet
facet normal 0 0 1
outer loop
vertex 217.26680347835665 -92.82635182233312 9
vertex 217.15797985667442 -92.79719262078594 9
vertex 214.47699456850572 -92.79719262078594 9
endloop
endfacet
facet normal 0 0 1
outer loop
vertex 217.26680347835665 -92.82635182233312 9
vertex 214.47699456850572 -92.79719262078594 9
vertex 214.48480775301223 -92.82635182233312 9
endloop
endfacet
facet normal 0 0 1
outer loop
vertex 217.15797985667442 -92.79719262078594 9
vertex 217.00000000000003 -92.72352540378444 9
vertex 214.45725549720152 -92.72352540378444 9
endloop
endfacet
facet normal 0 0 1
outer loop
vertex 217.15797985667442 -92.79719262078594 9
vertex 214.45725549720152 -92.72352540378444 9
vertex 214.47699456850572 -92.79719262078594 9
endloop
endfacet
facet normal 0 0 1
outer loop
vertex 157.5151922469878 -92.82635182233312 9
vertex 157.5603073792141 -92.65797985667429 9
vertex 155.5 -92.65797985667429 9
endloop
endfacet
facet normal 0 0 1
outer loop
vertex 157.5151922469878 -92.82635182233312 9
vertex 155.5 -92.65797985667429 9
vertex 155.5 -92.82635182233312 9
endloop
endfacet
facet normal 0 0 1
outer loop
vertex 217.00000000000003 -92.72352540378444 9
vertex 216.90639125754385 -92.65797985667429 9
vertex 214.4396926207859 -92.65797985667429 9
endloop
endfacet
facet normal 0 0 1
outer loop
vertex 217.00000000000003 -92.72352540378444 9
vertex 214.4396926207859 -92.65797985667429 9
vertex 214.45725549720152 -92.72352540378444 9
endloop
endfacet
facet normal 0 0 1
outer loop
vertex 216.90639125754385 -92.65797985667429 9
vertex 216.8572123903134 -92.62354444311892 9
vertex 214.4236351237333 -92.62354444311892 9
endloop
endfacet
facet normal 0 0 1
outer loop
vertex 216.90639125754385 -92.65797985667429 9
vertex 214.4236351237333 -92.62354444311892 9
vertex 214.4396926207859 -92.65797985667429 9
endloop
endfacet
facet normal 0 0 1
outer loop
vertex 216.8572123903134 -92.62354444311892 9
vertex 216.73395555688109 -92.5002876096866 9
vertex 214.3661595183839 -92.5002876096866 9
endloop
endfacet
facet normal 0 0 1
outer loop
vertex 216.8572123903134 -92.62354444311892 9
vertex 214.3661595183839 -92.5002876096866 9
vertex 214.4236351237333 -92.62354444311892 9
endloop
endfacet
facet normal 0 0 1
outer loop
vertex 157.5603073792141 -92.65797985667429 9
vertex 157.63397459621564 -92.5000000000002 9
vertex 155.5 -92.5000000000002 9
endloop
endfacet
facet normal 0 0 1
outer loop
vertex 157.5603073792141 -92.65797985667429 9
vertex 155.5 -92.5000000000002 9
vertex 155.5 -92.65797985667429 9
endloop
endfacet
facet normal 0 0 1
outer loop
vertex 216.73395555688109 -92.5002876096866 9
vertex 216.7337541704106 -92.5000000000002 9
vertex 214.3660254037846 -92.5000000000002 9
endloop
endfacet
facet normal 0 0 1
outer loop
vertex 216.73395555688109 -92.5002876096866 9
vertex 214.3660254037846 -92.5000000000002 9
vertex 214.3661595183839 -92.5002876096866 9
endloop
endfacet
facet normal 0 0 1
outer loop
vertex 216.7337541704106 -92.5000000000002 9
vertex 216.63397459621558 -92.3575 9
vertex 214.26624582958956 -92.3575 9
endloop
endfacet
facet normal 0 0 1
outer loop
vertex 216.7337541704106 -92.5000000000002 9
vertex 214.26624582958956 -92.3575 9
vertex 214.3660254037846 -92.5000000000002 9
endloop
endfacet
facet normal 0 0 1
outer loop
vertex 157.63397459621564 -92.5000000000002 9
vertex 157.733955556881 -92.35721239031348 9
vertex 155.5 -92.35721239031348 9
endloop
endfacet
facet normal 0 0 1
outer loop
vertex 157.63397459621564 -92.5000000000002 9
vertex 155.5 -92.35721239031348 9
vertex 155.5 -92.5000000000002 9
endloop
endfacet
facet normal 0 0 1
outer loop
vertex 216.63397459621558 -92.3575 9
vertex 216.6338404816162 -92.35721239031348 9
vertex 214.266044443119 -92.35721239031348 9
endloop
endfacet
facet normal 0 0 1
outer loop
vertex 216.63397459621558 -92.3575 9
vertex 214.266044443119 -92.35721239031348 9
vertex 214.26624582958956 -92.3575 9
endloop
endfacet
facet normal 0 0 1
outer loop
vertex 157.733955556881 -92.35721239031348 9
vertex 157.85721239031326 -92.233955556881 9
vertex 155.5 -92.233955556881 9
endloop
endfacet
facet normal 0 0 1
outer loop
vertex 157.733955556881 -92.35721239031348 9
vertex 155.5 -92.233955556881 9
vertex 155.5 -92.35721239031348 9
endloop
endfacet
facet normal 0 0 1
outer loop
vertex 216.6338404816162 -92.35721239031348 9
vertex 216.5763648762667 -92.233955556881 9
vertex 214.1427876096865 -92.233955556881 9
endloop
endfacet
facet normal 0 0 1
outer loop
vertex 216.6338404816162 -92.35721239031348 9
vertex 214.1427876096865 -92.233955556881 9
vertex 214.266044443119 -92.35721239031348 9
endloop
endfacet
facet normal 0 0 1
outer loop
vertex 216.5763648762667 -92.233955556881 9
vertex 216.56030737921398 -92.19952014332539 9
vertex 214.09360874245573 -92.19952014332539 9
endloop
endfacet
facet normal 0 0 1
outer loop
vertex 216.5763648762667 -92.233955556881 9
vertex 214.09360874245573 -92.19952014332539 9
vertex 214.1427876096865 -92.233955556881 9
endloop
endfacet
facet normal 0 0 1
outer loop
vertex 157.85721239031326 -92.233955556881 9
vertex 158.0000000000001 -92.1339745962156 9
vertex 155.5 -92.1339745962156 9
endloop
endfacet
facet normal 0 0 1
outer loop
vertex 157.85721239031326 -92.233955556881 9
vertex 155.5 -92.1339745962156 9
vertex 155.5 -92.233955556881 9
endloop
endfacet
facet normal 0 0 1
outer loop
vertex 216.56030737921398 -92.19952014332539 9
vertex 216.54274450279846 -92.1339745962156 9
vertex 214.00000000000006 -92.1339745962156 9
endloop
endfacet
facet normal 0 0 1
outer loop
vertex 216.56030737921398 -92.19952014332539 9
vertex 214.00000000000006 -92.1339745962156 9
vertex 214.09360874245573 -92.19952014332539 9
endloop
endfacet
facet normal 0 0 1
outer loop
vertex 158.0000000000001 -92.1339745962156 9
vertex 158.1579798566743 -92.06030737921411 9
vertex 155.5 -92.06030737921411 9
endloop
endfacet
facet normal 0 0 1
outer loop
vertex 158.0000000000001 -92.1339745962156 9
vertex 155.5 -92.06030737921411 9
vertex 155.5 -92.1339745962156 9
endloop
endfacet
facet normal 0 0 1
outer loop
vertex 216.54274450279846 -92.1339745962156 9
vertex 216.52300543149428 -92.06030737921411 9
vertex 213.8420201433257 -92.06030737921411 9
endloop
endfacet
facet normal 0 0 1
outer loop
vertex 216.54274450279846 -92.1339745962156 9
vertex 213.8420201433257 -92.06030737921411 9
vertex 214.00000000000006 -92.1339745962156 9
endloop
endfacet
facet normal 0 0 1
outer loop
vertex 216.52300543149428 -92.06030737921411 9
vertex 216.51519224698782 -92.03114817766706 9
vertex 213.73319652164398 -92.03114817766706 9
endloop
endfacet
facet normal 0 0 1
outer loop
vertex 216.52300543149428 -92.06030737921411 9
vertex 213.73319652164398 -92.03114817766706 9
vertex 213.8420201433257 -92.06030737921411 9
endloop
endfacet
facet normal 0 0 1
outer loop
vertex 158.1579798566743 -92.06030737921411 9
vertex 158.32635182233315 -92.01519224698781 9
vertex 155.5 -92.01519224698781 9
endloop
endfacet
facet normal 0 0 1
outer loop
vertex 158.1579798566743 -92.06030737921411 9
vertex 155.5 -92.01519224698781 9
vertex 155.5 -92.06030737921411 9
endloop
endfacet
facet normal 0 0 1
outer loop
vertex 216.51519224698782 -92.03114817766706 9
vertex 216.51379628393738 -92.01519224698781 9
vertex 213.67364817766696 -92.01519224698781 9
endloop
endfacet
facet normal 0 0 1
outer loop
vertex 216.51519224698782 -92.03114817766706 9
vertex 213.67364817766696 -92.01519224698781 9
vertex 213.73319652164398 -92.03114817766706 9
endloop
endfacet
facet normal 0 0 1
outer loop
vertex 158.32635182233315 -92.01519224698781 9
vertex 158.49999999999991 -92 9
vertex 155.5 -92 9
endloop
endfacet
facet normal 0 0 1
outer loop
vertex 158.32635182233315 -92.01519224698781 9
vertex 155.5 -92 9
vertex 155.5 -92.01519224698781 9
endloop
endfacet
facet normal 0 0 1
outer loop
vertex 216.51379628393738 -92.01519224698781 9
vertex 216.51246713455248 -92 9
vertex 213.49999999999986 -92 9
endloop
endfacet
facet normal 0 0 1
outer loop
vertex 216.51379628393738 -92.01519224698781 9
vertex 213.49999999999986 -92 9
vertex 213.67364817766696 -92.01519224698781 9
endloop
endfacet
facet normal 0 0 1
outer loop
vertex 213.49999999999986 -92 9
vertex 216.51246713455248 -92 9
vertex 216.5 -91.85749999999958 9
endloop
endfacet
facet normal 0 0 1
outer loop
vertex 213.49999999999986 -92 9
vertex 216.5 -91.85749999999958 9
vertex 196.98782446157796 -91.85749999999958 9
endloop
endfacet
facet normal 0 0 1
outer loop
vertex 213.49999999999986 -92 9
vertex 196.98782446157796 -91.85749999999958 9
vertex 196.99999999999994 -91.8660254037844 9
endloop
endfacet
facet normal 0 0 1
outer loop
vertex 213.49999999999986 -92 9
vertex 196.99999999999994 -91.8660254037844 9
vertex 197.15797985667442 -91.93969262078593 9
endloop
endfacet
facet normal 0 0 1
outer loop
vertex 213.49999999999986 -92 9
vertex 197.15797985667442 -91.93969262078593 9
vertex 197.32635182233298 -91.98480775301219 9
endloop
endfacet
facet normal 0 0 1
outer loop
vertex 213.49999999999986 -92 9
vertex 197.32635182233298 -91.98480775301219 9
vertex 197.50000000000014 -92 9
endloop
endfacet
facet normal 0 0 1
outer loop
vertex 158.49999999999991 -92 9
vertex 174.50000000000003 -92 9
vertex 174.67364817766693 -91.98480775301219 9
endloop
endfacet
facet normal 0 0 1
outer loop
vertex 158.49999999999991 -92 9
vertex 174.67364817766693 -91.98480775301219 9
vertex 174.8420201433257 -91.93969262078593 9
endloop
endfacet
facet normal 0 0 1
outer loop
vertex 158.49999999999991 -92 9
vertex 174.8420201433257 -91.93969262078593 9
vertex 175.00000000000006 -91.8660254037844 9
endloop
endfacet
facet normal 0 0 1
outer loop
vertex 158.49999999999991 -92 9
vertex 175.00000000000006 -91.8660254037844 9
vertex 175.14278760968642 -91.76604444311903 9
endloop
endfacet
facet normal 0 0 1
outer loop
vertex 158.49999999999991 -92 9
vertex 175.14278760968642 -91.76604444311903 9
vertex 175.26604444311894 -91.64278760968654 9
endloop
endfacet
facet normal 0 0 1
outer loop
vertex 158.49999999999991 -92 9
vertex 175.26604444311894 -91.64278760968654 9
vertex 175.36602540378445 -91.49999999999993 9
endloop
endfacet
facet normal 0 0 1
outer loop
vertex 158.49999999999991 -92 9
vertex 175.36602540378445 -91.49999999999993 9
vertex 175.43969262078585 -91.3420201433259 9
endloop
endfacet
facet normal 0 0 1
outer loop
vertex 158.49999999999991 -92 9
vertex 175.43969262078585 -91.3420201433259 9
vertex 175.48480775301223 -91.17364817766662 9
endloop
endfacet
facet normal 0 0 1
outer loop
vertex 158.49999999999991 -92 9
vertex 175.48480775301223 -91.17364817766662 9
vertex 175.5 -91.00000000000017 9
endloop
endfacet
facet normal 0 0 1
outer loop
vertex 158.49999999999991 -92 9
vertex 175.5 -91.00000000000017 9
vertex 175.5 -90 9
endloop
endfacet
facet normal 0 0 1
outer loop
vertex 158.49999999999991 -92 9
vertex 175.5 -90 9
vertex 172.4999999999999 -90 9
endloop
endfacet
facet normal 0 0 1
outer loop
vertex 158.49999999999991 -92 9
vertex 172.4999999999999 -90 9
vertex 156.50000000000009 -90 9
endloop
endfacet
facet normal 0 0 1
outer loop
vertex 158.49999999999991 -92 9
vertex 156.50000000000009 -90 9
vertex 156.3263518223331 -90.0151922469878 9
endloop
endfacet
facet normal 0 0 1
outer loop
vertex 158.49999999999991 -92 9
vertex 156.3263518223331 -90.0151922469878 9
vertex 156.15797985667425 -90.0603073792141 9
endloop
endfacet
facet normal 0 0 1
outer loop
vertex 158.49999999999991 -92 9
vertex 156.15797985667425 -90.0603073792141 9
vertex 156.0000000000001 -90.13397459621561 9
endloop
endfacet
facet normal 0 0 1
outer loop
vertex 158.49999999999991 -92 9
vertex 156.0000000000001 -90.13397459621561 9
vertex 155.85721239031332 -90.23395555688099 9
endloop
endfacet
facet normal 0 0 1
outer loop
vertex 158.49999999999991 -92 9
vertex 155.85721239031332 -90.23395555688099 9
vertex 155.73395555688106 -90.35721239031342 9
endloop
endfacet
facet normal 0 0 1
outer loop
vertex 158.49999999999991 -92 9
vertex 155.73395555688106 -90.35721239031342 9
vertex 155.63397459621547 -90.50000000000014 9
endloop
endfacet
facet normal 0 0 1
outer loop
vertex 158.49999999999991 -92 9
vertex 155.63397459621547 -90.50000000000014 9
vertex 155.56030737921418 -90.65797985667444 9
endloop
endfacet
facet normal 0 0 1
outer loop
vertex 158.49999999999991 -92 9
vertex 155.56030737921418 -90.65797985667444 9
vertex 155.51519224698785 -90.82635182233281 9
endloop
endfacet
facet normal 0 0 1
outer loop
vertex 158.49999999999991 -92 9
vertex 155.51519224698785 -90.82635182233281 9
vertex 155.5 -91.00000000000017 9
endloop
endfacet
facet normal 0 0 1
outer loop
vertex 158.49999999999991 -92 9
vertex 155.5 -91.00000000000017 9
vertex 155.5 -92 9
endloop
endfacet
facet normal 0 0 1
outer loop
vertex 216.5 -91.85749999999958 9
vertex 216.5 -91.00000000000017 9
vertex 216.48480775301218 -90.82635182233281 9
endloop
endfacet
facet normal 0 0 1
outer loop
vertex 216.5 -91.85749999999958 9
vertex 216.48480775301218 -90.82635182233281 9
vertex 216.43969262078596 -90.65797985667444 9
endloop
endfacet
facet normal 0 0 1
outer loop
vertex 216.5 -91.85749999999958 9
vertex 216.43969262078596 -90.65797985667444 9
vertex 216.36602540378453 -90.50000000000014 9
endloop
endfacet
facet normal 0 0 1
outer loop
vertex 216.5 -91.85749999999958 9
vertex 216.36602540378453 -90.50000000000014 9
vertex 216.26604444311891 -90.35721239031342 9
endloop
endfacet
facet normal 0 0 1
outer loop
vertex 216.5 -91.85749999999958 9
vertex 216.26604444311891 -90.35721239031342 9
vertex 216.14278760968648 -90.23395555688099 9
endloop
endfacet
facet normal 0 0 1
outer loop
vertex 216.5 -91.85749999999958 9
vertex 216.14278760968648 -90.23395555688099 9
vertex 216.00000000000006 -90.13397459621561 9
endloop
endfacet
facet normal 0 0 1
outer loop
vertex 216.5 -91.85749999999958 9
vertex 216.00000000000006 -90.13397459621561 9
vertex 215.8420201433256 -90.0603073792141 9
endloop
endfacet
facet normal 0 0 1
outer loop
vertex 216.5 -91.85749999999958 9
vertex 215.8420201433256 -90.0603073792141 9
vertex 215.6736481776669 -90.0151922469878 9
endloop
endfacet
facet normal 0 0 1
outer loop
vertex 216.5 -91.85749999999958 9
vertex 215.6736481776669 -90.0151922469878 9
vertex 215.49999999999997 -90 9
endloop
endfacet
facet normal 0 0 1
outer loop
vertex 216.5 -91.85749999999958 9
vertex 215.49999999999997 -90 9
vertex 199.49999999999994 -90 9
endloop
endfacet
facet normal 0 0 1
outer loop
vertex 216.5 -91.85749999999958 9
vertex 199.49999999999994 -90 9
vertex 196.5 -90 9
endloop
endfacet
facet normal 0 0 1
outer loop
vertex 216.5 -91.85749999999958 9
vertex 196.5 -90 9
vertex 196.5 -91.00000000000017 9
endloop
endfacet
facet normal 0 0 1
outer loop
vertex 216.5 -91.85749999999958 9
vertex 196.5 -91.00000000000017 9
vertex 196.51519224698774 -91.17364817766662 9
endloop
endfacet
facet normal 0 0 1
outer loop
vertex 216.5 -91.85749999999958 9
vertex 196.51519224698774 -91.17364817766662 9
vertex 196.56030737921418 -91.3420201433259 9
endloop
endfacet
facet normal 0 0 1
outer loop
vertex 216.5 -91.85749999999958 9
vertex 196.56030737921418 -91.3420201433259 9
vertex 196.6339745962155 -91.49999999999993 9
endloop
endfacet
facet normal 0 0 1
outer loop
vertex 216.5 -91.85749999999958 9
vertex 196.6339745962155 -91.49999999999993 9
vertex 196.73395555688103 -91.64278760968654 9
endloop
endfacet
facet normal 0 0 1
outer loop
vertex 216.5 -91.85749999999958 9
vertex 196.73395555688103 -91.64278760968654 9
vertex 196.85721239031352 -91.76604444311903 9
endloop
endfacet
facet normal 0 0 1
outer loop
vertex 216.5 -91.85749999999958 9
vertex 196.85721239031352 -91.76604444311903 9
vertex 196.98782446157796 -91.85749999999958 9
endloop
endfacet
facet normal 0 0 1
outer loop
vertex 175.5 -90 9
vertex 175.5 -89.9848077530122 9
vertex 172.67364817766705 -89.9848077530122 9
endloop
endfacet
facet normal 0 0 1
outer loop
vertex 175.5 -90 9
vertex 172.67364817766705 -89.9848077530122 9
vertex 172.4999999999999 -90 9
endloop
endfacet
facet normal 0 0 1
outer loop
vertex 199.49999999999994 -90 9
vertex 199.326351822333 -89.9848077530122 9
vertex 196.5 -89.9848077530122 9
endloop
endfacet
facet normal 0 0 1
outer loop
vertex 199.49999999999994 -90 9
vertex 196.5 -89.9848077530122 9
vertex 196.5 -90 9
endloop
endfacet
facet normal 0 0 1
outer loop
vertex 175.5 -89.9848077530122 9
vertex 175.5 -89.9396926207859 9
vertex 172.84202014332564 -89.9396926207859 9
endloop
endfacet
facet normal 0 0 1
outer loop
vertex 175.5 -89.9848077530122 9
vertex 172.84202014332564 -89.9396926207859 9
vertex 172.67364817766705 -89.9848077530122 9
endloop
endfacet
facet normal 0 0 1
outer loop
vertex 199.326351822333 -89.9848077530122 9
vertex 199.15797985667433 -89.9396926207859 9
vertex 196.5 -89.9396926207859 9
endloop
endfacet
facet normal 0 0 1
outer loop
vertex 199.326351822333 -89.9848077530122 9
vertex 196.5 -89.9396926207859 9
vertex 196.5 -89.9848077530122 9
endloop
endfacet
facet normal 0 0 1
outer loop
vertex 175.5 -89.9396926207859 9
vertex 175.5 -89.86602540378445 9
vertex 173.00000000000006 -89.86602540378445 9
endloop
endfacet
facet normal 0 0 1
outer loop
vertex 175.5 -89.9396926207859 9
vertex 173.00000000000006 -89.86602540378445 9
vertex 172.84202014332564 -89.9396926207859 9
endloop
endfacet
facet normal 0 0 1
outer loop
vertex 199.15797985667433 -89.9396926207859 9
vertex 199.00000000000003 -89.86602540378445 9
vertex 196.5 -89.86602540378445 9
endloop
endfacet
facet normal 0 0 1
outer loop
vertex 199.15797985667433 -89.9396926207859 9
vertex 196.5 -89.86602540378445 9
vertex 196.5 -89.9396926207859 9
endloop
endfacet
facet normal 0 0 1
outer loop
vertex 175.5 -89.86602540378445 9
vertex 175.5 -89.76604444311903 9
vertex 173.14278760968654 -89.76604444311903 9
endloop
endfacet
facet normal 0 0 1
outer loop
vertex 175.5 -89.86602540378445 9
vertex 173.14278760968654 -89.76604444311903 9
vertex 173.00000000000006 -89.86602540378445 9
endloop
endfacet
facet normal 0 0 1
outer loop
vertex 199.00000000000003 -89.86602540378445 9
vertex 198.85721239031355 -89.76604444311903 9
vertex 196.5 -89.76604444311903 9
endloop
endfacet
facet normal 0 0 1
outer loop
vertex 199.00000000000003 -89.86602540378445 9
vertex 196.5 -89.76604444311903 9
vertex 196.5 -89.86602540378445 9
endloop
endfacet
facet normal 0 0 1
outer loop
vertex 175.5 -89.76604444311903 9
vertex 175.5 -89.64278760968642 9
vertex 173.26604444311897 -89.64278760968642 9
endloop
endfacet
facet normal 0 0 1
outer loop
vertex 175.5 -89.76604444311903 9
vertex 173.26604444311897 -89.64278760968642 9
vertex 173.14278760968654 -89.76604444311903 9
endloop
endfacet
facet normal 0 0 1
outer loop
vertex 198.85721239031355 -89.76604444311903 9
vertex 198.73395555688094 -89.64278760968642 9
vertex 196.5 -89.64278760968642 9
endloop
endfacet
facet normal 0 0 1
outer loop
vertex 198.85721239031355 -89.76604444311903 9
vertex 196.5 -89.64278760968642 9
vertex 196.5 -89.76604444311903 9
endloop
endfacet
facet normal 0 0 1
outer loop
vertex 175.5 -89.64278760968642 9
vertex 175.5 -89.49999999999994 9
vertex 173.36602540378442 -89.49999999999994 9
endloop
endfacet
facet normal 0 0 1
outer loop
vertex 175.5 -89.64278760968642 9
vertex 173.36602540378442 -89.49999999999994 9
vertex 173.26604444311897 -89.64278760968642 9
endloop
endfacet
facet normal 0 0 1
outer loop
vertex 198.73395555688094 -89.64278760968642 9
vertex 198.6339745962155 -89.49999999999994 9
vertex 196.5 -89.49999999999994 9
endloop
endfacet
facet normal 0 0 1
outer loop
vertex 198.73395555688094 -89.64278760968642 9
vertex 196.5 -89.49999999999994 9
vertex 196.5 -89.64278760968642 9
endloop
endfacet
facet normal 0 0 1
outer loop
vertex 175.5 -89.49999999999994 9
vertex 175.5 -89.34202014332578 9
vertex 173.4396926207859 -89.34202014332578 9
endloop
endfacet
facet normal 0 0 1
outer loop
vertex 175.5 -89.49999999999994 9
vertex 173.4396926207859 -89.34202014332578 9
vertex 173.36602540378442 -89.49999999999994 9
endloop
endfacet
facet normal 0 0 1
outer loop
vertex 198.6339745962155 -89.49999999999994 9
vertex 198.56030737921415 -89.34202014332578 9
vertex 196.5 -89.34202014332578 9
endloop
endfacet
facet normal 0 0 1
outer loop
vertex 198.6339745962155 -89.49999999999994 9
vertex 196.5 -89.34202014332578 9
vertex 196.5 -89.49999999999994 9
endloop
endfacet
facet normal 0 0 1
outer loop
vertex 175.5 -89.34202014332578 9
vertex 175.5 -89.17364817766696 9
vertex 173.48480775301218 -89.17364817766696 9
endloop
endfacet
facet normal 0 0 1
outer loop
vertex 175.5 -89.34202014332578 9
vertex 173.48480775301218 -89.17364817766696 9
vertex 173.4396926207859 -89.34202014332578 9
endloop
endfacet
facet normal 0 0 1
outer loop
vertex 198.56030737921415 -89.34202014332578 9
vertex 198.51519224698782 -89.17364817766696 9
vertex 196.5 -89.17364817766696 9
endloop
endfacet
facet normal 0 0 1
outer loop
vertex 198.56030737921415 -89.34202014332578 9
vertex 196.5 -89.17364817766696 9
vertex 196.5 -89.34202014332578 9
endloop
endfacet
facet normal 0 0 1
outer loop
vertex 175.5 -89.17364817766696 9
vertex 175.5 -88.99999999999979 9
vertex 173.5 -88.99999999999979 9
endloop
endfacet
facet normal 0 0 1
outer loop
vertex 175.5 -89.17364817766696 9
vertex 173.5 -88.99999999999979 9
vertex 173.48480775301218 -89.17364817766696 9
endloop
endfacet
facet normal 0 0 1
outer loop
vertex 198.51519224698782 -89.17364817766696 9
vertex 198.49999999999997 -88.99999999999979 9
vertex 196.5 -88.99999999999979 9
endloop
endfacet
facet normal 0 0 1
outer loop
vertex 198.51519224698782 -89.17364817766696 9
vertex 196.5 -88.99999999999979 9
vertex 196.5 -89.17364817766696 9
endloop
endfacet
facet normal 0 0 1
outer loop
vertex 175.5 -88.99999999999979 9
vertex 175.5 -88.23749999999988 9
vertex 173.5 -88.23749999999988 9
endloop
endfacet
facet normal 0 0 1
outer loop
vertex 175.5 -88.99999999999979 9
vertex 173.5 -88.23749999999988 9
vertex 173.5 -88.99999999999979 9
endloop
endfacet
facet normal 0 0 1
outer loop
vertex 198.49999999999997 -88.99999999999979 9
vertex 198.5 -88.23749999999988 9
vertex 196.5 -88.23749999999988 9
endloop
endfacet
facet normal 0 0 1
outer loop
vertex 198.49999999999997 -88.99999999999979 9
vertex 196.5 -88.23749999999988 9
vertex 196.5 -88.99999999999979 9
endloop
endfacet
facet normal 0 0 1
outer loop
vertex 175.5 -88.23749999999988 9
vertex 175.5151922469878 -88.06385182233306 9
vertex 173.5 -88.06385182233306 9
endloop
endfacet
facet normal 0 0 1
outer loop
vertex 175.5 -88.23749999999988 9
vertex 173.5 -88.06385182233306 9
vertex 173.5 -88.23749999999988 9
endloop
endfacet
facet normal 0 0 1
outer loop
vertex 198.5 -88.23749999999988 9
vertex 198.5 -88.06385182233306 9
vertex 196.4848077530122 -88.06385182233306 9
endloop
endfacet
facet normal 0 0 1
outer loop
vertex 198.5 -88.23749999999988 9
vertex 196.4848077530122 -88.06385182233306 9
vertex 196.5 -88.23749999999988 9
endloop
endfacet
facet normal 0 0 1
outer loop
vertex 175.5151922469878 -88.06385182233306 9
vertex 175.560307379214 -87.8954798566743 9
vertex 173.5 -87.8954798566743 9
endloop
endfacet
facet normal 0 0 1
outer loop
vertex 175.5151922469878 -88.06385182233306 9
vertex 173.5 -87.8954798566743 9
vertex 173.5 -88.06385182233306 9
endloop
endfacet
facet normal 0 0 1
outer loop
vertex 198.5 -88.06385182233306 9
vertex 198.5 -87.8954798566743 9
vertex 196.4396926207859 -87.8954798566743 9
endloop
endfacet
facet normal 0 0 1
outer loop
vertex 198.5 -88.06385182233306 9
vertex 196.4396926207859 -87.8954798566743 9
vertex 196.4848077530122 -88.06385182233306 9
endloop
endfacet
facet normal 0 0 1
outer loop
vertex 175.560307379214 -87.8954798566743 9
vertex 175.63397459621564 -87.7375 9
vertex 173.5 -87.7375 9
endloop
endfacet
facet normal 0 0 1
outer loop
vertex 175.560307379214 -87.8954798566743 9
vertex 173.5 -87.7375 9
vertex 173.5 -87.8954798566743 9
endloop
endfacet
facet normal 0 0 1
outer loop
vertex 198.5 -87.8954798566743 9
vertex 198.5 -87.7375 9
vertex 196.36602540378445 -87.7375 9
endloop
endfacet
facet normal 0 0 1
outer loop
vertex 198.5 -87.8954798566743 9
vertex 196.36602540378445 -87.7375 9
vertex 196.4396926207859 -87.8954798566743 9
endloop
endfacet
facet normal 0 0 1
outer loop
vertex 175.63397459621564 -87.7375 9
vertex 175.733955556881 -87.5947123903134 9
vertex 173.5 -87.5947123903134 9
endloop
endfacet
facet normal 0 0 1
outer loop
vertex 175.63397459621564 -87.7375 9
vertex 173.5 -87.5947123903134 9
vertex 173.5 -87.7375 9
endloop
endfacet
facet normal 0 0 1
outer loop
vertex 198.5 -87.7375 9
vertex 198.5 -87.5947123903134 9
vertex 196.26604444311894 -87.5947123903134 9
endloop
endfacet
facet normal 0 0 1
outer loop
vertex 198.5 -87.7375 9
vertex 196.26604444311894 -87.5947123903134 9
vertex 196.36602540378445 -87.7375 9
endloop
endfacet
facet normal 0 0 1
outer loop
vertex 175.733955556881 -87.5947123903134 9
vertex 175.8572123903135 -87.47145555688107 9
vertex 173.5 -87.47145555688107 9
endloop
endfacet
facet normal 0 0 1
outer loop
vertex 175.733955556881 -87.5947123903134 9
vertex 173.5 -87.47145555688107 9
vertex 173.5 -87.5947123903134 9
endloop
endfacet
facet normal 0 0 1
outer loop
vertex 198.5 -87.5947123903134 9
vertex 198.5 -87.47145555688107 9
vertex 196.1427876096866 -87.47145555688107 9
endloop
endfacet
facet normal 0 0 1
outer loop
vertex 198.5 -87.5947123903134 9
vertex 196.1427876096866 -87.47145555688107 9
vertex 196.26604444311894 -87.5947123903134 9
endloop
endfacet
facet normal 0 0 1
outer loop
vertex 175.8572123903135 -87.47145555688107 9
vertex 175.99999999999974 -87.3714745962157 9
vertex 173.5 -87.3714745962157 9
endloop
endfacet
facet normal 0 0 1
outer loop
vertex 175.8572123903135 -87.47145555688107 9
vertex 173.5 -87.3714745962157 9
vertex 173.5 -87.47145555688107 9
endloop
endfacet
facet normal 0 0 1
outer loop
vertex 198.5 -87.47145555688107 9
vertex 198.5 -87.3714745962157 9
vertex 196.00000000000023 -87.3714745962157 9
endloop
endfacet
facet normal 0 0 1
outer loop
vertex 198.5 -87.47145555688107 9
vertex 196.00000000000023 -87.3714745962157 9
vertex 196.1427876096866 -87.47145555688107 9
endloop
endfacet
facet normal 0 0 1
outer loop
vertex 175.99999999999974 -87.3714745962157 9
vertex 176.15797985667442 -87.29780737921408 9
vertex 173.5 -87.29780737921408 9
endloop
endfacet
facet normal 0 0 1
outer loop
vertex 175.99999999999974 -87.3714745962157 9
vertex 173.5 -87.29780737921408 9
vertex 173.5 -87.3714745962157 9
endloop
endfacet
facet normal 0 0 1
outer loop
vertex 198.5 -87.3714745962157 9
vertex 198.5 -87.29780737921408 9
vertex 195.84202014332539 -87.29780737921408 9
endloop
endfacet
facet normal 0 0 1
outer loop
vertex 198.5 -87.3714745962157 9
vertex 195.84202014332539 -87.29780737921408 9
vertex 196.00000000000023 -87.3714745962157 9
endloop
endfacet
facet normal 0 0 1
outer loop
vertex 176.15797985667442 -87.29780737921408 9
vertex 176.32635182233315 -87.25269224698778 9
vertex 173.5 -87.25269224698778 9
endloop
endfacet
facet normal 0 0 1
outer loop
vertex 176.15797985667442 -87.29780737921408 9
vertex 173.5 -87.25269224698778 9
vertex 173.5 -87.29780737921408 9
endloop
endfacet
facet normal 0 0 1
outer loop
vertex 198.5 -87.29780737921408 9
vertex 198.5 -87.25269224698778 9
vertex 195.67364817766696 -87.25269224698778 9
endloop
endfacet
facet normal 0 0 1
outer loop
vertex 198.5 -87.29780737921408 9
vertex 195.67364817766696 -87.25269224698778 9
vertex 195.84202014332539 -87.29780737921408 9
endloop
endfacet
facet normal 0 0 1
outer loop
vertex 176.32635182233315 -87.25269224698778 9
vertex 176.49999999999991 -87.2375 9
vertex 173.5 -87.2375 9
endloop
endfacet
facet normal 0 0 1
outer loop
vertex 176.32635182233315 -87.25269224698778 9
vertex 173.5 -87.2375 9
vertex 173.5 -87.25269224698778 9
endloop
endfacet
facet normal 0 0 1
outer loop
vertex 198.5 -87.25269224698778 9
vertex 198.5 -87.2375 9
vertex 195.50000000000009 -87.2375 9
endloop
endfacet
facet normal 0 0 1
outer loop
vertex 198.5 -87.25269224698778 9
vertex 195.50000000000009 -87.2375 9
vertex 195.67364817766696 -87.25269224698778 9
endloop
endfacet
facet normal 0 0 1
outer loop
vertex 176.49999999999991 -87.2375 9
vertex 195.50000000000009 -87.2375 9
vertex 198.5 -87.2375 9
endloop
endfacet
facet normal 0 0 1
outer loop
vertex 176.49999999999991 -87.2375 9
vertex 198.5 -87.2375 9
vertex 198.5 -86.23750000000013 9
endloop
endfacet
facet normal 0 0 1
outer loop
vertex 176.49999999999991 -87.2375 9
vertex 198.5 -86.23750000000013 9
vertex 198.4848077530122 -86.06385182233286 9
endloop
endfacet
facet normal 0 0 1
outer loop
vertex 176.49999999999991 -87.2375 9
vertex 198.4848077530122 -86.06385182233286 9
vertex 198.43969262078596 -85.89547985667463 9
endloop
endfacet
facet normal 0 0 1
outer loop
vertex 176.49999999999991 -87.2375 9
vertex 198.43969262078596 -85.89547985667463 9
vertex 198.36602540378445 -85.73749999999983 9
endloop
endfacet
facet normal 0 0 1
outer loop
vertex 176.49999999999991 -87.2375 9
vertex 198.36602540378445 -85.73749999999983 9
vertex 198.26604444311903 -85.59471239031342 9
endloop
endfacet
facet normal 0 0 1
outer loop
vertex 176.49999999999991 -87.2375 9
vertex 198.26604444311903 -85.59471239031342 9
vertex 198.14278760968642 -85.47145555688108 9
endloop
endfacet
facet normal 0 0 1
outer loop
vertex 176.49999999999991 -87.2375 9
vertex 198.14278760968642 -85.47145555688108 9
vertex 198.0000000000001 -85.37147459621565 9
endloop
endfacet
facet normal 0 0 1
outer loop
vertex 176.49999999999991 -87.2375 9
vertex 198.0000000000001 -85.37147459621565 9
vertex 197.8420201433257 -85.29780737921406 9
endloop
endfacet
facet normal 0 0 1
outer loop
vertex 176.49999999999991 -87.2375 9
vertex 197.8420201433257 -85.29780737921406 9
vertex 197.67364817766688 -85.25269224698779 9
endloop
endfacet
facet normal 0 0 1
outer loop
vertex 176.49999999999991 -87.2375 9
vertex 197.67364817766688 -85.25269224698779 9
vertex 197.49999999999994 -85.2375 9
endloop
endfacet
facet normal 0 0 1
outer loop
vertex 176.49999999999991 -87.2375 9
vertex 197.49999999999994 -85.2375 9
vertex 174.50000000000006 -85.2375 9
endloop
endfacet
facet normal 0 0 1
outer loop
vertex 176.49999999999991 -87.2375 9
vertex 174.50000000000006 -85.2375 9
vertex 174.32635182233307 -85.25269224698779 9
endloop
endfacet
facet normal 0 0 1
outer loop
vertex 176.49999999999991 -87.2375 9
vertex 174.32635182233307 -85.25269224698779 9
vertex 174.15797985667444 -85.29780737921406 9
endloop
endfacet
facet normal 0 0 1
outer loop
vertex 176.49999999999991 -87.2375 9
vertex 174.15797985667444 -85.29780737921406 9
vertex 173.9999999999999 -85.37147459621565 9
endloop
endfacet
facet normal 0 0 1
outer loop
vertex 176.49999999999991 -87.2375 9
vertex 173.9999999999999 -85.37147459621565 9
vertex 173.8572123903134 -85.47145555688108 9
endloop
endfacet
facet normal 0 0 1
outer loop
vertex 176.49999999999991 -87.2375 9
vertex 173.8572123903134 -85.47145555688108 9
vertex 173.73395555688106 -85.59471239031342 9
endloop
endfacet
facet normal 0 0 1
outer loop
vertex 176.49999999999991 -87.2375 9
vertex 173.73395555688106 -85.59471239031342 9
vertex 173.63397459621567 -85.73749999999983 9
endloop
endfacet
facet normal 0 0 1
outer loop
vertex 176.49999999999991 -87.2375 9
vertex 173.63397459621567 -85.73749999999983 9
vertex 173.56030737921398 -85.89547985667463 9
endloop
endfacet
facet normal 0 0 1
outer loop
vertex 176.49999999999991 -87.2375 9
vertex 173.56030737921398 -85.89547985667463 9
vertex 173.51519224698782 -86.06385182233286 9
endloop
endfacet
facet normal 0 0 1
outer loop
vertex 176.49999999999991 -87.2375 9
vertex 173.51519224698782 -86.06385182233286 9
vertex 173.5 -86.23750000000013 9
endloop
endfacet
facet normal 0 0 1
outer loop
vertex 176.49999999999991 -87.2375 9
vertex 173.5 -86.23750000000013 9
vertex 173.5 -87.2375 9
endloop
endfacet
facet normal 0 -1 0
outer loop
vertex 178.50000000000014 -162.00000000000006 0
vertex 178.5000000000001 -162 9
vertex 137.5 -162 9
endloop
endfacet
facet normal 0 -1 0
outer loop
vertex 178.50000000000014 -162.00000000000006 0
vertex 137.5 -162 9
vertex 137.5 -162.00000000000006 0
endloop
endfacet
facet normal -0.087155742747683 -0.9961946980917433 0
outer loop
vertex 179.19459271066782 -162.06076898795118 9
vertex 178.5000000000001 -162 9
vertex 178.50000000000014 -162.00000000000006 0
endloop
endfacet
facet normal -0.087155742747683 -0.9961946980917433 0
outer loop
vertex 179.19459271066782 -162.06076898795118 9
vertex 178.50000000000014 -162.00000000000006 0
vertex 179.19459271066728 -162.06076898795118 0
endloop
endfacet
facet normal -0.2588190451025413 -0.9659258262890629 0
outer loop
vertex 179.86808057330256 -162.24122951685632 9
vertex 179.19459271066782 -162.06076898795118 9
vertex 179.19459271066728 -162.06076898795118 0
endloop
endfacet
facet normal -0.2588190451025413 -0.9659258262890629 0
outer loop
vertex 179.86808057330256 -162.24122951685632 9
vertex 179.19459271066728 -162.06076898795118 0
vertex 179.8680805733025 -162.24122951685632 0
endloop
endfacet
facet normal -0.42261826174066586 -0.9063077870366657 0
outer loop
vertex 180.49999999999986 -162.53589838486215 9
vertex 179.86808057330256 -162.24122951685632 9
vertex 179.8680805733025 -162.24122951685632 0
endloop
endfacet
facet normal -0.42261826174066586 -0.9063077870366657 0
outer loop
vertex 180.49999999999986 -162.53589838486215 9
vertex 179.8680805733025 -162.24122951685632 0
vertex 180.50000000000014 -162.53589838486232 0
endloop
endfacet
facet normal -0.5735764363510616 -0.819152044288981 0
outer loop
vertex 181.07115043874617 -162.9358222275241 9
vertex 180.49999999999986 -162.53589838486215 9
vertex 180.50000000000014 -162.53589838486232 0
endloop
endfacet
facet normal -0.5735764363510616 -0.819152044288981 0
outer loop
vertex 181.07115043874617 -162.9358222275241 9
vertex 180.50000000000014 -162.53589838486232 0
vertex 181.07115043874617 -162.9358222275241 0
endloop
endfacet
facet normal -0.7071067811865476 -0.7071067811865476 0
outer loop
vertex 181.5641777724759 -163.42884956125383 9
vertex 181.07115043874617 -162.9358222275241 9
vertex 181.07115043874617 -162.9358222275241 0
endloop
endfacet
facet normal -0.7071067811865476 -0.7071067811865476 0
outer loop
vertex 181.5641777724759 -163.42884956125383 9
vertex 181.07115043874617 -162.9358222275241 0
vertex 181.50907751122176 -163.3737492999997 0
endloop
endfacet
facet normal -0.7071067811865476 -0.7071067811865476 0
outer loop
vertex 181.5641777724759 -163.42884956125383 9
vertex 181.50907751122176 -163.3737492999997 0
vertex 181.56417777247592 -163.42884956125386 0
endloop
endfacet
facet normal -0.819152044288981 -0.5735764363510616 0
outer loop
vertex 181.9641016151378 -164.00000000000006 9
vertex 181.5641777724759 -163.42884956125383 9
vertex 181.56417777247592 -163.42884956125386 0
endloop
endfacet
facet normal -0.819152044288981 -0.5735764363510616 0
outer loop
vertex 181.9641016151378 -164.00000000000006 9
vertex 181.56417777247592 -163.42884956125386 0
vertex 181.96410161513774 -163.99999999999994 0
endloop
endfacet
facet normal -0.9063077870366657 -0.42261826174066586 0
outer loop
vertex 182.25877048314362 -164.63191942669732 9
vertex 181.9641016151378 -164.00000000000006 9
vertex 181.96410161513774 -163.99999999999994 0
endloop
endfacet
facet normal -0.9063077870366657 -0.42261826174066586 0
outer loop
vertex 182.25877048314362 -164.63191942669732 9
vertex 181.96410161513774 -163.99999999999994 0
vertex 182.25877048314365 -164.63191942669738 0
endloop
endfacet
facet normal -0.9659258262890631 -0.2588190451025404 0
outer loop
vertex 182.43923101204888 -165.30540728933244 9
vertex 182.25877048314362 -164.63191942669732 9
vertex 182.25877048314365 -164.63191942669738 0
endloop
endfacet
facet normal -0.9659258262890631 -0.2588190451025404 0
outer loop
vertex 182.43923101204888 -165.30540728933244 9
vertex 182.25877048314365 -164.63191942669738 0
vertex 182.43923101204882 -165.30540728933224 0
endloop
endfacet
facet normal 0 0 1
outer loop
vertex 182.5 -165.99999999999952 9
vertex 182.49606301014137 -165.9549999999998 9
vertex 182.43923101204888 -165.30540728933244 9
endloop
endfacet
facet normal 0 0 1
outer loop
vertex 182.5 -165.99999999999952 9
vertex 182.43923101204888 -165.30540728933244 9
vertex 182.43923101204882 -165.30540728933224 0
endloop
endfacet
facet normal 0 0 1
outer loop
vertex 182.5 -165.99999999999952 9
vertex 182.43923101204882 -165.30540728933224 0
vertex 182.5 -165.99999999999997 0
endloop
endfacet
facet normal -1 0 0
outer loop
vertex 182.5 -166.955 9
vertex 182.5 -166.93980775301222 9
vertex 182.5 -166.89469262078586 9
endloop
endfacet
facet normal -1 0 0
outer loop
vertex 182.5 -166.955 9
vertex 182.5 -166.89469262078586 9
vertex 182.5 -166.82102540378455 9
endloop
endfacet
facet normal -1 0 0
outer loop
vertex 182.5 -166.955 9
vertex 182.5 -166.82102540378455 9
vertex 182.5 -166.72104444311896 9
endloop
endfacet
facet normal -1 0 0
outer loop
vertex 182.5 -166.955 9
vertex 182.5 -166.72104444311896 9
vertex 182.5 -166.59778760968655 9
endloop
endfacet
facet normal -1 0 0
outer loop
vertex 182.5 -166.955 9
vertex 182.5 -166.59778760968655 9
vertex 182.5 -166.45500000000024 9
endloop
endfacet
facet normal -1 0 0
outer loop
vertex 182.5 -166.955 9
vertex 182.5 -166.45500000000024 9
vertex 182.5 -166.29702014332548 9
endloop
endfacet
facet normal -1 0 0
outer loop
vertex 182.5 -166.955 9
vertex 182.5 -166.29702014332548 9
vertex 182.5 -166.12864817766695 9
endloop
endfacet
facet normal -1 0 0
outer loop
vertex 182.5 -166.955 9
vertex 182.5 -166.12864817766695 9
vertex 182.5 -165.99999999999952 9
endloop
endfacet
facet normal -1 0 0
outer loop
vertex 182.5 -166.955 9
vertex 182.5 -165.99999999999952 9
vertex 182.5 -165.99999999999997 0
endloop
endfacet
facet normal -1 0 0
outer loop
vertex 182.5 -166.955 9
vertex 182.5 -165.99999999999997 0
vertex 182.5 -167.95499999999993 0
endloop
endfacet
facet normal -1 0 0
outer loop
vertex 182.5 -166.955 9
vertex 182.5 -167.95499999999993 0
vertex 182.5 -167.95500000000004 9
endloop
endfacet
facet normal -0.9961946980917409 -0.08715574274771136 0
outer loop
vertex 182.5151922469878 -168.12864817766703 9
vertex 182.5 -167.95500000000004 9
vertex 182.5 -167.95499999999993 0
endloop
endfacet
facet normal -0.9961946980917409 -0.08715574274771136 0
outer loop
vertex 182.5151922469878 -168.12864817766703 9
vertex 182.5 -167.95499999999993 0
vertex 182.51519224698782 -168.1286481776671 0
endloop
endfacet
facet normal -0.965925826289063 -0.25881904510254033 0
outer loop
vertex 182.56030737921404 -168.2970201433255 9
vertex 182.5151922469878 -168.12864817766703 9
vertex 182.51519224698782 -168.1286481776671 0
endloop
endfacet
facet normal -0.965925826289063 -0.25881904510254033 0
outer loop
vertex 182.56030737921404 -168.2970201433255 9
vertex 182.51519224698782 -168.1286481776671 0
vertex 182.56030737921407 -168.29702014332557 0
endloop
endfacet
facet normal -0.9063077870366778 -0.42261826174063977 0
outer loop
vertex 182.63397459621555 -168.45499999999996 9
vertex 182.56030737921404 -168.2970201433255 9
vertex 182.56030737921407 -168.29702014332557 0
endloop
endfacet
facet normal -0.9063077870366778 -0.42261826174063977 0
outer loop
vertex 182.63397459621555 -168.45499999999996 9
vertex 182.56030737921407 -168.29702014332557 0
vertex 182.63397459621558 -168.45500000000004 0
endloop
endfacet
facet normal -0.8191520442889606 -0.5735764363510907 0
outer loop
vertex 182.73395555688097 -168.59778760968646 9
vertex 182.63397459621555 -168.45499999999996 9
vertex 182.63397459621558 -168.45500000000004 0
endloop
endfacet
facet normal -0.8191520442889606 -0.5735764363510907 0
outer loop
vertex 182.73395555688097 -168.59778760968646 9
vertex 182.63397459621558 -168.45500000000004 0
vertex 182.73395555688106 -168.59778760968655 0
endloop
endfacet
facet normal -0.7071067811865334 -0.7071067811865618 0
outer loop
vertex 182.8572123903135 -168.72104444311898 9
vertex 182.73395555688097 -168.59778760968646 9
vertex 182.73395555688106 -168.59778760968655 0
endloop
endfacet
facet normal -0.7071067811865334 -0.7071067811865618 0
outer loop
vertex 182.8572123903135 -168.72104444311898 9
vertex 182.73395555688106 -168.59778760968655 0
vertex 182.85721239031346 -168.72104444311898 0
endloop
endfacet
facet normal -0.5735764363511431 -0.8191520442889239 0
outer loop
vertex 183.00000000000009 -168.8210254037845 9
vertex 182.8572123903135 -168.72104444311898 9
vertex 182.85721239031346 -168.72104444311898 0
endloop
endfacet
facet normal -0.5735764363511431 -0.8191520442889239 0
outer loop
vertex 183.00000000000009 -168.8210254037845 9
vertex 182.85721239031346 -168.72104444311898 0
vertex 182.99999999999997 -168.82102540378443 0
endloop
endfacet
facet normal -0.42261826174063566 -0.9063077870366797 0
outer loop
vertex 183.15797985667433 -168.89469262078592 9
vertex 183.00000000000009 -168.8210254037845 9
vertex 182.99999999999997 -168.82102540378443 0
endloop
endfacet
facet normal -0.42261826174063566 -0.9063077870366797 0
outer loop
vertex 183.15797985667433 -168.89469262078592 9
vertex 182.99999999999997 -168.82102540378443 0
vertex 183.15797985667433 -168.89469262078592 0
endloop
endfacet
facet normal -0.25881904510251297 -0.9659258262890704 0
outer loop
vertex 183.3263518223332 -168.93980775301225 9
vertex 183.15797985667433 -168.89469262078592 9
vertex 183.15797985667433 -168.89469262078592 0
endloop
endfacet
facet normal -0.25881904510251297 -0.9659258262890704 0
outer loop
vertex 183.3263518223332 -168.93980775301225 9
vertex 183.15797985667433 -168.89469262078592 0
vertex 183.32635182233332 -168.93980775301227 0
endloop
endfacet
facet normal -0.08715574274768298 -0.9961946980917433 0
outer loop
vertex 183.49999999999983 -168.955 9
vertex 183.3263518223332 -168.93980775301225 9
vertex 183.32635182233332 -168.93980775301227 0
endloop
endfacet
facet normal -0.08715574274768298 -0.9961946980917433 0
outer loop
vertex 183.49999999999983 -168.955 9
vertex 183.32635182233332 -168.93980775301227 0
vertex 183.49999999999955 -168.955 0
endloop
endfacet
facet normal 0 -1 0
outer loop
vertex 203.54089759999994 -168.955 0
vertex 203.5408975999999 -168.955 9
vertex 183.49999999999983 -168.955 9
endloop
endfacet
facet normal 0 -1 0
outer loop
vertex 203.54089759999994 -168.955 0
vertex 183.49999999999983 -168.955 9
vertex 183.49999999999955 -168.955 0
endloop
endfacet
facet normal -0.043622040330291156 -0.9990481057473772 0
outer loop
vertex 203.62805444512622 -168.95880558192474 9
vertex 203.5408975999999 -168.955 9
vertex 203.54089759999994 -168.955 0
endloop
endfacet
facet normal -0.043622040330291156 -0.9990481057473772 0
outer loop
vertex 203.62805444512622 -168.95880558192474 9
vertex 203.54089759999994 -168.955 0
vertex 203.6280544451263 -168.95880558192474 0
endloop
endfacet
facet normal -0.13047234898880342 -0.9914519484822973 0
outer loop
vertex 203.7145471976251 -168.97018779021664 9
vertex 203.62805444512622 -168.95880558192474 9
vertex 203.6280544451263 -168.95880558192474 0
endloop
endfacet
facet normal -0.13047234898880342 -0.9914519484822973 0
outer loop
vertex 203.7145471976251 -168.97018779021664 9
vertex 203.6280544451263 -168.95880558192474 0
vertex 203.71454719762497 -168.9701877902166 0
endloop
endfacet
facet normal -0.2163862968984064 -0.9763078256956639 0
outer loop
vertex 203.7997187999999 -168.98906499999998 9
vertex 203.7145471976251 -168.97018779021664 9
vertex 203.71454719762497 -168.9701877902166 0
endloop
endfacet
facet normal -0.2163862968984064 -0.9763078256956639 0
outer loop
vertex 203.7997187999999 -168.98906499999998 9
vertex 203.71454719762497 -168.9701877902166 0
vertex 203.79971879999928 -168.98906499999984 0
endloop
endfacet
facet normal -0.25881959693313683 -0.9659256784263315 0
outer loop
vertex 219.79390809999953 -173.27470489999985 9
vertex 203.7997187999999 -168.98906499999998 9
vertex 203.79971879999928 -168.98906499999984 0
endloop
endfacet
facet normal -0.25881959693313683 -0.9659256784263315 0
outer loop
vertex 219.79390809999953 -173.27470489999985 9
vertex 203.79971879999928 -168.98906499999984 0
vertex 219.79390809999984 -173.27470489999993 0
endloop
endfacet
facet normal -0.3007295067268963 -0.9537094755656974 0
outer loop
vertex 219.877109807115 -173.300940571324 9
vertex 219.79390809999953 -173.27470489999985 9
vertex 219.79390809999984 -173.27470489999993 0
endloop
endfacet
facet normal -0.3007295067268963 -0.9537094755656974 0
outer loop
vertex 219.877109807115 -173.300940571324 9
vertex 219.79390809999984 -173.27470489999993 0
vertex 219.87710980711523 -173.30094057132408 0
endloop
endfacet
facet normal -0.3826833441715677 -0.9238795690422348 0
outer loop
vertex 219.95770760477382 -173.33432526319774 9
vertex 219.877109807115 -173.300940571324 9
vertex 219.87710980711523 -173.30094057132408 0
endloop
endfacet
facet normal -0.3826833441715677 -0.9238795690422348 0
outer loop
vertex 219.95770760477382 -173.33432526319774 9
vertex 219.87710980711523 -173.30094057132408 0
vertex 219.95770760477353 -173.33432526319763 0
endloop
endfacet
facet normal -0.46174821724878307 -0.8870110393155041 0
outer loop
vertex 220.03508904999956 -173.3746074499997 9
vertex 219.95770760477382 -173.33432526319774 9
vertex 219.95770760477353 -173.33432526319763 0
endloop
endfacet
facet normal -0.46174821724878307 -0.8870110393155041 0
outer loop
vertex 220.03508904999956 -173.3746074499997 9
vertex 219.95770760477353 -173.33432526319763 0
vertex 220.0350890499997 -173.37460744999981 0
endloop
endfacet
facet normal 0 0 -1
outer loop
vertex 237.8470728 -183.6583589 9
vertex 233.347063138963 -181.06027765726904 9
vertex 233.32074935908278 -181.04508539256702 9
endloop
endfacet
facet normal 0 0 -1
outer loop
vertex 237.8470728 -183.6583589 9
vertex 233.32074935908278 -181.04508539256702 9
vertex 233.24260822775628 -180.99997059884936 9
endloop
endfacet
facet normal 0 0 -1
outer loop
vertex 237.8470728 -183.6583589 9
vertex 233.24260822775628 -180.99997059884936 9
vertex 233.11502101030288 -180.92630810000009 9
endloop
endfacet
facet normal 0 0 -1
outer loop
vertex 237.8470728 -183.6583589 9
vertex 233.11502101030288 -180.92630810000009 9
vertex 220.03508904999956 -173.3746074499997 9
endloop
endfacet
facet normal 0 0 -1
outer loop
vertex 237.8470728 -183.6583589 9
vertex 220.03508904999956 -173.3746074499997 9
vertex 220.0350890499997 -173.37460744999981 0
endloop
endfacet
facet normal 0 0 -1
outer loop
vertex 237.8470728 -183.6583589 9
vertex 220.0350890499997 -173.37460744999981 0
vertex 237.84707279999986 -183.6583588999999 0
endloop
endfacet
facet normal -0.42258806044287656 -0.9063218695204964 0
outer loop
vertex 238.00505542514105 -183.73202177999946 9
vertex 237.8470728 -183.6583589 9
vertex 237.84707279999986 -183.6583588999999 0
endloop
endfacet
facet normal -0.42258806044287656 -0.9063218695204964 0
outer loop
vertex 238.00505542514105 -183.73202177999946 9
vertex 237.84707279999986 -183.6583588999999 0
vertex 238.0050554251411 -183.73202177999946 0
endloop
endfacet
facet normal -0.2588186413824473 -0.9659259344654456 0
outer loop
vertex 238.17342640895848 -183.7771361891672 9
vertex 238.00505542514105 -183.73202177999946 9
vertex 238.0050554251411 -183.73202177999946 0
endloop
endfacet
facet normal -0.2588186413824473 -0.9659259344654456 0
outer loop
vertex 238.17342640895848 -183.7771361891672 9
vertex 238.0050554251411 -183.73202177999946 0
vertex 238.17342640895856 -183.7771361891672 0
endloop
endfacet
facet normal -0.08715636237445784 -0.9961946438812308 0
outer loop
vertex 238.34707354512003 -183.79232805726903 9
vertex 238.17342640895848 -183.7771361891672 9
vertex 238.17342640895856 -183.7771361891672 0
endloop
endfacet
facet normal -0.08715636237445784 -0.9961946438812308 0
outer loop
vertex 238.34707354512003 -183.79232805726903 9
vertex 238.17342640895856 -183.7771361891672 0
vertex 238.34707354512014 -183.79232805726903 0
endloop
endfacet
facet normal 0.08715408712245677 -0.9961948429387955 0
outer loop
vertex 238.52072071597945 -183.7771361891672 9
vertex 238.34707354512003 -183.79232805726903 9
vertex 238.34707354512014 -183.79232805726903 0
endloop
endfacet
facet normal 0.08715408712245677 -0.9961948429387955 0
outer loop
vertex 238.52072071597945 -183.7771361891672 9
vertex 238.34707354512014 -183.79232805726903 0
vertex 238.52072071597934 -183.7771361891672 0
endloop
endfacet
facet normal 0.25881643526187853 -0.9659265255899818 0
outer loop
vertex 238.68909180283632 -183.73202177999946 9
vertex 238.52072071597945 -183.7771361891672 9
vertex 238.52072071597934 -183.7771361891672 0
endloop
endfacet
facet normal 0.25881643526187853 -0.9659265255899818 0
outer loop
vertex 238.68909180283632 -183.73202177999946 9
vertex 238.52072071597934 -183.7771361891672 0
vertex 238.68909180283617 -183.73202177999946 0
endloop
endfacet
facet normal 0.42261487046053337 -0.9063093684088378 0
outer loop
vertex 238.8470709962265 -183.65835559196557 9
vertex 238.68909180283632 -183.73202177999946 9
vertex 238.68909180283617 -183.73202177999946 0
endloop
endfacet
facet normal 0.42261487046053337 -0.9063093684088378 0
outer loop
vertex 238.8470709962265 -183.65835559196557 9
vertex 238.68909180283617 -183.73202177999946 0
vertex 238.84707099622682 -183.65835559196537 0
endloop
endfacet
facet normal 0.5735725193101278 -0.8191547870166133 0
outer loop
vertex 238.98985823535958 -183.5583759083051 9
vertex 238.8470709962265 -183.65835559196557 9
vertex 238.84707099622682 -183.65835559196537 0
endloop
endfacet
facet normal 0.5735725193101278 -0.8191547870166133 0
outer loop
vertex 238.98985823535958 -183.5583759083051 9
vertex 238.84707099622682 -183.65835559196537 0
vertex 238.98985823535943 -183.5583759083052 0
endloop
endfacet
facet normal 0.7071026645604714 -0.7071108977886578 0
outer loop
vertex 239.11311505379737 -183.435120525005 9
vertex 238.98985823535958 -183.5583759083051 9
vertex 238.98985823535943 -183.5583759083052 0
endloop
endfacet
facet normal 0.7071026645604714 -0.7071108977886578 0
outer loop
vertex 239.11311505379737 -183.435120525005 9
vertex 238.98985823535943 -183.5583759083052 0
vertex 239.11311505379737 -183.435120525005 0
endloop
endfacet
facet normal 0.8191481085447095 -0.5735820571353544 0
outer loop
vertex 239.2130963999999 -183.29233445000017 9
vertex 239.11311505379737 -183.435120525005 9
vertex 239.11311505379737 -183.435120525005 0
endloop
endfacet
facet normal 0.8191481085447095 -0.5735820571353544 0
outer loop
vertex 239.2130963999999 -183.29233445000017 9
vertex 239.11311505379737 -183.435120525005 0
vertex 239.21309639999987 -183.2923344500002 0
endloop
endfacet
facet normal 0 0 -1
outer loop
vertex 250.71309820000008 -163.37374929999984 9
vertex 240.7904466124319 -180.56028404999955 9
vertex 240.70800902425913 -180.7030701250052 9
endloop
endfacet
facet normal 0 0 -1
outer loop
vertex 250.71309820000008 -163.37374929999984 9
vertex 240.70800902425913 -180.7030701250052 9
vertex 240.63684748747653 -180.82632550830516 9
endloop
endfacet
facet normal 0 0 -1
outer loop
vertex 250.71309820000008 -163.37374929999984 9
vertex 240.63684748747653 -180.82632550830516 9
vertex 240.57912418366766 -180.9263051919654 9
endloop
endfacet
facet normal 0 0 -1
outer loop
vertex 250.71309820000008 -163.37374929999984 9
vertex 240.57912418366766 -180.9263051919654 9
vertex 240.53659343635888 -180.99997059884936 9
endloop
endfacet
facet normal 0 0 -1
outer loop
vertex 250.71309820000008 -163.37374929999984 9
vertex 240.53659343635888 -180.99997059884936 9
vertex 240.5105463951131 -181.04508539256702 9
endloop
endfacet
facet normal 0 0 -1
outer loop
vertex 250.71309820000008 -163.37374929999984 9
vertex 240.5105463951131 -181.04508539256702 9
vertex 240.5017751360049 -181.06027765726904 9
endloop
endfacet
facet normal 0 0 -1
outer loop
vertex 250.71309820000008 -163.37374929999984 9
vertex 240.5017751360049 -181.06027765726904 9
vertex 239.2130963999999 -183.29233445000017 9
endloop
endfacet
facet normal 0 0 -1
outer loop
vertex 250.71309820000008 -163.37374929999984 9
vertex 239.2130963999999 -183.29233445000017 9
vertex 239.21309639999987 -183.2923344500002 0
endloop
endfacet
facet normal 0 0 -1
outer loop
vertex 250.71309820000008 -163.37374929999984 9
vertex 239.21309639999987 -183.2923344500002 0
vertex 244.9390994013683 -173.37460744999981 0
endloop
endfacet
facet normal 0 0 -1
outer loop
vertex 250.71309820000008 -163.37374929999984 9
vertex 244.9390994013683 -173.37460744999981 0
vertex 244.96235633539473 -173.33432526319763 0
endloop
endfacet
facet normal 0 0 -1
outer loop
vertex 250.71309820000008 -163.37374929999984 9
vertex 244.96235633539473 -173.33432526319763 0
vertex 244.9816309984166 -173.30094057132408 0
endloop
endfacet
facet normal 0 0 -1
outer loop
vertex 250.71309820000008 -163.37374929999984 9
vertex 244.9816309984166 -173.30094057132408 0
vertex 244.99677817203258 -173.27470489999993 0
endloop
endfacet
facet normal 0 0 -1
outer loop
vertex 250.71309820000008 -163.37374929999984 9
vertex 244.99677817203258 -173.27470489999993 0
vertex 247.47109380203366 -168.98906499999984 0
endloop
endfacet
facet normal 0 0 -1
outer loop
vertex 250.71309820000008 -163.37374929999984 9
vertex 247.47109380203366 -168.98906499999984 0
vertex 247.48199256541727 -168.9701877902166 0
endloop
endfacet
facet normal 0 0 -1
outer loop
vertex 250.71309820000008 -163.37374929999984 9
vertex 247.48199256541727 -168.9701877902166 0
vertex 247.48856408718245 -168.95880558192474 0
endloop
endfacet
facet normal 0 0 -1
outer loop
vertex 250.71309820000008 -163.37374929999984 9
vertex 247.48856408718245 -168.95880558192474 0
vertex 247.49076124117983 -168.955 0
endloop
endfacet
facet normal 0 0 -1
outer loop
vertex 250.71309820000008 -163.37374929999984 9
vertex 247.49076124117983 -168.955 0
vertex 249.196831479758 -165.99999999999997 0
endloop
endfacet
facet normal 0 0 -1
outer loop
vertex 250.71309820000008 -163.37374929999984 9
vertex 249.196831479758 -165.99999999999997 0
vertex 249.597854813634 -165.30540728933224 0
endloop
endfacet
facet normal 0 0 -1
outer loop
vertex 250.71309820000008 -163.37374929999984 9
vertex 249.597854813634 -165.30540728933224 0
vertex 249.98669325643772 -164.63191942669738 0
endloop
endfacet
facet normal 0 0 -1
outer loop
vertex 250.71309820000008 -163.37374929999984 9
vertex 249.98669325643772 -164.63191942669738 0
vertex 250.3515321488465 -163.99999999999994 0
endloop
endfacet
facet normal 0 0 -1
outer loop
vertex 250.71309820000008 -163.37374929999984 9
vertex 250.3515321488465 -163.99999999999994 0
vertex 250.68128604573164 -163.42884956125386 0
endloop
endfacet
facet normal 0 0 -1
outer loop
vertex 250.71309820000008 -163.37374929999984 9
vertex 250.68128604573164 -163.42884956125386 0
vertex 250.71309820000016 -163.3737492999997 0
endloop
endfacet
facet normal 0.7923604401821732 -0.6100532213129545 -2.137847358614615e-15
outer loop
vertex 255.66944179999982 -156.93626080000018 9
vertex 250.71309820000008 -163.37374929999984 9
vertex 250.71309820000016 -163.3737492999997 0
endloop
endfacet
facet normal 0.7923604401821732 -0.6100532213129545 -2.137847358614615e-15
outer loop
vertex 255.66944179999982 -156.93626080000018 9
vertex 250.71309820000016 -163.3737492999997 0
vertex 251.05026649830955 -162.9358222275241 0
endloop
endfacet
facet normal 0.7923604401821732 -0.6100532213129545 -2.137847358614615e-15
outer loop
vertex 255.66944179999982 -156.93626080000018 9
vertex 251.05026649830955 -162.9358222275241 0
vertex 251.35817539446745 -162.53589838486232 0
endloop
endfacet
facet normal 0.7923604401821732 -0.6100532213129545 -2.137847358614615e-15
outer loop
vertex 255.66944179999982 -156.93626080000018 9
vertex 251.35817539446745 -162.53589838486232 0
vertex 251.58504650391657 -162.24122951685632 0
endloop
endfacet
facet normal 0.7923604401821732 -0.6100532213129545 -2.137847358614615e-15
outer loop
vertex 255.66944179999982 -156.93626080000018 9
vertex 251.58504650391657 -162.24122951685632 0
vertex 251.7239864627983 -162.06076898795118 0
endloop
endfacet
facet normal 0.7923604401821732 -0.6100532213129545 -2.137847358614615e-15
outer loop
vertex 255.66944179999982 -156.93626080000018 9
vertex 251.7239864627983 -162.06076898795118 0
vertex 251.77077365076923 -162.00000000000006 0
endloop
endfacet
facet normal 0.7923604401821732 -0.6100532213129545 -2.137847358614615e-15
outer loop
vertex 255.66944179999982 -156.93626080000018 9
vertex 251.77077365076923 -162.00000000000006 0
vertex 251.9580641048238 -161.75674000000004 0
endloop
endfacet
facet normal 0.7923604401821732 -0.6100532213129545 -2.137847358614615e-15
outer loop
vertex 255.66944179999982 -156.93626080000018 9
vertex 251.9580641048238 -161.75674000000004 0
vertex 255.6694418000001 -156.93626079999984 0
endloop
endfacet
facet normal 0.8306518336930866 -0.5567921795268974 0
outer loop
vertex 255.96149203963805 -156.5005649048241 9
vertex 255.66944179999982 -156.93626080000018 9
vertex 255.6694418000001 -156.93626079999984 0
endloop
endfacet
facet normal 0.8306518336930866 -0.5567921795268974 0
outer loop
vertex 255.96149203963805 -156.5005649048241 9
vertex 255.6694418000001 -156.93626079999984 0
vertex 255.96149203963762 -156.50056490482484 0
endloop
endfacet
facet normal 0.8963676640686452 -0.44331141516108113 -6.061754946273222e-15
outer loop
vertex 256.1940209375463 -156.0303956785912 9
vertex 255.96149203963805 -156.5005649048241 9
vertex 255.96149203963762 -156.50056490482484 0
endloop
endfacet
facet normal 0.8963676640686452 -0.44331141516108113 -6.061754946273222e-15
outer loop
vertex 256.1940209375463 -156.0303956785912 9
vertex 255.96149203963762 -156.50056490482484 0
vertex 256.1285858214146 -156.16270430000054 0
endloop
endfacet
facet normal 0.8963676640686452 -0.44331141516108113 -6.061754946273222e-15
outer loop
vertex 256.1940209375463 -156.0303956785912 9
vertex 256.1285858214146 -156.16270430000054 0
vertex 256.1428401919317 -156.1338822206085 0
endloop
endfacet
facet normal 0.8963676640686452 -0.44331141516108113 -6.061754946273222e-15
outer loop
vertex 256.1940209375463 -156.0303956785912 9
vertex 256.1428401919317 -156.1338822206085 0
vertex 256.1850555160217 -156.0485235987723 0
endloop
endfacet
facet normal 0.8963676640686452 -0.44331141516108113 -6.061754946273222e-15
outer loop
vertex 256.1940209375463 -156.0303956785912 9
vertex 256.1850555160217 -156.0485235987723 0
vertex 256.1940209375465 -156.0303956785908 0
endloop
endfacet
facet normal 0.9466680348226343 -0.322210539624407 3.692320180648921e-15
outer loop
vertex 256.3630291315859 -155.53384253943295 9
vertex 256.1940209375463 -156.0303956785912 9
vertex 256.1940209375465 -156.0303956785908 0
endloop
endfacet
facet normal 0.9466680348226343 -0.322210539624407 3.692320180648921e-15
outer loop
vertex 256.3630291315859 -155.53384253943295 9
vertex 256.1940209375465 -156.0303956785908 0
vertex 256.2350302111427 -155.90990871844946 0
endloop
endfacet
facet normal 0.9466680348226343 -0.322210539624407 3.692320180648921e-15
outer loop
vertex 256.3630291315859 -155.53384253943295 9
vertex 256.2350302111427 -155.90990871844946 0
vertex 256.2985229247228 -155.7233644717576 0
endloop
endfacet
facet normal 0.9466680348226343 -0.322210539624407 3.692320180648921e-15
outer loop
vertex 256.3630291315859 -155.53384253943295 9
vertex 256.2985229247228 -155.7233644717576 0
vertex 256.36302913158596 -155.53384253943287 0
endloop
endfacet
facet normal 0.9806899286622407 -0.19556907685124747 4.3405340340255016e-15
outer loop
vertex 256.46561043301415 -155.01944399136258 9
vertex 256.3630291315859 -155.53384253943295 9
vertex 256.36302913158596 -155.53384253943287 0
endloop
endfacet
facet normal 0.9806899286622407 -0.19556907685124747 4.3405340340255016e-15
outer loop
vertex 256.46561043301415 -155.01944399136258 9
vertex 256.36302913158596 -155.53384253943287 0
vertex 256.3705637913012 -155.4960596495321 0
endloop
endfacet
facet normal 0.9806899286622407 -0.19556907685124747 4.3405340340255016e-15
outer loop
vertex 256.46561043301415 -155.01944399136258 9
vertex 256.3705637913012 -155.4960596495321 0
vertex 256.42227939122625 -155.2367294485733 0
endloop
endfacet
facet normal 0.9806899286622407 -0.19556907685124747 4.3405340340255016e-15
outer loop
vertex 256.46561043301415 -155.01944399136258 9
vertex 256.42227939122625 -155.2367294485733 0
vertex 256.4656104330142 -155.01944399136255 0
endloop
endfacet
facet normal 0.9978483204327896 -0.06556469636519886 6.095562017972553e-15
outer loop
vertex 256.5000009 -154.4960453999993 9
vertex 256.46561043301415 -155.01944399136258 9
vertex 256.4656104330142 -155.01944399136255 0
endloop
endfacet
facet normal 0.9978483204327896 -0.06556469636519886 6.095562017972553e-15
outer loop
vertex 256.5000009 -154.4960453999993 9
vertex 256.4656104330142 -155.01944399136255 0
vertex 256.4698224689206 -154.9553397830343 0
endloop
endfacet
facet normal 0.9978483204327896 -0.06556469636519886 6.095562017972553e-15
outer loop
vertex 256.5000009 -154.4960453999993 9
vertex 256.4698224689206 -154.9553397830343 0
vertex 256.4890503978539 -154.66270429999005 0
endloop
endfacet
facet normal 0.9978483204327896 -0.06556469636519886 6.095562017972553e-15
outer loop
vertex 256.5000009 -154.4960453999993 9
vertex 256.4890503978539 -154.66270429999005 0
vertex 256.5000009 -154.49604540000016 0
endloop
endfacet
facet normal 0.08715574274764855 0.9961946980917464 7.08003744464203e-16
outer loop
vertex 237.80540728933235 -101.79673101204885 9
vertex 238.49999999999994 -101.8575 9
vertex 238.5 -101.8575 2
endloop
endfacet
facet normal 0.08715574274764855 0.9961946980917464 7.08003744464203e-16
outer loop
vertex 237.80540728933235 -101.79673101204885 9
vertex 238.5 -101.8575 2
vertex 238.5 -101.85750000000026 0
endloop
endfacet
facet normal 0.08715574274764855 0.9961946980917464 7.08003744464203e-16
outer loop
vertex 237.80540728933235 -101.79673101204885 9
vertex 238.5 -101.85750000000026 0
vertex 237.80540728933227 -101.79673101204884 0
endloop
endfacet
facet normal 0.25881904510251297 0.9659258262890704 0
outer loop
vertex 237.13191942669732 -101.61627048314364 9
vertex 237.80540728933235 -101.79673101204885 9
vertex 237.80540728933227 -101.79673101204884 0
endloop
endfacet
facet normal 0.25881904510251297 0.9659258262890704 0
outer loop
vertex 237.13191942669732 -101.61627048314364 9
vertex 237.80540728933227 -101.79673101204884 0
vertex 237.13191942669732 -101.61627048314364 0
endloop
endfacet
facet normal 0.42261826174072326 0.906307787036639 0
outer loop
vertex 236.50000000000006 -101.32160161513778 9
vertex 237.13191942669732 -101.61627048314364 9
vertex 237.13191942669732 -101.61627048314364 0
endloop
endfacet
facet normal 0.42261826174072326 0.906307787036639 0
outer loop
vertex 236.50000000000006 -101.32160161513778 9
vertex 237.13191942669732 -101.61627048314364 0
vertex 236.50000000000006 -101.32160161513778 0
endloop
endfacet
facet normal 0.5735764363510616 0.819152044288981 0
outer loop
vertex 235.92884956125368 -100.92167777247577 9
vertex 236.50000000000006 -101.32160161513778 9
vertex 236.50000000000006 -101.32160161513778 0
endloop
endfacet
facet normal 0.5735764363510616 0.819152044288981 0
outer loop
vertex 235.92884956125368 -100.92167777247577 9
vertex 236.50000000000006 -101.32160161513778 0
vertex 235.9288495612538 -100.92167777247586 0
endloop
endfacet
facet normal 0.7071067811865405 0.7071067811865547 0
outer loop
vertex 235.4358222275241 -100.42865043874619 9
vertex 235.92884956125368 -100.92167777247577 9
vertex 235.9288495612538 -100.92167777247586 0
endloop
endfacet
facet normal 0.7071067811865405 0.7071067811865547 0
outer loop
vertex 235.4358222275241 -100.42865043874619 9
vertex 235.9288495612538 -100.92167777247586 0
vertex 235.43582222752406 -100.42865043874615 0
endloop
endfacet
facet normal 0.8191520442889821 0.5735764363510599 0
outer loop
vertex 235.03589838486218 -99.8574999999999 9
vertex 235.4358222275241 -100.42865043874619 9
vertex 235.43582222752406 -100.42865043874615 0
endloop
endfacet
facet normal 0.8191520442889821 0.5735764363510599 0
outer loop
vertex 235.03589838486218 -99.8574999999999 9
vertex 235.43582222752406 -100.42865043874615 0
vertex 235.03589838486226 -99.85750000000009 0
endloop
endfacet
facet normal 0.9063077870366791 0.42261826174063705 0
outer loop
vertex 234.7412295168564 -99.22558057330279 9
vertex 235.03589838486218 -99.8574999999999 9
vertex 235.03589838486226 -99.85750000000009 0
endloop
endfacet
facet normal 0.9063077870366791 0.42261826174063705 0
outer loop
vertex 234.7412295168564 -99.22558057330279 9
vertex 235.03589838486226 -99.85750000000009 0
vertex 234.74122951685635 -99.22558057330262 0
endloop
endfacet
facet normal 0.9659258262890857 0.2588190451024555 0
outer loop
vertex 234.56076898795115 -98.55209271066752 9
vertex 234.7412295168564 -99.22558057330279 9
vertex 234.74122951685635 -99.22558057330262 0
endloop
endfacet
facet normal 0.9659258262890857 0.2588190451024555 0
outer loop
vertex 234.56076898795115 -98.55209271066752 9
vertex 234.74122951685635 -99.22558057330262 0
vertex 234.56076898795115 -98.55209271066768 0
endloop
endfacet
facet normal 0.9961946980917434 0.08715574274768315 0
outer loop
vertex 234.5 -97.85750000000013 9
vertex 234.56076898795115 -98.55209271066752 9
vertex 234.56076898795115 -98.55209271066768 0
endloop
endfacet
facet normal 0.9961946980917434 0.08715574274768315 0
outer loop
vertex 234.5 -97.85750000000013 9
vertex 234.56076898795115 -98.55209271066768 0
vertex 234.5 -97.85750000000029 0
endloop
endfacet
facet normal 1 0 0
outer loop
vertex 234.5 -93.85750000000024 0
vertex 234.5 -93.85750000000009 9
vertex 234.5 -94.8575 9
endloop
endfacet
facet normal 1 0 0
outer loop
vertex 234.5 -93.85750000000024 0
vertex 234.5 -94.8575 9
vertex 234.5 -94.8726922469878 9
endloop
endfacet
facet normal 1 0 0
outer loop
vertex 234.5 -93.85750000000024 0
vertex 234.5 -94.8726922469878 9
vertex 234.5 -94.91780737921407 9
endloop
endfacet
facet normal 1 0 0
outer loop
vertex 234.5 -93.85750000000024 0
vertex 234.5 -94.91780737921407 9
vertex 234.5 -94.9914745962156 9
endloop
endfacet
facet normal 1 0 0
outer loop
vertex 234.5 -93.85750000000024 0
vertex 234.5 -94.9914745962156 9
vertex 234.5 -95.09145555688112 9
endloop
endfacet
facet normal 1 0 0
outer loop
vertex 234.5 -93.85750000000024 0
vertex 234.5 -95.09145555688112 9
vertex 234.5 -95.21471239031344 9
endloop
endfacet
facet normal 1 0 0
outer loop
vertex 234.5 -93.85750000000024 0
vertex 234.5 -95.21471239031344 9
vertex 234.5 -95.3574999999999 9
endloop
endfacet
facet normal 1 0 0
outer loop
vertex 234.5 -93.85750000000024 0
vertex 234.5 -95.3574999999999 9
vertex 234.5 -95.51547985667442 9
endloop
endfacet
facet normal 1 0 0
outer loop
vertex 234.5 -93.85750000000024 0
vertex 234.5 -95.51547985667442 9
vertex 234.5 -95.68385182233301 9
endloop
endfacet
facet normal 1 0 0
outer loop
vertex 234.5 -93.85750000000024 0
vertex 234.5 -95.68385182233301 9
vertex 234.5 -95.85750000000003 9
endloop
endfacet
facet normal 1 0 0
outer loop
vertex 234.5 -93.85750000000024 0
vertex 234.5 -95.85750000000003 9
vertex 234.5 -97.85750000000013 9
endloop
endfacet
facet normal 1 0 0
outer loop
vertex 234.5 -93.85750000000024 0
vertex 234.5 -97.85750000000013 9
vertex 234.5 -97.85750000000029 0
endloop
endfacet
facet normal 0.9961946980917434 0.08715574274768315 0
outer loop
vertex 234.48480775301223 -93.68385182233321 9
vertex 234.5 -93.85750000000009 9
vertex 234.5 -93.85750000000024 0
endloop
endfacet
facet normal 0.9961946980917434 0.08715574274768315 0
outer loop
vertex 234.48480775301223 -93.68385182233321 9
vertex 234.5 -93.85750000000024 0
vertex 234.4848077530122 -93.68385182233307 0
endloop
endfacet
facet normal 0.9659258262890631 0.2588190451025404 0
outer loop
vertex 234.4396926207859 -93.51547985667433 9
vertex 234.48480775301223 -93.68385182233321 9
vertex 234.4848077530122 -93.68385182233307 0
endloop
endfacet
facet normal 0.9659258262890631 0.2588190451025404 0
outer loop
vertex 234.4396926207859 -93.51547985667433 9
vertex 234.4848077530122 -93.68385182233307 0
vertex 234.4396926207859 -93.51547985667435 0
endloop
endfacet
facet normal 0.9063077870366791 0.42261826174063705 0
outer loop
vertex 234.36602540378442 -93.35749999999994 9
vertex 234.4396926207859 -93.51547985667433 9
vertex 234.4396926207859 -93.51547985667435 0
endloop
endfacet
facet normal 0.9063077870366791 0.42261826174063705 0
outer loop
vertex 234.36602540378442 -93.35749999999994 9
vertex 234.4396926207859 -93.51547985667435 0
vertex 234.3660254037844 -93.3574999999999 0
endloop
endfacet
facet normal 0.8191520442889301 0.5735764363511343 0
outer loop
vertex 234.26604444311906 -93.21471239031357 9
vertex 234.36602540378442 -93.35749999999994 9
vertex 234.3660254037844 -93.3574999999999 0
endloop
endfacet
facet normal 0.8191520442889301 0.5735764363511343 0
outer loop
vertex 234.26604444311906 -93.21471239031357 9
vertex 234.3660254037844 -93.3574999999999 0
vertex 234.26604444311891 -93.2147123903134 0
endloop
endfacet
facet normal 0.7071067811865547 0.7071067811865405 0
outer loop
vertex 234.1427876096865 -93.09145555688102 9
vertex 234.26604444311906 -93.21471239031357 9
vertex 234.26604444311891 -93.2147123903134 0
endloop
endfacet
facet normal 0.7071067811865547 0.7071067811865405 0
outer loop
vertex 234.1427876096865 -93.09145555688102 9
vertex 234.26604444311891 -93.2147123903134 0
vertex 234.14278760968654 -93.09145555688102 0
endloop
endfacet
facet normal 0 0 1
outer loop
vertex 234.00000000000009 -92.99147459621561 9
vertex 234.01217553842093 -92.99999999999966 9
vertex 234.1427876096865 -93.09145555688102 9
endloop
endfacet
facet normal 0 0 1
outer loop
vertex 234.00000000000009 -92.99147459621561 9
vertex 234.1427876096865 -93.09145555688102 9
vertex 234.14278760968654 -93.09145555688102 0
endloop
endfacet
facet normal 0 0 1
outer loop
vertex 234.00000000000009 -92.99147459621561 9
vertex 234.14278760968654 -93.09145555688102 0
vertex 234.00000000000006 -92.9914745962156 0
endloop
endfacet
facet normal 0.4226182617407234 0.9063077870366388 0
outer loop
vertex 233.84202014332567 -92.91780737921411 9
vertex 234.00000000000009 -92.99147459621561 9
vertex 234.00000000000006 -92.9914745962156 0
endloop
endfacet
facet normal 0.4226182617407234 0.9063077870366388 0
outer loop
vertex 233.84202014332567 -92.91780737921411 9
vertex 234.00000000000006 -92.9914745962156 0
vertex 233.84202014332567 -92.9178073792141 0
endloop
endfacet
facet normal 0.25881904510251275 0.9659258262890704 0
outer loop
vertex 233.67364817766696 -92.87269224698781 9
vertex 233.84202014332567 -92.91780737921411 9
vertex 233.84202014332567 -92.9178073792141 0
endloop
endfacet
facet normal 0.25881904510251275 0.9659258262890704 0
outer loop
vertex 233.67364817766696 -92.87269224698781 9
vertex 233.84202014332567 -92.9178073792141 0
vertex 233.67364817766702 -92.87269224698781 0
endloop
endfacet
facet normal 0.08715574274765463 0.9961946980917459 0
outer loop
vertex 233.4999999999999 -92.8575 9
vertex 233.67364817766696 -92.87269224698781 9
vertex 233.67364817766702 -92.87269224698781 0
endloop
endfacet
facet normal 0.08715574274765463 0.9961946980917459 0
outer loop
vertex 233.4999999999999 -92.8575 9
vertex 233.67364817766702 -92.87269224698781 0
vertex 233.49999999999991 -92.8575 0
endloop
endfacet
facet normal 0 1 0
outer loop
vertex 233.4999999999999 -92.8575 9
vertex 233.49999999999991 -92.8575 0
vertex 217.5000000000001 -92.8575 0
endloop
endfacet
facet normal 0 1 0
outer loop
vertex 233.4999999999999 -92.8575 9
vertex 217.5000000000001 -92.8575 0
vertex 217.50000000000009 -92.8575 9
endloop
endfacet
facet normal 0.08715574274765456 0.996194698091746 0
outer loop
vertex 217.32635182233298 -92.8423077530122 9
vertex 217.50000000000009 -92.8575 9
vertex 217.5000000000001 -92.8575 0
endloop
endfacet
facet normal 0.08715574274765456 0.996194698091746 0
outer loop
vertex 217.32635182233298 -92.8423077530122 9
vertex 217.5000000000001 -92.8575 0
vertex 217.32635182233295 -92.8423077530122 0
endloop
endfacet
facet normal 0 0 1
outer loop
vertex 217.15797985667442 -92.79719262078594 9
vertex 217.26680347835665 -92.82635182233312 9
vertex 217.32635182233298 -92.8423077530122 9
endloop
endfacet
facet normal 0 0 1
outer loop
vertex 217.15797985667442 -92.79719262078594 9
vertex 217.32635182233298 -92.8423077530122 9
vertex 217.32635182233295 -92.8423077530122 0
endloop
endfacet
facet normal 0 0 1
outer loop
vertex 217.15797985667442 -92.79719262078594 9
vertex 217.32635182233295 -92.8423077530122 0
vertex 217.1579798566744 -92.79719262078594 0
endloop
endfacet
facet normal 0.4226182617407338 0.9063077870366338 0
outer loop
vertex 217.00000000000003 -92.72352540378444 9
vertex 217.15797985667442 -92.79719262078594 9
vertex 217.1579798566744 -92.79719262078594 0
endloop
endfacet
facet normal 0.4226182617407338 0.9063077870366338 0
outer loop
vertex 217.00000000000003 -92.72352540378444 9
vertex 217.1579798566744 -92.79719262078594 0
vertex 217.00000000000009 -92.72352540378448 0
endloop
endfacet
facet normal 0 0 1
outer loop
vertex 216.8572123903134 -92.62354444311892 9
vertex 216.90639125754385 -92.65797985667429 9
vertex 217.00000000000003 -92.72352540378444 9
endloop
endfacet
facet normal 0 0 1
outer loop
vertex 216.8572123903134 -92.62354444311892 9
vertex 217.00000000000003 -92.72352540378444 9
vertex 217.00000000000009 -92.72352540378448 0
endloop
endfacet
facet normal 0 0 1
outer loop
vertex 216.8572123903134 -92.62354444311892 9
vertex 217.00000000000009 -92.72352540378448 0
vertex 216.8572123903134 -92.62354444311892 0
endloop
endfacet
facet normal 0.7071067811865688 0.7071067811865261 0
outer loop
vertex 216.73395555688109 -92.5002876096866 9
vertex 216.8572123903134 -92.62354444311892 9
vertex 216.8572123903134 -92.62354444311892 0
endloop
endfacet
facet normal 0.7071067811865688 0.7071067811865261 0
outer loop
vertex 216.73395555688109 -92.5002876096866 9
vertex 216.8572123903134 -92.62354444311892 0
vertex 216.73395555688114 -92.50028760968665 0
endloop
endfacet
facet normal 0 0 1
outer loop
vertex 216.63397459621558 -92.3575 9
vertex 216.7337541704106 -92.5000000000002 9
vertex 216.73395555688109 -92.5002876096866 9
endloop
endfacet
facet normal 0 0 1
outer loop
vertex 216.63397459621558 -92.3575 9
vertex 216.73395555688109 -92.5002876096866 9
vertex 216.73395555688114 -92.50028760968665 0
endloop
endfacet
facet normal 0 0 1
outer loop
vertex 216.63397459621558 -92.3575 9
vertex 216.73395555688114 -92.50028760968665 0
vertex 216.63397459621564 -92.35750000000007 0
endloop
endfacet
facet normal 0 0 1
outer loop
vertex 216.56030737921398 -92.19952014332539 9
vertex 216.5763648762667 -92.233955556881 9
vertex 216.6338404816162 -92.35721239031348 9
endloop
endfacet
facet normal 0 0 1
outer loop
vertex 216.56030737921398 -92.19952014332539 9
vertex 216.6338404816162 -92.35721239031348 9
vertex 216.63397459621558 -92.3575 9
endloop
endfacet
facet normal 0 0 1
outer loop
vertex 216.56030737921398 -92.19952014332539 9
vertex 216.63397459621558 -92.3575 9
vertex 216.63397459621564 -92.35750000000007 0
endloop
endfacet
facet normal 0 0 1
outer loop
vertex 216.56030737921398 -92.19952014332539 9
vertex 216.63397459621564 -92.35750000000007 0
vertex 216.56030737921404 -92.19952014332546 0
endloop
endfacet
facet normal 0 0 -1
outer loop
vertex 216.51519224698782 -92.03114817766706 9
vertex 216.52300543149428 -92.06030737921411 9
vertex 216.54274450279846 -92.1339745962156 9
endloop
endfacet
facet normal 0 0 -1
outer loop
vertex 216.51519224698782 -92.03114817766706 9
vertex 216.54274450279846 -92.1339745962156 9
vertex 216.56030737921398 -92.19952014332539 9
endloop
endfacet
facet normal 0 0 -1
outer loop
vertex 216.51519224698782 -92.03114817766706 9
vertex 216.56030737921398 -92.19952014332539 9
vertex 216.56030737921404 -92.19952014332546 0
endloop
endfacet
facet normal 0 0 -1
outer loop
vertex 216.51519224698782 -92.03114817766706 9
vertex 216.56030737921404 -92.19952014332546 0
vertex 216.51519224698785 -92.0311481776672 0
endloop
endfacet
facet normal 0 0 -1
outer loop
vertex 216.5 -91.85749999999958 9
vertex 216.51246713455248 -92 9
vertex 216.51379628393738 -92.01519224698781 9
endloop
endfacet
facet normal 0 0 -1
outer loop
vertex 216.5 -91.85749999999958 9
vertex 216.51379628393738 -92.01519224698781 9
vertex 216.51519224698782 -92.03114817766706 9
endloop
endfacet
facet normal 0 0 -1
outer loop
vertex 216.5 -91.85749999999958 9
vertex 216.51519224698782 -92.03114817766706 9
vertex 216.51519224698785 -92.0311481776672 0
endloop
endfacet
facet normal 0 0 -1
outer loop
vertex 216.5 -91.85749999999958 9
vertex 216.51519224698785 -92.0311481776672 0
vertex 216.5 -91.85749999999987 0
endloop
endfacet
facet normal 1 0 0
outer loop
vertex 216.5 -90.99999999999979 0
vertex 216.5 -91.00000000000017 9
vertex 216.5 -91.85749999999958 9
endloop
endfacet
facet normal 1 0 0
outer loop
vertex 216.5 -90.99999999999979 0
vertex 216.5 -91.85749999999958 9
vertex 216.5 -91.85749999999987 0
endloop
endfacet
facet normal 0.9961946980917434 0.08715574274768315 0
outer loop
vertex 216.48480775301218 -90.82635182233281 9
vertex 216.5 -91.00000000000017 9
vertex 216.5 -90.99999999999979 0
endloop
endfacet
facet normal 0.9961946980917434 0.08715574274768315 0
outer loop
vertex 216.48480775301218 -90.82635182233281 9
vertex 216.5 -90.99999999999979 0
vertex 216.4848077530122 -90.82635182233305 0
endloop
endfacet
facet normal 0.9659258262890631 0.2588190451025404 0
outer loop
vertex 216.43969262078596 -90.65797985667444 9
vertex 216.48480775301218 -90.82635182233281 9
vertex 216.4848077530122 -90.82635182233305 0
endloop
endfacet
facet normal 0.9659258262890631 0.2588190451025404 0
outer loop
vertex 216.43969262078596 -90.65797985667444 9
vertex 216.4848077530122 -90.82635182233305 0
vertex 216.4396926207859 -90.65797985667433 0
endloop
endfacet
facet normal 0.9063077870366926 0.42261826174060824 0
outer loop
vertex 216.36602540378453 -90.50000000000014 9
vertex 216.43969262078596 -90.65797985667444 9
vertex 216.4396926207859 -90.65797985667433 0
endloop
endfacet
facet normal 0.9063077870366926 0.42261826174060824 0
outer loop
vertex 216.36602540378453 -90.50000000000014 9
vertex 216.4396926207859 -90.65797985667433 0
vertex 216.3660254037845 -90.50000000000011 0
endloop
endfacet
facet normal 0.8191520442889414 0.5735764363511181 0
outer loop
vertex 216.26604444311891 -90.35721239031342 9
vertex 216.36602540378453 -90.50000000000014 9
vertex 216.3660254037845 -90.50000000000011 0
endloop
endfacet
facet normal 0.8191520442889414 0.5735764363511181 0
outer loop
vertex 216.26604444311891 -90.35721239031342 9
vertex 216.3660254037845 -90.50000000000011 0
vertex 216.26604444311886 -90.35721239031332 0
endloop
endfacet
facet normal 0.7071067811865688 0.7071067811865261 0
outer loop
vertex 216.14278760968648 -90.23395555688099 9
vertex 216.26604444311891 -90.35721239031342 9
vertex 216.26604444311886 -90.35721239031332 0
endloop
endfacet
facet normal 0.7071067811865688 0.7071067811865261 0
outer loop
vertex 216.14278760968648 -90.23395555688099 9
vertex 216.26604444311886 -90.35721239031332 0
vertex 216.14278760968665 -90.23395555688111 0
endloop
endfacet
facet normal 0.5735764363510826 0.8191520442889663 0
outer loop
vertex 216.00000000000006 -90.13397459621561 9
vertex 216.14278760968648 -90.23395555688099 9
vertex 216.14278760968665 -90.23395555688111 0
endloop
endfacet
facet normal 0.5735764363510826 0.8191520442889663 0
outer loop
vertex 216.00000000000006 -90.13397459621561 9
vertex 216.14278760968665 -90.23395555688111 0
vertex 216 -90.13397459621557 0
endloop
endfacet
facet normal 0.4226182617407234 0.9063077870366388 0
outer loop
vertex 215.8420201433256 -90.0603073792141 9
vertex 216.00000000000006 -90.13397459621561 9
vertex 216 -90.13397459621557 0
endloop
endfacet
facet normal 0.4226182617407234 0.9063077870366388 0
outer loop
vertex 215.8420201433256 -90.0603073792141 9
vertex 216 -90.13397459621557 0
vertex 215.84202014332567 -90.0603073792141 0
endloop
endfacet
facet normal 0.25881904510254106 0.965925826289063 0
outer loop
vertex 215.6736481776669 -90.0151922469878 9
vertex 215.8420201433256 -90.0603073792141 9
vertex 215.84202014332567 -90.0603073792141 0
endloop
endfacet
facet normal 0.25881904510254106 0.965925826289063 0
outer loop
vertex 215.6736481776669 -90.0151922469878 9
vertex 215.84202014332567 -90.0603073792141 0
vertex 215.67364817766693 -90.0151922469878 0
endloop
endfacet
facet normal 0.087155742747683 0.9961946980917433 0
outer loop
vertex 215.49999999999997 -90 9
vertex 215.6736481776669 -90.0151922469878 9
vertex 215.67364817766693 -90.0151922469878 0
endloop
endfacet
facet normal 0.087155742747683 0.9961946980917433 0
outer loop
vertex 215.49999999999997 -90 9
vertex 215.67364817766693 -90.0151922469878 0
vertex 215.5 -90 0
endloop
endfacet
facet normal 0 1 0
outer loop
vertex 172.4999999999999 -90 9
vertex 172.49999999999991 -90 0
vertex 156.5 -90 0
endloop
endfacet
facet normal 0 1 0
outer loop
vertex 172.4999999999999 -90 9
vertex 156.5 -90 0
vertex 156.50000000000009 -90 9
endloop
endfacet
facet normal 0 1 0
outer loop
vertex 215.49999999999997 -90 9
vertex 215.5 -90 0
vertex 199.49999999999991 -90 0
endloop
endfacet
facet normal 0 1 0
outer loop
vertex 215.49999999999997 -90 9
vertex 199.49999999999991 -90 0
vertex 199.49999999999994 -90 9
endloop
endfacet
facet normal 0.08715574274768298 0.9961946980917433 0
outer loop
vertex 199.326351822333 -89.9848077530122 9
vertex 199.49999999999994 -90 9
vertex 199.49999999999991 -90 0
endloop
endfacet
facet normal 0.08715574274768298 0.9961946980917433 0
outer loop
vertex 199.326351822333 -89.9848077530122 9
vertex 199.49999999999991 -90 0
vertex 199.32635182233304 -89.9848077530122 0
endloop
endfacet
facet normal 0.2588190451025413 0.9659258262890629 0
outer loop
vertex 199.15797985667433 -89.9396926207859 9
vertex 199.326351822333 -89.9848077530122 9
vertex 199.32635182233304 -89.9848077530122 0
endloop
endfacet
facet normal 0.2588190451025413 0.9659258262890629 0
outer loop
vertex 199.15797985667433 -89.9396926207859 9
vertex 199.32635182233304 -89.9848077530122 0
vertex 199.1579798566743 -89.9396926207859 0
endloop
endfacet
facet normal 0.42261826174070005 0.9063077870366496 0
outer loop
vertex 199.00000000000003 -89.86602540378445 9
vertex 199.15797985667433 -89.9396926207859 9
vertex 199.1579798566743 -89.9396926207859 0
endloop
endfacet
facet normal 0.42261826174070005 0.9063077870366496 0
outer loop
vertex 199.00000000000003 -89.86602540378445 9
vertex 199.1579798566743 -89.9396926207859 0
vertex 199.00000000000009 -89.86602540378449 0
endloop
endfacet
facet normal 0.5735764363510599 0.8191520442889821 0
outer loop
vertex 198.85721239031355 -89.76604444311903 9
vertex 199.00000000000003 -89.86602540378445 9
vertex 199.00000000000009 -89.86602540378449 0
endloop
endfacet
facet normal 0.5735764363510599 0.8191520442889821 0
outer loop
vertex 198.85721239031355 -89.76604444311903 9
vertex 199.00000000000009 -89.86602540378449 0
vertex 198.85721239031346 -89.76604444311897 0
endloop
endfacet
facet normal 0.7071067811865404 0.7071067811865546 0
outer loop
vertex 198.73395555688094 -89.64278760968642 9
vertex 198.85721239031355 -89.76604444311903 9
vertex 198.85721239031346 -89.76604444311897 0
endloop
endfacet
facet normal 0.7071067811865404 0.7071067811865546 0
outer loop
vertex 198.73395555688094 -89.64278760968642 9
vertex 198.85721239031346 -89.76604444311897 0
vertex 198.73395555688106 -89.64278760968658 0
endloop
endfacet
facet normal 0.8191520442889617 0.5735764363510889 0
outer loop
vertex 198.6339745962155 -89.49999999999994 9
vertex 198.73395555688094 -89.64278760968642 9
vertex 198.73395555688106 -89.64278760968658 0
endloop
endfacet
facet normal 0.8191520442889617 0.5735764363510889 0
outer loop
vertex 198.6339745962155 -89.49999999999994 9
vertex 198.73395555688106 -89.64278760968658 0
vertex 198.63397459621547 -89.49999999999989 0
endloop
endfacet
facet normal 0.9063077870366791 0.42261826174063705 0
outer loop
vertex 198.56030737921415 -89.34202014332578 9
vertex 198.6339745962155 -89.49999999999994 9
vertex 198.63397459621547 -89.49999999999989 0
endloop
endfacet
facet normal 0.9063077870366791 0.42261826174063705 0
outer loop
vertex 198.56030737921415 -89.34202014332578 9
vertex 198.63397459621547 -89.49999999999989 0
vertex 198.56030737921418 -89.3420201433259 0
endloop
endfacet
facet normal 0.965925826289063 0.25881904510254033 0
outer loop
vertex 198.51519224698782 -89.17364817766696 9
vertex 198.56030737921415 -89.34202014332578 9
vertex 198.56030737921418 -89.3420201433259 0
endloop
endfacet
facet normal 0.965925826289063 0.25881904510254033 0
outer loop
vertex 198.51519224698782 -89.17364817766696 9
vertex 198.56030737921418 -89.3420201433259 0
vertex 198.5151922469878 -89.17364817766693 0
endloop
endfacet
facet normal 0.9961946980917433 0.08715574274768298 0
outer loop
vertex 198.49999999999997 -88.99999999999979 9
vertex 198.51519224698782 -89.17364817766696 9
vertex 198.5151922469878 -89.17364817766693 0
endloop
endfacet
facet normal 0.9961946980917433 0.08715574274768298 0
outer loop
vertex 198.49999999999997 -88.99999999999979 9
vertex 198.5151922469878 -89.17364817766693 0
vertex 198.5 -88.99999999999987 0
endloop
endfacet
facet normal 1 0 0
outer loop
vertex 198.5 -86.23750000000015 0
vertex 198.5 -86.23750000000013 9
vertex 198.5 -87.2375 9
endloop
endfacet
facet normal 1 0 0
outer loop
vertex 198.5 -86.23750000000015 0
vertex 198.5 -87.2375 9
vertex 198.5 -87.25269224698778 9
endloop
endfacet
facet normal 1 0 0
outer loop
vertex 198.5 -86.23750000000015 0
vertex 198.5 -87.25269224698778 9
vertex 198.5 -87.29780737921408 9
endloop
endfacet
facet normal 1 0 0
outer loop
vertex 198.5 -86.23750000000015 0
vertex 198.5 -87.29780737921408 9
vertex 198.5 -87.3714745962157 9
endloop
endfacet
facet normal 1 0 0
outer loop
vertex 198.5 -86.23750000000015 0
vertex 198.5 -87.3714745962157 9
vertex 198.5 -87.47145555688107 9
endloop
endfacet
facet normal 1 0 0
outer loop
vertex 198.5 -86.23750000000015 0
vertex 198.5 -87.47145555688107 9
vertex 198.5 -87.5947123903134 9
endloop
endfacet
facet normal 1 0 0
outer loop
vertex 198.5 -86.23750000000015 0
vertex 198.5 -87.5947123903134 9
vertex 198.5 -87.7375 9
endloop
endfacet
facet normal 1 0 0
outer loop
vertex 198.5 -86.23750000000015 0
vertex 198.5 -87.7375 9
vertex 198.5 -87.8954798566743 9
endloop
endfacet
facet normal 1 0 0
outer loop
vertex 198.5 -86.23750000000015 0
vertex 198.5 -87.8954798566743 9
vertex 198.5 -88.06385182233306 9
endloop
endfacet
facet normal 1 0 0
outer loop
vertex 198.5 -86.23750000000015 0
vertex 198.5 -88.06385182233306 9
vertex 198.5 -88.23749999999988 9
endloop
endfacet
facet normal 1 0 0
outer loop
vertex 198.5 -86.23750000000015 0
vertex 198.5 -88.23749999999988 9
vertex 198.49999999999997 -88.99999999999979 9
endloop
endfacet
facet normal 1 0 0
outer loop
vertex 198.5 -86.23750000000015 0
vertex 198.49999999999997 -88.99999999999979 9
vertex 198.5 -88.99999999999987 0
endloop
endfacet
facet normal 0.9961946980917434 0.087155742747683 0
outer loop
vertex 198.4848077530122 -86.06385182233286 9
vertex 198.5 -86.23750000000013 9
vertex 198.5 -86.23750000000015 0
endloop
endfacet
facet normal 0.9961946980917434 0.087155742747683 0
outer loop
vertex 198.4848077530122 -86.06385182233286 9
vertex 198.5 -86.23750000000015 0
vertex 198.4848077530122 -86.06385182233291 0
endloop
endfacet
facet normal 0.965925826289063 0.25881904510254033 0
outer loop
vertex 198.43969262078596 -85.89547985667463 9
vertex 198.4848077530122 -86.06385182233286 9
vertex 198.4848077530122 -86.06385182233291 0
endloop
endfacet
facet normal 0.965925826289063 0.25881904510254033 0
outer loop
vertex 198.43969262078596 -85.89547985667463 9
vertex 198.4848077530122 -86.06385182233291 0
vertex 198.43969262078596 -85.89547985667457 0
endloop
endfacet
facet normal 0.9063077870366657 0.42261826174066586 0
outer loop
vertex 198.36602540378445 -85.73749999999983 9
vertex 198.43969262078596 -85.89547985667463 9
vertex 198.43969262078596 -85.89547985667457 0
endloop
endfacet
facet normal 0.9063077870366657 0.42261826174066586 0
outer loop
vertex 198.36602540378445 -85.73749999999983 9
vertex 198.43969262078596 -85.89547985667457 0
vertex 198.3660254037846 -85.73749999999995 0
endloop
endfacet
facet normal 0.8191520442889413 0.5735764363511181 0
outer loop
vertex 198.26604444311903 -85.59471239031342 9
vertex 198.36602540378445 -85.73749999999983 9
vertex 198.3660254037846 -85.73749999999995 0
endloop
endfacet
facet normal 0.8191520442889413 0.5735764363511181 0
outer loop
vertex 198.26604444311903 -85.59471239031342 9
vertex 198.3660254037846 -85.73749999999995 0
vertex 198.26604444311903 -85.59471239031349 0
endloop
endfacet
facet normal 0.7071067811865476 0.7071067811865476 0
outer loop
vertex 198.14278760968642 -85.47145555688108 9
vertex 198.26604444311903 -85.59471239031342 9
vertex 198.26604444311903 -85.59471239031349 0
endloop
endfacet
facet normal 0.7071067811865476 0.7071067811865476 0
outer loop
vertex 198.14278760968642 -85.47145555688108 9
vertex 198.26604444311903 -85.59471239031349 0
vertex 198.14278760968642 -85.47145555688094 0
endloop
endfacet
facet normal 0.5735764363510599 0.8191520442889821 0
outer loop
vertex 198.0000000000001 -85.37147459621565 9
vertex 198.14278760968642 -85.47145555688108 9
vertex 198.14278760968642 -85.47145555688094 0
endloop
endfacet
facet normal 0.5735764363510599 0.8191520442889821 0
outer loop
vertex 198.0000000000001 -85.37147459621565 9
vertex 198.14278760968642 -85.47145555688094 0
vertex 198.00000000000003 -85.3714745962156 0
endloop
endfacet
facet normal 0.42261826174072326 0.906307787036639 0
outer loop
vertex 197.8420201433257 -85.29780737921406 9
vertex 198.0000000000001 -85.37147459621565 9
vertex 198.00000000000003 -85.3714745962156 0
endloop
endfacet
facet normal 0.42261826174072326 0.906307787036639 0
outer loop
vertex 197.8420201433257 -85.29780737921406 9
vertex 198.00000000000003 -85.3714745962156 0
vertex 197.84202014332567 -85.2978073792141 0
endloop
endfacet
facet normal 0.25881904510251275 0.9659258262890704 0
outer loop
vertex 197.67364817766688 -85.25269224698779 9
vertex 197.8420201433257 -85.29780737921406 9
vertex 197.84202014332567 -85.2978073792141 0
endloop
endfacet
facet normal 0.25881904510251275 0.9659258262890704 0
outer loop
vertex 197.67364817766688 -85.25269224698779 9
vertex 197.84202014332567 -85.2978073792141 0
vertex 197.67364817766693 -85.25269224698779 0
endloop
endfacet
facet normal 0.08715574274768298 0.9961946980917433 0
outer loop
vertex 197.49999999999994 -85.2375 9
vertex 197.67364817766688 -85.25269224698779 9
vertex 197.67364817766693 -85.25269224698779 0
endloop
endfacet
facet normal 0.08715574274768298 0.9961946980917433 0
outer loop
vertex 197.49999999999994 -85.2375 9
vertex 197.67364817766693 -85.25269224698779 0
vertex 197.5 -85.2375 0
endloop
endfacet
facet normal 0 1 0
outer loop
vertex 197.49999999999994 -85.2375 9
vertex 197.5 -85.2375 0
vertex 174.50000000000003 -85.2375 0
endloop
endfacet
facet normal 0 1 0
outer loop
vertex 197.49999999999994 -85.2375 9
vertex 174.50000000000003 -85.2375 0
vertex 174.50000000000006 -85.2375 9
endloop
endfacet
facet normal -0.08715574274766874 0.9961946980917448 0
outer loop
vertex 174.32635182233307 -85.25269224698779 9
vertex 174.50000000000006 -85.2375 9
vertex 174.50000000000003 -85.2375 0
endloop
endfacet
facet normal -0.08715574274766874 0.9961946980917448 0
outer loop
vertex 174.32635182233307 -85.25269224698779 9
vertex 174.50000000000003 -85.2375 0
vertex 174.3263518223331 -85.25269224698779 0
endloop
endfacet
facet normal -0.25881904510251214 0.9659258262890708 0
outer loop
vertex 174.15797985667444 -85.29780737921406 9
vertex 174.32635182233307 -85.25269224698779 9
vertex 174.3263518223331 -85.25269224698779 0
endloop
endfacet
facet normal -0.25881904510251214 0.9659258262890708 0
outer loop
vertex 174.15797985667444 -85.29780737921406 9
vertex 174.3263518223331 -85.25269224698779 0
vertex 174.1579798566743 -85.2978073792141 0
endloop
endfacet
facet normal -0.42261826174069733 0.9063077870366509 0
outer loop
vertex 173.9999999999999 -85.37147459621565 9
vertex 174.15797985667444 -85.29780737921406 9
vertex 174.1579798566743 -85.2978073792141 0
endloop
endfacet
facet normal -0.42261826174069733 0.9063077870366509 0
outer loop
vertex 173.9999999999999 -85.37147459621565 9
vertex 174.1579798566743 -85.2978073792141 0
vertex 173.99999999999991 -85.3714745962156 0
endloop
endfacet
facet normal -0.5735764363510599 0.819152044288982 0
outer loop
vertex 173.8572123903134 -85.47145555688108 9
vertex 173.9999999999999 -85.37147459621565 9
vertex 173.99999999999991 -85.3714745962156 0
endloop
endfacet
facet normal -0.5735764363510599 0.819152044288982 0
outer loop
vertex 173.8572123903134 -85.47145555688108 9
vertex 173.99999999999991 -85.3714745962156 0
vertex 173.85721239031358 -85.47145555688094 0
endloop
endfacet
facet normal -0.7071067811865476 0.7071067811865476 0
outer loop
vertex 173.73395555688106 -85.59471239031342 9
vertex 173.8572123903134 -85.47145555688108 9
vertex 173.85721239031358 -85.47145555688094 0
endloop
endfacet
facet normal -0.7071067811865476 0.7071067811865476 0
outer loop
vertex 173.73395555688106 -85.59471239031342 9
vertex 173.85721239031358 -85.47145555688094 0
vertex 173.73395555688103 -85.59471239031349 0
endloop
endfacet
facet normal -0.8191520442889415 0.5735764363511181 0
outer loop
vertex 173.63397459621567 -85.73749999999983 9
vertex 173.73395555688106 -85.59471239031342 9
vertex 173.73395555688103 -85.59471239031349 0
endloop
endfacet
facet normal -0.8191520442889415 0.5735764363511181 0
outer loop
vertex 173.63397459621567 -85.73749999999983 9
vertex 173.73395555688103 -85.59471239031349 0
vertex 173.6339745962156 -85.73749999999995 0
endloop
endfacet
facet normal -0.9063077870366791 0.42261826174063705 0
outer loop
vertex 173.56030737921398 -85.89547985667463 9
vertex 173.63397459621567 -85.73749999999983 9
vertex 173.6339745962156 -85.73749999999995 0
endloop
endfacet
facet normal -0.9063077870366791 0.42261826174063705 0
outer loop
vertex 173.56030737921398 -85.89547985667463 9
vertex 173.6339745962156 -85.73749999999995 0
vertex 173.560307379214 -85.89547985667457 0
endloop
endfacet
facet normal -0.9659258262890631 0.2588190451025404 0
outer loop
vertex 173.51519224698782 -86.06385182233286 9
vertex 173.56030737921398 -85.89547985667463 9
vertex 173.560307379214 -85.89547985667457 0
endloop
endfacet
facet normal -0.9659258262890631 0.2588190451025404 0
outer loop
vertex 173.51519224698782 -86.06385182233286 9
vertex 173.560307379214 -85.89547985667457 0
vertex 173.51519224698782 -86.06385182233291 0
endloop
endfacet
facet normal -0.9961946980917433 0.087155742747683 0
outer loop
vertex 173.5 -86.23750000000013 9
vertex 173.51519224698782 -86.06385182233286 9
vertex 173.51519224698782 -86.06385182233291 0
endloop
endfacet
facet normal -0.9961946980917433 0.087155742747683 0
outer loop
vertex 173.5 -86.23750000000013 9
vertex 173.51519224698782 -86.06385182233291 0
vertex 173.5 -86.23750000000015 0
endloop
endfacet
facet normal -1 0 0
outer loop
vertex 173.5 -88.23749999999988 9
vertex 173.5 -88.06385182233306 9
vertex 173.5 -87.8954798566743 9
endloop
endfacet
facet normal -1 0 0
outer loop
vertex 173.5 -88.23749999999988 9
vertex 173.5 -87.8954798566743 9
vertex 173.5 -87.7375 9
endloop
endfacet
facet normal -1 0 0
outer loop
vertex 173.5 -88.23749999999988 9
vertex 173.5 -87.7375 9
vertex 173.5 -87.5947123903134 9
endloop
endfacet
facet normal -1 0 0
outer loop
vertex 173.5 -88.23749999999988 9
vertex 173.5 -87.5947123903134 9
vertex 173.5 -87.47145555688107 9
endloop
endfacet
facet normal -1 0 0
outer loop
vertex 173.5 -88.23749999999988 9
vertex 173.5 -87.47145555688107 9
vertex 173.5 -87.3714745962157 9
endloop
endfacet
facet normal -1 0 0
outer loop
vertex 173.5 -88.23749999999988 9
vertex 173.5 -87.3714745962157 9
vertex 173.5 -87.29780737921408 9
endloop
endfacet
facet normal -1 0 0
outer loop
vertex 173.5 -88.23749999999988 9
vertex 173.5 -87.29780737921408 9
vertex 173.5 -87.25269224698778 9
endloop
endfacet
facet normal -1 0 0
outer loop
vertex 173.5 -88.23749999999988 9
vertex 173.5 -87.25269224698778 9
vertex 173.5 -87.2375 9
endloop
endfacet
facet normal -1 0 0
outer loop
vertex 173.5 -88.23749999999988 9
vertex 173.5 -87.2375 9
vertex 173.5 -86.23750000000013 9
endloop
endfacet
facet normal -1 0 0
outer loop
vertex 173.5 -88.23749999999988 9
vertex 173.5 -86.23750000000013 9
vertex 173.5 -86.23750000000015 0
endloop
endfacet
facet normal -1 0 0
outer loop
vertex 173.5 -88.23749999999988 9
vertex 173.5 -86.23750000000015 0
vertex 173.5 -88.99999999999987 0
endloop
endfacet
facet normal -1 0 0
outer loop
vertex 173.5 -88.23749999999988 9
vertex 173.5 -88.99999999999987 0
vertex 173.5 -88.99999999999979 9
endloop
endfacet
facet normal -0.9961946980917459 0.08715574274765463 0
outer loop
vertex 173.48480775301218 -89.17364817766696 9
vertex 173.5 -88.99999999999979 9
vertex 173.5 -88.99999999999987 0
endloop
endfacet
facet normal -0.9961946980917459 0.08715574274765463 0
outer loop
vertex 173.48480775301218 -89.17364817766696 9
vertex 173.5 -88.99999999999987 0
vertex 173.4848077530122 -89.17364817766693 0
endloop
endfacet
facet normal -0.9659258262890631 0.2588190451025404 0
outer loop
vertex 173.4396926207859 -89.34202014332578 9
vertex 173.48480775301218 -89.17364817766696 9
vertex 173.4848077530122 -89.17364817766693 0
endloop
endfacet
facet normal -0.9659258262890631 0.2588190451025404 0
outer loop
vertex 173.4396926207859 -89.34202014332578 9
vertex 173.4848077530122 -89.17364817766693 0
vertex 173.43969262078585 -89.3420201433259 0
endloop
endfacet
facet normal -0.9063077870366791 0.42261826174063705 0
outer loop
vertex 173.36602540378442 -89.49999999999994 9
vertex 173.4396926207859 -89.34202014332578 9
vertex 173.43969262078585 -89.3420201433259 0
endloop
endfacet
facet normal -0.9063077870366791 0.42261826174063705 0
outer loop
vertex 173.36602540378442 -89.49999999999994 9
vertex 173.43969262078585 -89.3420201433259 0
vertex 173.36602540378456 -89.49999999999989 0
endloop
endfacet
facet normal -0.8191520442889413 0.5735764363511181 0
outer loop
vertex 173.26604444311897 -89.64278760968642 9
vertex 173.36602540378442 -89.49999999999994 9
vertex 173.36602540378456 -89.49999999999989 0
endloop
endfacet
facet normal -0.8191520442889413 0.5735764363511181 0
outer loop
vertex 173.26604444311897 -89.64278760968642 9
vertex 173.36602540378456 -89.49999999999989 0
vertex 173.2660444431189 -89.64278760968658 0
endloop
endfacet
facet normal -0.7071067811865476 0.7071067811865476 0
outer loop
vertex 173.14278760968654 -89.76604444311903 9
vertex 173.26604444311897 -89.64278760968642 9
vertex 173.2660444431189 -89.64278760968658 0
endloop
endfacet
facet normal -0.7071067811865476 0.7071067811865476 0
outer loop
vertex 173.14278760968654 -89.76604444311903 9
vertex 173.2660444431189 -89.64278760968658 0
vertex 173.14278760968656 -89.76604444311897 0
endloop
endfacet
facet normal -0.5735764363510599 0.819152044288982 0
outer loop
vertex 173.00000000000006 -89.86602540378445 9
vertex 173.14278760968654 -89.76604444311903 9
vertex 173.14278760968656 -89.76604444311897 0
endloop
endfacet
facet normal -0.5735764363510599 0.819152044288982 0
outer loop
vertex 173.00000000000006 -89.86602540378445 9
vertex 173.14278760968656 -89.76604444311897 0
vertex 172.99999999999994 -89.86602540378449 0
endloop
endfacet
facet normal -0.4226182617407234 0.9063077870366388 0
outer loop
vertex 172.84202014332564 -89.9396926207859 9
vertex 173.00000000000006 -89.86602540378445 9
vertex 172.99999999999994 -89.86602540378449 0
endloop
endfacet
facet normal -0.4226182617407234 0.9063077870366388 0
outer loop
vertex 172.84202014332564 -89.9396926207859 9
vertex 172.99999999999994 -89.86602540378449 0
vertex 172.8420201433257 -89.9396926207859 0
endloop
endfacet
facet normal -0.2588190451025271 0.9659258262890666 0
outer loop
vertex 172.67364817766705 -89.9848077530122 9
vertex 172.84202014332564 -89.9396926207859 9
vertex 172.8420201433257 -89.9396926207859 0
endloop
endfacet
facet normal -0.2588190451025271 0.9659258262890666 0
outer loop
vertex 172.67364817766705 -89.9848077530122 9
vertex 172.8420201433257 -89.9396926207859 0
vertex 172.67364817766696 -89.9848077530122 0
endloop
endfacet
facet normal -0.087155742747683 0.9961946980917434 0
outer loop
vertex 172.4999999999999 -90 9
vertex 172.67364817766705 -89.9848077530122 9
vertex 172.67364817766696 -89.9848077530122 0
endloop
endfacet
facet normal -0.087155742747683 0.9961946980917434 0
outer loop
vertex 172.4999999999999 -90 9
vertex 172.67364817766696 -89.9848077530122 0
vertex 172.49999999999991 -90 0
endloop
endfacet
facet normal -0.08715574274766874 0.9961946980917448 0
outer loop
vertex 156.3263518223331 -90.0151922469878 9
vertex 156.50000000000009 -90 9
vertex 156.5 -90 0
endloop
endfacet
facet normal -0.08715574274766874 0.9961946980917448 0
outer loop
vertex 156.3263518223331 -90.0151922469878 9
vertex 156.5 -90 0
vertex 156.32635182233315 -90.0151922469878 0
endloop
endfacet
facet normal -0.2588190451025404 0.9659258262890631 0
outer loop
vertex 156.15797985667425 -90.0603073792141 9
vertex 156.3263518223331 -90.0151922469878 9
vertex 156.32635182233315 -90.0151922469878 0
endloop
endfacet
facet normal -0.2588190451025404 0.9659258262890631 0
outer loop
vertex 156.15797985667425 -90.0603073792141 9
vertex 156.32635182233315 -90.0151922469878 0
vertex 156.1579798566742 -90.0603073792141 0
endloop
endfacet
facet normal -0.4226182617406685 0.9063077870366644 0
outer loop
vertex 156.0000000000001 -90.13397459621561 9
vertex 156.15797985667425 -90.0603073792141 9
vertex 156.1579798566742 -90.0603073792141 0
endloop
endfacet
facet normal -0.4226182617406685 0.9063077870366644 0
outer loop
vertex 156.0000000000001 -90.13397459621561 9
vertex 156.1579798566742 -90.0603073792141 0
vertex 156.00000000000009 -90.13397459621557 0
endloop
endfacet
facet normal -0.5735764363510599 0.8191520442889821 0
outer loop
vertex 155.85721239031332 -90.23395555688099 9
vertex 156.0000000000001 -90.13397459621561 9
vertex 156.00000000000009 -90.13397459621557 0
endloop
endfacet
facet normal -0.5735764363510599 0.8191520442889821 0
outer loop
vertex 155.85721239031332 -90.23395555688099 9
vertex 156.00000000000009 -90.13397459621557 0
vertex 155.85721239031346 -90.23395555688111 0
endloop
endfacet
facet normal -0.7071067811865405 0.7071067811865547 0
outer loop
vertex 155.73395555688106 -90.35721239031342 9
vertex 155.85721239031332 -90.23395555688099 9
vertex 155.85721239031346 -90.23395555688111 0
endloop
endfacet
facet normal -0.7071067811865405 0.7071067811865547 0
outer loop
vertex 155.73395555688106 -90.35721239031342 9
vertex 155.85721239031346 -90.23395555688111 0
vertex 155.73395555688103 -90.35721239031332 0
endloop
endfacet
facet normal -0.8191520442889413 0.5735764363511181 0
outer loop
vertex 155.63397459621547 -90.50000000000014 9
vertex 155.73395555688106 -90.35721239031342 9
vertex 155.73395555688103 -90.35721239031332 0
endloop
endfacet
facet normal -0.8191520442889413 0.5735764363511181 0
outer loop
vertex 155.63397459621547 -90.50000000000014 9
vertex 155.73395555688103 -90.35721239031332 0
vertex 155.6339745962155 -90.50000000000011 0
endloop
endfacet
facet normal -0.9063077870366791 0.42261826174063705 0
outer loop
vertex 155.56030737921418 -90.65797985667444 9
vertex 155.63397459621547 -90.50000000000014 9
vertex 155.6339745962155 -90.50000000000011 0
endloop
endfacet
facet normal -0.9063077870366791 0.42261826174063705 0
outer loop
vertex 155.56030737921418 -90.65797985667444 9
vertex 155.6339745962155 -90.50000000000011 0
vertex 155.56030737921412 -90.65797985667433 0
endloop
endfacet
facet normal -0.9659258262890631 0.2588190451025404 0
outer loop
vertex 155.51519224698785 -90.82635182233281 9
vertex 155.56030737921418 -90.65797985667444 9
vertex 155.56030737921412 -90.65797985667433 0
endloop
endfacet
facet normal -0.9659258262890631 0.2588190451025404 0
outer loop
vertex 155.51519224698785 -90.82635182233281 9
vertex 155.56030737921412 -90.65797985667433 0
vertex 155.5151922469878 -90.82635182233305 0
endloop
endfacet
facet normal -0.9961946980917433 0.087155742747683 0
outer loop
vertex 155.5 -91.00000000000017 9
vertex 155.51519224698785 -90.82635182233281 9
vertex 155.5151922469878 -90.82635182233305 0
endloop
endfacet
facet normal -0.9961946980917433 0.087155742747683 0
outer loop
vertex 155.5 -91.00000000000017 9
vertex 155.5151922469878 -90.82635182233305 0
vertex 155.5 -90.99999999999979 0
endloop
endfacet
facet normal -1 0 0
outer loop
vertex 155.5 -92.99999999999966 9
vertex 155.5 -92.82635182233312 9
vertex 155.5 -92.65797985667429 9
endloop
endfacet
facet normal -1 0 0
outer loop
vertex 155.5 -92.99999999999966 9
vertex 155.5 -92.65797985667429 9
vertex 155.5 -92.5000000000002 9
endloop
endfacet
facet normal -1 0 0
outer loop
vertex 155.5 -92.99999999999966 9
vertex 155.5 -92.5000000000002 9
vertex 155.5 -92.35721239031348 9
endloop
endfacet
facet normal -1 0 0
outer loop
vertex 155.5 -92.99999999999966 9
vertex 155.5 -92.35721239031348 9
vertex 155.5 -92.233955556881 9
endloop
endfacet
facet normal -1 0 0
outer loop
vertex 155.5 -92.99999999999966 9
vertex 155.5 -92.233955556881 9
vertex 155.5 -92.1339745962156 9
endloop
endfacet
facet normal -1 0 0
outer loop
vertex 155.5 -92.99999999999966 9
vertex 155.5 -92.1339745962156 9
vertex 155.5 -92.06030737921411 9
endloop
endfacet
facet normal -1 0 0
outer loop
vertex 155.5 -92.99999999999966 9
vertex 155.5 -92.06030737921411 9
vertex 155.5 -92.01519224698781 9
endloop
endfacet
facet normal -1 0 0
outer loop
vertex 155.5 -92.99999999999966 9
vertex 155.5 -92.01519224698781 9
vertex 155.5 -92 9
endloop
endfacet
facet normal -1 0 0
outer loop
vertex 155.5 -92.99999999999966 9
vertex 155.5 -92 9
vertex 155.5 -91.00000000000017 9
endloop
endfacet
facet normal -1 0 0
outer loop
vertex 155.5 -92.99999999999966 9
vertex 155.5 -91.00000000000017 9
vertex 155.5 -90.99999999999979 0
endloop
endfacet
facet normal -1 0 0
outer loop
vertex 155.5 -92.99999999999966 9
vertex 155.5 -90.99999999999979 0
vertex 155.5 -91.85749999999987 0
endloop
endfacet
facet normal -1 0 0
outer loop
vertex 155.5 -92.99999999999966 9
vertex 155.5 -91.85749999999987 0
vertex 155.5 -92.0311481776672 0
endloop
endfacet
facet normal -1 0 0
outer loop
vertex 155.5 -92.99999999999966 9
vertex 155.5 -92.0311481776672 0
vertex 155.5 -92.19952014332546 0
endloop
endfacet
facet normal -1 0 0
outer loop
vertex 155.5 -92.99999999999966 9
vertex 155.5 -92.19952014332546 0
vertex 155.5 -92.35750000000007 0
endloop
endfacet
facet normal -1 0 0
outer loop
vertex 155.5 -92.99999999999966 9
vertex 155.5 -92.35750000000007 0
vertex 155.5 -92.50028760968665 0
endloop
endfacet
facet normal -1 0 0
outer loop
vertex 155.5 -92.99999999999966 9
vertex 155.5 -92.50028760968665 0
vertex 155.5 -92.62354444311892 0
endloop
endfacet
facet normal -1 0 0
outer loop
vertex 155.5 -92.99999999999966 9
vertex 155.5 -92.62354444311892 0
vertex 155.5 -92.72352540378448 0
endloop
endfacet
facet normal -1 0 0
outer loop
vertex 155.5 -92.99999999999966 9
vertex 155.5 -92.72352540378448 0
vertex 155.5 -92.79719262078594 0
endloop
endfacet
facet normal -1 0 0
outer loop
vertex 155.5 -92.99999999999966 9
vertex 155.5 -92.79719262078594 0
vertex 155.5 -92.8423077530122 0
endloop
endfacet
facet normal -1 0 0
outer loop
vertex 155.5 -92.99999999999966 9
vertex 155.5 -92.8423077530122 0
vertex 155.5 -92.8575 0
endloop
endfacet
facet normal -1 0 0
outer loop
vertex 155.5 -92.99999999999966 9
vertex 155.5 -92.8575 0
vertex 155.5 -97.85750000000029 0
endloop
endfacet
facet normal -1 0 0
outer loop
vertex 155.5 -92.99999999999966 9
vertex 155.5 -97.85750000000029 0
vertex 155.5 -98.55209271066768 0
endloop
endfacet
facet normal -1 0 0
outer loop
vertex 155.5 -92.99999999999966 9
vertex 155.5 -98.55209271066768 0
vertex 155.5 -99.22558057330262 0
endloop
endfacet
facet normal -1 0 0
outer loop
vertex 155.5 -92.99999999999966 9
vertex 155.5 -99.22558057330262 0
vertex 155.5 -99.85750000000009 0
endloop
endfacet
facet normal -1 0 0
outer loop
vertex 155.5 -92.99999999999966 9
vertex 155.5 -99.85750000000009 0
vertex 155.5 -100.42865043874615 0
endloop
endfacet
facet normal -1 0 0
outer loop
vertex 155.5 -92.99999999999966 9
vertex 155.5 -100.42865043874615 0
vertex 155.5 -100.92167777247586 0
endloop
endfacet
facet normal -1 0 0
outer loop
vertex 155.5 -92.99999999999966 9
vertex 155.5 -100.92167777247586 0
vertex 155.5 -101.32160161513778 0
endloop
endfacet
facet normal -1 0 0
outer loop
vertex 155.5 -92.99999999999966 9
vertex 155.5 -101.32160161513778 0
vertex 155.5 -101.61627048314364 0
endloop
endfacet
facet normal -1 0 0
outer loop
vertex 155.5 -92.99999999999966 9
vertex 155.5 -101.61627048314364 0
vertex 155.5 -101.79673101204884 0
endloop
endfacet
facet normal -1 0 0
outer loop
vertex 155.5 -92.99999999999966 9
vertex 155.5 -101.79673101204884 0
vertex 155.5 -103.00000000000023 0
endloop
endfacet
facet normal -1 0 0
outer loop
vertex 155.5 -92.99999999999966 9
vertex 155.5 -103.00000000000023 0
vertex 155.5 -103.00000000000013 9
endloop
endfacet
facet normal -0.9961946980917459 0.08715574274765463 0
outer loop
vertex 155.4848077530122 -103.17364817766698 9
vertex 155.5 -103.00000000000013 9
vertex 155.5 -103.00000000000023 0
endloop
endfacet
facet normal -0.9961946980917459 0.08715574274765463 0
outer loop
vertex 155.4848077530122 -103.17364817766698 9
vertex 155.5 -103.00000000000023 0
vertex 155.48480775301223 -103.17364817766685 0
endloop
endfacet
facet normal -0.9659258262890631 0.2588190451025404 0
outer loop
vertex 155.4396926207859 -103.3420201433257 9
vertex 155.4848077530122 -103.17364817766698 9
vertex 155.48480775301223 -103.17364817766685 0
endloop
endfacet
facet normal -0.9659258262890631 0.2588190451025404 0
outer loop
vertex 155.4396926207859 -103.3420201433257 9
vertex 155.48480775301223 -103.17364817766685 0
vertex 155.43969262078588 -103.34202014332578 0
endloop
endfacet
facet normal -0.9063077870366792 0.4226182617406371 0
outer loop
vertex 155.36602540378453 -103.49999999999982 9
vertex 155.4396926207859 -103.3420201433257 9
vertex 155.43969262078588 -103.34202014332578 0
endloop
endfacet
facet normal -0.9063077870366792 0.4226182617406371 0
outer loop
vertex 155.36602540378453 -103.49999999999982 9
vertex 155.43969262078588 -103.34202014332578 0
vertex 155.36602540378462 -103.49999999999966 0
endloop
endfacet
facet normal -0.8191520442889414 0.5735764363511181 0
outer loop
vertex 155.2660444431189 -103.64278760968661 9
vertex 155.36602540378453 -103.49999999999982 9
vertex 155.36602540378462 -103.49999999999966 0
endloop
endfacet
facet normal -0.8191520442889414 0.5735764363511181 0
outer loop
vertex 155.2660444431189 -103.64278760968661 9
vertex 155.36602540378462 -103.49999999999966 0
vertex 155.2660444431188 -103.64278760968669 0
endloop
endfacet
facet normal -0.7071067811865618 0.7071067811865334 0
outer loop
vertex 155.1427876096865 -103.766044443119 9
vertex 155.2660444431189 -103.64278760968661 9
vertex 155.2660444431188 -103.64278760968669 0
endloop
endfacet
facet normal -0.7071067811865618 0.7071067811865334 0
outer loop
vertex 155.1427876096865 -103.766044443119 9
vertex 155.2660444431188 -103.64278760968669 0
vertex 155.14278760968665 -103.76604444311884 0
endloop
endfacet
facet normal -0.5735764363510666 0.8191520442889775 0
outer loop
vertex 155.00000000000006 -103.8660254037844 9
vertex 155.1427876096865 -103.766044443119 9
vertex 155.14278760968665 -103.76604444311884 0
endloop
endfacet
facet normal -0.5735764363510666 0.8191520442889775 0
outer loop
vertex 155.00000000000006 -103.8660254037844 9
vertex 155.14278760968665 -103.76604444311884 0
vertex 154.9999999999997 -103.8660254037846 0
endloop
endfacet
facet normal -0.42261826174069467 0.9063077870366523 0
outer loop
vertex 154.84202014332567 -103.9396926207859 9
vertex 155.00000000000006 -103.8660254037844 9
vertex 154.9999999999997 -103.8660254037846 0
endloop
endfacet
facet normal -0.42261826174069467 0.9063077870366523 0
outer loop
vertex 154.84202014332567 -103.9396926207859 9
vertex 154.9999999999997 -103.8660254037846 0
vertex 154.84202014332573 -103.9396926207859 0
endloop
endfacet
facet normal -0.2588190451025404 0.9659258262890631 0
outer loop
vertex 154.67364817766702 -103.98480775301219 9
vertex 154.84202014332567 -103.9396926207859 9
vertex 154.84202014332573 -103.9396926207859 0
endloop
endfacet
facet normal -0.2588190451025404 0.9659258262890631 0
outer loop
vertex 154.67364817766702 -103.98480775301219 9
vertex 154.84202014332573 -103.9396926207859 0
vertex 154.6736481776671 -103.98480775301218 0
endloop
endfacet
facet normal -0.08715574274766874 0.9961946980917448 0
outer loop
vertex 154.49999999999991 -104 9
vertex 154.67364817766702 -103.98480775301219 9
vertex 154.6736481776671 -103.98480775301218 0
endloop
endfacet
facet normal -0.08715574274766874 0.9961946980917448 0
outer loop
vertex 154.49999999999991 -104 9
vertex 154.6736481776671 -103.98480775301218 0
vertex 154.49999999999983 -104 0
endloop
endfacet
facet normal 0 1 0
outer loop
vertex 154.49999999999991 -104 9
vertex 154.49999999999983 -104 0
vertex 138.49999999999997 -104 0
endloop
endfacet
facet normal 0 1 0
outer loop
vertex 154.49999999999991 -104 9
vertex 138.49999999999997 -104 0
vertex 138.49999999999994 -104 9
endloop
endfacet
facet normal -0.08715574274766874 0.9961946980917448 0
outer loop
vertex 138.32635182233318 -104.01519224698778 9
vertex 138.49999999999994 -104 9
vertex 138.49999999999997 -104 0
endloop
endfacet
facet normal -0.08715574274766874 0.9961946980917448 0
outer loop
vertex 138.32635182233318 -104.01519224698778 9
vertex 138.49999999999997 -104 0
vertex 138.32635182233312 -104.01519224698778 0
endloop
endfacet
facet normal -0.2588190451025404 0.9659258262890631 0
outer loop
vertex 138.1579798566742 -104.06030737921415 9
vertex 138.32635182233318 -104.01519224698778 9
vertex 138.32635182233312 -104.01519224698778 0
endloop
endfacet
facet normal -0.2588190451025404 0.9659258262890631 0
outer loop
vertex 138.1579798566742 -104.06030737921415 9
vertex 138.32635182233312 -104.01519224698778 0
vertex 138.15797985667433 -104.0603073792141 0
endloop
endfacet
facet normal -0.42261826174066586 0.9063077870366657 0
outer loop
vertex 138.00000000000006 -104.13397459621552 9
vertex 138.1579798566742 -104.06030737921415 9
vertex 138.15797985667433 -104.0603073792141 0
endloop
endfacet
facet normal -0.42261826174066586 0.9063077870366657 0
outer loop
vertex 138.00000000000006 -104.13397459621552 9
vertex 138.15797985667433 -104.0603073792141 0
vertex 138.00000000000009 -104.13397459621552 0
endloop
endfacet
facet normal -0.5735764363510341 0.8191520442890001 0
outer loop
vertex 137.85721239031344 -104.23395555688106 9
vertex 138.00000000000006 -104.13397459621552 9
vertex 138.00000000000009 -104.13397459621552 0
endloop
endfacet
facet normal -0.5735764363510341 0.8191520442890001 0
outer loop
vertex 137.85721239031344 -104.23395555688106 9
vertex 138.00000000000009 -104.13397459621552 0
vertex 137.85721239031335 -104.23395555688114 0
endloop
endfacet
facet normal -0.7071067811865476 0.7071067811865476 0
outer loop
vertex 137.73395555688103 -104.35721239031348 9
vertex 137.85721239031344 -104.23395555688106 9
vertex 137.85721239031335 -104.23395555688114 0
endloop
endfacet
facet normal -0.7071067811865476 0.7071067811865476 0
outer loop
vertex 137.73395555688103 -104.35721239031348 9
vertex 137.85721239031335 -104.23395555688114 0
vertex 137.73395555688103 -104.35721239031345 0
endloop
endfacet
facet normal -0.8191520442889415 0.5735764363511181 0
outer loop
vertex 137.63397459621552 -104.50000000000004 9
vertex 137.73395555688103 -104.35721239031348 9
vertex 137.73395555688103 -104.35721239031345 0
endloop
endfacet
facet normal -0.8191520442889415 0.5735764363511181 0
outer loop
vertex 137.63397459621552 -104.50000000000004 9
vertex 137.73395555688103 -104.35721239031345 0
vertex 137.6339745962156 -104.49999999999993 0
endloop
endfacet
facet normal -0.9063077870366791 0.42261826174063705 0
outer loop
vertex 137.56030737921404 -104.65797985667444 9
vertex 137.63397459621552 -104.50000000000004 9
vertex 137.6339745962156 -104.49999999999993 0
endloop
endfacet
facet normal -0.9063077870366791 0.42261826174063705 0
outer loop
vertex 137.56030737921404 -104.65797985667444 9
vertex 137.6339745962156 -104.49999999999993 0
vertex 137.56030737921404 -104.65797985667452 0
endloop
endfacet
facet normal -0.9659258262890631 0.2588190451025404 0
outer loop
vertex 137.5151922469878 -104.82635182233292 9
vertex 137.56030737921404 -104.65797985667444 9
vertex 137.56030737921404 -104.65797985667452 0
endloop
endfacet
facet normal -0.9659258262890631 0.2588190451025404 0
outer loop
vertex 137.5151922469878 -104.82635182233292 9
vertex 137.56030737921404 -104.65797985667452 0
vertex 137.5151922469878 -104.82635182233297 0
endloop
endfacet
facet normal -0.9961946980917433 0.087155742747683 0
outer loop
vertex 137.5 -104.9999999999998 9
vertex 137.5151922469878 -104.82635182233292 9
vertex 137.5151922469878 -104.82635182233297 0
endloop
endfacet
facet normal -0.9961946980917433 0.087155742747683 0
outer loop
vertex 137.5 -104.9999999999998 9
vertex 137.5151922469878 -104.82635182233297 0
vertex 137.5 -105.00000000000011 0
endloop
endfacet
facet normal -1 0 0
outer loop
vertex 137.5 -160 9
vertex 137.5 -159.98480775301218 9
vertex 137.5 -159.93969262078588 9
endloop
endfacet
facet normal -1 0 0
outer loop
vertex 137.5 -160 9
vertex 137.5 -159.93969262078588 9
vertex 137.5 -159.86602540378442 9
endloop
endfacet
facet normal -1 0 0
outer loop
vertex 137.5 -160 9
vertex 137.5 -159.86602540378442 9
vertex 137.5 -159.766044443119 9
endloop
endfacet
facet normal -1 0 0
outer loop
vertex 137.5 -160 9
vertex 137.5 -159.766044443119 9
vertex 137.5 -159.64278760968654 9
endloop
endfacet
facet normal -1 0 0
outer loop
vertex 137.5 -160 9
vertex 137.5 -159.64278760968654 9
vertex 137.5 -159.49999999999991 9
endloop
endfacet
facet normal -1 0 0
outer loop
vertex 137.5 -160 9
vertex 137.5 -159.49999999999991 9
vertex 137.5 -159.3420201433257 9
endloop
endfacet
facet normal -1 0 0
outer loop
vertex 137.5 -160 9
vertex 137.5 -159.3420201433257 9
vertex 137.5 -159.17364817766685 9
endloop
endfacet
facet normal -1 0 0
outer loop
vertex 137.5 -160 9
vertex 137.5 -159.17364817766685 9
vertex 137.5 -159.00000000000026 9
endloop
endfacet
facet normal -1 0 0
outer loop
vertex 137.5 -160 9
vertex 137.5 -159.00000000000026 9
vertex 137.5 -106.99999999999997 9
endloop
endfacet
facet normal -1 0 0
outer loop
vertex 137.5 -160 9
vertex 137.5 -106.99999999999997 9
vertex 137.5 -106.82635182233298 9
endloop
endfacet
facet normal -1 0 0
outer loop
vertex 137.5 -160 9
vertex 137.5 -106.82635182233298 9
vertex 137.5 -106.65797985667446 9
endloop
endfacet
facet normal -1 0 0
outer loop
vertex 137.5 -160 9
vertex 137.5 -106.65797985667446 9
vertex 137.5 -106.49999999999994 9
endloop
endfacet
facet normal -1 0 0
outer loop
vertex 137.5 -160 9
vertex 137.5 -106.49999999999994 9
vertex 137.5 -106.3572123903136 9
endloop
endfacet
facet normal -1 0 0
outer loop
vertex 137.5 -160 9
vertex 137.5 -106.3572123903136 9
vertex 137.5 -106.23395555688101 9
endloop
endfacet
facet normal -1 0 0
outer loop
vertex 137.5 -160 9
vertex 137.5 -106.23395555688101 9
vertex 137.5 -106.13397459621562 9
endloop
endfacet
facet normal -1 0 0
outer loop
vertex 137.5 -160 9
vertex 137.5 -106.13397459621562 9
vertex 137.5 -106.06030737921404 9
endloop
endfacet
facet normal -1 0 0
outer loop
vertex 137.5 -160 9
vertex 137.5 -106.06030737921404 9
vertex 137.5 -106.0151922469878 9
endloop
endfacet
facet normal -1 0 0
outer loop
vertex 137.5 -160 9
vertex 137.5 -106.0151922469878 9
vertex 137.5 -106 9
endloop
endfacet
facet normal -1 0 0
outer loop
vertex 137.5 -160 9
vertex 137.5 -106 9
vertex 137.5 -104.9999999999998 9
endloop
endfacet
facet normal -1 0 0
outer loop
vertex 137.5 -160 9
vertex 137.5 -104.9999999999998 9
vertex 137.5 -105.00000000000011 0
endloop
endfacet
facet normal -1 0 0
outer loop
vertex 137.5 -160 9
vertex 137.5 -105.00000000000011 0
vertex 137.5 -105.8575 0
endloop
endfacet
facet normal -1 0 0
outer loop
vertex 137.5 -160 9
vertex 137.5 -105.8575 0
vertex 137.5 -107.03333330000046 0
endloop
endfacet
facet normal -1 0 0
outer loop
vertex 137.5 -160 9
vertex 137.5 -107.03333330000046 0
vertex 137.5 -107.0621553793942 0
endloop
endfacet
facet normal -1 0 0
outer loop
vertex 137.5 -160 9
vertex 137.5 -107.0621553793942 0
vertex 137.5 -107.14751400123215 0
endloop
endfacet
facet normal -1 0 0
outer loop
vertex 137.5 -160 9
vertex 137.5 -107.14751400123215 0
vertex 137.5 -107.28612888153108 0
endloop
endfacet
facet normal -1 0 0
outer loop
vertex 137.5 -160 9
vertex 137.5 -107.28612888153108 0
vertex 137.5 -107.47267312826564 0
endloop
endfacet
facet normal -1 0 0
outer loop
vertex 137.5 -160 9
vertex 137.5 -107.47267312826564 0
vertex 137.5 -107.69997795043396 0
endloop
endfacet
facet normal -1 0 0
outer loop
vertex 137.5 -160 9
vertex 137.5 -107.69997795043396 0
vertex 137.5 -107.95930815147858 0
endloop
endfacet
facet normal -1 0 0
outer loop
vertex 137.5 -160 9
vertex 137.5 -107.95930815147858 0
vertex 137.5 -108.24069781697831 0
endloop
endfacet
facet normal -1 0 0
outer loop
vertex 137.5 -160 9
vertex 137.5 -108.24069781697831 0
vertex 137.5 -108.5333332999833 0
endloop
endfacet
facet normal -1 0 0
outer loop
vertex 137.5 -160 9
vertex 137.5 -108.5333332999833 0
vertex 137.5 -108.82596878303019 0
endloop
endfacet
facet normal -1 0 0
outer loop
vertex 137.5 -160 9
vertex 137.5 -108.82596878303019 0
vertex 137.5 -109.1073584485439 0
endloop
endfacet
facet normal -1 0 0
outer loop
vertex 137.5 -160 9
vertex 137.5 -109.1073584485439 0
vertex 137.5 -109.36668864954532 0
endloop
endfacet
facet normal -1 0 0
outer loop
vertex 137.5 -160 9
vertex 137.5 -109.36668864954532 0
vertex 137.5 -109.59399347174036 0
endloop
endfacet
facet normal -1 0 0
outer loop
vertex 137.5 -160 9
vertex 137.5 -109.59399347174036 0
vertex 137.5 -109.78053771848725 0
endloop
endfacet
facet normal -1 0 0
outer loop
vertex 137.5 -160 9
vertex 137.5 -109.78053771848725 0
vertex 137.5 -109.91915259876158 0
endloop
endfacet
facet normal -1 0 0
outer loop
vertex 137.5 -160 9
vertex 137.5 -109.91915259876158 0
vertex 137.5 -110.00451122060225 0
endloop
endfacet
facet normal -1 0 0
outer loop
vertex 137.5 -160 9
vertex 137.5 -110.00451122060225 0
vertex 137.5 -110.03333329999967 0
endloop
endfacet
facet normal -1 0 0
outer loop
vertex 137.5 -160 9
vertex 137.5 -110.03333329999967 0
vertex 137.5 -111.85749999999805 0
endloop
endfacet
facet normal -1 0 0
outer loop
vertex 137.5 -160 9
vertex 137.5 -111.85749999999805 0
vertex 137.5 -111.8863220793917 0
endloop
endfacet
facet normal -1 0 0
outer loop
vertex 137.5 -160 9
vertex 137.5 -111.8863220793917 0
vertex 137.5 -111.97168070122616 0
endloop
endfacet
facet normal -1 0 0
outer loop
vertex 137.5 -160 9
vertex 137.5 -111.97168070122616 0
vertex 137.5 -112.11029558157696 0
endloop
endfacet
facet normal -1 0 0
outer loop
vertex 137.5 -160 9
vertex 137.5 -112.11029558157696 0
vertex 137.5 -112.29683982818831 0
endloop
endfacet
facet normal -1 0 0
outer loop
vertex 137.5 -160 9
vertex 137.5 -112.29683982818831 0
vertex 137.5 -112.52414465050592 0
endloop
endfacet
facet normal -1 0 0
outer loop
vertex 137.5 -160 9
vertex 137.5 -112.52414465050592 0
vertex 137.5 -112.78347485141852 0
endloop
endfacet
facet normal -1 0 0
outer loop
vertex 137.5 -160 9
vertex 137.5 -112.78347485141852 0
vertex 137.5 -113.06486451699841 0
endloop
endfacet
facet normal -1 0 0
outer loop
vertex 137.5 -160 9
vertex 137.5 -113.06486451699841 0
vertex 137.5 -113.35749999998042 0
endloop
endfacet
facet normal -1 0 0
outer loop
vertex 137.5 -160 9
vertex 137.5 -113.35749999998042 0
vertex 137.5 -113.65013548304698 0
endloop
endfacet
facet normal -1 0 0
outer loop
vertex 137.5 -160 9
vertex 137.5 -113.65013548304698 0
vertex 137.5 -113.93152514850436 0
endloop
endfacet
facet normal -1 0 0
outer loop
vertex 137.5 -160 9
vertex 137.5 -113.93152514850436 0
vertex 137.5 -114.19085534955258 0
endloop
endfacet
facet normal -1 0 0
outer loop
vertex 137.5 -160 9
vertex 137.5 -114.19085534955258 0
vertex 137.5 -114.4181601717709 0
endloop
endfacet
facet normal -1 0 0
outer loop
vertex 137.5 -160 9
vertex 137.5 -114.4181601717709 0
vertex 137.5 -114.60470441846746 0
endloop
endfacet
facet normal -1 0 0
outer loop
vertex 137.5 -160 9
vertex 137.5 -114.60470441846746 0
vertex 137.5 -114.74331929876514 0
endloop
endfacet
facet normal -1 0 0
outer loop
vertex 137.5 -160 9
vertex 137.5 -114.74331929876514 0
vertex 137.5 -114.82867792060232 0
endloop
endfacet
facet normal -1 0 0
outer loop
vertex 137.5 -160 9
vertex 137.5 -114.82867792060232 0
vertex 137.5 -114.85749999999864 0
endloop
endfacet
facet normal -1 0 0
outer loop
vertex 137.5 -160 9
vertex 137.5 -114.85749999999864 0
vertex 137.5 -144.8575 0
endloop
endfacet
facet normal -1 0 0
outer loop
vertex 137.5 -160 9
vertex 137.5 -144.8575 0
vertex 137.5 -150.49999999999994 0
endloop
endfacet
facet normal -1 0 0
outer loop
vertex 137.5 -160 9
vertex 137.5 -150.49999999999994 0
vertex 137.5 -150.52882207939658 0
endloop
endfacet
facet normal -1 0 0
outer loop
vertex 137.5 -160 9
vertex 137.5 -150.52882207939658 0
vertex 137.5 -150.61418070123216 0
endloop
endfacet
facet normal -1 0 0
outer loop
vertex 137.5 -160 9
vertex 137.5 -150.61418070123216 0
vertex 137.5 -150.75279558154946 0
endloop
endfacet
facet normal -1 0 0
outer loop
vertex 137.5 -160 9
vertex 137.5 -150.75279558154946 0
vertex 137.5 -150.93933982823157 0
endloop
endfacet
facet normal -1 0 0
outer loop
vertex 137.5 -160 9
vertex 137.5 -150.93933982823157 0
vertex 137.5 -151.16664465045298 0
endloop
endfacet
facet normal -1 0 0
outer loop
vertex 137.5 -160 9
vertex 137.5 -151.16664465045298 0
vertex 137.5 -151.42597485145959 0
endloop
endfacet
facet normal -1 0 0
outer loop
vertex 137.5 -160 9
vertex 137.5 -151.42597485145959 0
vertex 137.5 -151.70736451698062 0
endloop
endfacet
facet normal -1 0 0
outer loop
vertex 137.5 -160 9
vertex 137.5 -151.70736451698062 0
vertex 137.5 -151.9999999999877 0
endloop
endfacet
facet normal -1 0 0
outer loop
vertex 137.5 -160 9
vertex 137.5 -151.9999999999877 0
vertex 137.5 -152.29263548302885 0
endloop
endfacet
facet normal -1 0 0
outer loop
vertex 137.5 -160 9
vertex 137.5 -152.29263548302885 0
vertex 137.5 -152.57402514853314 0
endloop
endfacet
facet normal -1 0 0
outer loop
vertex 137.5 -160 9
vertex 137.5 -152.57402514853314 0
vertex 137.5 -152.83335534957183 0
endloop
endfacet
facet normal -1 0 0
outer loop
vertex 137.5 -160 9
vertex 137.5 -152.83335534957183 0
vertex 137.5 -153.06066017176107 0
endloop
endfacet
facet normal -1 0 0
outer loop
vertex 137.5 -160 9
vertex 137.5 -153.06066017176107 0
vertex 137.5 -153.24720441845537 0
endloop
endfacet
facet normal -1 0 0
outer loop
vertex 137.5 -160 9
vertex 137.5 -153.24720441845537 0
vertex 137.5 -153.38581929876688 0
endloop
endfacet
facet normal -1 0 0
outer loop
vertex 137.5 -160 9
vertex 137.5 -153.38581929876688 0
vertex 137.5 -153.47117792060695 0
endloop
endfacet
facet normal -1 0 0
outer loop
vertex 137.5 -160 9
vertex 137.5 -153.47117792060695 0
vertex 137.5 -153.49999999999986 0
endloop
endfacet
facet normal -1 0 0
outer loop
vertex 137.5 -160 9
vertex 137.5 -153.49999999999986 0
vertex 137.5 -153.60204412823657 0
endloop
endfacet
facet normal -1 0 0
outer loop
vertex 137.5 -160 9
vertex 137.5 -153.60204412823657 0
vertex 137.5 -153.8293489504607 0
endloop
endfacet
facet normal -1 0 0
outer loop
vertex 137.5 -160 9
vertex 137.5 -153.8293489504607 0
vertex 137.5 -154.08867915146422 0
endloop
endfacet
facet normal -1 0 0
outer loop
vertex 137.5 -160 9
vertex 137.5 -154.08867915146422 0
vertex 137.5 -154.37006881697715 0
endloop
endfacet
facet normal -1 0 0
outer loop
vertex 137.5 -160 9
vertex 137.5 -154.37006881697715 0
vertex 137.5 -154.66270429999005 0
endloop
endfacet
facet normal -1 0 0
outer loop
vertex 137.5 -160 9
vertex 137.5 -154.66270429999005 0
vertex 137.5 -154.9553397830343 0
endloop
endfacet
facet normal -1 0 0
outer loop
vertex 137.5 -160 9
vertex 137.5 -154.9553397830343 0
vertex 137.5 -155.2367294485733 0
endloop
endfacet
facet normal -1 0 0
outer loop
vertex 137.5 -160 9
vertex 137.5 -155.2367294485733 0
vertex 137.5 -155.4960596495321 0
endloop
endfacet
facet normal -1 0 0
outer loop
vertex 137.5 -160 9
vertex 137.5 -155.4960596495321 0
vertex 137.5 -155.7233644717576 0
endloop
endfacet
facet normal -1 0 0
outer loop
vertex 137.5 -160 9
vertex 137.5 -155.7233644717576 0
vertex 137.5 -155.90990871844946 0
endloop
endfacet
facet normal -1 0 0
outer loop
vertex 137.5 -160 9
vertex 137.5 -155.90990871844946 0
vertex 137.5 -156.0485235987723 0
endloop
endfacet
facet normal -1 0 0
outer loop
vertex 137.5 -160 9
vertex 137.5 -156.0485235987723 0
vertex 137.5 -156.1338822206085 0
endloop
endfacet
facet normal -1 0 0
outer loop
vertex 137.5 -160 9
vertex 137.5 -156.1338822206085 0
vertex 137.5 -156.16270430000054 0
endloop
endfacet
facet normal -1 0 0
outer loop
vertex 137.5 -160 9
vertex 137.5 -156.16270430000054 0
vertex 137.5 -161.00000000000014 0
endloop
endfacet
facet normal -1 0 0
outer loop
vertex 137.5 -160 9
vertex 137.5 -161.00000000000014 0
vertex 137.5 -161.00000000000017 9
endloop
endfacet
facet normal -0.9974433671908052 -0.07146138290761432 0
outer loop
vertex 137.51021395450834 -161.14256428804782 9
vertex 137.5 -161.00000000000017 9
vertex 137.5 -161.00000000000014 0
endloop
endfacet
facet normal -0.9974433671908052 -0.07146138290761432 0
outer loop
vertex 137.51021395450834 -161.14256428804782 9
vertex 137.5 -161.00000000000014 0
vertex 137.51021395450834 -161.14256428804774 0
endloop
endfacet
facet normal -0.9770671926061608 -0.21293121220881528 0
outer loop
vertex 137.5406481502434 -161.2822162154361 9
vertex 137.51021395450834 -161.14256428804782 9
vertex 137.51021395450834 -161.14256428804774 0
endloop
endfacet
facet normal -0.9770671926061608 -0.21293121220881528 0
outer loop
vertex 137.5406481502434 -161.2822162154361 9
vertex 137.51021395450834 -161.14256428804774 0
vertex 137.5406481502434 -161.28221621543608 0
endloop
endfacet
facet normal -0.9367306089821957 -0.3500510908365302 0
outer loop
vertex 137.5906808500306 -161.4161028467523 9
vertex 137.5406481502434 -161.2822162154361 9
vertex 137.5406481502434 -161.28221621543608 0
endloop
endfacet
facet normal -0.9367306089821957 -0.3500510908365302 0
outer loop
vertex 137.5906808500306 -161.4161028467523 9
vertex 137.5406481502434 -161.28221621543608 0
vertex 137.5906808500306 -161.4161028467523 0
endloop
endfacet
facet normal -0.8772576483964188 -0.48001981035159924 0
outer loop
vertex 137.6592899407947 -161.54148902524827 9
vertex 137.5906808500306 -161.4161028467523 9
vertex 137.5906808500306 -161.4161028467523 0
endloop
endfacet
facet normal -0.8772576483964188 -0.48001981035159924 0
outer loop
vertex 137.6592899407947 -161.54148902524827 9
vertex 137.5906808500306 -161.4161028467523 0
vertex 137.65928994079474 -161.54148902524832 0
endloop
endfacet
facet normal -0.7998632780780462 -0.6001822526385149 0
outer loop
vertex 137.7450738142063 -161.6558132490846 9
vertex 137.6592899407947 -161.54148902524827 9
vertex 137.65928994079474 -161.54148902524832 0
endloop
endfacet
facet normal -0.7998632780780462 -0.6001822526385149 0
outer loop
vertex 137.7450738142063 -161.6558132490846 9
vertex 137.65928994079474 -161.54148902524832 0
vertex 137.74507381420628 -161.65581324908456 0
endloop
endfacet
facet normal -0.7061285799640108 -0.7080836310479218 0
outer loop
vertex 137.84627999999998 -161.75674000000004 9
vertex 137.7450738142063 -161.6558132490846 9
vertex 137.74507381420628 -161.65581324908456 0
endloop
endfacet
facet normal -0.7061285799640108 -0.7080836310479218 0
outer loop
vertex 137.84627999999998 -161.75674000000004 9
vertex 137.74507381420628 -161.65581324908456 0
vertex 137.84627999999998 -161.75674000000004 0
endloop
endfacet
facet normal -0.5748317850656436 0.818271604589971 0
outer loop
vertex 137.5 -162 9
vertex 137.84627999999998 -161.75674000000004 9
vertex 137.84627999999998 -161.75674000000004 0
endloop
endfacet
facet normal -0.5748317850656436 0.818271604589971 0
outer loop
vertex 137.5 -162 9
vertex 137.84627999999998 -161.75674000000004 0
vertex 137.5 -162.00000000000006 0
endloop
endfacet
facet normal 0 1 0
outer loop
vertex 182.50000000000003 -160 9
vertex 182.50000000000006 -160 2
vertex 140.49999999999977 -160 2
endloop
endfacet
facet normal 0 1 0
outer loop
vertex 182.50000000000003 -160 9
vertex 140.49999999999977 -160 2
vertex 140.50000000000028 -160 9
endloop
endfacet
facet normal 0.087155742747683 0.9961946980917434 0
outer loop
vertex 182.50000000000003 -160 9
vertex 182.84729635533395 -160.0303844939756 9
vertex 182.84729635533384 -160.0303844939756 2
endloop
endfacet
facet normal 0.087155742747683 0.9961946980917434 0
outer loop
vertex 182.50000000000003 -160 9
vertex 182.84729635533384 -160.0303844939756 2
vertex 182.50000000000006 -160 2
endloop
endfacet
facet normal 0.2588190451025413 0.9659258262890629 0
outer loop
vertex 182.84729635533395 -160.0303844939756 9
vertex 183.18404028665125 -160.12061475842813 9
vertex 183.18404028665137 -160.12061475842822 2
endloop
endfacet
facet normal 0.2588190451025413 0.9659258262890629 0
outer loop
vertex 182.84729635533395 -160.0303844939756 9
vertex 183.18404028665137 -160.12061475842822 2
vertex 182.84729635533384 -160.0303844939756 2
endloop
endfacet
facet normal 0.42261826174070183 0.9063077870366489 0
outer loop
vertex 183.18404028665125 -160.12061475842813 9
vertex 183.4999999999998 -160.26794919243102 9
vertex 183.50000000000009 -160.2679491924312 2
endloop
endfacet
facet normal 0.42261826174070183 0.9063077870366489 0
outer loop
vertex 183.18404028665125 -160.12061475842813 9
vertex 183.50000000000009 -160.2679491924312 2
vertex 183.18404028665137 -160.12061475842822 2
endloop
endfacet
facet normal 0.5735764363510608 0.8191520442889816 0
outer loop
vertex 183.4999999999998 -160.26794919243102 9
vertex 183.78557521937321 -160.46791111376217 9
vertex 183.785575219373 -160.467911113762 2
endloop
endfacet
facet normal 0.5735764363510608 0.8191520442889816 0
outer loop
vertex 183.4999999999998 -160.26794919243102 9
vertex 183.785575219373 -160.467911113762 2
vertex 183.50000000000009 -160.2679491924312 2
endloop
endfacet
facet normal 0.7071067811865618 0.7071067811865334 0
outer loop
vertex 183.78557521937321 -160.46791111376217 9
vertex 184.0320888862379 -160.71442478062687 9
vertex 184.032088886238 -160.714424780627 2
endloop
endfacet
facet normal 0.7071067811865618 0.7071067811865334 0
outer loop
vertex 183.78557521937321 -160.46791111376217 9
vertex 184.032088886238 -160.714424780627 2
vertex 183.785575219373 -160.467911113762 2
endloop
endfacet
facet normal 0.8191520442889969 0.5735764363510389 0
outer loop
vertex 184.0320888862379 -160.71442478062687 9
vertex 184.23205080756898 -161.00000000000017 9
vertex 184.23205080756887 -161 2
endloop
endfacet
facet normal 0.8191520442889969 0.5735764363510389 0
outer loop
vertex 184.0320888862379 -160.71442478062687 9
vertex 184.23205080756887 -161 2
vertex 184.032088886238 -160.714424780627 2
endloop
endfacet
facet normal 0.9063077870366254 0.4226182617407522 0
outer loop
vertex 184.23205080756898 -161.00000000000017 9
vertex 184.37938524157178 -161.31595971334852 9
vertex 184.3793852415718 -161.31595971334863 2
endloop
endfacet
facet normal 0.9063077870366254 0.4226182617407522 0
outer loop
vertex 184.23205080756898 -161.00000000000017 9
vertex 184.3793852415718 -161.31595971334863 2
vertex 184.23205080756887 -161 2
endloop
endfacet
facet normal 0.965925826289063 0.25881904510254033 0
outer loop
vertex 184.37938524157178 -161.31595971334852 9
vertex 184.46961550602444 -161.65270364466622 9
vertex 184.4696155060244 -161.6527036446661 2
endloop
endfacet
facet normal 0.965925826289063 0.25881904510254033 0
outer loop
vertex 184.37938524157178 -161.31595971334852 9
vertex 184.4696155060244 -161.6527036446661 2
vertex 184.3793852415718 -161.31595971334863 2
endloop
endfacet
facet normal 0 0 -1
outer loop
vertex 184.46961550602444 -161.65270364466622 9
vertex 184.4787175077107 -161.75674000000004 9
vertex 184.5 -162 9
endloop
endfacet
facet normal 0 0 -1
outer loop
vertex 184.46961550602444 -161.65270364466622 9
vertex 184.5 -162 9
vertex 184.5 -161.99999999999997 2
endloop
endfacet
facet normal 0 0 -1
outer loop
vertex 184.46961550602444 -161.65270364466622 9
vertex 184.5 -161.99999999999997 2
vertex 184.4696155060244 -161.6527036446661 2
endloop
endfacet
facet normal 1 0 0
outer loop
vertex 184.5 -164.14299669999852 2
vertex 184.5 -164.1060393599029 2
vertex 184.5 -164.06955835000116 2
endloop
endfacet
facet normal 1 0 0
outer loop
vertex 184.5 -164.14299669999852 2
vertex 184.5 -164.06955835000116 2
vertex 184.5 -161.99999999999997 2
endloop
endfacet
facet normal 1 0 0
outer loop
vertex 184.5 -164.14299669999852 2
vertex 184.5 -161.99999999999997 2
vertex 184.5 -162 9
endloop
endfacet
facet normal 1 0 0
outer loop
vertex 184.5 -164.14299669999852 2
vertex 184.5 -162 9
vertex 184.5 -162.06076898795118 9
endloop
endfacet
facet normal 1 0 0
outer loop
vertex 184.5 -164.14299669999852 2
vertex 184.5 -162.06076898795118 9
vertex 184.5 -162.24122951685632 9
endloop
endfacet
facet normal 1 0 0
outer loop
vertex 184.5 -164.14299669999852 2
vertex 184.5 -162.24122951685632 9
vertex 184.5 -162.53589838486215 9
endloop
endfacet
facet normal 1 0 0
outer loop
vertex 184.5 -164.14299669999852 2
vertex 184.5 -162.53589838486215 9
vertex 184.5 -162.9358222275241 9
endloop
endfacet
facet normal 1 0 0
outer loop
vertex 184.5 -164.14299669999852 2
vertex 184.5 -162.9358222275241 9
vertex 184.5 -163.42884956125383 9
endloop
endfacet
facet normal 1 0 0
outer loop
vertex 184.5 -164.14299669999852 2
vertex 184.5 -163.42884956125383 9
vertex 184.5 -164.00000000000006 9
endloop
endfacet
facet normal 1 0 0
outer loop
vertex 184.5 -164.14299669999852 2
vertex 184.5 -164.00000000000006 9
vertex 184.5 -164.63191942669732 9
endloop
endfacet
facet normal 1 0 0
outer loop
vertex 184.5 -164.14299669999852 2
vertex 184.5 -164.63191942669732 9
vertex 184.5 -165.30540728933244 9
endloop
endfacet
facet normal 1 0 0
outer loop
vertex 184.5 -164.14299669999852 2
vertex 184.5 -165.30540728933244 9
vertex 184.5 -165.9549999999998 9
endloop
endfacet
facet normal 1 0 0
outer loop
vertex 184.5 -164.14299669999852 2
vertex 184.5 -165.9549999999998 9
vertex 184.5 -165.95500000000027 2
endloop
endfacet
facet normal 0 0 1
outer loop
vertex 184.5 -165.9549999999998 9
vertex 184.50393698985863 -165.99999999999952 9
vertex 184.5151922469878 -166.12864817766695 9
endloop
endfacet
facet normal 0 0 1
outer loop
vertex 184.5 -165.9549999999998 9
vertex 184.5151922469878 -166.12864817766695 9
vertex 184.51519224698777 -166.12864817766686 2
endloop
endfacet
facet normal 0 0 1
outer loop
vertex 184.5 -165.9549999999998 9
vertex 184.51519224698777 -166.12864817766686 2
vertex 184.5 -165.95500000000027 2
endloop
endfacet
facet normal 0.9659258262890631 0.2588190451025404 0
outer loop
vertex 184.5151922469878 -166.12864817766695 9
vertex 184.56030737921404 -166.29702014332548 9
vertex 184.5603073792141 -166.29702014332568 2
endloop
endfacet
facet normal 0.9659258262890631 0.2588190451025404 0
outer loop
vertex 184.5151922469878 -166.12864817766695 9
vertex 184.5603073792141 -166.29702014332568 2
vertex 184.51519224698777 -166.12864817766686 2
endloop
endfacet
facet normal 0.9063077870366791 0.42261826174063705 0
outer loop
vertex 184.56030737921404 -166.29702014332548 9
vertex 184.6339745962157 -166.45500000000024 9
vertex 184.63397459621552 -166.45499999999998 2
endloop
endfacet
facet normal 0.9063077870366791 0.42261826174063705 0
outer loop
vertex 184.56030737921404 -166.29702014332548 9
vertex 184.63397459621552 -166.45499999999998 2
vertex 184.5603073792141 -166.29702014332568 2
endloop
endfacet
facet normal 0.8191520442889368 0.5735764363511244 0
outer loop
vertex 184.6339745962157 -166.45500000000024 9
vertex 184.73395555688103 -166.59778760968655 9
vertex 184.73395555688094 -166.59778760968646 2
endloop
endfacet
facet normal 0.8191520442889368 0.5735764363511244 0
outer loop
vertex 184.6339745962157 -166.45500000000024 9
vertex 184.73395555688094 -166.59778760968646 2
vertex 184.63397459621552 -166.45499999999998 2
endloop
endfacet
facet normal 0.7071067811865476 0.7071067811865476 0
outer loop
vertex 184.73395555688103 -166.59778760968655 9
vertex 184.85721239031344 -166.72104444311896 9
vertex 184.8572123903135 -166.721044443119 2
endloop
endfacet
facet normal 0.7071067811865476 0.7071067811865476 0
outer loop
vertex 184.73395555688103 -166.59778760968655 9
vertex 184.8572123903135 -166.721044443119 2
vertex 184.73395555688094 -166.59778760968646 2
endloop
endfacet
facet normal 0.5735764363511431 0.8191520442889239 0
outer loop
vertex 184.85721239031344 -166.72104444311896 9
vertex 185.0000000000001 -166.82102540378455 9
vertex 185.00000000000017 -166.82102540378455 2
endloop
endfacet
facet normal 0.5735764363511431 0.8191520442889239 0
outer loop
vertex 184.85721239031344 -166.72104444311896 9
vertex 185.00000000000017 -166.82102540378455 2
vertex 184.8572123903135 -166.721044443119 2
endloop
endfacet
facet normal 0.42261826174063843 0.9063077870366785 0
outer loop
vertex 185.0000000000001 -166.82102540378455 9
vertex 185.15797985667413 -166.89469262078586 9
vertex 185.1579798566742 -166.89469262078586 2
endloop
endfacet
facet normal 0.42261826174063843 0.9063077870366785 0
outer loop
vertex 185.0000000000001 -166.82102540378455 9
vertex 185.1579798566742 -166.89469262078586 2
vertex 185.00000000000017 -166.82102540378455 2
endloop
endfacet
facet normal 0.25881904510251297 0.9659258262890704 0
outer loop
vertex 185.15797985667413 -166.89469262078586 9
vertex 185.32635182233307 -166.93980775301222 9
vertex 185.32635182233304 -166.9398077530122 2
endloop
endfacet
facet normal 0.25881904510251297 0.9659258262890704 0
outer loop
vertex 185.15797985667413 -166.89469262078586 9
vertex 185.32635182233304 -166.9398077530122 2
vertex 185.1579798566742 -166.89469262078586 2
endloop
endfacet
facet normal 0.08715574274765463 0.9961946980917459 0
outer loop
vertex 185.32635182233307 -166.93980775301222 9
vertex 185.5 -166.955 9
vertex 185.5000000000003 -166.955 2
endloop
endfacet
facet normal 0.08715574274765463 0.9961946980917459 0
outer loop
vertex 185.32635182233307 -166.93980775301222 9
vertex 185.5000000000003 -166.955 2
vertex 185.32635182233304 -166.9398077530122 2
endloop
endfacet
facet normal 0 1 0
outer loop
vertex 203.80420280000038 -166.955 9
vertex 203.80420279999987 -166.955 2
vertex 185.5000000000003 -166.955 2
endloop
endfacet
facet normal 0 1 0
outer loop
vertex 203.80420280000038 -166.955 9
vertex 185.5000000000003 -166.955 2
vertex 185.5 -166.955 9
endloop
endfacet
facet normal 0.043623339193857205 0.9990480490334676 0
outer loop
vertex 203.80420280000038 -166.955 9
vertex 203.891357045126 -166.9588055819247 9
vertex 203.89135704512648 -166.95880558192474 2
endloop
endfacet
facet normal 0.043623339193857205 0.9990480490334676 0
outer loop
vertex 203.80420280000038 -166.955 9
vertex 203.89135704512648 -166.95880558192474 2
vertex 203.80420279999987 -166.955 2
endloop
endfacet
facet normal 0.13047234898880342 0.9914519484822973 0
outer loop
vertex 203.891357045126 -166.9588055819247 9
vertex 203.97784979762503 -166.97018779021664 9
vertex 203.97784979762454 -166.97018779021653 2
endloop
endfacet
facet normal 0.13047234898880342 0.9914519484822973 0
outer loop
vertex 203.891357045126 -166.9588055819247 9
vertex 203.97784979762454 -166.97018779021653 2
vertex 203.89135704512648 -166.95880558192474 2
endloop
endfacet
facet normal 0.2163862968984064 0.9763078256956639 0
outer loop
vertex 203.97784979762503 -166.97018779021664 9
vertex 204.06302140000022 -166.98906500000007 9
vertex 204.06302140000037 -166.9890650000001 2
endloop
endfacet
facet normal 0.2163862968984064 0.9763078256956639 0
outer loop
vertex 203.97784979762503 -166.97018779021664 9
vertex 204.06302140000037 -166.9890650000001 2
vertex 203.97784979762454 -166.97018779021653 2
endloop
endfacet
facet normal 0 0 -1
outer loop
vertex 204.06302140000022 -166.98906500000007 9
vertex 211.39997559471757 -168.955 9
vertex 211.4141781905643 -168.95880558192474 9
endloop
endfacet
facet normal 0 0 -1
outer loop
vertex 204.06302140000022 -166.98906500000007 9
vertex 211.4141781905643 -168.95880558192474 9
vertex 211.45665708273134 -168.97018779021664 9
endloop
endfacet
facet normal 0 0 -1
outer loop
vertex 204.06302140000022 -166.98906500000007 9
vertex 211.45665708273134 -168.97018779021664 9
vertex 211.52710764366265 -168.98906499999998 9
endloop
endfacet
facet normal 0 0 -1
outer loop
vertex 204.06302140000022 -166.98906500000007 9
vertex 211.52710764366265 -168.98906499999998 9
vertex 220.56587909999982 -171.41100149999994 9
endloop
endfacet
facet normal 0 0 -1
outer loop
vertex 204.06302140000022 -166.98906500000007 9
vertex 220.56587909999982 -171.41100149999994 9
vertex 220.56587909999936 -171.41100149999983 2
endloop
endfacet
facet normal 0 0 -1
outer loop
vertex 204.06302140000022 -166.98906500000007 9
vertex 220.56587909999936 -171.41100149999983 2
vertex 204.06302140000037 -166.9890650000001 2
endloop
endfacet
facet normal 0.30069674411831215 0.9537198058531899 0
outer loop
vertex 220.56587909999982 -171.41100149999994 9
vertex 220.64908030711487 -171.43723387132397 9
vertex 220.64908030711536 -171.43723387132414 2
endloop
endfacet
facet normal 0.30069674411831215 0.9537198058531899 0
outer loop
vertex 220.56587909999982 -171.41100149999994 9
vertex 220.64908030711536 -171.43723387132414 2
vertex 220.56587909999936 -171.41100149999983 2
endloop
endfacet
facet normal 0.3826833441715263 0.9238795690422519 0
outer loop
vertex 220.64908030711487 -171.43723387132397 9
vertex 220.72967810477368 -171.47061856319772 9
vertex 220.72967810477357 -171.47061856319763 2
endloop
endfacet
facet normal 0.3826833441715263 0.9238795690422519 0
outer loop
vertex 220.64908030711487 -171.43723387132397 9
vertex 220.72967810477357 -171.47061856319763 2
vertex 220.64908030711536 -171.43723387132414 2
endloop
endfacet
facet normal 0.46174821724878307 0.8870110393155041 0
outer loop
vertex 220.72967810477368 -171.47061856319772 9
vertex 220.80705955000002 -171.51090075000002 9
vertex 220.8070595499999 -171.5109007499999 2
endloop
endfacet
facet normal 0.46174821724878307 0.8870110393155041 0
outer loop
vertex 220.72967810477368 -171.47061856319772 9
vertex 220.8070595499999 -171.5109007499999 2
vertex 220.72967810477357 -171.47061856319763 2
endloop
endfacet
facet normal 0 0 -1
outer loop
vertex 220.80705955000002 -171.51090075000002 9
vertex 223.86205767999087 -173.27470489999985 9
vertex 223.907499191643 -173.300940571324 9
endloop
endfacet
facet normal 0 0 -1
outer loop
vertex 220.80705955000002 -171.51090075000002 9
vertex 223.907499191643 -173.300940571324 9
vertex 223.9653231690073 -173.33432526319774 9
endloop
endfacet
facet normal 0 0 -1
outer loop
vertex 220.80705955000002 -171.51090075000002 9
vertex 223.9653231690073 -173.33432526319774 9
vertex 224.03509395696693 -173.3746074499997 9
endloop
endfacet
facet normal 0 0 -1
outer loop
vertex 220.80705955000002 -171.51090075000002 9
vertex 224.03509395696693 -173.3746074499997 9
vertex 237.11502200000018 -180.92630810000009 9
endloop
endfacet
facet normal 0 0 -1
outer loop
vertex 220.80705955000002 -171.51090075000002 9
vertex 237.11502200000018 -180.92630810000009 9
vertex 237.115022 -180.9263081 2
endloop
endfacet
facet normal 0 0 -1
outer loop
vertex 220.80705955000002 -171.51090075000002 9
vertex 237.115022 -180.9263081 2
vertex 220.8070595499999 -171.5109007499999 2
endloop
endfacet
facet normal 0.42258906649524847 0.9063214004307051 0
outer loop
vertex 237.11502200000018 -180.92630810000009 9
vertex 237.27300502514083 -180.99997059884936 9
vertex 237.273005025141 -180.99997137999947 2
endloop
endfacet
facet normal 0.42258906649524847 0.9063214004307051 0
outer loop
vertex 237.11502200000018 -180.92630810000009 9
vertex 237.273005025141 -180.99997137999947 2
vertex 237.115022 -180.9263081 2
endloop
endfacet
facet normal 0.2588186413824473 0.9659259344654456 0
outer loop
vertex 237.27300502514083 -180.99997059884936 9
vertex 237.4413760089586 -181.04508539256702 9
vertex 237.44137600895863 -181.04508539256705 2
endloop
endfacet
facet normal 0.2588186413824473 0.9659259344654456 0
outer loop
vertex 237.27300502514083 -180.99997059884936 9
vertex 237.44137600895863 -181.04508539256705 2
vertex 237.273005025141 -180.99997137999947 2
endloop
endfacet
facet normal 0.08715636237445784 0.9961946438812308 0
outer loop
vertex 237.4413760089586 -181.04508539256702 9
vertex 237.61502314512015 -181.06027765726904 9
vertex 237.61502314511998 -181.06027765726904 2
endloop
endfacet
facet normal 0.08715636237445784 0.9961946438812308 0
outer loop
vertex 237.4413760089586 -181.04508539256702 9
vertex 237.61502314511998 -181.06027765726904 2
vertex 237.44137600895863 -181.04508539256705 2
endloop
endfacet
facet normal -0.08715408712242825 0.9961948429387979 0
outer loop
vertex 237.61502314512015 -181.06027765726904 9
vertex 237.78867484922714 -181.04508539256702 9
vertex 237.78867031597952 -181.04508539256705 2
endloop
endfacet
facet normal -0.08715408712242825 0.9961948429387979 0
outer loop
vertex 237.61502314512015 -181.06027765726904 9
vertex 237.78867031597952 -181.04508539256705 2
vertex 237.61502314511998 -181.06027765726904 2
endloop
endfacet
facet normal -0.2588164352618768 0.9659265255899824 0
outer loop
vertex 237.78867484922714 -181.04508539256702 9
vertex 237.95704336120963 -180.99997059884936 9
vertex 237.9570414028362 -180.99997137999947 2
endloop
endfacet
facet normal -0.2588164352618768 0.9659265255899824 0
outer loop
vertex 237.78867484922714 -181.04508539256702 9
vertex 237.9570414028362 -180.99997137999947 2
vertex 237.78867031597952 -181.04508539256705 2
endloop
endfacet
facet normal -0.42261487046050455 0.9063093684088512 0
outer loop
vertex 237.95704336120963 -180.99997059884936 9
vertex 238.1150200302479 -180.9263051919654 9
vertex 238.11502059622717 -180.92630519196524 2
endloop
endfacet
facet normal -0.42261487046050455 0.9063093684088512 0
outer loop
vertex 237.95704336120963 -180.99997059884936 9
vertex 238.11502059622717 -180.92630519196524 2
vertex 237.9570414028362 -180.99997137999947 2
endloop
endfacet
facet normal -0.5735725193101469 0.8191547870165999 0
outer loop
vertex 238.1150200302479 -180.9263051919654 9
vertex 238.25780783535959 -180.82632550830516 9
vertex 238.2578078353595 -180.8263255083053 2
endloop
endfacet
facet normal -0.5735725193101469 0.8191547870165999 0
outer loop
vertex 238.1150200302479 -180.9263051919654 9
vertex 238.2578078353595 -180.8263255083053 2
vertex 238.11502059622717 -180.92630519196524 2
endloop
endfacet
facet normal -0.7071026645604714 0.7071108977886578 0
outer loop
vertex 238.25780783535959 -180.82632550830516 9
vertex 238.38106465379724 -180.7030701250052 9
vertex 238.3810646537972 -180.7030701250052 2
endloop
endfacet
facet normal -0.7071026645604714 0.7071108977886578 0
outer loop
vertex 238.25780783535959 -180.82632550830516 9
vertex 238.3810646537972 -180.7030701250052 2
vertex 238.2578078353595 -180.8263255083053 2
endloop
endfacet
facet normal -0.8191481085447095 0.5735820571353544 0
outer loop
vertex 238.38106465379724 -180.7030701250052 9
vertex 238.4810460000003 -180.56028404999955 9
vertex 238.48104600000048 -180.56028404999924 2
endloop
endfacet
facet normal -0.8191481085447095 0.5735820571353544 0
outer loop
vertex 238.38106465379724 -180.7030701250052 9
vertex 238.48104600000048 -180.56028404999924 2
vertex 238.3810646537972 -180.7030701250052 2
endloop
endfacet
facet normal -0.8660253894143576 0.5000000248897097 -4.0694431041618475e-15
outer loop
vertex 238.4810460000003 -180.56028404999955 9
vertex 247.95957189999928 -164.14299670000122 9
vertex 247.95957190000087 -164.14299669999852 2
endloop
endfacet
facet normal -0.8660253894143576 0.5000000248897097 -4.0694431041618475e-15
outer loop
vertex 238.4810460000003 -180.56028404999955 9
vertex 247.95957190000087 -164.14299669999852 2
vertex 246.3360609300263 -166.955 2
endloop
endfacet
facet normal -0.8660253894143576 0.5000000248897097 -4.0694431041618475e-15
outer loop
vertex 238.4810460000003 -180.56028404999955 9
vertex 246.3360609300263 -166.955 2
vertex 246.3338637761318 -166.95880558192474 2
endloop
endfacet
facet normal -0.8660253894143576 0.5000000248897097 -4.0694431041618475e-15
outer loop
vertex 238.4810460000003 -180.56028404999955 9
vertex 246.3338637761318 -166.95880558192474 2
vertex 246.3272922546744 -166.97018779021653 2
endloop
endfacet
facet normal -0.8660253894143576 0.5000000248897097 -4.0694431041618475e-15
outer loop
vertex 238.4810460000003 -180.56028404999955 9
vertex 246.3272922546744 -166.97018779021653 2
vertex 246.3163934918009 -166.9890650000001 2
endloop
endfacet
facet normal -0.8660253894143576 0.5000000248897097 -4.0694431041618475e-15
outer loop
vertex 238.4810460000003 -180.56028404999955 9
vertex 246.3163934918009 -166.9890650000001 2
vertex 243.7633870937371 -171.41100149999983 2
endloop
endfacet
facet normal -0.8660253894143576 0.5000000248897097 -4.0694431041618475e-15
outer loop
vertex 238.4810460000003 -180.56028404999955 9
vertex 243.7633870937371 -171.41100149999983 2
vertex 243.74824182608629 -171.43723387132414 2
endloop
endfacet
facet normal -0.8660253894143576 0.5000000248897097 -4.0694431041618475e-15
outer loop
vertex 238.4810460000003 -180.56028404999955 9
vertex 243.74824182608629 -171.43723387132414 2
vertex 243.728967163967 -171.47061856319763 2
endloop
endfacet
facet normal -0.8660253894143576 0.5000000248897097 -4.0694431041618475e-15
outer loop
vertex 238.4810460000003 -180.56028404999955 9
vertex 243.728967163967 -171.47061856319763 2
vertex 243.70571023102954 -171.5109007499999 2
endloop
endfacet
facet normal -0.8660253894143576 0.5000000248897097 -4.0694431041618475e-15
outer loop
vertex 238.4810460000003 -180.56028404999955 9
vertex 243.70571023102954 -171.5109007499999 2
vertex 238.48104600000048 -180.56028404999924 2
endloop
endfacet
facet normal -0.8606062656399818 0.5092709058459998 0
outer loop
vertex 247.95957189999928 -164.14299670000122 9
vertex 247.98144171296806 -164.10603935990332 9
vertex 247.98144171296832 -164.1060393599029 2
endloop
endfacet
facet normal -0.8606062656399818 0.5092709058459998 0
outer loop
vertex 247.95957189999928 -164.14299670000122 9
vertex 247.98144171296832 -164.1060393599029 2
vertex 247.95957190000087 -164.14299669999852 2
endloop
endfacet
facet normal -0.8495269202318484 0.527545269907134 0
outer loop
vertex 247.98144171296806 -164.10603935990332 9
vertex 248.00409594999903 -164.06955835000156 9
vertex 248.00409594999925 -164.06955835000116 2
endloop
endfacet
facet normal -0.8495269202318484 0.527545269907134 0
outer loop
vertex 247.98144171296806 -164.10603935990332 9
vertex 248.00409594999925 -164.06955835000116 2
vertex 247.98144171296832 -164.1060393599029 2
endloop
endfacet
facet normal 0 0 -1
outer loop
vertex 248.00409594999903 -164.06955835000156 9
vertex 248.4467010405454 -163.37374929999984 9
vertex 254.18752379999995 -154.34873690000003 9
endloop
endfacet
facet normal 0 0 -1
outer loop
vertex 248.00409594999903 -164.06955835000156 9
vertex 254.18752379999995 -154.34873690000003 9
vertex 254.18752379999978 -154.34873690000032 2
endloop
endfacet
facet normal 0 0 -1
outer loop
vertex 248.00409594999903 -164.06955835000156 9
vertex 254.18752379999978 -154.34873690000032 2
vertex 253.987808706462 -154.6627043000001 2
endloop
endfacet
facet normal 0 0 -1
outer loop
vertex 248.00409594999903 -164.06955835000156 9
vertex 253.987808706462 -154.6627043000001 2
vertex 253.67756565328136 -155.15043010504397 2
endloop
endfacet
facet normal 0 0 -1
outer loop
vertex 248.00409594999903 -164.06955835000156 9
vertex 253.67756565328136 -155.15043010504397 2
vertex 253.37924506665502 -155.61941288090895 2
endloop
endfacet
facet normal 0 0 -1
outer loop
vertex 248.00409594999903 -164.06955835000156 9
vertex 253.37924506665502 -155.61941288090895 2
vertex 253.1043112394112 -156.05162988255188 2
endloop
endfacet
facet normal 0 0 -1
outer loop
vertex 248.00409594999903 -164.06955835000156 9
vertex 253.1043112394112 -156.05162988255188 2
vertex 252.86332972436935 -156.43047125295328 2
endloop
endfacet
facet normal 0 0 -1
outer loop
vertex 248.00409594999903 -164.06955835000156 9
vertex 252.86332972436935 -156.43047125295328 2
vertex 252.66556130595612 -156.7413783307878 2
endloop
endfacet
facet normal 0 0 -1
outer loop
vertex 248.00409594999903 -164.06955835000156 9
vertex 252.66556130595612 -156.7413783307878 2
vertex 252.5186061136759 -156.97240313126414 2
endloop
endfacet
facet normal 0 0 -1
outer loop
vertex 248.00409594999903 -164.06955835000156 9
vertex 252.5186061136759 -156.97240313126414 2
vertex 252.4281115530588 -157.11466750101093 2
endloop
endfacet
facet normal 0 0 -1
outer loop
vertex 248.00409594999903 -164.06955835000156 9
vertex 252.4281115530588 -157.11466750101093 2
vertex 252.39755527937115 -157.1627043000002 2
endloop
endfacet
facet normal 0 0 -1
outer loop
vertex 248.00409594999903 -164.06955835000156 9
vertex 252.39755527937115 -157.1627043000002 2
vertex 250.59274759513332 -160 2
endloop
endfacet
facet normal 0 0 -1
outer loop
vertex 248.00409594999903 -164.06955835000156 9
vertex 250.59274759513332 -160 2
vertex 250.57341997686328 -160.0303844939756 2
endloop
endfacet
facet normal 0 0 -1
outer loop
vertex 248.00409594999903 -164.06955835000156 9
vertex 250.57341997686328 -160.0303844939756 2
vertex 250.51602438195403 -160.12061475842822 2
endloop
endfacet
facet normal 0 0 -1
outer loop
vertex 248.00409594999903 -164.06955835000156 9
vertex 250.51602438195403 -160.12061475842822 2
vertex 250.42230474651336 -160.2679491924312 2
endloop
endfacet
facet normal 0 0 -1
outer loop
vertex 248.00409594999903 -164.06955835000156 9
vertex 250.42230474651336 -160.2679491924312 2
vertex 250.29510869423976 -160.467911113762 2
endloop
endfacet
facet normal 0 0 -1
outer loop
vertex 248.00409594999903 -164.06955835000156 9
vertex 250.29510869423976 -160.467911113762 2
vertex 250.13830101281704 -160.714424780627 2
endloop
endfacet
facet normal 0 0 -1
outer loop
vertex 248.00409594999903 -164.06955835000156 9
vertex 250.13830101281704 -160.714424780627 2
vertex 249.956646224297 -161 2
endloop
endfacet
facet normal 0 0 -1
outer loop
vertex 248.00409594999903 -164.06955835000156 9
vertex 249.956646224297 -161 2
vertex 249.7556638175069 -161.31595971334863 2
endloop
endfacet
facet normal 0 0 -1
outer loop
vertex 248.00409594999903 -164.06955835000156 9
vertex 249.7556638175069 -161.31595971334863 2
vertex 249.54146054117504 -161.6527036446661 2
endloop
endfacet
facet normal 0 0 -1
outer loop
vertex 248.00409594999903 -164.06955835000156 9
vertex 249.54146054117504 -161.6527036446661 2
vertex 249.32054485346072 -161.99999999999997 2
endloop
endfacet
facet normal 0 0 -1
outer loop
vertex 248.00409594999903 -164.06955835000156 9
vertex 249.32054485346072 -161.99999999999997 2
vertex 248.00409594999925 -164.06955835000116 2
endloop
endfacet
facet normal -0.8796244284287296 0.4756688605652367 1.6390800484291174e-15
outer loop
vertex 254.18752379999995 -154.34873690000003 9
vertex 254.32215403931258 -154.09977368814742 9
vertex 254.32215403931255 -154.09977368814745 2
endloop
endfacet
facet normal -0.8796244284287296 0.4756688605652367 1.6390800484291174e-15
outer loop
vertex 254.18752379999995 -154.34873690000003 9
vertex 254.32215403931255 -154.09977368814745 2
vertex 254.28148601826064 -154.17497849497587 2
endloop
endfacet
facet normal -0.8796244284287296 0.4756688605652367 1.6390800484291174e-15
outer loop
vertex 254.18752379999995 -154.34873690000003 9
vertex 254.28148601826064 -154.17497849497587 2
vertex 254.18752379999978 -154.34873690000032 2
endloop
endfacet
facet normal -0.9379619542580896 0.3467381899421313 0
outer loop
vertex 254.32215403931258 -154.09977368814742 9
vertex 254.42029336121104 -153.83429687357213 9
vertex 254.42029336121104 -153.83429687357207 2
endloop
endfacet
facet normal -0.9379619542580896 0.3467381899421313 0
outer loop
vertex 254.32215403931258 -154.09977368814742 9
vertex 254.42029336121104 -153.83429687357207 2
vertex 254.32215403931255 -154.09977368814745 2
endloop
endfacet
facet normal -0.9775161889440295 0.21086038118228956 6.234057939697886e-16
outer loop
vertex 254.42029336121104 -153.83429687357213 9
vertex 254.47997439844534 -153.5576247944343 9
vertex 254.4799743984454 -153.55762479443402 2
endloop
endfacet
facet normal -0.9775161889440295 0.21086038118228956 6.234057939697886e-16
outer loop
vertex 254.42029336121104 -153.83429687357213 9
vertex 254.4799743984454 -153.55762479443402 2
vertex 254.44796925103088 -153.70599571908002 2
endloop
endfacet
facet normal -0.9775161889440295 0.21086038118228956 6.234057939697886e-16
outer loop
vertex 254.42029336121104 -153.83429687357213 9
vertex 254.44796925103088 -153.70599571908002 2
vertex 254.42029336121104 -153.83429687357207 2
endloop
endfacet
facet normal -0.9974933976327953 0.07075960485320824 0
outer loop
vertex 254.47997439844534 -153.5576247944343 9
vertex 254.50000190000003 -153.27529844999913 9
vertex 254.5000019 -153.27529844999987 2
endloop
endfacet
facet normal -0.9974933976327953 0.07075960485320824 0
outer loop
vertex 254.47997439844534 -153.5576247944343 9
vertex 254.5000019 -153.27529844999987 2
vertex 254.4799743984454 -153.55762479443402 2
endloop
endfacet
facet normal -0.9961946980917459 -0.08715574274765463 0
outer loop
vertex 254.50000000000003 -105.8575000000004 9
vertex 254.46961550602438 -105.51020364466595 9
vertex 254.46961550602444 -105.51020364466636 2
endloop
endfacet
facet normal -0.9961946980917459 -0.08715574274765463 0
outer loop
vertex 254.50000000000003 -105.8575000000004 9
vertex 254.46961550602444 -105.51020364466636 2
vertex 254.5 -105.8575 2
endloop
endfacet
facet normal -0.9659258262890631 -0.2588190451025404 0
outer loop
vertex 254.46961550602438 -105.51020364466595 9
vertex 254.37938524157187 -105.17345971334878 9
vertex 254.37938524157173 -105.17345971334848 2
endloop
endfacet
facet normal -0.9659258262890631 -0.2588190451025404 0
outer loop
vertex 254.46961550602438 -105.51020364466595 9
vertex 254.37938524157173 -105.17345971334848 2
vertex 254.46961550602444 -105.51020364466636 2
endloop
endfacet
facet normal -0.9063077870366524 -0.4226182617406946 0
outer loop
vertex 254.37938524157187 -105.17345971334878 9
vertex 254.23205080756884 -104.85749999999992 9
vertex 254.23205080756892 -104.8575000000001 2
endloop
endfacet
facet normal -0.9063077870366524 -0.4226182617406946 0
outer loop
vertex 254.37938524157187 -105.17345971334878 9
vertex 254.23205080756892 -104.8575000000001 2
vertex 254.37938524157173 -105.17345971334848 2
endloop
endfacet
facet normal -0.8191520442889821 -0.5735764363510599 0
outer loop
vertex 254.23205080756884 -104.85749999999992 9
vertex 254.03208888623806 -104.57192478062706 9
vertex 254.0320888862379 -104.57192478062687 2
endloop
endfacet
facet normal -0.8191520442889821 -0.5735764363510599 0
outer loop
vertex 254.23205080756884 -104.85749999999992 9
vertex 254.0320888862379 -104.57192478062687 2
vertex 254.23205080756892 -104.8575000000001 2
endloop
endfacet
facet normal -0.7071067811865619 -0.7071067811865335 0
outer loop
vertex 254.03208888623806 -104.57192478062706 9
vertex 253.78557521937296 -104.32541111376193 9
vertex 253.78557521937307 -104.32541111376203 2
endloop
endfacet
facet normal -0.7071067811865619 -0.7071067811865335 0
outer loop
vertex 254.03208888623806 -104.57192478062706 9
vertex 253.78557521937307 -104.32541111376203 2
vertex 254.0320888862379 -104.57192478062687 2
endloop
endfacet
facet normal -0.5735764363510389 -0.8191520442889969 0
outer loop
vertex 253.78557521937296 -104.32541111376193 9
vertex 253.5000000000001 -104.12544919243116 9
vertex 253.50000000000006 -104.12544919243115 2
endloop
endfacet
facet normal -0.5735764363510389 -0.8191520442889969 0
outer loop
vertex 253.78557521937296 -104.32541111376193 9
vertex 253.50000000000006 -104.12544919243115 2
vertex 253.78557521937307 -104.32541111376203 2
endloop
endfacet
facet normal -0.4226182617406895 -0.9063077870366545 0
outer loop
vertex 253.5000000000001 -104.12544919243116 9
vertex 253.18404028665142 -103.97811475842822 9
vertex 253.18404028665134 -103.97811475842819 2
endloop
endfacet
facet normal -0.4226182617406895 -0.9063077870366545 0
outer loop
vertex 253.5000000000001 -104.12544919243116 9
vertex 253.18404028665134 -103.97811475842819 2
vertex 253.50000000000006 -104.12544919243115 2
endloop
endfacet
facet normal -0.25881904510251297 -0.9659258262890704 0
outer loop
vertex 253.18404028665142 -103.97811475842822 9
vertex 252.84729635533378 -103.88788449397558 9
vertex 252.84729635533387 -103.88788449397559 2
endloop
endfacet
facet normal -0.25881904510251297 -0.9659258262890704 0
outer loop
vertex 253.18404028665142 -103.97811475842822 9
vertex 252.84729635533387 -103.88788449397559 2
vertex 253.18404028665134 -103.97811475842819 2
endloop
endfacet
facet normal -0.08715574274766881 -0.9961946980917447 0
outer loop
vertex 252.84729635533378 -103.88788449397558 9
vertex 252.5000000000001 -103.8575 9
vertex 252.5 -103.8575 2
endloop
endfacet
facet normal -0.08715574274766881 -0.9961946980917447 0
outer loop
vertex 252.84729635533378 -103.88788449397558 9
vertex 252.5 -103.8575 2
vertex 252.84729635533387 -103.88788449397559 2
endloop
endfacet
facet normal -0.08715574274766881 -0.9961946980917447 0
outer loop
vertex 234.49999999999997 -103.8575 9
vertex 234.15270364466616 -103.82711550602441 9
vertex 234.15270364466616 -103.82711550602441 2
endloop
endfacet
facet normal -0.08715574274766881 -0.9961946980917447 0
outer loop
vertex 234.49999999999997 -103.8575 9
vertex 234.15270364466616 -103.82711550602441 2
vertex 234.50000000000003 -103.8575 2
endloop
endfacet
facet normal -0.2588190451025413 -0.9659258262890629 0
outer loop
vertex 234.15270364466616 -103.82711550602441 9
vertex 233.81595971334855 -103.73688524157178 9
vertex 233.81595971334863 -103.73688524157181 2
endloop
endfacet
facet normal -0.2588190451025413 -0.9659258262890629 0
outer loop
vertex 234.15270364466616 -103.82711550602441 9
vertex 233.81595971334863 -103.73688524157181 2
vertex 234.15270364466616 -103.82711550602441 2
endloop
endfacet
facet normal -0.42261826174066563 -0.9063077870366658 0
outer loop
vertex 233.81595971334855 -103.73688524157178 9
vertex 233.50000000000006 -103.58955080756893 9
vertex 233.50000000000003 -103.5895508075689 2
endloop
endfacet
facet normal -0.42261826174066563 -0.9063077870366658 0
outer loop
vertex 233.81595971334855 -103.73688524157178 9
vertex 233.50000000000003 -103.5895508075689 2
vertex 233.81595971334863 -103.73688524157181 2
endloop
endfacet
facet normal -0.573576436351068 -0.8191520442889765 0
outer loop
vertex 233.50000000000006 -103.58955080756893 9
vertex 233.2144247806269 -103.38958888623793 9
vertex 233.21442478062698 -103.389588886238 2
endloop
endfacet
facet normal -0.573576436351068 -0.8191520442889765 0
outer loop
vertex 233.50000000000006 -103.58955080756893 9
vertex 233.21442478062698 -103.389588886238 2
vertex 233.50000000000003 -103.5895508075689 2
endloop
endfacet
facet normal -0.7071067811865688 -0.7071067811865261 0
outer loop
vertex 233.2144247806269 -103.38958888623793 9
vertex 232.9679111137621 -103.14307521937312 9
vertex 232.96791111376206 -103.14307521937307 2
endloop
endfacet
facet normal -0.7071067811865688 -0.7071067811865261 0
outer loop
vertex 233.2144247806269 -103.38958888623793 9
vertex 232.96791111376206 -103.14307521937307 2
vertex 233.21442478062698 -103.389588886238 2
endloop
endfacet
facet normal -0.8191520442889821 -0.5735764363510599 0
outer loop
vertex 232.9679111137621 -103.14307521937312 9
vertex 232.76794919243113 -102.85749999999994 9
vertex 232.76794919243113 -102.8575 2
endloop
endfacet
facet normal -0.8191520442889821 -0.5735764363510599 0
outer loop
vertex 232.9679111137621 -103.14307521937312 9
vertex 232.76794919243113 -102.8575 2
vertex 232.96791111376206 -103.14307521937307 2
endloop
endfacet
facet normal -0.9063077870366523 -0.42261826174069467 0
outer loop
vertex 232.76794919243113 -102.85749999999994 9
vertex 232.62061475842808 -102.5415402866511 9
vertex 232.62061475842813 -102.54154028665123 2
endloop
endfacet
facet normal -0.9063077870366523 -0.42261826174069467 0
outer loop
vertex 232.76794919243113 -102.85749999999994 9
vertex 232.62061475842813 -102.54154028665123 2
vertex 232.76794919243113 -102.8575 2
endloop
endfacet
facet normal -0.9659258262890627 -0.25881904510254217 0
outer loop
vertex 232.62061475842808 -102.5415402866511 9
vertex 232.5303844939756 -102.20479635533387 9
vertex 232.53038449397556 -102.20479635533381 2
endloop
endfacet
facet normal -0.9659258262890627 -0.25881904510254217 0
outer loop
vertex 232.62061475842808 -102.5415402866511 9
vertex 232.53038449397556 -102.20479635533381 2
vertex 232.62061475842813 -102.54154028665123 2
endloop
endfacet
facet normal -0.9961946980917409 -0.08715574274771135 0
outer loop
vertex 232.5303844939756 -102.20479635533387 9
vertex 232.5 -101.8575 9
vertex 232.5 -101.85750000000024 2
endloop
endfacet
facet normal -0.9961946980917409 -0.08715574274771135 0
outer loop
vertex 232.5303844939756 -102.20479635533387 9
vertex 232.5 -101.85750000000024 2
vertex 232.53038449397556 -102.20479635533381 2
endloop
endfacet
facet normal -1 0 0
outer loop
vertex 232.5 -101.79673101204885 9
vertex 232.5 -101.61627048314364 9
vertex 232.5 -101.32160161513778 9
endloop
endfacet
facet normal -1 0 0
outer loop
vertex 232.5 -101.79673101204885 9
vertex 232.5 -101.32160161513778 9
vertex 232.5 -100.92167777247577 9
endloop
endfacet
facet normal -1 0 0
outer loop
vertex 232.5 -101.79673101204885 9
vertex 232.5 -100.92167777247577 9
vertex 232.5 -100.42865043874619 9
endloop
endfacet
facet normal -1 0 0
outer loop
vertex 232.5 -101.79673101204885 9
vertex 232.5 -100.42865043874619 9
vertex 232.5 -99.8574999999999 9
endloop
endfacet
facet normal -1 0 0
outer loop
vertex 232.5 -101.79673101204885 9
vertex 232.5 -99.8574999999999 9
vertex 232.5 -99.22558057330279 9
endloop
endfacet
facet normal -1 0 0
outer loop
vertex 232.5 -101.79673101204885 9
vertex 232.5 -99.22558057330279 9
vertex 232.5 -98.55209271066752 9
endloop
endfacet
facet normal -1 0 0
outer loop
vertex 232.5 -101.79673101204885 9
vertex 232.5 -98.55209271066752 9
vertex 232.5 -97.85750000000013 9
endloop
endfacet
facet normal -1 0 0
outer loop
vertex 232.5 -101.79673101204885 9
vertex 232.5 -97.85750000000013 9
vertex 232.5 -95.85750000000003 9
endloop
endfacet
facet normal -1 0 0
outer loop
vertex 232.5 -101.79673101204885 9
vertex 232.5 -95.85750000000003 9
vertex 232.5 -95.85749999999993 2
endloop
endfacet
facet normal -1 0 0
outer loop
vertex 232.5 -101.79673101204885 9
vertex 232.5 -95.85749999999993 2
vertex 232.5 -101.85750000000024 2
endloop
endfacet
facet normal -1 0 0
outer loop
vertex 232.5 -101.79673101204885 9
vertex 232.5 -101.85750000000024 2
vertex 232.5 -101.8575 9
endloop
endfacet
facet normal -0.9961946980917434 -0.08715574274768315 0
outer loop
vertex 232.5 -95.85750000000003 9
vertex 232.4848077530122 -95.68385182233301 9
vertex 232.48480775301223 -95.68385182233318 2
endloop
endfacet
facet normal -0.9961946980917434 -0.08715574274768315 0
outer loop
vertex 232.5 -95.85750000000003 9
vertex 232.48480775301223 -95.68385182233318 2
vertex 232.5 -95.85749999999993 2
endloop
endfacet
facet normal -0.9659258262890631 -0.2588190451025404 0
outer loop
vertex 232.4848077530122 -95.68385182233301 9
vertex 232.43969262078593 -95.51547985667442 9
vertex 232.43969262078593 -95.5154798566744 2
endloop
endfacet
facet normal -0.9659258262890631 -0.2588190451025404 0
outer loop
vertex 232.4848077530122 -95.68385182233301 9
vertex 232.43969262078593 -95.5154798566744 2
vertex 232.48480775301223 -95.68385182233318 2
endloop
endfacet
facet normal -0.9063077870366791 -0.42261826174063705 0
outer loop
vertex 232.43969262078593 -95.51547985667442 9
vertex 232.3660254037844 -95.3574999999999 9
vertex 232.36602540378445 -95.3575 2
endloop
endfacet
facet normal -0.9063077870366791 -0.42261826174063705 0
outer loop
vertex 232.43969262078593 -95.51547985667442 9
vertex 232.36602540378445 -95.3575 2
vertex 232.43969262078593 -95.5154798566744 2
endloop
endfacet
facet normal -0.8191520442889527 -0.5735764363511019 0
outer loop
vertex 232.3660254037844 -95.3574999999999 9
vertex 232.26604444311897 -95.21471239031344 9
vertex 232.26604444311891 -95.21471239031338 2
endloop
endfacet
facet normal -0.8191520442889527 -0.5735764363511019 0
outer loop
vertex 232.3660254037844 -95.3574999999999 9
vertex 232.26604444311891 -95.21471239031338 2
vertex 232.36602540378445 -95.3575 2
endloop
endfacet
facet normal -0.7071067811865476 -0.7071067811865476 0
outer loop
vertex 232.26604444311897 -95.21471239031344 9
vertex 232.14278760968665 -95.09145555688112 9
vertex 232.1427876096866 -95.09145555688107 2
endloop
endfacet
facet normal -0.7071067811865476 -0.7071067811865476 0
outer loop
vertex 232.26604444311897 -95.21471239031344 9
vertex 232.1427876096866 -95.09145555688107 2
vertex 232.26604444311891 -95.21471239031338 2
endloop
endfacet
facet normal -0.5735764363510745 -0.819152044288972 0
outer loop
vertex 232.14278760968665 -95.09145555688112 9
vertex 232.00000000000003 -94.9914745962156 9
vertex 231.99999999999997 -94.99147459621555 2
endloop
endfacet
facet normal -0.5735764363510745 -0.819152044288972 0
outer loop
vertex 232.14278760968665 -95.09145555688112 9
vertex 231.99999999999997 -94.99147459621555 2
vertex 232.1427876096866 -95.09145555688107 2
endloop
endfacet
facet normal -0.4226182617406895 -0.9063077870366545 0
outer loop
vertex 232.00000000000003 -94.9914745962156 9
vertex 231.84202014332558 -94.91780737921407 9
vertex 231.84202014332564 -94.91780737921408 2
endloop
endfacet
facet normal -0.4226182617406895 -0.9063077870366545 0
outer loop
vertex 232.00000000000003 -94.9914745962156 9
vertex 231.84202014332564 -94.91780737921408 2
vertex 231.99999999999997 -94.99147459621555 2
endloop
endfacet
facet normal -0.25881904510251297 -0.9659258262890704 0
outer loop
vertex 231.84202014332558 -94.91780737921407 9
vertex 231.67364817766696 -94.8726922469878 9
vertex 231.67364817766688 -94.87269224698778 2
endloop
endfacet
facet normal -0.25881904510251297 -0.9659258262890704 0
outer loop
vertex 231.84202014332558 -94.91780737921407 9
vertex 231.67364817766688 -94.87269224698778 2
vertex 231.84202014332564 -94.91780737921408 2
endloop
endfacet
facet normal 0 -1 0
outer loop
vertex 231.5000000000001 -94.8575 2
vertex 231.5000000000001 -94.8575 9
vertex 215.4999999999999 -94.8575 9
endloop
endfacet
facet normal 0 -1 0
outer loop
vertex 231.5000000000001 -94.8575 2
vertex 215.4999999999999 -94.8575 9
vertex 215.5 -94.8575 2
endloop
endfacet
facet normal -0.08715574274765463 -0.9961946980917459 0
outer loop
vertex 215.4999999999999 -94.8575 9
vertex 215.32635182233307 -94.84230775301222 9
vertex 215.32635182233307 -94.84230775301221 2
endloop
endfacet
facet normal -0.08715574274765463 -0.9961946980917459 0
outer loop
vertex 215.4999999999999 -94.8575 9
vertex 215.32635182233307 -94.84230775301221 2
vertex 215.5 -94.8575 2
endloop
endfacet
facet normal -0.2588190451025413 -0.9659258262890629 0
outer loop
vertex 215.32635182233307 -94.84230775301222 9
vertex 215.15797985667433 -94.79719262078592 9
vertex 215.15797985667442 -94.79719262078594 2
endloop
endfacet
facet normal -0.2588190451025413 -0.9659258262890629 0
outer loop
vertex 215.32635182233307 -94.84230775301222 9
vertex 215.15797985667442 -94.79719262078594 2
vertex 215.32635182233307 -94.84230775301221 2
endloop
endfacet
facet normal -0.42261826174072326 -0.906307787036639 0
outer loop
vertex 215.15797985667433 -94.79719262078592 9
vertex 215.00000000000009 -94.72352540378449 9
vertex 215 -94.72352540378444 2
endloop
endfacet
facet normal -0.42261826174072326 -0.906307787036639 0
outer loop
vertex 215.15797985667433 -94.79719262078592 9
vertex 215 -94.72352540378444 2
vertex 215.15797985667442 -94.79719262078594 2
endloop
endfacet
facet normal -0.5735764363510599 -0.8191520442889821 0
outer loop
vertex 215.00000000000009 -94.72352540378449 9
vertex 214.85721239031346 -94.62354444311897 9
vertex 214.85721239031346 -94.62354444311897 2
endloop
endfacet
facet normal -0.5735764363510599 -0.8191520442889821 0
outer loop
vertex 215.00000000000009 -94.72352540378449 9
vertex 214.85721239031346 -94.62354444311897 2
vertex 215 -94.72352540378444 2
endloop
endfacet
facet normal -0.7071067811865476 -0.7071067811865476 0
outer loop
vertex 214.85721239031346 -94.62354444311897 9
vertex 214.73395555688109 -94.5002876096866 9
vertex 214.73395555688114 -94.50028760968665 2
endloop
endfacet
facet normal -0.7071067811865476 -0.7071067811865476 0
outer loop
vertex 214.85721239031346 -94.62354444311897 9
vertex 214.73395555688114 -94.50028760968665 2
vertex 214.85721239031346 -94.62354444311897 2
endloop
endfacet
facet normal -0.8191520442889415 -0.5735764363511181 0
outer loop
vertex 214.73395555688109 -94.5002876096866 9
vertex 214.63397459621555 -94.3575 9
vertex 214.63397459621544 -94.3574999999998 2
endloop
endfacet
facet normal -0.8191520442889415 -0.5735764363511181 0
outer loop
vertex 214.73395555688109 -94.5002876096866 9
vertex 214.63397459621544 -94.3574999999998 2
vertex 214.73395555688114 -94.50028760968665 2
endloop
endfacet
facet normal -0.9063077870366791 -0.42261826174063705 0
outer loop
vertex 214.63397459621555 -94.3575 9
vertex 214.56030737921404 -94.19952014332554 9
vertex 214.56030737921407 -94.19952014332563 2
endloop
endfacet
facet normal -0.9063077870366791 -0.42261826174063705 0
outer loop
vertex 214.63397459621555 -94.3575 9
vertex 214.56030737921407 -94.19952014332563 2
vertex 214.63397459621544 -94.3574999999998 2
endloop
endfacet
facet normal -0.965925826289063 -0.25881904510254033 0
outer loop
vertex 214.56030737921404 -94.19952014332554 9
vertex 214.5151922469878 -94.03114817766705 9
vertex 214.51519224698774 -94.03114817766685 2
endloop
endfacet
facet normal -0.965925826289063 -0.25881904510254033 0
outer loop
vertex 214.56030737921404 -94.19952014332554 9
vertex 214.51519224698774 -94.03114817766685 2
vertex 214.56030737921407 -94.19952014332563 2
endloop
endfacet
facet normal -0.9961946980917433 -0.08715574274768283 0
outer loop
vertex 214.5151922469878 -94.03114817766705 9
vertex 214.5 -93.85750000000009 9
vertex 214.5 -93.85750000000041 2
endloop
endfacet
facet normal -0.9961946980917433 -0.08715574274768283 0
outer loop
vertex 214.5151922469878 -94.03114817766705 9
vertex 214.5 -93.85750000000041 2
vertex 214.51519224698774 -94.03114817766685 2
endloop
endfacet
facet normal -1 0 0
outer loop
vertex 214.5 -92.99999999999966 9
vertex 214.5 -92.99999999999996 2
vertex 214.5 -93.85750000000041 2
endloop
endfacet
facet normal -1 0 0
outer loop
vertex 214.5 -92.99999999999966 9
vertex 214.5 -93.85750000000041 2
vertex 214.5 -93.85750000000009 9
endloop
endfacet
facet normal 0 0 -1
outer loop
vertex 214.48480775301223 -92.82635182233312 9
vertex 214.47699456850572 -92.79719262078594 9
vertex 214.45725549720152 -92.72352540378444 9
endloop
endfacet
facet normal 0 0 -1
outer loop
vertex 214.48480775301223 -92.82635182233312 9
vertex 214.45725549720152 -92.72352540378444 9
vertex 214.4396926207859 -92.65797985667429 9
endloop
endfacet
facet normal 0 0 -1
outer loop
vertex 214.48480775301223 -92.82635182233312 9
vertex 214.4396926207859 -92.65797985667429 9
vertex 214.4396926207859 -92.6579798566744 2
endloop
endfacet
facet normal 0 0 -1
outer loop
vertex 214.48480775301223 -92.82635182233312 9
vertex 214.4396926207859 -92.6579798566744 2
vertex 214.48480775301218 -92.82635182233304 2
endloop
endfacet
facet normal 0 0 -1
outer loop
vertex 214.4396926207859 -92.65797985667429 9
vertex 214.4236351237333 -92.62354444311892 9
vertex 214.3661595183839 -92.5002876096866 9
endloop
endfacet
facet normal 0 0 -1
outer loop
vertex 214.4396926207859 -92.65797985667429 9
vertex 214.3661595183839 -92.5002876096866 9
vertex 214.3660254037846 -92.5000000000002 9
endloop
endfacet
facet normal 0 0 -1
outer loop
vertex 214.4396926207859 -92.65797985667429 9
vertex 214.3660254037846 -92.5000000000002 9
vertex 214.36602540378445 -92.50000000000014 2
endloop
endfacet
facet normal 0 0 -1
outer loop
vertex 214.4396926207859 -92.65797985667429 9
vertex 214.36602540378445 -92.50000000000014 2
vertex 214.4396926207859 -92.6579798566744 2
endloop
endfacet
facet normal 0 0 -1
outer loop
vertex 214.3660254037846 -92.5000000000002 9
vertex 214.26624582958956 -92.3575 9
vertex 214.266044443119 -92.35721239031348 9
endloop
endfacet
facet normal 0 0 -1
outer loop
vertex 214.3660254037846 -92.5000000000002 9
vertex 214.266044443119 -92.35721239031348 9
vertex 214.26604444311903 -92.35721239031324 2
endloop
endfacet
facet normal 0 0 -1
outer loop
vertex 214.3660254037846 -92.5000000000002 9
vertex 214.26604444311903 -92.35721239031324 2
vertex 214.36602540378445 -92.50000000000014 2
endloop
endfacet
facet normal -0.7071067811865688 -0.7071067811865261 0
outer loop
vertex 214.266044443119 -92.35721239031348 9
vertex 214.1427876096865 -92.233955556881 9
vertex 214.1427876096865 -92.23395555688106 2
endloop
endfacet
facet normal -0.7071067811865688 -0.7071067811865261 0
outer loop
vertex 214.266044443119 -92.35721239031348 9
vertex 214.1427876096865 -92.23395555688106 2
vertex 214.26604444311903 -92.35721239031324 2
endloop
endfacet
facet normal 0 0 1
outer loop
vertex 214.1427876096865 -92.233955556881 9
vertex 214.09360874245573 -92.19952014332539 9
vertex 214.00000000000006 -92.1339745962156 9
endloop
endfacet
facet normal 0 0 1
outer loop
vertex 214.1427876096865 -92.233955556881 9
vertex 214.00000000000006 -92.1339745962156 9
vertex 214.00000000000009 -92.13397459621562 2
endloop
endfacet
facet normal 0 0 1
outer loop
vertex 214.1427876096865 -92.233955556881 9
vertex 214.00000000000009 -92.13397459621562 2
vertex 214.1427876096865 -92.23395555688106 2
endloop
endfacet
facet normal -0.42261826174072326 -0.906307787036639 0
outer loop
vertex 214.00000000000006 -92.1339745962156 9
vertex 213.8420201433257 -92.06030737921411 9
vertex 213.84202014332564 -92.06030737921412 2
endloop
endfacet
facet normal -0.42261826174072326 -0.906307787036639 0
outer loop
vertex 214.00000000000006 -92.1339745962156 9
vertex 213.84202014332564 -92.06030737921412 2
vertex 214.00000000000009 -92.13397459621562 2
endloop
endfacet
facet normal 0 0 -1
outer loop
vertex 213.8420201433257 -92.06030737921411 9
vertex 213.73319652164398 -92.03114817766706 9
vertex 213.67364817766696 -92.01519224698781 9
endloop
endfacet
facet normal 0 0 -1
outer loop
vertex 213.8420201433257 -92.06030737921411 9
vertex 213.67364817766696 -92.01519224698781 9
vertex 213.67364817766685 -92.01519224698777 2
endloop
endfacet
facet normal 0 0 -1
outer loop
vertex 213.8420201433257 -92.06030737921411 9
vertex 213.67364817766685 -92.01519224698777 2
vertex 213.84202014332564 -92.06030737921412 2
endloop
endfacet
facet normal -0.08715574274765456 -0.996194698091746 0
outer loop
vertex 213.67364817766696 -92.01519224698781 9
vertex 213.49999999999986 -92 9
vertex 213.50000000000023 -92 2
endloop
endfacet
facet normal -0.08715574274765456 -0.996194698091746 0
outer loop
vertex 213.67364817766696 -92.01519224698781 9
vertex 213.50000000000023 -92 2
vertex 213.67364817766685 -92.01519224698777 2
endloop
endfacet
facet normal 0 -1 0
outer loop
vertex 174.49999999999991 -92 2
vertex 174.50000000000003 -92 9
vertex 158.49999999999991 -92 9
endloop
endfacet
facet normal 0 -1 0
outer loop
vertex 174.49999999999991 -92 2
vertex 158.49999999999991 -92 9
vertex 158.49999999999991 -92 2
endloop
endfacet
facet normal 0 -1 0
outer loop
vertex 213.50000000000023 -92 2
vertex 213.49999999999986 -92 9
vertex 197.50000000000014 -92 9
endloop
endfacet
facet normal 0 -1 0
outer loop
vertex 213.50000000000023 -92 2
vertex 197.50000000000014 -92 9
vertex 197.49999999999994 -92 2
endloop
endfacet
facet normal -0.08715574274765456 -0.996194698091746 0
outer loop
vertex 197.50000000000014 -92 9
vertex 197.32635182233298 -91.98480775301219 9
vertex 197.32635182233284 -91.98480775301219 2
endloop
endfacet
facet normal -0.08715574274765456 -0.996194698091746 0
outer loop
vertex 197.50000000000014 -92 9
vertex 197.32635182233284 -91.98480775301219 2
vertex 197.49999999999994 -92 2
endloop
endfacet
facet normal -0.2588190451024917 -0.9659258262890761 0
outer loop
vertex 197.32635182233298 -91.98480775301219 9
vertex 197.15797985667442 -91.93969262078593 9
vertex 197.15797985667433 -91.93969262078589 2
endloop
endfacet
facet normal -0.2588190451024917 -0.9659258262890761 0
outer loop
vertex 197.32635182233298 -91.98480775301219 9
vertex 197.15797985667433 -91.93969262078589 2
vertex 197.32635182233284 -91.98480775301219 2
endloop
endfacet
facet normal -0.4226182617407234 -0.9063077870366388 0
outer loop
vertex 197.15797985667442 -91.93969262078593 9
vertex 196.99999999999994 -91.8660254037844 9
vertex 196.99999999999972 -91.86602540378432 2
endloop
endfacet
facet normal -0.4226182617407234 -0.9063077870366388 0
outer loop
vertex 197.15797985667442 -91.93969262078593 9
vertex 196.99999999999972 -91.86602540378432 2
vertex 197.15797985667433 -91.93969262078589 2
endloop
endfacet
facet normal 0 0 -1
outer loop
vertex 196.99999999999994 -91.8660254037844 9
vertex 196.98782446157796 -91.85749999999958 9
vertex 196.85721239031352 -91.76604444311903 9
endloop
endfacet
facet normal 0 0 -1
outer loop
vertex 196.99999999999994 -91.8660254037844 9
vertex 196.85721239031352 -91.76604444311903 9
vertex 196.8572123903138 -91.76604444311909 2
endloop
endfacet
facet normal 0 0 -1
outer loop
vertex 196.99999999999994 -91.8660254037844 9
vertex 196.8572123903138 -91.76604444311909 2
vertex 196.99999999999972 -91.86602540378432 2
endloop
endfacet
facet normal -0.7071067811865405 -0.7071067811865547 0
outer loop
vertex 196.85721239031352 -91.76604444311903 9
vertex 196.73395555688103 -91.64278760968654 9
vertex 196.73395555688117 -91.64278760968669 2
endloop
endfacet
facet normal -0.7071067811865405 -0.7071067811865547 0
outer loop
vertex 196.85721239031352 -91.76604444311903 9
vertex 196.73395555688117 -91.64278760968669 2
vertex 196.8572123903138 -91.76604444311909 2
endloop
endfacet
facet normal -0.8191520442889414 -0.5735764363511181 0
outer loop
vertex 196.73395555688103 -91.64278760968654 9
vertex 196.6339745962155 -91.49999999999993 9
vertex 196.63397459621532 -91.49999999999987 2
endloop
endfacet
facet normal -0.8191520442889414 -0.5735764363511181 0
outer loop
vertex 196.73395555688103 -91.64278760968654 9
vertex 196.63397459621532 -91.49999999999987 2
vertex 196.73395555688117 -91.64278760968669 2
endloop
endfacet
facet normal -0.9063077870366791 -0.42261826174063705 0
outer loop
vertex 196.6339745962155 -91.49999999999993 9
vertex 196.56030737921418 -91.3420201433259 9
vertex 196.56030737921412 -91.3420201433256 2
endloop
endfacet
facet normal -0.9063077870366791 -0.42261826174063705 0
outer loop
vertex 196.6339745962155 -91.49999999999993 9
vertex 196.56030737921412 -91.3420201433256 2
vertex 196.63397459621532 -91.49999999999987 2
endloop
endfacet
facet normal -0.9659258262890631 -0.2588190451025404 0
outer loop
vertex 196.56030737921418 -91.3420201433259 9
vertex 196.51519224698774 -91.17364817766662 9
vertex 196.51519224698782 -91.17364817766693 2
endloop
endfacet
facet normal -0.9659258262890631 -0.2588190451025404 0
outer loop
vertex 196.56030737921418 -91.3420201433259 9
vertex 196.51519224698782 -91.17364817766693 2
vertex 196.56030737921412 -91.3420201433256 2
endloop
endfacet
facet normal -0.9961946980917434 -0.08715574274768315 0
outer loop
vertex 196.51519224698774 -91.17364817766662 9
vertex 196.5 -91.00000000000017 9
vertex 196.5 -90.99999999999974 2
endloop
endfacet
facet normal -0.9961946980917434 -0.08715574274768315 0
outer loop
vertex 196.51519224698774 -91.17364817766662 9
vertex 196.5 -90.99999999999974 2
vertex 196.51519224698782 -91.17364817766693 2
endloop
endfacet
facet normal -1 0 0
outer loop
vertex 196.5 -90 9
vertex 196.5 -89.9848077530122 9
vertex 196.5 -89.9396926207859 9
endloop
endfacet
facet normal -1 0 0
outer loop
vertex 196.5 -90 9
vertex 196.5 -89.9396926207859 9
vertex 196.5 -89.86602540378445 9
endloop
endfacet
facet normal -1 0 0
outer loop
vertex 196.5 -90 9
vertex 196.5 -89.86602540378445 9
vertex 196.5 -89.76604444311903 9
endloop
endfacet
facet normal -1 0 0
outer loop
vertex 196.5 -90 9
vertex 196.5 -89.76604444311903 9
vertex 196.5 -89.64278760968642 9
endloop
endfacet
facet normal -1 0 0
outer loop
vertex 196.5 -90 9
vertex 196.5 -89.64278760968642 9
vertex 196.5 -89.49999999999994 9
endloop
endfacet
facet normal -1 0 0
outer loop
vertex 196.5 -90 9
vertex 196.5 -89.49999999999994 9
vertex 196.5 -89.34202014332578 9
endloop
endfacet
facet normal -1 0 0
outer loop
vertex 196.5 -90 9
vertex 196.5 -89.34202014332578 9
vertex 196.5 -89.17364817766696 9
endloop
endfacet
facet normal -1 0 0
outer loop
vertex 196.5 -90 9
vertex 196.5 -89.17364817766696 9
vertex 196.5 -88.99999999999979 9
endloop
endfacet
facet normal -1 0 0
outer loop
vertex 196.5 -90 9
vertex 196.5 -88.99999999999979 9
vertex 196.5 -88.23749999999988 9
endloop
endfacet
facet normal -1 0 0
outer loop
vertex 196.5 -90 9
vertex 196.5 -88.23749999999988 9
vertex 196.5 -88.2375 2
endloop
endfacet
facet normal -1 0 0
outer loop
vertex 196.5 -90 9
vertex 196.5 -88.2375 2
vertex 196.5 -90.99999999999974 2
endloop
endfacet
facet normal -1 0 0
outer loop
vertex 196.5 -90 9
vertex 196.5 -90.99999999999974 2
vertex 196.5 -91.00000000000017 9
endloop
endfacet
facet normal -0.9961946980917434 -0.08715574274768315 0
outer loop
vertex 196.5 -88.23749999999988 9
vertex 196.4848077530122 -88.06385182233306 9
vertex 196.4848077530122 -88.06385182233308 2
endloop
endfacet
facet normal -0.9961946980917434 -0.08715574274768315 0
outer loop
vertex 196.5 -88.23749999999988 9
vertex 196.4848077530122 -88.06385182233308 2
vertex 196.5 -88.2375 2
endloop
endfacet
facet normal -0.965925826289063 -0.25881904510254033 0
outer loop
vertex 196.4848077530122 -88.06385182233306 9
vertex 196.4396926207859 -87.8954798566743 9
vertex 196.43969262078588 -87.8954798566744 2
endloop
endfacet
facet normal -0.965925826289063 -0.25881904510254033 0
outer loop
vertex 196.4848077530122 -88.06385182233306 9
vertex 196.43969262078588 -87.8954798566744 2
vertex 196.4848077530122 -88.06385182233308 2
endloop
endfacet
facet normal -0.9063077870366657 -0.42261826174066586 0
outer loop
vertex 196.4396926207859 -87.8954798566743 9
vertex 196.36602540378445 -87.7375 9
vertex 196.36602540378445 -87.73750000000004 2
endloop
endfacet
facet normal -0.9063077870366657 -0.42261826174066586 0
outer loop
vertex 196.4396926207859 -87.8954798566743 9
vertex 196.36602540378445 -87.73750000000004 2
vertex 196.43969262078588 -87.8954798566744 2
endloop
endfacet
facet normal -0.8191520442889438 -0.5735764363511148 0
outer loop
vertex 196.36602540378445 -87.7375 9
vertex 196.26604444311894 -87.5947123903134 9
vertex 196.26604444311897 -87.59471239031339 2
endloop
endfacet
facet normal -0.8191520442889438 -0.5735764363511148 0
outer loop
vertex 196.36602540378445 -87.7375 9
vertex 196.26604444311897 -87.59471239031339 2
vertex 196.36602540378445 -87.73750000000004 2
endloop
endfacet
facet normal -0.7071067811865119 -0.707106781186583 0
outer loop
vertex 196.26604444311894 -87.5947123903134 9
vertex 196.1427876096866 -87.47145555688107 9
vertex 196.14278760968654 -87.47145555688088 2
endloop
endfacet
facet normal -0.7071067811865119 -0.707106781186583 0
outer loop
vertex 196.26604444311894 -87.5947123903134 9
vertex 196.14278760968654 -87.47145555688088 2
vertex 196.26604444311897 -87.59471239031339 2
endloop
endfacet
facet normal -0.5735764363510599 -0.8191520442889821 0
outer loop
vertex 196.1427876096866 -87.47145555688107 9
vertex 196.00000000000023 -87.3714745962157 9
vertex 195.99999999999997 -87.37147459621563 2
endloop
endfacet
facet normal -0.5735764363510599 -0.8191520442889821 0
outer loop
vertex 196.1427876096866 -87.47145555688107 9
vertex 195.99999999999997 -87.37147459621563 2
vertex 196.14278760968654 -87.47145555688088 2
endloop
endfacet
facet normal -0.42261826174072326 -0.9063077870366388 0
outer loop
vertex 196.00000000000023 -87.3714745962157 9
vertex 195.84202014332539 -87.29780737921408 9
vertex 195.84202014332567 -87.2978073792141 2
endloop
endfacet
facet normal -0.42261826174072326 -0.9063077870366388 0
outer loop
vertex 196.00000000000023 -87.3714745962157 9
vertex 195.84202014332567 -87.2978073792141 2
vertex 195.99999999999997 -87.37147459621563 2
endloop
endfacet
facet normal -0.25881904510251297 -0.9659258262890704 0
outer loop
vertex 195.84202014332539 -87.29780737921408 9
vertex 195.67364817766696 -87.25269224698778 9
vertex 195.67364817766676 -87.25269224698779 2
endloop
endfacet
facet normal -0.25881904510251297 -0.9659258262890704 0
outer loop
vertex 195.84202014332539 -87.29780737921408 9
vertex 195.67364817766676 -87.25269224698779 2
vertex 195.84202014332567 -87.2978073792141 2
endloop
endfacet
facet normal -0.08715574274766881 -0.9961946980917447 0
outer loop
vertex 195.67364817766696 -87.25269224698778 9
vertex 195.50000000000009 -87.2375 9
vertex 195.50000000000014 -87.2375 2
endloop
endfacet
facet normal -0.08715574274766881 -0.9961946980917447 0
outer loop
vertex 195.67364817766696 -87.25269224698778 9
vertex 195.50000000000014 -87.2375 2
vertex 195.67364817766676 -87.25269224698779 2
endloop
endfacet
facet normal 0 -1 0
outer loop
vertex 195.50000000000014 -87.2375 2
vertex 195.50000000000009 -87.2375 9
vertex 176.49999999999991 -87.2375 9
endloop
endfacet
facet normal 0 -1 0
outer loop
vertex 195.50000000000014 -87.2375 2
vertex 176.49999999999991 -87.2375 9
vertex 176.5 -87.2375 2
endloop
endfacet
facet normal 0.08715574274766881 -0.9961946980917447 0
outer loop
vertex 176.49999999999991 -87.2375 9
vertex 176.32635182233315 -87.25269224698778 9
vertex 176.32635182233312 -87.25269224698779 2
endloop
endfacet
facet normal 0.08715574274766881 -0.9961946980917447 0
outer loop
vertex 176.49999999999991 -87.2375 9
vertex 176.32635182233312 -87.25269224698779 2
vertex 176.5 -87.2375 2
endloop
endfacet
facet normal 0.2588190451025404 -0.9659258262890631 0
outer loop
vertex 176.32635182233315 -87.25269224698778 9
vertex 176.15797985667442 -87.29780737921408 9
vertex 176.1579798566743 -87.2978073792141 2
endloop
endfacet
facet normal 0.2588190451025404 -0.9659258262890631 0
outer loop
vertex 176.32635182233315 -87.25269224698778 9
vertex 176.1579798566743 -87.2978073792141 2
vertex 176.32635182233312 -87.25269224698779 2
endloop
endfacet
facet normal 0.42261826174069467 -0.9063077870366523 0
outer loop
vertex 176.15797985667442 -87.29780737921408 9
vertex 175.99999999999974 -87.3714745962157 9
vertex 175.99999999999983 -87.37147459621563 2
endloop
endfacet
facet normal 0.42261826174069467 -0.9063077870366523 0
outer loop
vertex 176.15797985667442 -87.29780737921408 9
vertex 175.99999999999983 -87.37147459621563 2
vertex 176.1579798566743 -87.2978073792141 2
endloop
endfacet
facet normal 0.5735764363510599 -0.819152044288982 0
outer loop
vertex 175.99999999999974 -87.3714745962157 9
vertex 175.8572123903135 -87.47145555688107 9
vertex 175.8572123903136 -87.47145555688088 2
endloop
endfacet
facet normal 0.5735764363510599 -0.819152044288982 0
outer loop
vertex 175.99999999999974 -87.3714745962157 9
vertex 175.8572123903136 -87.47145555688088 2
vertex 175.99999999999983 -87.37147459621563 2
endloop
endfacet
facet normal 0.7071067811865618 -0.7071067811865334 0
outer loop
vertex 175.8572123903135 -87.47145555688107 9
vertex 175.733955556881 -87.5947123903134 9
vertex 175.73395555688109 -87.59471239031339 2
endloop
endfacet
facet normal 0.7071067811865618 -0.7071067811865334 0
outer loop
vertex 175.8572123903135 -87.47145555688107 9
vertex 175.73395555688109 -87.59471239031339 2
vertex 175.8572123903136 -87.47145555688088 2
endloop
endfacet
facet normal 0.8191520442889415 -0.5735764363511181 0
outer loop
vertex 175.733955556881 -87.5947123903134 9
vertex 175.63397459621564 -87.7375 9
vertex 175.63397459621552 -87.73750000000004 2
endloop
endfacet
facet normal 0.8191520442889415 -0.5735764363511181 0
outer loop
vertex 175.733955556881 -87.5947123903134 9
vertex 175.63397459621552 -87.73750000000004 2
vertex 175.73395555688109 -87.59471239031339 2
endloop
endfacet
facet normal 0.9063077870366791 -0.42261826174063705 0
outer loop
vertex 175.63397459621564 -87.7375 9
vertex 175.560307379214 -87.8954798566743 9
vertex 175.56030737921407 -87.8954798566744 2
endloop
endfacet
facet normal 0.9063077870366791 -0.42261826174063705 0
outer loop
vertex 175.63397459621564 -87.7375 9
vertex 175.56030737921407 -87.8954798566744 2
vertex 175.63397459621552 -87.73750000000004 2
endloop
endfacet
facet normal 0.9659258262890627 -0.25881904510254217 0
outer loop
vertex 175.560307379214 -87.8954798566743 9
vertex 175.5151922469878 -88.06385182233306 9
vertex 175.5151922469878 -88.06385182233308 2
endloop
endfacet
facet normal 0.9659258262890627 -0.25881904510254217 0
outer loop
vertex 175.560307379214 -87.8954798566743 9
vertex 175.5151922469878 -88.06385182233308 2
vertex 175.56030737921407 -87.8954798566744 2
endloop
endfacet
facet normal 0.9961946980917409 -0.08715574274771135 0
outer loop
vertex 175.5151922469878 -88.06385182233306 9
vertex 175.5 -88.23749999999988 9
vertex 175.5 -88.2375 2
endloop
endfacet
facet normal 0.9961946980917409 -0.08715574274771135 0
outer loop
vertex 175.5151922469878 -88.06385182233306 9
vertex 175.5 -88.2375 2
vertex 175.5151922469878 -88.06385182233308 2
endloop
endfacet
facet normal 1 0 0
outer loop
vertex 175.5 -88.2375 2
vertex 175.5 -88.23749999999988 9
vertex 175.5 -88.99999999999979 9
endloop
endfacet
facet normal 1 0 0
outer loop
vertex 175.5 -88.2375 2
vertex 175.5 -88.99999999999979 9
vertex 175.5 -89.17364817766696 9
endloop
endfacet
facet normal 1 0 0
outer loop
vertex 175.5 -88.2375 2
vertex 175.5 -89.17364817766696 9
vertex 175.5 -89.34202014332578 9
endloop
endfacet
facet normal 1 0 0
outer loop
vertex 175.5 -88.2375 2
vertex 175.5 -89.34202014332578 9
vertex 175.5 -89.49999999999994 9
endloop
endfacet
facet normal 1 0 0
outer loop
vertex 175.5 -88.2375 2
vertex 175.5 -89.49999999999994 9
vertex 175.5 -89.64278760968642 9
endloop
endfacet
facet normal 1 0 0
outer loop
vertex 175.5 -88.2375 2
vertex 175.5 -89.64278760968642 9
vertex 175.5 -89.76604444311903 9
endloop
endfacet
facet normal 1 0 0
outer loop
vertex 175.5 -88.2375 2
vertex 175.5 -89.76604444311903 9
vertex 175.5 -89.86602540378445 9
endloop
endfacet
facet normal 1 0 0
outer loop
vertex 175.5 -88.2375 2
vertex 175.5 -89.86602540378445 9
vertex 175.5 -89.9396926207859 9
endloop
endfacet
facet normal 1 0 0
outer loop
vertex 175.5 -88.2375 2
vertex 175.5 -89.9396926207859 9
vertex 175.5 -89.9848077530122 9
endloop
endfacet
facet normal 1 0 0
outer loop
vertex 175.5 -88.2375 2
vertex 175.5 -89.9848077530122 9
vertex 175.5 -90 9
endloop
endfacet
facet normal 1 0 0
outer loop
vertex 175.5 -88.2375 2
vertex 175.5 -90 9
vertex 175.5 -91.00000000000017 9
endloop
endfacet
facet normal 1 0 0
outer loop
vertex 175.5 -88.2375 2
vertex 175.5 -91.00000000000017 9
vertex 175.5 -90.99999999999974 2
endloop
endfacet
facet normal 0.9961946980917434 -0.08715574274768315 0
outer loop
vertex 175.5 -91.00000000000017 9
vertex 175.48480775301223 -91.17364817766662 9
vertex 175.48480775301218 -91.17364817766693 2
endloop
endfacet
facet normal 0.9961946980917434 -0.08715574274768315 0
outer loop
vertex 175.5 -91.00000000000017 9
vertex 175.48480775301218 -91.17364817766693 2
vertex 175.5 -90.99999999999974 2
endloop
endfacet
facet normal 0.9659258262890631 -0.2588190451025404 0
outer loop
vertex 175.48480775301223 -91.17364817766662 9
vertex 175.43969262078585 -91.3420201433259 9
vertex 175.43969262078593 -91.3420201433256 2
endloop
endfacet
facet normal 0.9659258262890631 -0.2588190451025404 0
outer loop
vertex 175.48480775301223 -91.17364817766662 9
vertex 175.43969262078593 -91.3420201433256 2
vertex 175.48480775301218 -91.17364817766693 2
endloop
endfacet
facet normal 0.9063077870366791 -0.42261826174063705 0
outer loop
vertex 175.43969262078585 -91.3420201433259 9
vertex 175.36602540378445 -91.49999999999993 9
vertex 175.3660254037845 -91.49999999999987 2
endloop
endfacet
facet normal 0.9063077870366791 -0.42261826174063705 0
outer loop
vertex 175.43969262078585 -91.3420201433259 9
vertex 175.3660254037845 -91.49999999999987 2
vertex 175.43969262078593 -91.3420201433256 2
endloop
endfacet
facet normal 0.8191520442889415 -0.5735764363511181 0
outer loop
vertex 175.36602540378445 -91.49999999999993 9
vertex 175.26604444311894 -91.64278760968654 9
vertex 175.26604444311883 -91.64278760968669 2
endloop
endfacet
facet normal 0.8191520442889415 -0.5735764363511181 0
outer loop
vertex 175.36602540378445 -91.49999999999993 9
vertex 175.26604444311883 -91.64278760968669 2
vertex 175.3660254037845 -91.49999999999987 2
endloop
endfacet
facet normal 0.7071067811865476 -0.7071067811865476 0
outer loop
vertex 175.26604444311894 -91.64278760968654 9
vertex 175.14278760968642 -91.76604444311903 9
vertex 175.14278760968642 -91.76604444311909 2
endloop
endfacet
facet normal 0.7071067811865476 -0.7071067811865476 0
outer loop
vertex 175.26604444311894 -91.64278760968654 9
vertex 175.14278760968642 -91.76604444311909 2
vertex 175.26604444311883 -91.64278760968669 2
endloop
endfacet
facet normal 0.5735764363510599 -0.819152044288982 0
outer loop
vertex 175.14278760968642 -91.76604444311903 9
vertex 175.00000000000006 -91.8660254037844 9
vertex 175.00000000000023 -91.86602540378432 2
endloop
endfacet
facet normal 0.5735764363510599 -0.819152044288982 0
outer loop
vertex 175.14278760968642 -91.76604444311903 9
vertex 175.00000000000023 -91.86602540378432 2
vertex 175.14278760968642 -91.76604444311909 2
endloop
endfacet
facet normal 0.4226182617407234 -0.9063077870366388 0
outer loop
vertex 175.00000000000006 -91.8660254037844 9
vertex 174.8420201433257 -91.93969262078593 9
vertex 174.84202014332558 -91.93969262078589 2
endloop
endfacet
facet normal 0.4226182617407234 -0.9063077870366388 0
outer loop
vertex 175.00000000000006 -91.8660254037844 9
vertex 174.84202014332558 -91.93969262078589 2
vertex 175.00000000000023 -91.86602540378432 2
endloop
endfacet
facet normal 0.2588190451025404 -0.9659258262890631 0
outer loop
vertex 174.8420201433257 -91.93969262078593 9
vertex 174.67364817766693 -91.98480775301219 9
vertex 174.67364817766708 -91.98480775301219 2
endloop
endfacet
facet normal 0.2588190451025404 -0.9659258262890631 0
outer loop
vertex 174.8420201433257 -91.93969262078593 9
vertex 174.67364817766708 -91.98480775301219 2
vertex 174.84202014332558 -91.93969262078589 2
endloop
endfacet
facet normal 0.08715574274765463 -0.9961946980917459 0
outer loop
vertex 174.67364817766693 -91.98480775301219 9
vertex 174.50000000000003 -92 9
vertex 174.49999999999991 -92 2
endloop
endfacet
facet normal 0.08715574274765463 -0.9961946980917459 0
outer loop
vertex 174.67364817766693 -91.98480775301219 9
vertex 174.49999999999991 -92 2
vertex 174.67364817766708 -91.98480775301219 2
endloop
endfacet
facet normal 0.08715574274766874 -0.9961946980917448 0
outer loop
vertex 158.49999999999991 -92 9
vertex 158.32635182233315 -92.01519224698781 9
vertex 158.32635182233324 -92.01519224698777 2
endloop
endfacet
facet normal 0.08715574274766874 -0.9961946980917448 0
outer loop
vertex 158.49999999999991 -92 9
vertex 158.32635182233324 -92.01519224698777 2
vertex 158.49999999999991 -92 2
endloop
endfacet
facet normal 0.25881904510254217 -0.9659258262890627 0
outer loop
vertex 158.32635182233315 -92.01519224698781 9
vertex 158.1579798566743 -92.06030737921411 9
vertex 158.1579798566743 -92.06030737921412 2
endloop
endfacet
facet normal 0.25881904510254217 -0.9659258262890627 0
outer loop
vertex 158.32635182233315 -92.01519224698781 9
vertex 158.1579798566743 -92.06030737921412 2
vertex 158.32635182233324 -92.01519224698777 2
endloop
endfacet
facet normal 0.42261826174069467 -0.9063077870366524 0
outer loop
vertex 158.1579798566743 -92.06030737921411 9
vertex 158.0000000000001 -92.1339745962156 9
vertex 157.99999999999991 -92.13397459621562 2
endloop
endfacet
facet normal 0.42261826174069467 -0.9063077870366524 0
outer loop
vertex 158.1579798566743 -92.06030737921411 9
vertex 157.99999999999991 -92.13397459621562 2
vertex 158.1579798566743 -92.06030737921412 2
endloop
endfacet
facet normal 0.5735764363510599 -0.8191520442889821 0
outer loop
vertex 158.0000000000001 -92.1339745962156 9
vertex 157.85721239031326 -92.233955556881 9
vertex 157.8572123903134 -92.23395555688106 2
endloop
endfacet
facet normal 0.5735764363510599 -0.8191520442889821 0
outer loop
vertex 158.0000000000001 -92.1339745962156 9
vertex 157.8572123903134 -92.23395555688106 2
vertex 157.99999999999991 -92.13397459621562 2
endloop
endfacet
facet normal 0.7071067811865619 -0.7071067811865335 0
outer loop
vertex 157.85721239031326 -92.233955556881 9
vertex 157.733955556881 -92.35721239031348 9
vertex 157.73395555688123 -92.35721239031324 2
endloop
endfacet
facet normal 0.7071067811865619 -0.7071067811865335 0
outer loop
vertex 157.85721239031326 -92.233955556881 9
vertex 157.73395555688123 -92.35721239031324 2
vertex 157.8572123903134 -92.23395555688106 2
endloop
endfacet
facet normal 0.8191520442889414 -0.5735764363511181 0
outer loop
vertex 157.733955556881 -92.35721239031348 9
vertex 157.63397459621564 -92.5000000000002 9
vertex 157.6339745962155 -92.50000000000014 2
endloop
endfacet
facet normal 0.8191520442889414 -0.5735764363511181 0
outer loop
vertex 157.733955556881 -92.35721239031348 9
vertex 157.6339745962155 -92.50000000000014 2
vertex 157.73395555688123 -92.35721239031324 2
endloop
endfacet
facet normal 0.9063077870366792 -0.4226182617406371 0
outer loop
vertex 157.63397459621564 -92.5000000000002 9
vertex 157.5603073792141 -92.65797985667429 9
vertex 157.56030737921407 -92.6579798566744 2
endloop
endfacet
facet normal 0.9063077870366792 -0.4226182617406371 0
outer loop
vertex 157.63397459621564 -92.5000000000002 9
vertex 157.56030737921407 -92.6579798566744 2
vertex 157.6339745962155 -92.50000000000014 2
endloop
endfacet
facet normal 0.9659258262890631 -0.2588190451025404 0
outer loop
vertex 157.5603073792141 -92.65797985667429 9
vertex 157.5151922469878 -92.82635182233312 9
vertex 157.5151922469878 -92.82635182233304 2
endloop
endfacet
facet normal 0.9659258262890631 -0.2588190451025404 0
outer loop
vertex 157.5603073792141 -92.65797985667429 9
vertex 157.5151922469878 -92.82635182233304 2
vertex 157.56030737921407 -92.6579798566744 2
endloop
endfacet
facet normal 0.9961946980917434 -0.087155742747683 0
outer loop
vertex 157.5151922469878 -92.82635182233312 9
vertex 157.5 -92.99999999999966 9
vertex 157.5 -92.99999999999996 2
endloop
endfacet
facet normal 0.9961946980917434 -0.087155742747683 0
outer loop
vertex 157.5151922469878 -92.82635182233312 9
vertex 157.5 -92.99999999999996 2
vertex 157.5151922469878 -92.82635182233304 2
endloop
endfacet
facet normal 1 0 0
outer loop
vertex 157.5 -103.8575 2
vertex 157.5 -103.82711550602441 2
vertex 157.5 -103.73688524157181 2
endloop
endfacet
facet normal 1 0 0
outer loop
vertex 157.5 -103.8575 2
vertex 157.5 -103.73688524157181 2
vertex 157.5 -103.5895508075689 2
endloop
endfacet
facet normal 1 0 0
outer loop
vertex 157.5 -103.8575 2
vertex 157.5 -103.5895508075689 2
vertex 157.5 -103.389588886238 2
endloop
endfacet
facet normal 1 0 0
outer loop
vertex 157.5 -103.8575 2
vertex 157.5 -103.389588886238 2
vertex 157.5 -103.14307521937307 2
endloop
endfacet
facet normal 1 0 0
outer loop
vertex 157.5 -103.8575 2
vertex 157.5 -103.14307521937307 2
vertex 157.5 -102.8575 2
endloop
endfacet
facet normal 1 0 0
outer loop
vertex 157.5 -103.8575 2
vertex 157.5 -102.8575 2
vertex 157.5 -102.54154028665123 2
endloop
endfacet
facet normal 1 0 0
outer loop
vertex 157.5 -103.8575 2
vertex 157.5 -102.54154028665123 2
vertex 157.5 -102.20479635533381 2
endloop
endfacet
facet normal 1 0 0
outer loop
vertex 157.5 -103.8575 2
vertex 157.5 -102.20479635533381 2
vertex 157.5 -101.85750000000024 2
endloop
endfacet
facet normal 1 0 0
outer loop
vertex 157.5 -103.8575 2
vertex 157.5 -101.85750000000024 2
vertex 157.5 -94.8575 2
endloop
endfacet
facet normal 1 0 0
outer loop
vertex 157.5 -103.8575 2
vertex 157.5 -94.8575 2
vertex 157.5 -94.84230775301221 2
endloop
endfacet
facet normal 1 0 0
outer loop
vertex 157.5 -103.8575 2
vertex 157.5 -94.84230775301221 2
vertex 157.5 -94.79719262078594 2
endloop
endfacet
facet normal 1 0 0
outer loop
vertex 157.5 -103.8575 2
vertex 157.5 -94.79719262078594 2
vertex 157.5 -94.72352540378444 2
endloop
endfacet
facet normal 1 0 0
outer loop
vertex 157.5 -103.8575 2
vertex 157.5 -94.72352540378444 2
vertex 157.5 -94.62354444311897 2
endloop
endfacet
facet normal 1 0 0
outer loop
vertex 157.5 -103.8575 2
vertex 157.5 -94.62354444311897 2
vertex 157.5 -94.50028760968665 2
endloop
endfacet
facet normal 1 0 0
outer loop
vertex 157.5 -103.8575 2
vertex 157.5 -94.50028760968665 2
vertex 157.5 -94.3574999999998 2
endloop
endfacet
facet normal 1 0 0
outer loop
vertex 157.5 -103.8575 2
vertex 157.5 -94.3574999999998 2
vertex 157.5 -94.19952014332563 2
endloop
endfacet
facet normal 1 0 0
outer loop
vertex 157.5 -103.8575 2
vertex 157.5 -94.19952014332563 2
vertex 157.5 -94.03114817766685 2
endloop
endfacet
facet normal 1 0 0
outer loop
vertex 157.5 -103.8575 2
vertex 157.5 -94.03114817766685 2
vertex 157.5 -93.85750000000041 2
endloop
endfacet
facet normal 1 0 0
outer loop
vertex 157.5 -103.8575 2
vertex 157.5 -93.85750000000041 2
vertex 157.5 -92.99999999999996 2
endloop
endfacet
facet normal 1 0 0
outer loop
vertex 157.5 -103.8575 2
vertex 157.5 -92.99999999999996 2
vertex 157.5 -92.99999999999966 9
endloop
endfacet
facet normal 1 0 0
outer loop
vertex 157.5 -103.8575 2
vertex 157.5 -92.99999999999966 9
vertex 157.5 -103.00000000000013 9
endloop
endfacet
facet normal 1 0 0
outer loop
vertex 157.5 -103.8575 2
vertex 157.5 -103.00000000000013 9
vertex 157.5 -103.17364817766698 9
endloop
endfacet
facet normal 1 0 0
outer loop
vertex 157.5 -103.8575 2
vertex 157.5 -103.17364817766698 9
vertex 157.5 -103.3420201433257 9
endloop
endfacet
facet normal 1 0 0
outer loop
vertex 157.5 -103.8575 2
vertex 157.5 -103.3420201433257 9
vertex 157.5 -103.49999999999982 9
endloop
endfacet
facet normal 1 0 0
outer loop
vertex 157.5 -103.8575 2
vertex 157.5 -103.49999999999982 9
vertex 157.5 -103.64278760968661 9
endloop
endfacet
facet normal 1 0 0
outer loop
vertex 157.5 -103.8575 2
vertex 157.5 -103.64278760968661 9
vertex 157.5 -103.766044443119 9
endloop
endfacet
facet normal 1 0 0
outer loop
vertex 157.5 -103.8575 2
vertex 157.5 -103.766044443119 9
vertex 157.5 -103.8660254037844 9
endloop
endfacet
facet normal 1 0 0
outer loop
vertex 157.5 -103.8575 2
vertex 157.5 -103.8660254037844 9
vertex 157.5 -103.9396926207859 9
endloop
endfacet
facet normal 1 0 0
outer loop
vertex 157.5 -103.8575 2
vertex 157.5 -103.9396926207859 9
vertex 157.5 -103.98480775301219 9
endloop
endfacet
facet normal 1 0 0
outer loop
vertex 157.5 -103.8575 2
vertex 157.5 -103.98480775301219 9
vertex 157.5 -104 9
endloop
endfacet
facet normal 1 0 0
outer loop
vertex 157.5 -103.8575 2
vertex 157.5 -104 9
vertex 157.5 -104.9999999999998 9
endloop
endfacet
facet normal 1 0 0
outer loop
vertex 157.5 -103.8575 2
vertex 157.5 -104.9999999999998 9
vertex 157.5 -105.00000000000013 2
endloop
endfacet
facet normal 0.9961946980917434 -0.087155742747683 0
outer loop
vertex 157.5 -104.9999999999998 9
vertex 157.48480775301223 -105.1736481776668 9
vertex 157.4848077530122 -105.17364817766698 2
endloop
endfacet
facet normal 0.9961946980917434 -0.087155742747683 0
outer loop
vertex 157.5 -104.9999999999998 9
vertex 157.4848077530122 -105.17364817766698 2
vertex 157.5 -105.00000000000013 2
endloop
endfacet
facet normal 0.9659258262890631 -0.2588190451025404 0
outer loop
vertex 157.48480775301223 -105.1736481776668 9
vertex 157.4396926207859 -105.34202014332568 9
vertex 157.4396926207859 -105.3420201433257 2
endloop
endfacet
facet normal 0.9659258262890631 -0.2588190451025404 0
outer loop
vertex 157.48480775301223 -105.1736481776668 9
vertex 157.4396926207859 -105.3420201433257 2
vertex 157.4848077530122 -105.17364817766698 2
endloop
endfacet
facet normal 0.9063077870366792 -0.4226182617406371 0
outer loop
vertex 157.4396926207859 -105.34202014332568 9
vertex 157.36602540378448 -105.49999999999996 9
vertex 157.36602540378448 -105.49999999999997 2
endloop
endfacet
facet normal 0.9063077870366792 -0.4226182617406371 0
outer loop
vertex 157.4396926207859 -105.34202014332568 9
vertex 157.36602540378448 -105.49999999999997 2
vertex 157.4396926207859 -105.3420201433257 2
endloop
endfacet
facet normal 0.8191520442889414 -0.5735764363511181 0
outer loop
vertex 157.36602540378448 -105.49999999999996 9
vertex 157.26604444311891 -105.64278760968662 9
vertex 157.266044443119 -105.6427876096865 2
endloop
endfacet
facet normal 0.8191520442889414 -0.5735764363511181 0
outer loop
vertex 157.36602540378448 -105.49999999999996 9
vertex 157.266044443119 -105.6427876096865 2
vertex 157.36602540378448 -105.49999999999997 2
endloop
endfacet
facet normal 0.7071067811865476 -0.7071067811865476 0
outer loop
vertex 157.26604444311891 -105.64278760968662 9
vertex 157.14278760968676 -105.76604444311877 9
vertex 157.1427876096865 -105.766044443119 2
endloop
endfacet
facet normal 0.7071067811865476 -0.7071067811865476 0
outer loop
vertex 157.26604444311891 -105.64278760968662 9
vertex 157.1427876096865 -105.766044443119 2
vertex 157.266044443119 -105.6427876096865 2
endloop
endfacet
facet normal 0.5735764363510935 -0.8191520442889585 4.9929902621532675e-15
outer loop
vertex 157.14278760968676 -105.76604444311877 9
vertex 156.99999999999991 -105.86602540378446 9
vertex 157.00000000000006 -105.8660254037844 2
endloop
endfacet
facet normal 0.5735764363510935 -0.8191520442889585 4.9929902621532675e-15
outer loop
vertex 157.14278760968676 -105.76604444311877 9
vertex 157.00000000000006 -105.8660254037844 2
vertex 157.01217553842142 -105.8575 2
endloop
endfacet
facet normal 0.5735764363510935 -0.8191520442889585 4.9929902621532675e-15
outer loop
vertex 157.14278760968676 -105.76604444311877 9
vertex 157.01217553842142 -105.8575 2
vertex 157.1427876096865 -105.766044443119 2
endloop
endfacet
facet normal 0.4226182617407234 -0.9063077870366388 0
outer loop
vertex 156.99999999999991 -105.86602540378446 9
vertex 156.84202014332567 -105.93969262078589 9
vertex 156.84202014332567 -105.9396926207859 2
endloop
endfacet
facet normal 0.4226182617407234 -0.9063077870366388 0
outer loop
vertex 156.99999999999991 -105.86602540378446 9
vertex 156.84202014332567 -105.9396926207859 2
vertex 157.00000000000006 -105.8660254037844 2
endloop
endfacet
facet normal 0.2588190451025404 -0.9659258262890631 0
outer loop
vertex 156.84202014332567 -105.93969262078589 9
vertex 156.67364817766685 -105.9848077530122 9
vertex 156.67364817766693 -105.9848077530122 2
endloop
endfacet
facet normal 0.2588190451025404 -0.9659258262890631 0
outer loop
vertex 156.84202014332567 -105.93969262078589 9
vertex 156.67364817766693 -105.9848077530122 2
vertex 156.84202014332567 -105.9396926207859 2
endloop
endfacet
facet normal 0.08715574274766874 -0.9961946980917448 0
outer loop
vertex 156.67364817766685 -105.9848077530122 9
vertex 156.49999999999991 -106 9
vertex 156.5 -106 2
endloop
endfacet
facet normal 0.08715574274766874 -0.9961946980917448 0
outer loop
vertex 156.67364817766685 -105.9848077530122 9
vertex 156.5 -106 2
vertex 156.67364817766693 -105.9848077530122 2
endloop
endfacet
facet normal 0 -1 0
outer loop
vertex 156.5 -106 2
vertex 156.49999999999991 -106 9
vertex 140.49999999999991 -106 9
endloop
endfacet
facet normal 0 -1 0
outer loop
vertex 156.5 -106 2
vertex 140.49999999999991 -106 9
vertex 140.49999999999994 -106 2
endloop
endfacet
facet normal 0.08715574274768298 -0.9961946980917433 0
outer loop
vertex 140.49999999999991 -106 9
vertex 140.326351822333 -106.0151922469878 9
vertex 140.32635182233312 -106.01519224698778 2
endloop
endfacet
facet normal 0.08715574274768298 -0.9961946980917433 0
outer loop
vertex 140.49999999999991 -106 9
vertex 140.32635182233312 -106.01519224698778 2
vertex 140.49999999999994 -106 2
endloop
endfacet
facet normal 0.258819045102549 -0.9659258262890608 2.7303638378415576e-15
outer loop
vertex 140.326351822333 -106.0151922469878 9
vertex 140.1579798566745 -106.06030737921404 9
vertex 140.15797985667442 -106.06030737921408 2
endloop
endfacet
facet normal 0.258819045102549 -0.9659258262890608 2.7303638378415576e-15
outer loop
vertex 140.326351822333 -106.0151922469878 9
vertex 140.15797985667442 -106.06030737921408 2
vertex 140.25864849078775 -106.03333330000027 2
endloop
endfacet
facet normal 0.258819045102549 -0.9659258262890608 2.7303638378415576e-15
outer loop
vertex 140.326351822333 -106.0151922469878 9
vertex 140.25864849078775 -106.03333330000027 2
vertex 140.32635182233312 -106.01519224698778 2
endloop
endfacet
facet normal 0.4226182617407446 -0.906307787036629 -6.198586999716559e-16
outer loop
vertex 140.1579798566745 -106.06030737921404 9
vertex 139.99999999999994 -106.13397459621562 9
vertex 140.00000000000009 -106.13397459621555 2
endloop
endfacet
facet normal 0.4226182617407446 -0.906307787036629 -6.198586999716559e-16
outer loop
vertex 140.1579798566745 -106.06030737921404 9
vertex 140.00000000000009 -106.13397459621555 2
vertex 140.11281070834823 -106.08137009899092 2
endloop
endfacet
facet normal 0.4226182617407446 -0.906307787036629 -6.198586999716559e-16
outer loop
vertex 140.1579798566745 -106.06030737921404 9
vertex 140.11281070834823 -106.08137009899092 2
vertex 140.15797985667442 -106.06030737921408 2
endloop
endfacet
facet normal 0.5735764363510173 -0.819152044289012 4.653205332595174e-15
outer loop
vertex 139.99999999999994 -106.13397459621562 9
vertex 139.8572123903135 -106.23395555688101 9
vertex 139.8572123903134 -106.23395555688111 2
endloop
endfacet
facet normal 0.5735764363510173 -0.819152044289012 4.653205332595174e-15
outer loop
vertex 139.99999999999994 -106.13397459621562 9
vertex 139.8572123903134 -106.23395555688111 2
vertex 139.87195243178184 -106.22363446873139 2
endloop
endfacet
facet normal 0.5735764363510173 -0.819152044289012 4.653205332595174e-15
outer loop
vertex 139.99999999999994 -106.13397459621562 9
vertex 139.87195243178184 -106.22363446873139 2
vertex 140.00000000000009 -106.13397459621555 2
endloop
endfacet
facet normal 0.7071067811865619 -0.7071067811865335 0
outer loop
vertex 139.8572123903135 -106.23395555688101 9
vertex 139.73395555688091 -106.3572123903136 9
vertex 139.73395555688094 -106.35721239031356 2
endloop
endfacet
facet normal 0.7071067811865619 -0.7071067811865335 0
outer loop
vertex 139.8572123903135 -106.23395555688101 9
vertex 139.73395555688094 -106.35721239031356 2
vertex 139.8572123903134 -106.23395555688111 2
endloop
endfacet
facet normal 0.8191520442889506 -0.5735764363511049 9.966076804618302e-16
outer loop
vertex 139.73395555688091 -106.3572123903136 9
vertex 139.63397459621558 -106.49999999999994 9
vertex 139.6339745962156 -106.49999999999991 2
endloop
endfacet
facet normal 0.8191520442889506 -0.5735764363511049 9.966076804618302e-16
outer loop
vertex 139.73395555688091 -106.3572123903136 9
vertex 139.6339745962156 -106.49999999999991 2
vertex 139.66572251768773 -106.45465926923131 2
endloop
endfacet
facet normal 0.8191520442889506 -0.5735764363511049 9.966076804618302e-16
outer loop
vertex 139.73395555688091 -106.3572123903136 9
vertex 139.66572251768773 -106.45465926923131 2
vertex 139.73395555688094 -106.35721239031356 2
endloop
endfacet
facet normal 0.9063077870366791 -0.42261826174063705 0
outer loop
vertex 139.63397459621558 -106.49999999999994 9
vertex 139.56030737921404 -106.65797985667446 9
vertex 139.56030737921398 -106.65797985667459 2
endloop
endfacet
facet normal 0.9063077870366791 -0.42261826174063705 0
outer loop
vertex 139.63397459621558 -106.49999999999994 9
vertex 139.56030737921398 -106.65797985667459 2
vertex 139.6339745962156 -106.49999999999991 2
endloop
endfacet
facet normal 0.9659258262890662 -0.2588190451025286 -1.3328383743693093e-15
outer loop
vertex 139.56030737921404 -106.65797985667446 9
vertex 139.5151922469878 -106.82635182233298 9
vertex 139.51519224698782 -106.82635182233284 2
endloop
endfacet
facet normal 0.9659258262890662 -0.2588190451025286 -1.3328383743693093e-15
outer loop
vertex 139.56030737921404 -106.65797985667446 9
vertex 139.51519224698782 -106.82635182233284 2
vertex 139.53147966600065 -106.76556634705274 2
endloop
endfacet
facet normal 0.9659258262890662 -0.2588190451025286 -1.3328383743693093e-15
outer loop
vertex 139.56030737921404 -106.65797985667446 9
vertex 139.53147966600065 -106.76556634705274 2
vertex 139.56030737921398 -106.65797985667459 2
endloop
endfacet
facet normal 0.9961946980917433 -0.087155742747683 0
outer loop
vertex 139.5151922469878 -106.82635182233298 9
vertex 139.5 -106.99999999999997 9
vertex 139.5 -107.00000000000014 2
endloop
endfacet
facet normal 0.9961946980917433 -0.087155742747683 0
outer loop
vertex 139.5151922469878 -106.82635182233298 9
vertex 139.5 -107.00000000000014 2
vertex 139.51519224698782 -106.82635182233284 2
endloop
endfacet
facet normal 1 0 0
outer loop
vertex 139.5 -157.1627043000002 2
vertex 139.5 -157.11466750101093 2
vertex 139.5 -156.97240313126414 2
endloop
endfacet
facet normal 1 0 0
outer loop
vertex 139.5 -157.1627043000002 2
vertex 139.5 -156.97240313126414 2
vertex 139.5 -156.7413783307878 2
endloop
endfacet
facet normal 1 0 0
outer loop
vertex 139.5 -157.1627043000002 2
vertex 139.5 -156.7413783307878 2
vertex 139.5 -156.43047125295328 2
endloop
endfacet
facet normal 1 0 0
outer loop
vertex 139.5 -157.1627043000002 2
vertex 139.5 -156.43047125295328 2
vertex 139.5 -156.05162988255188 2
endloop
endfacet
facet normal 1 0 0
outer loop
vertex 139.5 -157.1627043000002 2
vertex 139.5 -156.05162988255188 2
vertex 139.5 -155.61941288090895 2
endloop
endfacet
facet normal 1 0 0
outer loop
vertex 139.5 -157.1627043000002 2
vertex 139.5 -155.61941288090895 2
vertex 139.5 -155.15043010504397 2
endloop
endfacet
facet normal 1 0 0
outer loop
vertex 139.5 -157.1627043000002 2
vertex 139.5 -155.15043010504397 2
vertex 139.5 -154.6627043000001 2
endloop
endfacet
facet normal 1 0 0
outer loop
vertex 139.5 -157.1627043000002 2
vertex 139.5 -154.6627043000001 2
vertex 139.5 -154.50000000000043 2
endloop
endfacet
facet normal 1 0 0
outer loop
vertex 139.5 -157.1627043000002 2
vertex 139.5 -154.50000000000043 2
vertex 139.5 -154.45196320100933 2
endloop
endfacet
facet normal 1 0 0
outer loop
vertex 139.5 -157.1627043000002 2
vertex 139.5 -154.45196320100933 2
vertex 139.5 -154.3096988312826 2
endloop
endfacet
facet normal 1 0 0
outer loop
vertex 139.5 -157.1627043000002 2
vertex 139.5 -154.3096988312826 2
vertex 139.5 -154.0786740307385 2
endloop
endfacet
facet normal 1 0 0
outer loop
vertex 139.5 -157.1627043000002 2
vertex 139.5 -154.0786740307385 2
vertex 139.5 -153.76776695297187 2
endloop
endfacet
facet normal 1 0 0
outer loop
vertex 139.5 -157.1627043000002 2
vertex 139.5 -153.76776695297187 2
vertex 139.5 -153.38892558254764 2
endloop
endfacet
facet normal 1 0 0
outer loop
vertex 139.5 -157.1627043000002 2
vertex 139.5 -153.38892558254764 2
vertex 139.5 -152.95670858090776 2
endloop
endfacet
facet normal 1 0 0
outer loop
vertex 139.5 -157.1627043000002 2
vertex 139.5 -152.95670858090776 2
vertex 139.5 -152.48772580504976 2
endloop
endfacet
facet normal 1 0 0
outer loop
vertex 139.5 -157.1627043000002 2
vertex 139.5 -152.48772580504976 2
vertex 139.5 -152.00000000000009 2
endloop
endfacet
facet normal 1 0 0
outer loop
vertex 139.5 -157.1627043000002 2
vertex 139.5 -152.00000000000009 2
vertex 139.5 -151.5122741949655 2
endloop
endfacet
facet normal 1 0 0
outer loop
vertex 139.5 -157.1627043000002 2
vertex 139.5 -151.5122741949655 2
vertex 139.5 -151.04329141907374 2
endloop
endfacet
facet normal 1 0 0
outer loop
vertex 139.5 -157.1627043000002 2
vertex 139.5 -151.04329141907374 2
vertex 139.5 -150.61107441746336 2
endloop
endfacet
facet normal 1 0 0
outer loop
vertex 139.5 -157.1627043000002 2
vertex 139.5 -150.61107441746336 2
vertex 139.5 -150.2322330470359 2
endloop
endfacet
facet normal 1 0 0
outer loop
vertex 139.5 -157.1627043000002 2
vertex 139.5 -150.2322330470359 2
vertex 139.5 -149.92132596924588 2
endloop
endfacet
facet normal 1 0 0
outer loop
vertex 139.5 -157.1627043000002 2
vertex 139.5 -149.92132596924588 2
vertex 139.5 -149.69030116872082 2
endloop
endfacet
facet normal 1 0 0
outer loop
vertex 139.5 -157.1627043000002 2
vertex 139.5 -149.69030116872082 2
vertex 139.5 -149.54803679899322 2
endloop
endfacet
facet normal 1 0 0
outer loop
vertex 139.5 -157.1627043000002 2
vertex 139.5 -149.54803679899322 2
vertex 139.5 -149.50000000000045 2
endloop
endfacet
facet normal 1 0 0
outer loop
vertex 139.5 -157.1627043000002 2
vertex 139.5 -149.50000000000045 2
vertex 139.5 -144.8575 2
endloop
endfacet
facet normal 1 0 0
outer loop
vertex 139.5 -157.1627043000002 2
vertex 139.5 -144.8575 2
vertex 139.5 -115.85750000000031 2
endloop
endfacet
facet normal 1 0 0
outer loop
vertex 139.5 -157.1627043000002 2
vertex 139.5 -115.85750000000031 2
vertex 139.5 -115.80946320100547 2
endloop
endfacet
facet normal 1 0 0
outer loop
vertex 139.5 -157.1627043000002 2
vertex 139.5 -115.80946320100547 2
vertex 139.5 -115.66719883128744 2
endloop
endfacet
facet normal 1 0 0
outer loop
vertex 139.5 -157.1627043000002 2
vertex 139.5 -115.66719883128744 2
vertex 139.5 -115.43617403077076 2
endloop
endfacet
facet normal 1 0 0
outer loop
vertex 139.5 -157.1627043000002 2
vertex 139.5 -115.43617403077076 2
vertex 139.5 -115.12526695296306 2
endloop
endfacet
facet normal 1 0 0
outer loop
vertex 139.5 -157.1627043000002 2
vertex 139.5 -115.12526695296306 2
vertex 139.5 -114.74642558254648 2
endloop
endfacet
facet normal 1 0 0
outer loop
vertex 139.5 -157.1627043000002 2
vertex 139.5 -114.74642558254648 2
vertex 139.5 -114.31420858091057 2
endloop
endfacet
facet normal 1 0 0
outer loop
vertex 139.5 -157.1627043000002 2
vertex 139.5 -114.31420858091057 2
vertex 139.5 -113.84522580504155 2
endloop
endfacet
facet normal 1 0 0
outer loop
vertex 139.5 -157.1627043000002 2
vertex 139.5 -113.84522580504155 2
vertex 139.5 -113.35749999999993 2
endloop
endfacet
facet normal 1 0 0
outer loop
vertex 139.5 -157.1627043000002 2
vertex 139.5 -113.35749999999993 2
vertex 139.5 -112.86977419495305 2
endloop
endfacet
facet normal 1 0 0
outer loop
vertex 139.5 -157.1627043000002 2
vertex 139.5 -112.86977419495305 2
vertex 139.5 -112.40079141909665 2
endloop
endfacet
facet normal 1 0 0
outer loop
vertex 139.5 -157.1627043000002 2
vertex 139.5 -112.40079141909665 2
vertex 139.5 -111.96857441745689 2
endloop
endfacet
facet normal 1 0 0
outer loop
vertex 139.5 -157.1627043000002 2
vertex 139.5 -111.96857441745689 2
vertex 139.5 -111.58973304701775 2
endloop
endfacet
facet normal 1 0 0
outer loop
vertex 139.5 -157.1627043000002 2
vertex 139.5 -111.58973304701775 2
vertex 139.5 -111.27882596925424 2
endloop
endfacet
facet normal 1 0 0
outer loop
vertex 139.5 -157.1627043000002 2
vertex 139.5 -111.27882596925424 2
vertex 139.5 -111.04780116872868 2
endloop
endfacet
facet normal 1 0 0
outer loop
vertex 139.5 -157.1627043000002 2
vertex 139.5 -111.04780116872868 2
vertex 139.5 -111.0333332999998 2
endloop
endfacet
facet normal 1 0 0
outer loop
vertex 139.5 -157.1627043000002 2
vertex 139.5 -111.0333332999998 2
vertex 139.5 -110.98529650100801 2
endloop
endfacet
facet normal 1 0 0
outer loop
vertex 139.5 -157.1627043000002 2
vertex 139.5 -110.98529650100801 2
vertex 139.5 -110.8430321312791 2
endloop
endfacet
facet normal 1 0 0
outer loop
vertex 139.5 -157.1627043000002 2
vertex 139.5 -110.8430321312791 2
vertex 139.5 -110.61200733075742 2
endloop
endfacet
facet normal 1 0 0
outer loop
vertex 139.5 -157.1627043000002 2
vertex 139.5 -110.61200733075742 2
vertex 139.5 -110.30110025298036 2
endloop
endfacet
facet normal 1 0 0
outer loop
vertex 139.5 -157.1627043000002 2
vertex 139.5 -110.30110025298036 2
vertex 139.5 -109.92225888254805 2
endloop
endfacet
facet normal 1 0 0
outer loop
vertex 139.5 -157.1627043000002 2
vertex 139.5 -109.92225888254805 2
vertex 139.5 -109.4900418809083 2
endloop
endfacet
facet normal 1 0 0
outer loop
vertex 139.5 -157.1627043000002 2
vertex 139.5 -109.4900418809083 2
vertex 139.5 -109.02105910504602 2
endloop
endfacet
facet normal 1 0 0
outer loop
vertex 139.5 -157.1627043000002 2
vertex 139.5 -109.02105910504602 2
vertex 139.5 -108.53333330000014 2
endloop
endfacet
facet normal 1 0 0
outer loop
vertex 139.5 -157.1627043000002 2
vertex 139.5 -108.53333330000014 2
vertex 139.5 -108.04560749497054 2
endloop
endfacet
facet normal 1 0 0
outer loop
vertex 139.5 -157.1627043000002 2
vertex 139.5 -108.04560749497054 2
vertex 139.5 -107.57662471908425 2
endloop
endfacet
facet normal 1 0 0
outer loop
vertex 139.5 -157.1627043000002 2
vertex 139.5 -107.57662471908425 2
vertex 139.5 -107.14440771743699 2
endloop
endfacet
facet normal 1 0 0
outer loop
vertex 139.5 -157.1627043000002 2
vertex 139.5 -107.14440771743699 2
vertex 139.5 -107.00000000000014 2
endloop
endfacet
facet normal 1 0 0
outer loop
vertex 139.5 -157.1627043000002 2
vertex 139.5 -107.00000000000014 2
vertex 139.5 -106.99999999999997 9
endloop
endfacet
facet normal 1 0 0
outer loop
vertex 139.5 -157.1627043000002 2
vertex 139.5 -106.99999999999997 9
vertex 139.5 -159.00000000000026 9
endloop
endfacet
facet normal 1 0 0
outer loop
vertex 139.5 -157.1627043000002 2
vertex 139.5 -159.00000000000026 9
vertex 139.5 -159.00000000000003 2
endloop
endfacet
facet normal 0.9961946980917409 0.0871557427477115 0
outer loop
vertex 139.5 -159.00000000000026 9
vertex 139.51519224698777 -159.17364817766685 9
vertex 139.5151922469878 -159.17364817766708 2
endloop
endfacet
facet normal 0.9961946980917409 0.0871557427477115 0
outer loop
vertex 139.5 -159.00000000000026 9
vertex 139.5151922469878 -159.17364817766708 2
vertex 139.5 -159.00000000000003 2
endloop
endfacet
facet normal 0.9659258262890704 0.25881904510251297 0
outer loop
vertex 139.51519224698777 -159.17364817766685 9
vertex 139.5603073792141 -159.3420201433257 9
vertex 139.56030737921398 -159.3420201433254 2
endloop
endfacet
facet normal 0.9659258262890704 0.25881904510251297 0
outer loop
vertex 139.51519224698777 -159.17364817766685 9
vertex 139.56030737921398 -159.3420201433254 2
vertex 139.5151922469878 -159.17364817766708 2
endloop
endfacet
facet normal 0.9063077870366657 0.4226182617406658 0
outer loop
vertex 139.5603073792141 -159.3420201433257 9
vertex 139.6339745962155 -159.49999999999991 9
vertex 139.63397459621555 -159.49999999999997 2
endloop
endfacet
facet normal 0.9063077870366657 0.4226182617406658 0
outer loop
vertex 139.5603073792141 -159.3420201433257 9
vertex 139.63397459621555 -159.49999999999997 2
vertex 139.56030737921398 -159.3420201433254 2
endloop
endfacet
facet normal 0.819152044288959 0.5735764363510931 0
outer loop
vertex 139.6339745962155 -159.49999999999991 9
vertex 139.73395555688103 -159.64278760968654 9
vertex 139.73395555688106 -159.64278760968654 2
endloop
endfacet
facet normal 0.819152044288959 0.5735764363510931 0
outer loop
vertex 139.6339745962155 -159.49999999999991 9
vertex 139.73395555688106 -159.64278760968654 2
vertex 139.63397459621555 -159.49999999999997 2
endloop
endfacet
facet normal 0.7071067811865334 0.7071067811865618 0
outer loop
vertex 139.73395555688103 -159.64278760968654 9
vertex 139.8572123903135 -159.766044443119 9
vertex 139.85721239031346 -159.76604444311894 2
endloop
endfacet
facet normal 0.7071067811865334 0.7071067811865618 0
outer loop
vertex 139.73395555688103 -159.64278760968654 9
vertex 139.85721239031346 -159.76604444311894 2
vertex 139.73395555688106 -159.64278760968654 2
endloop
endfacet
facet normal 0.5735764363511117 0.819152044288946 0
outer loop
vertex 139.8572123903135 -159.766044443119 9
vertex 139.99999999999994 -159.86602540378442 9
vertex 140.00000000000023 -159.8660254037846 2
endloop
endfacet
facet normal 0.5735764363511117 0.819152044288946 0
outer loop
vertex 139.8572123903135 -159.766044443119 9
vertex 140.00000000000023 -159.8660254037846 2
vertex 139.85721239031346 -159.76604444311894 2
endloop
endfacet
facet normal 0.42261826174063977 0.9063077870366778 0
outer loop
vertex 139.99999999999994 -159.86602540378442 9
vertex 140.15797985667427 -159.93969262078588 9
vertex 140.1579798566742 -159.93969262078588 2
endloop
endfacet
facet normal 0.42261826174063977 0.9063077870366778 0
outer loop
vertex 139.99999999999994 -159.86602540378442 9
vertex 140.1579798566742 -159.93969262078588 2
vertex 140.00000000000023 -159.8660254037846 2
endloop
endfacet
facet normal 0.25881904510251297 0.9659258262890704 0
outer loop
vertex 140.15797985667427 -159.93969262078588 9
vertex 140.3263518223331 -159.98480775301218 9
vertex 140.32635182233312 -159.98480775301223 2
endloop
endfacet
facet normal 0.25881904510251297 0.9659258262890704 0
outer loop
vertex 140.15797985667427 -159.93969262078588 9
vertex 140.32635182233312 -159.98480775301223 2
vertex 140.1579798566742 -159.93969262078588 2
endloop
endfacet
facet normal 0.087155742747683 0.9961946980917433 0
outer loop
vertex 140.3263518223331 -159.98480775301218 9
vertex 140.50000000000028 -160 9
vertex 140.49999999999977 -160 2
endloop
endfacet
facet normal 0.087155742747683 0.9961946980917433 0
outer loop
vertex 140.3263518223331 -159.98480775301218 9
vertex 140.49999999999977 -160 2
vertex 140.32635182233312 -159.98480775301223 2
endloop
endfacet
facet normal -0.087155742747683 -0.9961946980917434 0
outer loop
vertex 231.67364817766696 -94.8726922469878 9
vertex 231.5000000000001 -94.8575 9
vertex 231.5000000000001 -94.8575 2
endloop
endfacet
facet normal -0.087155742747683 -0.9961946980917434 0
outer loop
vertex 231.67364817766696 -94.8726922469878 9
vertex 231.5000000000001 -94.8575 2
vertex 231.67364817766688 -94.87269224698778 2
endloop
endfacet
facet normal 0 0 1
outer loop
vertex 214.5 -92.99999999999966 9
vertex 214.48753286544758 -92.8575 9
vertex 214.48620371606265 -92.8423077530122 9
endloop
endfacet
facet normal 0 0 1
outer loop
vertex 214.5 -92.99999999999966 9
vertex 214.48620371606265 -92.8423077530122 9
vertex 214.48480775301223 -92.82635182233312 9
endloop
endfacet
facet normal 0 0 1
outer loop
vertex 214.5 -92.99999999999966 9
vertex 214.48480775301223 -92.82635182233312 9
vertex 214.48480775301218 -92.82635182233304 2
endloop
endfacet
facet normal 0 0 1
outer loop
vertex 214.5 -92.99999999999966 9
vertex 214.48480775301218 -92.82635182233304 2
vertex 214.5 -92.99999999999996 2
endloop
endfacet
facet normal 0 0 1
outer loop
vertex 162.5 -108.53333329999997 4
vertex 162.4711779206043 -108.82596878302402 4
vertex 162.4519632010081 -109.02105910504034 4
endloop
endfacet
facet normal 0 0 1
outer loop
vertex 162.5 -108.53333329999997 4
vertex 162.4519632010081 -109.02105910504034 4
vertex 162.45196320100735 -109.02105910504602 2
endloop
endfacet
facet normal 0 0 1
outer loop
vertex 162.5 -108.53333329999997 4
vertex 162.45196320100735 -109.02105910504602 2
vertex 162.4999999999998 -108.53333330000014 2
endloop
endfacet
facet normal 0 0 -1
outer loop
vertex 162.45196320100808 -108.04560749495951 4
vertex 162.4711779206051 -108.2406978169759 4
vertex 162.5 -108.53333329999997 4
endloop
endfacet
facet normal 0 0 -1
outer loop
vertex 162.45196320100808 -108.04560749495951 4
vertex 162.5 -108.53333329999997 4
vertex 162.4999999999998 -108.53333330000014 2
endloop
endfacet
facet normal 0 0 -1
outer loop
vertex 162.45196320100808 -108.04560749495951 4
vertex 162.4999999999998 -108.53333330000014 2
vertex 162.45196320100936 -108.04560749497054 2
endloop
endfacet
facet normal 0 0 1
outer loop
vertex 162.30969883127824 -107.57662471908733 4
vertex 162.3471176249195 -107.6999779504706 4
vertex 162.42578458136563 -107.95930815145232 4
endloop
endfacet
facet normal 0 0 1
outer loop
vertex 162.30969883127824 -107.57662471908733 4
vertex 162.42578458136563 -107.95930815145232 4
vertex 162.45196320100808 -108.04560749495951 4
endloop
endfacet
facet normal 0 0 1
outer loop
vertex 162.30969883127824 -107.57662471908733 4
vertex 162.45196320100808 -108.04560749495951 4
vertex 162.45196320100936 -108.04560749497054 2
endloop
endfacet
facet normal 0 0 1
outer loop
vertex 162.30969883127824 -107.57662471908733 4
vertex 162.45196320100936 -108.04560749497054 2
vertex 162.3096988312753 -107.57662471908425 2
endloop
endfacet
facet normal 0 0 1
outer loop
vertex 162.07867403075636 -107.14440771745095 4
vertex 162.08033437402884 -107.14751400123271 4
vertex 162.15442557115708 -107.28612888154682 4
endloop
endfacet
facet normal 0 0 1
outer loop
vertex 162.07867403075636 -107.14440771745095 4
vertex 162.15442557115708 -107.28612888154682 4
vertex 162.25413554838428 -107.47267312821992 4
endloop
endfacet
facet normal 0 0 1
outer loop
vertex 162.07867403075636 -107.14440771745095 4
vertex 162.25413554838428 -107.47267312821992 4
vertex 162.30969883127824 -107.57662471908733 4
endloop
endfacet
facet normal 0 0 1
outer loop
vertex 162.07867403075636 -107.14440771745095 4
vertex 162.30969883127824 -107.57662471908733 4
vertex 162.3096988312753 -107.57662471908425 2
endloop
endfacet
facet normal 0 0 1
outer loop
vertex 162.07867403075636 -107.14440771745095 4
vertex 162.3096988312753 -107.57662471908425 2
vertex 162.07867403074758 -107.14440771743699 2
endloop
endfacet
facet normal 0 0 -1
outer loop
vertex 161.76776695296635 -106.7655663470337 4
vertex 161.9875176121511 -107.03333329999953 4
vertex 162.0111712814171 -107.0621553793966 4
endloop
endfacet
facet normal 0 0 -1
outer loop
vertex 161.76776695296635 -106.7655663470337 4
vertex 162.0111712814171 -107.0621553793966 4
vertex 162.07867403075636 -107.14440771745095 4
endloop
endfacet
facet normal 0 0 -1
outer loop
vertex 161.76776695296635 -106.7655663470337 4
vertex 162.07867403075636 -107.14440771745095 4
vertex 162.07867403074758 -107.14440771743699 2
endloop
endfacet
facet normal 0 0 -1
outer loop
vertex 161.76776695296635 -106.7655663470337 4
vertex 162.07867403074758 -107.14440771743699 2
vertex 161.76776695298474 -106.76556634705274 2
endloop
endfacet
facet normal 0.6343932841636207 0.7730104533627574 0
outer loop
vertex 161.3889255825491 -106.45465926924365 4
vertex 161.76776695296635 -106.7655663470337 4
vertex 161.76776695298474 -106.76556634705274 2
endloop
endfacet
facet normal 0.6343932841636207 0.7730104533627574 0
outer loop
vertex 161.3889255825491 -106.45465926924365 4
vertex 161.76776695298474 -106.76556634705274 2
vertex 161.38892558252905 -106.45465926923131 2
endloop
endfacet
facet normal 0.47139673682599226 0.8819212643483579 0
outer loop
vertex 160.9567085809128 -106.22363446872176 4
vertex 161.3889255825491 -106.45465926924365 4
vertex 161.38892558252905 -106.45465926923131 2
endloop
endfacet
facet normal 0.47139673682599226 0.8819212643483579 0
outer loop
vertex 160.9567085809128 -106.22363446872176 4
vertex 161.38892558252905 -106.45465926923131 2
vertex 160.9567085809338 -106.22363446873139 2
endloop
endfacet
facet normal 0.29028467725447593 0.9569403357322048 0
outer loop
vertex 160.48772580504027 -106.0813700989919 4
vertex 160.9567085809128 -106.22363446872176 4
vertex 160.9567085809338 -106.22363446873139 2
endloop
endfacet
facet normal 0.29028467725447593 0.9569403357322048 0
outer loop
vertex 160.48772580504027 -106.0813700989919 4
vertex 160.9567085809338 -106.22363446873139 2
vertex 160.4877258050264 -106.08137009899092 2
endloop
endfacet
facet normal 0.09801714032957423 0.9951847266721956 0
outer loop
vertex 159.99999999999991 -106.03333329999998 4
vertex 160.48772580504027 -106.0813700989919 4
vertex 160.4877258050264 -106.08137009899092 2
endloop
endfacet
facet normal 0.09801714032957423 0.9951847266721956 0
outer loop
vertex 159.99999999999991 -106.03333329999998 4
vertex 160.4877258050264 -106.08137009899092 2
vertex 159.99999999999915 -106.03333330000027 2
endloop
endfacet
facet normal -0.09801714032957415 0.9951847266721956 0
outer loop
vertex 159.51227419495973 -106.0813700989919 4
vertex 159.99999999999991 -106.03333329999998 4
vertex 159.99999999999915 -106.03333330000027 2
endloop
endfacet
facet normal -0.09801714032957415 0.9951847266721956 0
outer loop
vertex 159.51227419495973 -106.0813700989919 4
vertex 159.99999999999915 -106.03333330000027 2
vertex 159.5122741949665 -106.08137009899092 2
endloop
endfacet
facet normal -0.2902846772544479 0.9569403357322133 0
outer loop
vertex 159.04329141908735 -106.22363446872176 4
vertex 159.51227419495973 -106.0813700989919 4
vertex 159.5122741949665 -106.08137009899092 2
endloop
endfacet
facet normal -0.2902846772544479 0.9569403357322133 0
outer loop
vertex 159.04329141908735 -106.22363446872176 4
vertex 159.5122741949665 -106.08137009899092 2
vertex 159.04329141908033 -106.22363446873139 2
endloop
endfacet
facet normal -0.4713967368259914 0.8819212643483584 0
outer loop
vertex 158.611074417451 -106.45465926924365 4
vertex 159.04329141908735 -106.22363446872176 4
vertex 159.04329141908033 -106.22363446873139 2
endloop
endfacet
facet normal -0.4713967368259914 0.8819212643483584 0
outer loop
vertex 158.611074417451 -106.45465926924365 4
vertex 159.04329141908033 -106.22363446873139 2
vertex 158.61107441745307 -106.45465926923131 2
endloop
endfacet
facet normal -0.6343932841636518 0.7730104533627319 0
outer loop
vertex 158.23223304703356 -106.7655663470337 4
vertex 158.611074417451 -106.45465926924365 4
vertex 158.61107441745307 -106.45465926923131 2
endloop
endfacet
facet normal -0.6343932841636518 0.7730104533627319 0
outer loop
vertex 158.23223304703356 -106.7655663470337 4
vertex 158.61107441745307 -106.45465926923131 2
vertex 158.23223304703117 -106.76556634705274 2
endloop
endfacet
facet normal 0 0 1
outer loop
vertex 157.92132596924364 -107.14440771745095 4
vertex 157.98882871858288 -107.0621553793966 4
vertex 158.0124823878489 -107.03333329999953 4
endloop
endfacet
facet normal 0 0 1
outer loop
vertex 157.92132596924364 -107.14440771745095 4
vertex 158.0124823878489 -107.03333329999953 4
vertex 158.23223304703356 -106.7655663470337 4
endloop
endfacet
facet normal 0 0 1
outer loop
vertex 157.92132596924364 -107.14440771745095 4
vertex 158.23223304703356 -106.7655663470337 4
vertex 158.23223304703117 -106.76556634705274 2
endloop
endfacet
facet normal 0 0 1
outer loop
vertex 157.92132596924364 -107.14440771745095 4
vertex 158.23223304703117 -106.76556634705274 2
vertex 157.92132596924395 -107.14440771743699 2
endloop
endfacet
facet normal 0 0 -1
outer loop
vertex 157.69030116872173 -107.57662471908733 4
vertex 157.74586445161572 -107.47267312821992 4
vertex 157.84557442884292 -107.28612888154682 4
endloop
endfacet
facet normal 0 0 -1
outer loop
vertex 157.69030116872173 -107.57662471908733 4
vertex 157.84557442884292 -107.28612888154682 4
vertex 157.91966562597116 -107.14751400123271 4
endloop
endfacet
facet normal 0 0 -1
outer loop
vertex 157.69030116872173 -107.57662471908733 4
vertex 157.91966562597116 -107.14751400123271 4
vertex 157.92132596924364 -107.14440771745095 4
endloop
endfacet
facet normal 0 0 -1
outer loop
vertex 157.69030116872173 -107.57662471908733 4
vertex 157.92132596924364 -107.14440771745095 4
vertex 157.92132596924395 -107.14440771743699 2
endloop
endfacet
facet normal 0 0 -1
outer loop
vertex 157.69030116872173 -107.57662471908733 4
vertex 157.92132596924395 -107.14440771743699 2
vertex 157.6903011687207 -107.57662471908425 2
endloop
endfacet
facet normal 0 0 -1
outer loop
vertex 157.54803679899192 -108.04560749495951 4
vertex 157.57421541863437 -107.95930815145232 4
vertex 157.6528823750805 -107.6999779504706 4
endloop
endfacet
facet normal 0 0 -1
outer loop
vertex 157.54803679899192 -108.04560749495951 4
vertex 157.6528823750805 -107.6999779504706 4
vertex 157.69030116872173 -107.57662471908733 4
endloop
endfacet
facet normal 0 0 -1
outer loop
vertex 157.54803679899192 -108.04560749495951 4
vertex 157.69030116872173 -107.57662471908733 4
vertex 157.6903011687207 -107.57662471908425 2
endloop
endfacet
facet normal 0 0 -1
outer loop
vertex 157.54803679899192 -108.04560749495951 4
vertex 157.6903011687207 -107.57662471908425 2
vertex 157.5480367989921 -108.04560749497054 2
endloop
endfacet
facet normal 0 0 -1
outer loop
vertex 157.5 -108.53333329999997 4
vertex 157.52882207939487 -108.2406978169759 4
vertex 157.54803679899192 -108.04560749495951 4
endloop
endfacet
facet normal 0 0 -1
outer loop
vertex 157.5 -108.53333329999997 4
vertex 157.54803679899192 -108.04560749495951 4
vertex 157.5480367989921 -108.04560749497054 2
endloop
endfacet
facet normal 0 0 -1
outer loop
vertex 157.5 -108.53333329999997 4
vertex 157.5480367989921 -108.04560749497054 2
vertex 157.50000000000026 -108.53333330000014 2
endloop
endfacet
facet normal 0 0 1
outer loop
vertex 157.54803679899192 -109.02105910504034 4
vertex 157.52882207939572 -108.82596878302402 4
vertex 157.5 -108.53333329999997 4
endloop
endfacet
facet normal 0 0 1
outer loop
vertex 157.54803679899192 -109.02105910504034 4
vertex 157.5 -108.53333329999997 4
vertex 157.50000000000026 -108.53333330000014 2
endloop
endfacet
facet normal 0 0 1
outer loop
vertex 157.54803679899192 -109.02105910504034 4
vertex 157.50000000000026 -108.53333330000014 2
vertex 157.54803679899277 -109.02105910504602 2
endloop
endfacet
facet normal 0 0 1
outer loop
vertex 157.69030116872176 -109.49004188091267 4
vertex 157.65288237507428 -109.36668864952874 4
vertex 157.5742154186412 -109.10735844854743 4
endloop
endfacet
facet normal 0 0 1
outer loop
vertex 157.69030116872176 -109.49004188091267 4
vertex 157.5742154186412 -109.10735844854743 4
vertex 157.54803679899192 -109.02105910504034 4
endloop
endfacet
facet normal 0 0 1
outer loop
vertex 157.69030116872176 -109.49004188091267 4
vertex 157.54803679899192 -109.02105910504034 4
vertex 157.54803679899277 -109.02105910504602 2
endloop
endfacet
facet normal 0 0 1
outer loop
vertex 157.69030116872176 -109.49004188091267 4
vertex 157.54803679899277 -109.02105910504602 2
vertex 157.69030116872102 -109.4900418809083 2
endloop
endfacet
facet normal 0 0 -1
outer loop
vertex 157.9213259692436 -109.92225888254899 4
vertex 157.91966562596784 -109.91915259877072 4
vertex 157.8455744288527 -109.78053771844762 4
endloop
endfacet
facet normal 0 0 -1
outer loop
vertex 157.9213259692436 -109.92225888254899 4
vertex 157.8455744288527 -109.78053771844762 4
vertex 157.74586445161896 -109.59399347178129 4
endloop
endfacet
facet normal 0 0 -1
outer loop
vertex 157.9213259692436 -109.92225888254899 4
vertex 157.74586445161896 -109.59399347178129 4
vertex 157.69030116872176 -109.49004188091267 4
endloop
endfacet
facet normal 0 0 -1
outer loop
vertex 157.9213259692436 -109.92225888254899 4
vertex 157.69030116872176 -109.49004188091267 4
vertex 157.69030116872102 -109.4900418809083 2
endloop
endfacet
facet normal 0 0 -1
outer loop
vertex 157.9213259692436 -109.92225888254899 4
vertex 157.69030116872102 -109.4900418809083 2
vertex 157.92132596923398 -109.92225888254805 2
endloop
endfacet
facet normal 0 0 1
outer loop
vertex 158.2322330470336 -110.30110025296636 4
vertex 158.01248238784902 -110.03333329999967 4
vertex 157.98882871857998 -110.00451122060525 4
endloop
endfacet
facet normal 0 0 1
outer loop
vertex 158.2322330470336 -110.30110025296636 4
vertex 157.98882871857998 -110.00451122060525 4
vertex 157.9213259692436 -109.92225888254899 4
endloop
endfacet
facet normal 0 0 1
outer loop
vertex 158.2322330470336 -110.30110025296636 4
vertex 157.9213259692436 -109.92225888254899 4
vertex 157.92132596923398 -109.92225888254805 2
endloop
endfacet
facet normal 0 0 1
outer loop
vertex 158.2322330470336 -110.30110025296636 4
vertex 157.92132596923398 -109.92225888254805 2
vertex 158.23223304704837 -110.30110025298036 2
endloop
endfacet
facet normal -0.634393284163652 -0.7730104533627318 0
outer loop
vertex 158.61107441745094 -110.61200733075633 4
vertex 158.2322330470336 -110.30110025296636 4
vertex 158.23223304704837 -110.30110025298036 2
endloop
endfacet
facet normal -0.634393284163652 -0.7730104533627318 0
outer loop
vertex 158.61107441745094 -110.61200733075633 4
vertex 158.23223304704837 -110.30110025298036 2
vertex 158.61107441744997 -110.61200733075742 2
endloop
endfacet
facet normal -0.4713967368259909 -0.8819212643483587 0
outer loop
vertex 159.04329141908727 -110.8430321312782 4
vertex 158.61107441745094 -110.61200733075633 4
vertex 158.61107441744997 -110.61200733075742 2
endloop
endfacet
facet normal -0.4713967368259909 -0.8819212643483587 0
outer loop
vertex 159.04329141908727 -110.8430321312782 4
vertex 158.61107441744997 -110.61200733075742 2
vertex 159.04329141908593 -110.8430321312791 2
endloop
endfacet
facet normal -0.29028467725447593 -0.9569403357322048 0
outer loop
vertex 159.5122741949597 -110.98529650100808 4
vertex 159.04329141908727 -110.8430321312782 4
vertex 159.04329141908593 -110.8430321312791 2
endloop
endfacet
facet normal -0.29028467725447593 -0.9569403357322048 0
outer loop
vertex 159.5122741949597 -110.98529650100808 4
vertex 159.04329141908593 -110.8430321312791 2
vertex 159.51227419495515 -110.98529650100801 2
endloop
endfacet
facet normal -0.09801714032957415 -0.9951847266721956 0
outer loop
vertex 159.9999999999999 -111.0333333 4
vertex 159.5122741949597 -110.98529650100808 4
vertex 159.51227419495515 -110.98529650100801 2
endloop
endfacet
facet normal -0.09801714032957415 -0.9951847266721956 0
outer loop
vertex 159.9999999999999 -111.0333333 4
vertex 159.51227419495515 -110.98529650100801 2
vertex 159.99999999999403 -111.0333332999998 2
endloop
endfacet
facet normal 0.09801714032957415 -0.9951847266721956 0
outer loop
vertex 160.48772580504024 -110.98529650100808 4
vertex 159.9999999999999 -111.0333333 4
vertex 159.99999999999403 -111.0333332999998 2
endloop
endfacet
facet normal 0.09801714032957415 -0.9951847266721956 0
outer loop
vertex 160.48772580504024 -110.98529650100808 4
vertex 159.99999999999403 -111.0333332999998 2
vertex 160.48772580503288 -110.98529650100801 2
endloop
endfacet
facet normal 0.290284677254293 -0.9569403357322602 -1.102425747625329e-12
outer loop
vertex 160.956708580913 -110.8430321312782 4
vertex 160.48772580504024 -110.98529650100808 4
vertex 160.48772580503288 -110.98529650100801 2
endloop
endfacet
facet normal 0.290284677254293 -0.9569403357322602 -1.102425747625329e-12
outer loop
vertex 160.956708580913 -110.8430321312782 4
vertex 160.48772580503288 -110.98529650100801 2
vertex 160.75065830547518 -110.90553679899179 2
endloop
endfacet
facet normal 0.290284677254293 -0.9569403357322602 -1.102425747625329e-12
outer loop
vertex 160.956708580913 -110.8430321312782 4
vertex 160.75065830547518 -110.90553679899179 2
vertex 160.9090144095211 -110.85750000000033 2
endloop
endfacet
facet normal 0.290284677254293 -0.9569403357322602 -1.102425747625329e-12
outer loop
vertex 160.956708580913 -110.8430321312782 4
vertex 160.9090144095211 -110.85750000000033 2
vertex 160.95670858091972 -110.8430321312791 2
endloop
endfacet
facet normal 0.47139673682602534 -0.8819212643483402 0
outer loop
vertex 161.3889255825489 -110.61200733075633 4
vertex 160.956708580913 -110.8430321312782 4
vertex 160.95670858091972 -110.8430321312791 2
endloop
endfacet
facet normal 0.47139673682602534 -0.8819212643483402 0
outer loop
vertex 161.3889255825489 -110.61200733075633 4
vertex 160.95670858091972 -110.8430321312791 2
vertex 161.3889255825439 -110.61200733075742 2
endloop
endfacet
facet normal 0.6343932841636518 -0.7730104533627319 0
outer loop
vertex 161.76776695296635 -110.30110025296636 4
vertex 161.3889255825489 -110.61200733075633 4
vertex 161.3889255825439 -110.61200733075742 2
endloop
endfacet
facet normal 0.6343932841636518 -0.7730104533627319 0
outer loop
vertex 161.76776695296635 -110.30110025296636 4
vertex 161.3889255825439 -110.61200733075742 2
vertex 161.767766952951 -110.30110025298036 2
endloop
endfacet
facet normal 0 0 -1
outer loop
vertex 162.07867403075636 -109.92225888254899 4
vertex 162.01117128141996 -110.00451122060525 4
vertex 161.98751761215092 -110.03333329999967 4
endloop
endfacet
facet normal 0 0 -1
outer loop
vertex 162.07867403075636 -109.92225888254899 4
vertex 161.98751761215092 -110.03333329999967 4
vertex 161.76776695296635 -110.30110025296636 4
endloop
endfacet
facet normal 0 0 -1
outer loop
vertex 162.07867403075636 -109.92225888254899 4
vertex 161.76776695296635 -110.30110025296636 4
vertex 161.767766952951 -110.30110025298036 2
endloop
endfacet
facet normal 0 0 -1
outer loop
vertex 162.07867403075636 -109.92225888254899 4
vertex 161.767766952951 -110.30110025298036 2
vertex 162.07867403075687 -109.92225888254805 2
endloop
endfacet
facet normal 0 0 -1
outer loop
vertex 162.3096988312782 -109.49004188091267 4
vertex 162.25413554838102 -109.59399347178129 4
vertex 162.15442557114727 -109.78053771844762 4
endloop
endfacet
facet normal 0 0 -1
outer loop
vertex 162.3096988312782 -109.49004188091267 4
vertex 162.15442557114727 -109.78053771844762 4
vertex 162.08033437403213 -109.91915259877072 4
endloop
endfacet
facet normal 0 0 -1
outer loop
vertex 162.3096988312782 -109.49004188091267 4
vertex 162.08033437403213 -109.91915259877072 4
vertex 162.07867403075636 -109.92225888254899 4
endloop
endfacet
facet normal 0 0 -1
outer loop
vertex 162.3096988312782 -109.49004188091267 4
vertex 162.07867403075636 -109.92225888254899 4
vertex 162.07867403075687 -109.92225888254805 2
endloop
endfacet
facet normal 0 0 -1
outer loop
vertex 162.3096988312782 -109.49004188091267 4
vertex 162.07867403075687 -109.92225888254805 2
vertex 162.30969883128054 -109.4900418809083 2
endloop
endfacet
facet normal 0 0 -1
outer loop
vertex 162.4519632010081 -109.02105910504034 4
vertex 162.42578458135884 -109.10735844854743 4
vertex 162.34711762492572 -109.36668864952874 4
endloop
endfacet
facet normal 0 0 -1
outer loop
vertex 162.4519632010081 -109.02105910504034 4
vertex 162.34711762492572 -109.36668864952874 4
vertex 162.3096988312782 -109.49004188091267 4
endloop
endfacet
facet normal 0 0 -1
outer loop
vertex 162.4519632010081 -109.02105910504034 4
vertex 162.3096988312782 -109.49004188091267 4
vertex 162.30969883128054 -109.4900418809083 2
endloop
endfacet
facet normal 0 0 -1
outer loop
vertex 162.4519632010081 -109.02105910504034 4
vertex 162.30969883128054 -109.4900418809083 2
vertex 162.45196320100735 -109.02105910504602 2
endloop
endfacet
facet normal 0 0 1
outer loop
vertex 174.99999999999997 -152.00000000000017 4
vertex 174.97117792060436 -152.2926354830241 4
vertex 174.95196320100806 -152.48772580504027 4
endloop
endfacet
facet normal 0 0 1
outer loop
vertex 174.99999999999997 -152.00000000000017 4
vertex 174.95196320100806 -152.48772580504027 4
vertex 174.95196320100672 -152.48772580504976 2
endloop
endfacet
facet normal 0 0 1
outer loop
vertex 174.99999999999997 -152.00000000000017 4
vertex 174.95196320100672 -152.48772580504976 2
vertex 174.96523199599295 -152.3530054687162 2
endloop
endfacet
facet normal 0 0 1
outer loop
vertex 174.99999999999997 -152.00000000000017 4
vertex 174.96523199599295 -152.3530054687162 2
vertex 174.97924381341474 -152.21074109899274 2
endloop
endfacet
facet normal 0 0 1
outer loop
vertex 174.99999999999997 -152.00000000000017 4
vertex 174.97924381341474 -152.21074109899274 2
vertex 174.98397502516033 -152.16270429999983 2
endloop
endfacet
facet normal 0 0 1
outer loop
vertex 174.99999999999997 -152.00000000000017 4
vertex 174.98397502516033 -152.16270429999983 2
vertex 174.99999999999955 -152.00000000000009 2
endloop
endfacet
facet normal 0 0 -1
outer loop
vertex 174.95196320100803 -151.51227419495962 4
vertex 174.97117792060527 -151.70736451697576 4
vertex 174.99999999999997 -152.00000000000017 4
endloop
endfacet
facet normal 0 0 -1
outer loop
vertex 174.95196320100803 -151.51227419495962 4
vertex 174.99999999999997 -152.00000000000017 4
vertex 174.99999999999955 -152.00000000000009 2
endloop
endfacet
facet normal 0 0 -1
outer loop
vertex 174.95196320100803 -151.51227419495962 4
vertex 174.99999999999955 -152.00000000000009 2
vertex 174.95196320100868 -151.5122741949655 2
endloop
endfacet
facet normal 0 0 1
outer loop
vertex 174.80969883127827 -151.04329141908738 4
vertex 174.84711762492523 -151.16664465047043 4
vertex 174.9257845813598 -151.4259748514527 4
endloop
endfacet
facet normal 0 0 1
outer loop
vertex 174.80969883127827 -151.04329141908738 4
vertex 174.9257845813598 -151.4259748514527 4
vertex 174.95196320100803 -151.51227419495962 4
endloop
endfacet
facet normal 0 0 1
outer loop
vertex 174.80969883127827 -151.04329141908738 4
vertex 174.95196320100803 -151.51227419495962 4
vertex 174.95196320100868 -151.5122741949655 2
endloop
endfacet
facet normal 0 0 1
outer loop
vertex 174.80969883127827 -151.04329141908738 4
vertex 174.95196320100868 -151.5122741949655 2
vertex 174.80969883127298 -151.04329141907374 2
endloop
endfacet
facet normal 0 0 1
outer loop
vertex 174.57867403075636 -150.61107441745102 4
vertex 174.58033437402878 -150.61418070123275 4
vertex 174.65442557116688 -150.75279558154665 4
endloop
endfacet
facet normal 0 0 1
outer loop
vertex 174.57867403075636 -150.61107441745102 4
vertex 174.65442557116688 -150.75279558154665 4
vertex 174.75413554836607 -150.93933982821983 4
endloop
endfacet
facet normal 0 0 1
outer loop
vertex 174.57867403075636 -150.61107441745102 4
vertex 174.75413554836607 -150.93933982821983 4
vertex 174.80969883127827 -151.04329141908738 4
endloop
endfacet
facet normal 0 0 1
outer loop
vertex 174.57867403075636 -150.61107441745102 4
vertex 174.80969883127827 -151.04329141908738 4
vertex 174.80969883127298 -151.04329141907374 2
endloop
endfacet
facet normal 0 0 1
outer loop
vertex 174.57867403075636 -150.61107441745102 4
vertex 174.80969883127298 -151.04329141907374 2
vertex 174.57867403076497 -150.61107441746336 2
endloop
endfacet
facet normal 0 0 1
outer loop
vertex 174.2677669529663 -150.2322330470336 4
vertex 174.4875176121506 -150.5000000000011 4
vertex 174.511171281419 -150.52882207939396 4
endloop
endfacet
facet normal 0 0 1
outer loop
vertex 174.2677669529663 -150.2322330470336 4
vertex 174.511171281419 -150.52882207939396 4
vertex 174.57867403075636 -150.61107441745102 4
endloop
endfacet
facet normal 0 0 1
outer loop
vertex 174.2677669529663 -150.2322330470336 4
vertex 174.57867403075636 -150.61107441745102 4
vertex 174.57867403076497 -150.61107441746336 2
endloop
endfacet
facet normal 0 0 1
outer loop
vertex 174.2677669529663 -150.2322330470336 4
vertex 174.57867403076497 -150.61107441746336 2
vertex 174.26776695296667 -150.2322330470359 2
endloop
endfacet
facet normal 0.6343932841636518 0.7730104533627318 0
outer loop
vertex 173.88892558254892 -149.92132596924358 4
vertex 174.2677669529663 -150.2322330470336 4
vertex 174.26776695296667 -150.2322330470359 2
endloop
endfacet
facet normal 0.6343932841636518 0.7730104533627318 0
outer loop
vertex 173.88892558254892 -149.92132596924358 4
vertex 174.26776695296667 -150.2322330470359 2
vertex 173.8889255825493 -149.92132596924588 2
endloop
endfacet
facet normal 0.4713967368259944 0.8819212643483568 0
outer loop
vertex 173.45670858091282 -149.69030116872182 4
vertex 173.88892558254892 -149.92132596924358 4
vertex 173.8889255825493 -149.92132596924588 2
endloop
endfacet
facet normal 0.4713967368259944 0.8819212643483568 0
outer loop
vertex 173.45670858091282 -149.69030116872182 4
vertex 173.8889255825493 -149.92132596924588 2
vertex 173.456708580907 -149.69030116872082 2
endloop
endfacet
facet normal 0.2902846772545039 0.9569403357321964 0
outer loop
vertex 172.98772580504024 -149.5480367989919 4
vertex 173.45670858091282 -149.69030116872182 4
vertex 173.456708580907 -149.69030116872082 2
endloop
endfacet
facet normal 0.2902846772545039 0.9569403357321964 0
outer loop
vertex 172.98772580504024 -149.5480367989919 4
vertex 173.456708580907 -149.69030116872082 2
vertex 172.98772580504215 -149.54803679899322 2
endloop
endfacet
facet normal 0.09801714032954581 0.9951847266721984 0
outer loop
vertex 172.50000000000014 -149.5 4
vertex 172.98772580504024 -149.5480367989919 4
vertex 172.98772580504215 -149.54803679899322 2
endloop
endfacet
facet normal 0.09801714032954581 0.9951847266721984 0
outer loop
vertex 172.50000000000014 -149.5 4
vertex 172.98772580504215 -149.54803679899322 2
vertex 172.49999999999326 -149.50000000000045 2
endloop
endfacet
facet normal -0.09801714032954566 0.9951847266721985 0
outer loop
vertex 172.0122741949597 -149.5480367989919 4
vertex 172.50000000000014 -149.5 4
vertex 172.49999999999326 -149.50000000000045 2
endloop
endfacet
facet normal -0.09801714032954566 0.9951847266721985 0
outer loop
vertex 172.0122741949597 -149.5480367989919 4
vertex 172.49999999999326 -149.50000000000045 2
vertex 172.01227419496175 -149.54803679899322 2
endloop
endfacet
facet normal -0.29028467725447593 0.9569403357322048 0
outer loop
vertex 171.54329141908727 -149.69030116872182 4
vertex 172.0122741949597 -149.5480367989919 4
vertex 172.01227419496175 -149.54803679899322 2
endloop
endfacet
facet normal -0.29028467725447593 0.9569403357322048 0
outer loop
vertex 171.54329141908727 -149.69030116872182 4
vertex 172.01227419496175 -149.54803679899322 2
vertex 171.5432914190896 -149.69030116872082 2
endloop
endfacet
facet normal -0.4713967368259914 0.8819212643483584 0
outer loop
vertex 171.111074417451 -149.92132596924358 4
vertex 171.54329141908727 -149.69030116872182 4
vertex 171.5432914190896 -149.69030116872082 2
endloop
endfacet
facet normal -0.4713967368259914 0.8819212643483584 0
outer loop
vertex 171.111074417451 -149.92132596924358 4
vertex 171.5432914190896 -149.69030116872082 2
vertex 171.11107441744605 -149.92132596924588 2
endloop
endfacet
facet normal -0.6343932841636518 0.7730104533627319 0
outer loop
vertex 170.73223304703373 -150.2322330470336 4
vertex 171.111074417451 -149.92132596924358 4
vertex 171.11107441744605 -149.92132596924588 2
endloop
endfacet
facet normal -0.6343932841636518 0.7730104533627319 0
outer loop
vertex 170.73223304703373 -150.2322330470336 4
vertex 171.11107441744605 -149.92132596924588 2
vertex 170.7322330470357 -150.2322330470359 2
endloop
endfacet
facet normal 0 0 -1
outer loop
vertex 170.42132596924367 -150.61107441745102 4
vertex 170.48882871858103 -150.52882207939396 4
vertex 170.51248238784942 -150.5000000000011 4
endloop
endfacet
facet normal 0 0 -1
outer loop
vertex 170.42132596924367 -150.61107441745102 4
vertex 170.51248238784942 -150.5000000000011 4
vertex 170.73223304703373 -150.2322330470336 4
endloop
endfacet
facet normal 0 0 -1
outer loop
vertex 170.42132596924367 -150.61107441745102 4
vertex 170.73223304703373 -150.2322330470336 4
vertex 170.7322330470357 -150.2322330470359 2
endloop
endfacet
facet normal 0 0 -1
outer loop
vertex 170.42132596924367 -150.61107441745102 4
vertex 170.7322330470357 -150.2322330470359 2
vertex 170.42132596924355 -150.61107441746336 2
endloop
endfacet
facet normal 0 0 -1
outer loop
vertex 170.1903011687218 -151.04329141908738 4
vertex 170.245864451634 -150.93933982821983 4
vertex 170.34557442883315 -150.75279558154665 4
endloop
endfacet
facet normal 0 0 -1
outer loop
vertex 170.1903011687218 -151.04329141908738 4
vertex 170.34557442883315 -150.75279558154665 4
vertex 170.41966562597125 -150.61418070123275 4
endloop
endfacet
facet normal 0 0 -1
outer loop
vertex 170.1903011687218 -151.04329141908738 4
vertex 170.41966562597125 -150.61418070123275 4
vertex 170.42132596924367 -150.61107441745102 4
endloop
endfacet
facet normal 0 0 -1
outer loop
vertex 170.1903011687218 -151.04329141908738 4
vertex 170.42132596924367 -150.61107441745102 4
vertex 170.42132596924355 -150.61107441746336 2
endloop
endfacet
facet normal 0 0 -1
outer loop
vertex 170.1903011687218 -151.04329141908738 4
vertex 170.42132596924355 -150.61107441746336 2
vertex 170.19030116872355 -151.04329141907374 2
endloop
endfacet
facet normal 0 0 -1
outer loop
vertex 170.04803679899194 -151.51227419495962 4
vertex 170.07421541864016 -151.4259748514527 4
vertex 170.1528823750748 -151.16664465047043 4
endloop
endfacet
facet normal 0 0 -1
outer loop
vertex 170.04803679899194 -151.51227419495962 4
vertex 170.1528823750748 -151.16664465047043 4
vertex 170.1903011687218 -151.04329141908738 4
endloop
endfacet
facet normal 0 0 -1
outer loop
vertex 170.04803679899194 -151.51227419495962 4
vertex 170.1903011687218 -151.04329141908738 4
vertex 170.19030116872355 -151.04329141907374 2
endloop
endfacet
facet normal 0 0 -1
outer loop
vertex 170.04803679899194 -151.51227419495962 4
vertex 170.19030116872355 -151.04329141907374 2
vertex 170.04803679899166 -151.5122741949655 2
endloop
endfacet
facet normal 0 0 -1
outer loop
vertex 170 -152.00000000000017 4
vertex 170.0288220793947 -151.70736451697576 4
vertex 170.04803679899194 -151.51227419495962 4
endloop
endfacet
facet normal 0 0 -1
outer loop
vertex 170 -152.00000000000017 4
vertex 170.04803679899194 -151.51227419495962 4
vertex 170.04803679899166 -151.5122741949655 2
endloop
endfacet
facet normal 0 0 -1
outer loop
vertex 170 -152.00000000000017 4
vertex 170.04803679899166 -151.5122741949655 2
vertex 170.0000000000008 -152.00000000000009 2
endloop
endfacet
facet normal 0 0 1
outer loop
vertex 170.0480367989919 -152.48772580504027 4
vertex 170.02882207939558 -152.2926354830241 4
vertex 170 -152.00000000000017 4
endloop
endfacet
facet normal 0 0 1
outer loop
vertex 170.0480367989919 -152.48772580504027 4
vertex 170 -152.00000000000017 4
vertex 170.0000000000008 -152.00000000000009 2
endloop
endfacet
facet normal 0 0 1
outer loop
vertex 170.0480367989919 -152.48772580504027 4
vertex 170.0000000000008 -152.00000000000009 2
vertex 170.04803679899308 -152.48772580504976 2
endloop
endfacet
facet normal 0 0 1
outer loop
vertex 170.1903011687218 -152.95670858091276 4
vertex 170.15288237508224 -152.83335534952784 4
vertex 170.07421541863798 -152.57402514854752 4
endloop
endfacet
facet normal 0 0 1
outer loop
vertex 170.1903011687218 -152.95670858091276 4
vertex 170.07421541863798 -152.57402514854752 4
vertex 170.0480367989919 -152.48772580504027 4
endloop
endfacet
facet normal 0 0 1
outer loop
vertex 170.1903011687218 -152.95670858091276 4
vertex 170.0480367989919 -152.48772580504027 4
vertex 170.04803679899308 -152.48772580504976 2
endloop
endfacet
facet normal 0 0 1
outer loop
vertex 170.1903011687218 -152.95670858091276 4
vertex 170.04803679899308 -152.48772580504976 2
vertex 170.19030116872352 -152.95670858090776 2
endloop
endfacet
facet normal 0 0 -1
outer loop
vertex 170.42132596924358 -153.38892558254892 4
vertex 170.41966562597062 -153.38581929876773 4
vertex 170.34557442883568 -153.24720441845426 4
endloop
endfacet
facet normal 0 0 -1
outer loop
vertex 170.42132596924358 -153.38892558254892 4
vertex 170.34557442883568 -153.24720441845426 4
vertex 170.24586445163004 -153.06066017178392 4
endloop
endfacet
facet normal 0 0 -1
outer loop
vertex 170.42132596924358 -153.38892558254892 4
vertex 170.24586445163004 -153.06066017178392 4
vertex 170.1903011687218 -152.95670858091276 4
endloop
endfacet
facet normal 0 0 -1
outer loop
vertex 170.42132596924358 -153.38892558254892 4
vertex 170.1903011687218 -152.95670858091276 4
vertex 170.19030116872352 -152.95670858090776 2
endloop
endfacet
facet normal 0 0 -1
outer loop
vertex 170.42132596924358 -153.38892558254892 4
vertex 170.19030116872352 -152.95670858090776 2
vertex 170.42132596924077 -153.38892558254764 2
endloop
endfacet
facet normal 0 0 -1
outer loop
vertex 170.73223304703367 -153.76776695296638 4
vertex 170.51248238784922 -153.4999999999999 4
vertex 170.48882871858387 -153.47117792060533 4
endloop
endfacet
facet normal 0 0 -1
outer loop
vertex 170.73223304703367 -153.76776695296638 4
vertex 170.48882871858387 -153.47117792060533 4
vertex 170.42132596924358 -153.38892558254892 4
endloop
endfacet
facet normal 0 0 -1
outer loop
vertex 170.73223304703367 -153.76776695296638 4
vertex 170.42132596924358 -153.38892558254892 4
vertex 170.42132596924077 -153.38892558254764 2
endloop
endfacet
facet normal 0 0 -1
outer loop
vertex 170.73223304703367 -153.76776695296638 4
vertex 170.42132596924077 -153.38892558254764 2
vertex 170.73223304703774 -153.76776695297187 2
endloop
endfacet
facet normal -0.634393284163652 -0.7730104533627317 0
outer loop
vertex 171.1110744174511 -154.07867403075645 4
vertex 170.73223304703367 -153.76776695296638 4
vertex 170.73223304703774 -153.76776695297187 2
endloop
endfacet
facet normal -0.634393284163652 -0.7730104533627317 0
outer loop
vertex 171.1110744174511 -154.07867403075645 4
vertex 170.73223304703774 -153.76776695297187 2
vertex 171.1110744174267 -154.0786740307385 2
endloop
endfacet
facet normal -0.4713967368259944 -0.8819212643483568 0
outer loop
vertex 171.54329141908727 -154.30969883127824 4
vertex 171.1110744174511 -154.07867403075645 4
vertex 171.1110744174267 -154.0786740307385 2
endloop
endfacet
facet normal -0.4713967368259944 -0.8819212643483568 0
outer loop
vertex 171.54329141908727 -154.30969883127824 4
vertex 171.1110744174267 -154.0786740307385 2
vertex 171.54329141910455 -154.3096988312826 2
endloop
endfacet
facet normal -0.2902846772544769 -0.9569403357322044 0
outer loop
vertex 172.0122741949595 -154.45196320100806 4
vertex 171.54329141908727 -154.30969883127824 4
vertex 171.54329141910455 -154.3096988312826 2
endloop
endfacet
facet normal -0.2902846772544769 -0.9569403357322044 0
outer loop
vertex 172.0122741949595 -154.45196320100806 4
vertex 171.54329141910455 -154.3096988312826 2
vertex 172.01227419496666 -154.45196320100933 2
endloop
endfacet
facet normal -0.09801714032954582 -0.9951847266721984 0
outer loop
vertex 172.49999999999994 -154.5 4
vertex 172.0122741949595 -154.45196320100806 4
vertex 172.01227419496666 -154.45196320100933 2
endloop
endfacet
facet normal -0.09801714032954582 -0.9951847266721984 0
outer loop
vertex 172.49999999999994 -154.5 4
vertex 172.01227419496666 -154.45196320100933 2
vertex 172.49999999999855 -154.50000000000043 2
endloop
endfacet
facet normal 0.09801714032954582 -0.9951847266721984 0
outer loop
vertex 172.98772580504033 -154.45196320100806 4
vertex 172.49999999999994 -154.5 4
vertex 172.49999999999855 -154.50000000000043 2
endloop
endfacet
facet normal 0.09801714032954582 -0.9951847266721984 0
outer loop
vertex 172.98772580504033 -154.45196320100806 4
vertex 172.49999999999855 -154.50000000000043 2
vertex 172.9877258050304 -154.45196320100933 2
endloop
endfacet
facet normal 0.29028467725447593 -0.9569403357322048 0
outer loop
vertex 173.45670858091268 -154.30969883127824 4
vertex 172.98772580504033 -154.45196320100806 4
vertex 172.9877258050304 -154.45196320100933 2
endloop
endfacet
facet normal 0.29028467725447593 -0.9569403357322048 0
outer loop
vertex 173.45670858091268 -154.30969883127824 4
vertex 172.9877258050304 -154.45196320100933 2
vertex 173.4567085809032 -154.3096988312826 2
endloop
endfacet
facet normal 0.47139673682593275 -0.8819212643483897 -3.1321503652552486e-13
outer loop
vertex 173.88892558254892 -154.07867403075645 4
vertex 173.45670858091268 -154.30969883127824 4
vertex 173.4567085809032 -154.3096988312826 2
endloop
endfacet
facet normal 0.47139673682593275 -0.8819212643483897 -3.1321503652552486e-13
outer loop
vertex 173.88892558254892 -154.07867403075645 4
vertex 173.4567085809032 -154.3096988312826 2
vertex 173.70875260252927 -154.17497849497587 2
endloop
endfacet
facet normal 0.47139673682593275 -0.8819212643483897 -3.1321503652552486e-13
outer loop
vertex 173.88892558254892 -154.07867403075645 4
vertex 173.70875260252927 -154.17497849497587 2
vertex 173.88892558258388 -154.0786740307385 2
endloop
endfacet
facet normal 0.6343932841636688 -0.7730104533627179 0
outer loop
vertex 174.26776695296635 -153.76776695296638 4
vertex 173.88892558254892 -154.07867403075645 4
vertex 173.88892558258388 -154.0786740307385 2
endloop
endfacet
facet normal 0.6343932841636688 -0.7730104533627179 0
outer loop
vertex 174.26776695296635 -153.76776695296638 4
vertex 173.88892558258388 -154.0786740307385 2
vertex 174.2677669529596 -153.76776695297187 2
endloop
endfacet
facet normal 0 0 1
outer loop
vertex 174.57867403075633 -153.38892558254892 4
vertex 174.51117128141604 -153.47117792060533 4
vertex 174.4875176121507 -153.4999999999999 4
endloop
endfacet
facet normal 0 0 1
outer loop
vertex 174.57867403075633 -153.38892558254892 4
vertex 174.4875176121507 -153.4999999999999 4
vertex 174.26776695296635 -153.76776695296638 4
endloop
endfacet
facet normal 0 0 1
outer loop
vertex 174.57867403075633 -153.38892558254892 4
vertex 174.26776695296635 -153.76776695296638 4
vertex 174.2677669529596 -153.76776695297187 2
endloop
endfacet
facet normal 0 0 1
outer loop
vertex 174.57867403075633 -153.38892558254892 4
vertex 174.2677669529596 -153.76776695297187 2
vertex 174.31846129450315 -153.70599571908002 2
endloop
endfacet
facet normal 0 0 1
outer loop
vertex 174.57867403075633 -153.38892558254892 4
vertex 174.31846129450315 -153.70599571908002 2
vertex 174.57867403075744 -153.38892558254764 2
endloop
endfacet
facet normal 0 0 -1
outer loop
vertex 174.8096988312782 -152.95670858091276 4
vertex 174.75413554836993 -153.06066017178392 4
vertex 174.65442557116427 -153.24720441845426 4
endloop
endfacet
facet normal 0 0 -1
outer loop
vertex 174.8096988312782 -152.95670858091276 4
vertex 174.65442557116427 -153.24720441845426 4
vertex 174.5803343740293 -153.38581929876773 4
endloop
endfacet
facet normal 0 0 -1
outer loop
vertex 174.8096988312782 -152.95670858091276 4
vertex 174.5803343740293 -153.38581929876773 4
vertex 174.57867403075633 -153.38892558254892 4
endloop
endfacet
facet normal 0 0 -1
outer loop
vertex 174.8096988312782 -152.95670858091276 4
vertex 174.57867403075633 -153.38892558254892 4
vertex 174.57867403075744 -153.38892558254764 2
endloop
endfacet
facet normal 0 0 -1
outer loop
vertex 174.8096988312782 -152.95670858091276 4
vertex 174.57867403075744 -153.38892558254764 2
vertex 174.64022131241182 -153.27377871746896 2
endloop
endfacet
facet normal 0 0 -1
outer loop
vertex 174.8096988312782 -152.95670858091276 4
vertex 174.64022131241182 -153.27377871746896 2
vertex 174.80969883128122 -152.95670858090776 2
endloop
endfacet
facet normal 0 0 -1
outer loop
vertex 174.95196320100806 -152.48772580504027 4
vertex 174.92578458136197 -152.57402514854752 4
vertex 174.84711762491773 -152.83335534952784 4
endloop
endfacet
facet normal 0 0 -1
outer loop
vertex 174.95196320100806 -152.48772580504027 4
vertex 174.84711762491773 -152.83335534952784 4
vertex 174.8096988312782 -152.95670858091276 4
endloop
endfacet
facet normal 0 0 -1
outer loop
vertex 174.95196320100806 -152.48772580504027 4
vertex 174.8096988312782 -152.95670858091276 4
vertex 174.80969883128122 -152.95670858090776 2
endloop
endfacet
facet normal 0 0 -1
outer loop
vertex 174.95196320100806 -152.48772580504027 4
vertex 174.80969883128122 -152.95670858090776 2
vertex 174.8284369302351 -152.89493734698144 2
endloop
endfacet
facet normal 0 0 -1
outer loop
vertex 174.95196320100806 -152.48772580504027 4
vertex 174.8284369302351 -152.89493734698144 2
vertex 174.92274956116634 -152.58403026927851 2
endloop
endfacet
facet normal 0 0 -1
outer loop
vertex 174.95196320100806 -152.48772580504027 4
vertex 174.92274956116634 -152.58403026927851 2
vertex 174.95196320100672 -152.48772580504976 2
endloop
endfacet
facet normal 0 0 1
outer loop
vertex 234.49999999999997 -113.35750000000016 4
vertex 234.47117792060257 -113.650135483024 4
vertex 234.45196320100806 -113.84522580504034 4
endloop
endfacet
facet normal 0 0 1
outer loop
vertex 234.49999999999997 -113.35750000000016 4
vertex 234.45196320100806 -113.84522580504034 4
vertex 234.45196320100817 -113.84522580504155 2
endloop
endfacet
facet normal 0 0 1
outer loop
vertex 234.49999999999997 -113.35750000000016 4
vertex 234.45196320100817 -113.84522580504155 2
vertex 234.50000000000023 -113.35749999999993 2
endloop
endfacet
facet normal 0 0 -1
outer loop
vertex 234.45196320100806 -112.86977419495943 4
vertex 234.47117792060706 -113.06486451697594 4
vertex 234.49999999999997 -113.35750000000016 4
endloop
endfacet
facet normal 0 0 -1
outer loop
vertex 234.45196320100806 -112.86977419495943 4
vertex 234.49999999999997 -113.35750000000016 4
vertex 234.50000000000023 -113.35749999999993 2
endloop
endfacet
facet normal 0 0 -1
outer loop
vertex 234.45196320100806 -112.86977419495943 4
vertex 234.50000000000023 -113.35749999999993 2
vertex 234.4519632010079 -112.86977419495305 2
endloop
endfacet
facet normal 0 0 -1
outer loop
vertex 234.3096988312782 -112.40079141908754 4
vertex 234.34711762494126 -112.52414465047119 4
vertex 234.42578458134741 -112.783474851452 4
endloop
endfacet
facet normal 0 0 -1
outer loop
vertex 234.3096988312782 -112.40079141908754 4
vertex 234.42578458134741 -112.783474851452 4
vertex 234.45196320100806 -112.86977419495943 4
endloop
endfacet
facet normal 0 0 -1
outer loop
vertex 234.3096988312782 -112.40079141908754 4
vertex 234.45196320100806 -112.86977419495943 4
vertex 234.4519632010079 -112.86977419495305 2
endloop
endfacet
facet normal 0 0 -1
outer loop
vertex 234.3096988312782 -112.40079141908754 4
vertex 234.4519632010079 -112.86977419495305 2
vertex 234.30969883128287 -112.40079141909665 2
endloop
endfacet
facet normal 0 0 1
outer loop
vertex 234.07867403075647 -111.96857441745104 4
vertex 234.0803343740257 -111.97168070123257 4
vertex 234.15442557118158 -112.11029558154868 4
endloop
endfacet
facet normal 0 0 1
outer loop
vertex 234.07867403075647 -111.96857441745104 4
vertex 234.15442557118158 -112.11029558154868 4
vertex 234.2541355483429 -112.2968398282187 4
endloop
endfacet
facet normal 0 0 1
outer loop
vertex 234.07867403075647 -111.96857441745104 4
vertex 234.2541355483429 -112.2968398282187 4
vertex 234.3096988312782 -112.40079141908754 4
endloop
endfacet
facet normal 0 0 1
outer loop
vertex 234.07867403075647 -111.96857441745104 4
vertex 234.3096988312782 -112.40079141908754 4
vertex 234.30969883128287 -112.40079141909665 2
endloop
endfacet
facet normal 0 0 1
outer loop
vertex 234.07867403075647 -111.96857441745104 4
vertex 234.30969883128287 -112.40079141909665 2
vertex 234.07867403075915 -111.96857441745689 2
endloop
endfacet
facet normal 0 0 -1
outer loop
vertex 233.7677669529663 -111.58973304703366 4
vertex 233.9875176121491 -111.8574999999979 4
vertex 234.01117128141507 -111.8863220793934 4
endloop
endfacet
facet normal 0 0 -1
outer loop
vertex 233.7677669529663 -111.58973304703366 4
vertex 234.01117128141507 -111.8863220793934 4
vertex 234.07867403075647 -111.96857441745104 4
endloop
endfacet
facet normal 0 0 -1
outer loop
vertex 233.7677669529663 -111.58973304703366 4
vertex 234.07867403075647 -111.96857441745104 4
vertex 234.07867403075915 -111.96857441745689 2
endloop
endfacet
facet normal 0 0 -1
outer loop
vertex 233.7677669529663 -111.58973304703366 4
vertex 234.07867403075915 -111.96857441745689 2
vertex 233.7677669529513 -111.58973304701775 2
endloop
endfacet
facet normal 0.6343932841636208 0.7730104533627572 0
outer loop
vertex 233.38892558254898 -111.27882596924357 4
vertex 233.7677669529663 -111.58973304703366 4
vertex 233.7677669529513 -111.58973304701775 2
endloop
endfacet
facet normal 0.6343932841636208 0.7730104533627572 0
outer loop
vertex 233.38892558254898 -111.27882596924357 4
vertex 233.7677669529513 -111.58973304701775 2
vertex 233.38892558256617 -111.27882596925424 2
endloop
endfacet
facet normal 0.47139673682600314 0.881921264348352 0
outer loop
vertex 232.95670858091273 -111.04780116872182 4
vertex 233.38892558254898 -111.27882596924357 4
vertex 233.38892558256617 -111.27882596925424 2
endloop
endfacet
facet normal 0.47139673682600314 0.881921264348352 0
outer loop
vertex 232.95670858091273 -111.04780116872182 4
vertex 233.38892558256617 -111.27882596925424 2
vertex 232.95670858092296 -111.04780116872868 2
endloop
endfacet
facet normal 0.2902846772544689 0.9569403357322068 0
outer loop
vertex 232.48772580504027 -110.90553679899193 4
vertex 232.95670858091273 -111.04780116872182 4
vertex 232.95670858092296 -111.04780116872868 2
endloop
endfacet
facet normal 0.2902846772544689 0.9569403357322068 0
outer loop
vertex 232.48772580504027 -110.90553679899193 4
vertex 232.95670858092296 -111.04780116872868 2
vertex 232.4877258050274 -110.90553679899179 2
endloop
endfacet
facet normal 0.09801714032957415 0.9951847266721956 0
outer loop
vertex 232.00000000000003 -110.8575 4
vertex 232.48772580504027 -110.90553679899193 4
vertex 232.4877258050274 -110.90553679899179 2
endloop
endfacet
facet normal 0.09801714032957415 0.9951847266721956 0
outer loop
vertex 232.00000000000003 -110.8575 4
vertex 232.4877258050274 -110.90553679899179 2
vertex 231.9999999999918 -110.85750000000033 2
endloop
endfacet
facet normal -0.09801714032957415 0.9951847266721956 0
outer loop
vertex 231.5122741949597 -110.90553679899193 4
vertex 232.00000000000003 -110.8575 4
vertex 231.9999999999918 -110.85750000000033 2
endloop
endfacet
facet normal -0.09801714032957415 0.9951847266721956 0
outer loop
vertex 231.5122741949597 -110.90553679899193 4
vertex 231.9999999999918 -110.85750000000033 2
vertex 231.5122741949742 -110.90553679899179 2
endloop
endfacet
facet normal -0.29028467725444845 0.956940335732213 -2.035855261820314e-12
outer loop
vertex 231.04329141908718 -111.04780116872182 4
vertex 231.5122741949597 -110.90553679899193 4
vertex 231.5122741949742 -110.90553679899179 2
endloop
endfacet
facet normal -0.29028467725444845 0.956940335732213 -2.035855261820314e-12
outer loop
vertex 231.04329141908718 -111.04780116872182 4
vertex 231.5122741949742 -110.90553679899179 2
vertex 231.24934169454966 -110.98529650100801 2
endloop
endfacet
facet normal -0.29028467725444845 0.956940335732213 -2.035855261820314e-12
outer loop
vertex 231.04329141908718 -111.04780116872182 4
vertex 231.24934169454966 -110.98529650100801 2
vertex 231.09098559050184 -111.0333332999998 2
endloop
endfacet
facet normal -0.29028467725444845 0.956940335732213 -2.035855261820314e-12
outer loop
vertex 231.04329141908718 -111.04780116872182 4
vertex 231.09098559050184 -111.0333332999998 2
vertex 231.043291419079 -111.04780116872868 2
endloop
endfacet
facet normal -0.4713967368259914 0.8819212643483584 0
outer loop
vertex 230.6110744174511 -111.27882596924357 4
vertex 231.04329141908718 -111.04780116872182 4
vertex 231.043291419079 -111.04780116872868 2
endloop
endfacet
facet normal -0.4713967368259914 0.8819212643483584 0
outer loop
vertex 230.6110744174511 -111.27882596924357 4
vertex 231.043291419079 -111.04780116872868 2
vertex 230.61107441744767 -111.27882596925424 2
endloop
endfacet
facet normal -0.6343932841636518 0.7730104533627319 0
outer loop
vertex 230.23223304703365 -111.58973304703366 4
vertex 230.6110744174511 -111.27882596924357 4
vertex 230.61107441744767 -111.27882596925424 2
endloop
endfacet
facet normal -0.6343932841636518 0.7730104533627319 0
outer loop
vertex 230.23223304703365 -111.58973304703366 4
vertex 230.61107441744767 -111.27882596925424 2
vertex 230.2322330470323 -111.58973304701775 2
endloop
endfacet
facet normal 0 0 1
outer loop
vertex 229.92132596924364 -111.96857441745104 4
vertex 229.988828718585 -111.8863220793934 4
vertex 230.01248238785095 -111.8574999999979 4
endloop
endfacet
facet normal 0 0 1
outer loop
vertex 229.92132596924364 -111.96857441745104 4
vertex 230.01248238785095 -111.8574999999979 4
vertex 230.23223304703365 -111.58973304703366 4
endloop
endfacet
facet normal 0 0 1
outer loop
vertex 229.92132596924364 -111.96857441745104 4
vertex 230.23223304703365 -111.58973304703366 4
vertex 230.2322330470323 -111.58973304701775 2
endloop
endfacet
facet normal 0 0 1
outer loop
vertex 229.92132596924364 -111.96857441745104 4
vertex 230.2322330470323 -111.58973304701775 2
vertex 229.92132596924537 -111.96857441745689 2
endloop
endfacet
facet normal 0 0 1
outer loop
vertex 229.69030116872167 -112.40079141908754 4
vertex 229.74586445165704 -112.2968398282187 4
vertex 229.84557442881845 -112.11029558154868 4
endloop
endfacet
facet normal 0 0 1
outer loop
vertex 229.69030116872167 -112.40079141908754 4
vertex 229.84557442881845 -112.11029558154868 4
vertex 229.9196656259744 -111.97168070123257 4
endloop
endfacet
facet normal 0 0 1
outer loop
vertex 229.69030116872167 -112.40079141908754 4
vertex 229.9196656259744 -111.97168070123257 4
vertex 229.92132596924364 -111.96857441745104 4
endloop
endfacet
facet normal 0 0 1
outer loop
vertex 229.69030116872167 -112.40079141908754 4
vertex 229.92132596924364 -111.96857441745104 4
vertex 229.92132596924537 -111.96857441745689 2
endloop
endfacet
facet normal 0 0 1
outer loop
vertex 229.69030116872167 -112.40079141908754 4
vertex 229.92132596924537 -111.96857441745689 2
vertex 229.6903011687193 -112.40079141909665 2
endloop
endfacet
facet normal 0 0 1
outer loop
vertex 229.54803679899194 -112.86977419495943 4
vertex 229.57421541865259 -112.783474851452 4
vertex 229.65288237505868 -112.52414465047119 4
endloop
endfacet
facet normal 0 0 1
outer loop
vertex 229.54803679899194 -112.86977419495943 4
vertex 229.65288237505868 -112.52414465047119 4
vertex 229.69030116872167 -112.40079141908754 4
endloop
endfacet
facet normal 0 0 1
outer loop
vertex 229.54803679899194 -112.86977419495943 4
vertex 229.69030116872167 -112.40079141908754 4
vertex 229.6903011687193 -112.40079141909665 2
endloop
endfacet
facet normal 0 0 1
outer loop
vertex 229.54803679899194 -112.86977419495943 4
vertex 229.6903011687193 -112.40079141909665 2
vertex 229.54803679899203 -112.86977419495305 2
endloop
endfacet
facet normal 0 0 -1
outer loop
vertex 229.5 -113.35750000000016 4
vertex 229.5288220793929 -113.06486451697594 4
vertex 229.54803679899194 -112.86977419495943 4
endloop
endfacet
facet normal 0 0 -1
outer loop
vertex 229.5 -113.35750000000016 4
vertex 229.54803679899194 -112.86977419495943 4
vertex 229.54803679899203 -112.86977419495305 2
endloop
endfacet
facet normal 0 0 -1
outer loop
vertex 229.5 -113.35750000000016 4
vertex 229.54803679899203 -112.86977419495305 2
vertex 229.50000000000057 -113.35749999999993 2
endloop
endfacet
facet normal 0 0 1
outer loop
vertex 229.54803679899192 -113.84522580504034 4
vertex 229.5288220793974 -113.650135483024 4
vertex 229.5 -113.35750000000016 4
endloop
endfacet
facet normal 0 0 1
outer loop
vertex 229.54803679899192 -113.84522580504034 4
vertex 229.5 -113.35750000000016 4
vertex 229.50000000000057 -113.35749999999993 2
endloop
endfacet
facet normal 0 0 1
outer loop
vertex 229.54803679899192 -113.84522580504034 4
vertex 229.50000000000057 -113.35749999999993 2
vertex 229.54803679899285 -113.84522580504155 2
endloop
endfacet
facet normal 0 0 1
outer loop
vertex 229.6903011687218 -114.31420858091275 4
vertex 229.65288237507644 -114.19085534952637 4
vertex 229.5742154186292 -113.93152514854839 4
endloop
endfacet
facet normal 0 0 1
outer loop
vertex 229.6903011687218 -114.31420858091275 4
vertex 229.5742154186292 -113.93152514854839 4
vertex 229.54803679899192 -113.84522580504034 4
endloop
endfacet
facet normal 0 0 1
outer loop
vertex 229.6903011687218 -114.31420858091275 4
vertex 229.54803679899192 -113.84522580504034 4
vertex 229.54803679899285 -113.84522580504155 2
endloop
endfacet
facet normal 0 0 1
outer loop
vertex 229.6903011687218 -114.31420858091275 4
vertex 229.54803679899285 -113.84522580504155 2
vertex 229.6903011687218 -114.31420858091057 2
endloop
endfacet
facet normal 0 0 -1
outer loop
vertex 229.92132596924353 -114.74642558254884 4
vertex 229.9196656259697 -114.7433192987689 4
vertex 229.84557442884213 -114.60470441845175 4
endloop
endfacet
facet normal 0 0 -1
outer loop
vertex 229.92132596924353 -114.74642558254884 4
vertex 229.84557442884213 -114.60470441845175 4
vertex 229.74586445163527 -114.4181601717795 4
endloop
endfacet
facet normal 0 0 -1
outer loop
vertex 229.92132596924353 -114.74642558254884 4
vertex 229.74586445163527 -114.4181601717795 4
vertex 229.6903011687218 -114.31420858091275 4
endloop
endfacet
facet normal 0 0 -1
outer loop
vertex 229.92132596924353 -114.74642558254884 4
vertex 229.6903011687218 -114.31420858091275 4
vertex 229.6903011687218 -114.31420858091057 2
endloop
endfacet
facet normal 0 0 -1
outer loop
vertex 229.92132596924353 -114.74642558254884 4
vertex 229.6903011687218 -114.31420858091057 2
vertex 229.92132596924645 -114.74642558254648 2
endloop
endfacet
facet normal 0 0 1
outer loop
vertex 230.2322330470337 -115.12526695296646 4
vertex 230.01248238784822 -114.85749999999865 4
vertex 229.98882871858007 -114.82867792060546 4
endloop
endfacet
facet normal 0 0 1
outer loop
vertex 230.2322330470337 -115.12526695296646 4
vertex 229.98882871858007 -114.82867792060546 4
vertex 229.92132596924353 -114.74642558254884 4
endloop
endfacet
facet normal 0 0 1
outer loop
vertex 230.2322330470337 -115.12526695296646 4
vertex 229.92132596924353 -114.74642558254884 4
vertex 229.92132596924645 -114.74642558254648 2
endloop
endfacet
facet normal 0 0 1
outer loop
vertex 230.2322330470337 -115.12526695296646 4
vertex 229.92132596924645 -114.74642558254648 2
vertex 230.23223304702884 -115.12526695296306 2
endloop
endfacet
facet normal -0.6343932841636286 -0.773010453362751 0
outer loop
vertex 230.611074417451 -115.43617403075636 4
vertex 230.2322330470337 -115.12526695296646 4
vertex 230.23223304702884 -115.12526695296306 2
endloop
endfacet
facet normal -0.6343932841636286 -0.773010453362751 0
outer loop
vertex 230.611074417451 -115.43617403075636 4
vertex 230.23223304702884 -115.12526695296306 2
vertex 230.6110744174678 -115.43617403077076 2
endloop
endfacet
facet normal -0.4713967368260254 -0.8819212643483402 0
outer loop
vertex 231.0432914190873 -115.66719883127823 4
vertex 230.611074417451 -115.43617403075636 4
vertex 230.6110744174678 -115.43617403077076 2
endloop
endfacet
facet normal -0.4713967368260254 -0.8819212643483402 0
outer loop
vertex 231.0432914190873 -115.66719883127823 4
vertex 230.6110744174678 -115.43617403077076 2
vertex 231.04329141909437 -115.66719883128744 2
endloop
endfacet
facet normal -0.29028467725448986 -0.9569403357322005 0
outer loop
vertex 231.5122741949597 -115.80946320100809 4
vertex 231.0432914190873 -115.66719883127823 4
vertex 231.04329141909437 -115.66719883128744 2
endloop
endfacet
facet normal -0.29028467725448986 -0.9569403357322005 0
outer loop
vertex 231.5122741949597 -115.80946320100809 4
vertex 231.04329141909437 -115.66719883128744 2
vertex 231.51227419492773 -115.80946320100547 2
endloop
endfacet
facet normal -0.09801714032957415 -0.9951847266721956 0
outer loop
vertex 232.00000000000003 -115.85750000000002 4
vertex 231.5122741949597 -115.80946320100809 4
vertex 231.51227419492773 -115.80946320100547 2
endloop
endfacet
facet normal -0.09801714032957415 -0.9951847266721956 0
outer loop
vertex 232.00000000000003 -115.85750000000002 4
vertex 231.51227419492773 -115.80946320100547 2
vertex 231.99999999999764 -115.85750000000031 2
endloop
endfacet
facet normal 0.09801714032957415 -0.9951847266721956 0
outer loop
vertex 232.48772580504027 -115.80946320100809 4
vertex 232.00000000000003 -115.85750000000002 4
vertex 231.99999999999764 -115.85750000000031 2
endloop
endfacet
facet normal 0.09801714032957415 -0.9951847266721956 0
outer loop
vertex 232.48772580504027 -115.80946320100809 4
vertex 231.99999999999764 -115.85750000000031 2
vertex 232.48772580506753 -115.80946320100547 2
endloop
endfacet
facet normal 0.2902846772544479 -0.9569403357322133 0
outer loop
vertex 232.95670858091265 -115.66719883127823 4
vertex 232.48772580504027 -115.80946320100809 4
vertex 232.48772580506753 -115.80946320100547 2
endloop
endfacet
facet normal 0.2902846772544479 -0.9569403357322133 0
outer loop
vertex 232.95670858091265 -115.66719883127823 4
vertex 232.48772580506753 -115.80946320100547 2
vertex 232.9567085808867 -115.66719883128744 2
endloop
endfacet
facet normal 0.4713967368259914 -0.8819212643483584 0
outer loop
vertex 233.38892558254892 -115.43617403075636 4
vertex 232.95670858091265 -115.66719883127823 4
vertex 232.9567085808867 -115.66719883128744 2
endloop
endfacet
facet normal 0.4713967368259914 -0.8819212643483584 0
outer loop
vertex 233.38892558254892 -115.43617403075636 4
vertex 232.9567085808867 -115.66719883128744 2
vertex 233.38892558252874 -115.43617403077076 2
endloop
endfacet
facet normal 0.6343932841636518 -0.7730104533627319 0
outer loop
vertex 233.76776695296644 -115.12526695296646 4
vertex 233.38892558254892 -115.43617403075636 4
vertex 233.38892558252874 -115.43617403077076 2
endloop
endfacet
facet normal 0.6343932841636518 -0.7730104533627319 0
outer loop
vertex 233.76776695296644 -115.12526695296646 4
vertex 233.38892558252874 -115.43617403077076 2
vertex 233.76776695298054 -115.12526695296306 2
endloop
endfacet
facet normal 0 0 -1
outer loop
vertex 234.0786740307562 -114.74642558254884 4
vertex 234.01117128141973 -114.82867792060546 4
vertex 233.9875176121516 -114.85749999999865 4
endloop
endfacet
facet normal 0 0 -1
outer loop
vertex 234.0786740307562 -114.74642558254884 4
vertex 233.9875176121516 -114.85749999999865 4
vertex 233.76776695296644 -115.12526695296646 4
endloop
endfacet
facet normal 0 0 -1
outer loop
vertex 234.0786740307562 -114.74642558254884 4
vertex 233.76776695296644 -115.12526695296646 4
vertex 233.76776695298054 -115.12526695296306 2
endloop
endfacet
facet normal 0 0 -1
outer loop
vertex 234.0786740307562 -114.74642558254884 4
vertex 233.76776695298054 -115.12526695296306 2
vertex 234.07867403075767 -114.74642558254648 2
endloop
endfacet
facet normal 0 0 -1
outer loop
vertex 234.30969883127818 -114.31420858091275 4
vertex 234.25413554836464 -114.4181601717795 4
vertex 234.15442557115767 -114.60470441845175 4
endloop
endfacet
facet normal 0 0 -1
outer loop
vertex 234.30969883127818 -114.31420858091275 4
vertex 234.15442557115767 -114.60470441845175 4
vertex 234.08033437403 -114.7433192987689 4
endloop
endfacet
facet normal 0 0 -1
outer loop
vertex 234.30969883127818 -114.31420858091275 4
vertex 234.08033437403 -114.7433192987689 4
vertex 234.0786740307562 -114.74642558254884 4
endloop
endfacet
facet normal 0 0 -1
outer loop
vertex 234.30969883127818 -114.31420858091275 4
vertex 234.0786740307562 -114.74642558254884 4
vertex 234.07867403075767 -114.74642558254648 2
endloop
endfacet
facet normal 0 0 -1
outer loop
vertex 234.30969883127818 -114.31420858091275 4
vertex 234.07867403075767 -114.74642558254648 2
vertex 234.30969883127932 -114.31420858091057 2
endloop
endfacet
facet normal 0 0 -1
outer loop
vertex 234.45196320100806 -113.84522580504034 4
vertex 234.42578458137078 -113.93152514854839 4
vertex 234.34711762492353 -114.19085534952637 4
endloop
endfacet
facet normal 0 0 -1
outer loop
vertex 234.45196320100806 -113.84522580504034 4
vertex 234.34711762492353 -114.19085534952637 4
vertex 234.30969883127818 -114.31420858091275 4
endloop
endfacet
facet normal 0 0 -1
outer loop
vertex 234.45196320100806 -113.84522580504034 4
vertex 234.30969883127818 -114.31420858091275 4
vertex 234.30969883127932 -114.31420858091057 2
endloop
endfacet
facet normal 0 0 -1
outer loop
vertex 234.45196320100806 -113.84522580504034 4
vertex 234.30969883127932 -114.31420858091057 2
vertex 234.45196320100817 -113.84522580504155 2
endloop
endfacet
facet normal 0 0 1
outer loop
vertex 237.4371581 -154.66270430000003 4
vertex 237.40833602060383 -154.95533978302396 4
vertex 237.38912130100803 -155.15043010504027 4
endloop
endfacet
facet normal 0 0 1
outer loop
vertex 237.4371581 -154.66270430000003 4
vertex 237.38912130100803 -155.15043010504027 4
vertex 237.3891213010079 -155.15043010504397 2
endloop
endfacet
facet normal 0 0 1
outer loop
vertex 237.4371581 -154.66270430000003 4
vertex 237.3891213010079 -155.15043010504397 2
vertex 237.43715810000012 -154.6627043000001 2
endloop
endfacet
facet normal 0 0 -1
outer loop
vertex 237.38912130100812 -154.17497849495987 4
vertex 237.40833602060502 -154.37006881697653 4
vertex 237.4371581 -154.66270430000003 4
endloop
endfacet
facet normal 0 0 -1
outer loop
vertex 237.38912130100812 -154.17497849495987 4
vertex 237.4371581 -154.66270430000003 4
vertex 237.43715810000012 -154.6627043000001 2
endloop
endfacet
facet normal 0 0 -1
outer loop
vertex 237.38912130100812 -154.17497849495987 4
vertex 237.43715810000012 -154.6627043000001 2
vertex 237.38912130100985 -154.17497849497587 2
endloop
endfacet
facet normal 0 0 1
outer loop
vertex 237.2468569312782 -153.70599571908727 4
vertex 237.28427572492754 -153.82934895047094 4
vertex 237.3629426813613 -154.0886791514525 4
endloop
endfacet
facet normal 0 0 1
outer loop
vertex 237.2468569312782 -153.70599571908727 4
vertex 237.3629426813613 -154.0886791514525 4
vertex 237.38912130100812 -154.17497849495987 4
endloop
endfacet
facet normal 0 0 1
outer loop
vertex 237.2468569312782 -153.70599571908727 4
vertex 237.38912130100812 -154.17497849495987 4
vertex 237.38912130100985 -154.17497849497587 2
endloop
endfacet
facet normal 0 0 1
outer loop
vertex 237.2468569312782 -153.70599571908727 4
vertex 237.38912130100985 -154.17497849497587 2
vertex 237.2468569312729 -153.70599571908002 2
endloop
endfacet
facet normal 0 0 -1
outer loop
vertex 237.01583213075634 -153.27377871745102 4
vertex 237.01749247402913 -153.2768850012326 4
vertex 237.09158367116234 -153.41549988154583 4
endloop
endfacet
facet normal 0 0 -1
outer loop
vertex 237.01583213075634 -153.27377871745102 4
vertex 237.09158367116234 -153.41549988154583 4
vertex 237.1912936483687 -153.60204412821957 4
endloop
endfacet
facet normal 0 0 -1
outer loop
vertex 237.01583213075634 -153.27377871745102 4
vertex 237.1912936483687 -153.60204412821957 4
vertex 237.2468569312782 -153.70599571908727 4
endloop
endfacet
facet normal 0 0 -1
outer loop
vertex 237.01583213075634 -153.27377871745102 4
vertex 237.2468569312782 -153.70599571908727 4
vertex 237.2468569312729 -153.70599571908002 2
endloop
endfacet
facet normal 0 0 -1
outer loop
vertex 237.01583213075634 -153.27377871745102 4
vertex 237.2468569312729 -153.70599571908002 2
vertex 237.01583213076455 -153.27377871746896 2
endloop
endfacet
facet normal 0 0 1
outer loop
vertex 236.70492505296622 -152.89493734703353 4
vertex 236.9246757121501 -153.16270430000088 4
vertex 236.94832938141863 -153.191526379393 4
endloop
endfacet
facet normal 0 0 1
outer loop
vertex 236.70492505296622 -152.89493734703353 4
vertex 236.94832938141863 -153.191526379393 4
vertex 237.01583213075634 -153.27377871745102 4
endloop
endfacet
facet normal 0 0 1
outer loop
vertex 236.70492505296622 -152.89493734703353 4
vertex 237.01583213075634 -153.27377871745102 4
vertex 237.01583213076455 -153.27377871746896 2
endloop
endfacet
facet normal 0 0 1
outer loop
vertex 236.70492505296622 -152.89493734703353 4
vertex 237.01583213076455 -153.27377871746896 2
vertex 236.70492505291693 -152.89493734698144 2
endloop
endfacet
facet normal 0.6343932841636724 0.773010453362715 4.503276725991279e-12
outer loop
vertex 236.32608368254904 -152.58403026924367 4
vertex 236.70492505296622 -152.89493734703353 4
vertex 236.70492505291693 -152.89493734698144 2
endloop
endfacet
facet normal 0.6343932841636724 0.773010453362715 4.503276725991279e-12
outer loop
vertex 236.32608368254904 -152.58403026924367 4
vertex 236.70492505291693 -152.89493734698144 2
vertex 236.65930751363138 -152.8575 2
endloop
endfacet
facet normal 0.6343932841636724 0.773010453362715 4.503276725991279e-12
outer loop
vertex 236.32608368254904 -152.58403026924367 4
vertex 236.65930751363138 -152.8575 2
vertex 236.3260836826057 -152.58403026927851 2
endloop
endfacet
facet normal 0.47139673682600214 0.8819212643483526 0
outer loop
vertex 235.8938666809126 -152.35300546872173 4
vertex 236.32608368254904 -152.58403026924367 4
vertex 236.3260836826057 -152.58403026927851 2
endloop
endfacet
facet normal 0.47139673682600214 0.8819212643483526 0
outer loop
vertex 235.8938666809126 -152.35300546872173 4
vertex 236.3260836826057 -152.58403026927851 2
vertex 235.89386668089375 -152.3530054687162 2
endloop
endfacet
facet normal 0.29028467725447593 0.9569403357322048 0
outer loop
vertex 235.42488390504036 -152.21074109899192 4
vertex 235.8938666809126 -152.35300546872173 4
vertex 235.89386668089375 -152.3530054687162 2
endloop
endfacet
facet normal 0.29028467725447593 0.9569403357322048 0
outer loop
vertex 235.42488390504036 -152.21074109899192 4
vertex 235.89386668089375 -152.3530054687162 2
vertex 235.42488390504255 -152.21074109899274 2
endloop
endfacet
facet normal 0.09801714032954582 0.9951847266721984 0
outer loop
vertex 234.93715809999992 -152.1627043 4
vertex 235.42488390504036 -152.21074109899192 4
vertex 235.42488390504255 -152.21074109899274 2
endloop
endfacet
facet normal 0.09801714032954582 0.9951847266721984 0
outer loop
vertex 234.93715809999992 -152.1627043 4
vertex 235.42488390504255 -152.21074109899274 2
vertex 234.93715809999216 -152.16270429999983 2
endloop
endfacet
facet normal -0.09801714032954566 0.9951847266721985 0
outer loop
vertex 234.4494322949599 -152.21074109899192 4
vertex 234.93715809999992 -152.1627043 4
vertex 234.93715809999216 -152.16270429999983 2
endloop
endfacet
facet normal -0.09801714032954566 0.9951847266721985 0
outer loop
vertex 234.4494322949599 -152.21074109899192 4
vertex 234.93715809999216 -152.16270429999983 2
vertex 234.44943229498207 -152.21074109899274 2
endloop
endfacet
facet normal -0.29028467725447593 0.9569403357322049 0
outer loop
vertex 233.9804495190871 -152.35300546872173 4
vertex 234.4494322949599 -152.21074109899192 4
vertex 234.44943229498207 -152.21074109899274 2
endloop
endfacet
facet normal -0.29028467725447593 0.9569403357322049 0
outer loop
vertex 233.9804495190871 -152.35300546872173 4
vertex 234.44943229498207 -152.21074109899274 2
vertex 233.9804495190739 -152.3530054687162 2
endloop
endfacet
facet normal -0.4713967368263271 0.881921264348179 5.558908526608909e-12
outer loop
vertex 233.54823251745105 -152.58403026924367 4
vertex 233.9804495190871 -152.35300546872173 4
vertex 233.9804495190739 -152.3530054687162 2
endloop
endfacet
facet normal -0.4713967368263271 0.881921264348179 5.558908526608909e-12
outer loop
vertex 233.54823251745105 -152.58403026924367 4
vertex 233.9804495190739 -152.3530054687162 2
vertex 233.72840549741696 -152.48772580504976 2
endloop
endfacet
facet normal -0.4713967368263271 0.881921264348179 5.558908526608909e-12
outer loop
vertex 233.54823251745105 -152.58403026924367 4
vertex 233.72840549741696 -152.48772580504976 2
vertex 233.54823251744665 -152.58403026927851 2
endloop
endfacet
facet normal -0.6343932841636689 0.7730104533627179 0
outer loop
vertex 233.16939114703354 -152.89493734703353 4
vertex 233.54823251745105 -152.58403026924367 4
vertex 233.54823251744665 -152.58403026927851 2
endloop
endfacet
facet normal -0.6343932841636689 0.7730104533627179 0
outer loop
vertex 233.16939114703354 -152.89493734703353 4
vertex 233.54823251744665 -152.58403026927851 2
vertex 233.16939114703771 -152.89493734698144 2
endloop
endfacet
facet normal 0 0 -1
outer loop
vertex 232.85848406924364 -153.27377871745102 4
vertex 232.9259868185813 -153.191526379393 4
vertex 232.94964048784982 -153.16270430000088 4
endloop
endfacet
facet normal 0 0 -1
outer loop
vertex 232.85848406924364 -153.27377871745102 4
vertex 232.94964048784982 -153.16270430000088 4
vertex 233.16939114703354 -152.89493734703353 4
endloop
endfacet
facet normal 0 0 -1
outer loop
vertex 232.85848406924364 -153.27377871745102 4
vertex 233.16939114703354 -152.89493734703353 4
vertex 233.16939114703771 -152.89493734698144 2
endloop
endfacet
facet normal 0 0 -1
outer loop
vertex 232.85848406924364 -153.27377871745102 4
vertex 233.16939114703771 -152.89493734698144 2
vertex 233.11869680548577 -152.95670858090776 2
endloop
endfacet
facet normal 0 0 -1
outer loop
vertex 232.85848406924364 -153.27377871745102 4
vertex 233.11869680548577 -152.95670858090776 2
vertex 232.8584840692418 -153.27377871746896 2
endloop
endfacet
facet normal 0 0 -1
outer loop
vertex 232.62745926872182 -153.70599571908727 4
vertex 232.6830225516313 -153.60204412821957 4
vertex 232.78273252883767 -153.41549988154583 4
endloop
endfacet
facet normal 0 0 -1
outer loop
vertex 232.62745926872182 -153.70599571908727 4
vertex 232.78273252883767 -153.41549988154583 4
vertex 232.85682372597086 -153.2768850012326 4
endloop
endfacet
facet normal 0 0 -1
outer loop
vertex 232.62745926872182 -153.70599571908727 4
vertex 232.85682372597086 -153.2768850012326 4
vertex 232.85848406924364 -153.27377871745102 4
endloop
endfacet
facet normal 0 0 -1
outer loop
vertex 232.62745926872182 -153.70599571908727 4
vertex 232.85848406924364 -153.27377871745102 4
vertex 232.8584840692418 -153.27377871746896 2
endloop
endfacet
facet normal 0 0 -1
outer loop
vertex 232.62745926872182 -153.70599571908727 4
vertex 232.8584840692418 -153.27377871746896 2
vertex 232.79693678757943 -153.38892558254764 2
endloop
endfacet
facet normal 0 0 -1
outer loop
vertex 232.62745926872182 -153.70599571908727 4
vertex 232.79693678757943 -153.38892558254764 2
vertex 232.62745926871875 -153.70599571908002 2
endloop
endfacet
facet normal 0 0 -1
outer loop
vertex 232.48519489899195 -154.17497849495987 4
vertex 232.51137351863878 -154.0886791514525 4
vertex 232.59004047507247 -153.82934895047094 4
endloop
endfacet
facet normal 0 0 -1
outer loop
vertex 232.48519489899195 -154.17497849495987 4
vertex 232.59004047507247 -153.82934895047094 4
vertex 232.62745926872182 -153.70599571908727 4
endloop
endfacet
facet normal 0 0 -1
outer loop
vertex 232.48519489899195 -154.17497849495987 4
vertex 232.62745926872182 -153.70599571908727 4
vertex 232.62745926871875 -153.70599571908002 2
endloop
endfacet
facet normal 0 0 -1
outer loop
vertex 232.48519489899195 -154.17497849495987 4
vertex 232.62745926871875 -153.70599571908002 2
vertex 232.60872116977723 -153.76776695297187 2
endloop
endfacet
facet normal 0 0 -1
outer loop
vertex 232.48519489899195 -154.17497849495987 4
vertex 232.60872116977723 -153.76776695297187 2
vertex 232.51440853882858 -154.0786740307385 2
endloop
endfacet
facet normal 0 0 -1
outer loop
vertex 232.48519489899195 -154.17497849495987 4
vertex 232.51440853882858 -154.0786740307385 2
vertex 232.4851948989929 -154.17497849497587 2
endloop
endfacet
facet normal 0 0 -1
outer loop
vertex 232.4371581 -154.66270430000003 4
vertex 232.46598017939502 -154.37006881697653 4
vertex 232.48519489899195 -154.17497849495987 4
endloop
endfacet
facet normal 0 0 -1
outer loop
vertex 232.4371581 -154.66270430000003 4
vertex 232.48519489899195 -154.17497849495987 4
vertex 232.4851948989929 -154.17497849497587 2
endloop
endfacet
facet normal 0 0 -1
outer loop
vertex 232.4371581 -154.66270430000003 4
vertex 232.4851948989929 -154.17497849497587 2
vertex 232.47192610400768 -154.3096988312826 2
endloop
endfacet
facet normal 0 0 -1
outer loop
vertex 232.4371581 -154.66270430000003 4
vertex 232.47192610400768 -154.3096988312826 2
vertex 232.4579142865848 -154.45196320100933 2
endloop
endfacet
facet normal 0 0 -1
outer loop
vertex 232.4371581 -154.66270430000003 4
vertex 232.4579142865848 -154.45196320100933 2
vertex 232.4531830748394 -154.50000000000043 2
endloop
endfacet
facet normal 0 0 -1
outer loop
vertex 232.4371581 -154.66270430000003 4
vertex 232.4531830748394 -154.50000000000043 2
vertex 232.43715810000106 -154.6627043000001 2
endloop
endfacet
facet normal 0 0 1
outer loop
vertex 232.48519489899192 -155.15043010504027 4
vertex 232.46598017939615 -154.95533978302396 4
vertex 232.4371581 -154.66270430000003 4
endloop
endfacet
facet normal 0 0 1
outer loop
vertex 232.48519489899192 -155.15043010504027 4
vertex 232.4371581 -154.66270430000003 4
vertex 232.43715810000106 -154.6627043000001 2
endloop
endfacet
facet normal 0 0 1
outer loop
vertex 232.48519489899192 -155.15043010504027 4
vertex 232.43715810000106 -154.6627043000001 2
vertex 232.48519489899527 -155.15043010504397 2
endloop
endfacet
facet normal 0 0 -1
outer loop
vertex 232.62745926872185 -155.61941288091285 4
vertex 232.59004047507023 -155.49605964953173 4
vertex 232.51137351865017 -155.23672944854752 4
endloop
endfacet
facet normal 0 0 -1
outer loop
vertex 232.62745926872185 -155.61941288091285 4
vertex 232.51137351865017 -155.23672944854752 4
vertex 232.48519489899192 -155.15043010504027 4
endloop
endfacet
facet normal 0 0 -1
outer loop
vertex 232.62745926872185 -155.61941288091285 4
vertex 232.48519489899192 -155.15043010504027 4
vertex 232.48519489899527 -155.15043010504397 2
endloop
endfacet
facet normal 0 0 -1
outer loop
vertex 232.62745926872185 -155.61941288091285 4
vertex 232.48519489899527 -155.15043010504397 2
vertex 232.6274592687148 -155.61941288090895 2
endloop
endfacet
facet normal 0 0 1
outer loop
vertex 232.85848406924364 -156.051629882549 4
vertex 232.85682372597356 -156.04852359876466 4
vertex 232.78273252883253 -155.90990871845253 4
endloop
endfacet
facet normal 0 0 1
outer loop
vertex 232.85848406924364 -156.051629882549 4
vertex 232.78273252883253 -155.90990871845253 4
vertex 232.68302255162814 -155.72336447178287 4
endloop
endfacet
facet normal 0 0 1
outer loop
vertex 232.85848406924364 -156.051629882549 4
vertex 232.68302255162814 -155.72336447178287 4
vertex 232.62745926872185 -155.61941288091285 4
endloop
endfacet
facet normal 0 0 1
outer loop
vertex 232.85848406924364 -156.051629882549 4
vertex 232.62745926872185 -155.61941288091285 4
vertex 232.6274592687148 -155.61941288090895 2
endloop
endfacet
facet normal 0 0 1
outer loop
vertex 232.85848406924364 -156.051629882549 4
vertex 232.6274592687148 -155.61941288090895 2
vertex 232.85848406923742 -156.05162988255188 2
endloop
endfacet
facet normal 0 0 -1
outer loop
vertex 233.1693911470336 -156.43047125296633 4
vertex 232.9496404878498 -156.16270430000057 4
vertex 232.92598681858516 -156.13388222060547 4
endloop
endfacet
facet normal 0 0 -1
outer loop
vertex 233.1693911470336 -156.43047125296633 4
vertex 232.92598681858516 -156.13388222060547 4
vertex 232.85848406924364 -156.051629882549 4
endloop
endfacet
facet normal 0 0 -1
outer loop
vertex 233.1693911470336 -156.43047125296633 4
vertex 232.85848406924364 -156.051629882549 4
vertex 232.85848406923742 -156.05162988255188 2
endloop
endfacet
facet normal 0 0 -1
outer loop
vertex 233.1693911470336 -156.43047125296633 4
vertex 232.85848406923742 -156.05162988255188 2
vertex 233.16939114702413 -156.43047125295328 2
endloop
endfacet
facet normal -0.6343932841636208 -0.7730104533627572 0
outer loop
vertex 233.54823251745094 -156.7413783307563 4
vertex 233.1693911470336 -156.43047125296633 4
vertex 233.16939114702413 -156.43047125295328 2
endloop
endfacet
facet normal -0.6343932841636208 -0.7730104533627572 0
outer loop
vertex 233.54823251745094 -156.7413783307563 4
vertex 233.16939114702413 -156.43047125295328 2
vertex 233.54823251749576 -156.7413783307878 2
endloop
endfacet
facet normal -0.47139673682604766 -0.8819212643483283 0
outer loop
vertex 233.98044951908736 -156.97240313127824 4
vertex 233.54823251745094 -156.7413783307563 4
vertex 233.54823251749576 -156.7413783307878 2
endloop
endfacet
facet normal -0.47139673682604766 -0.8819212643483283 0
outer loop
vertex 233.98044951908736 -156.97240313127824 4
vertex 233.54823251749576 -156.7413783307878 2
vertex 233.98044951904686 -156.97240313126414 2
endloop
endfacet
facet normal -0.29028467725447593 -0.9569403357322048 0
outer loop
vertex 234.44943229495962 -157.11466750100806 4
vertex 233.98044951908736 -156.97240313127824 4
vertex 233.98044951904686 -156.97240313126414 2
endloop
endfacet
facet normal -0.29028467725447593 -0.9569403357322048 0
outer loop
vertex 234.44943229495962 -157.11466750100806 4
vertex 233.98044951904686 -156.97240313126414 2
vertex 234.44943229497505 -157.11466750101093 2
endloop
endfacet
facet normal -0.09801714032954582 -0.9951847266721984 0
outer loop
vertex 234.93715810000003 -157.16270429999997 4
vertex 234.44943229495962 -157.11466750100806 4
vertex 234.44943229497505 -157.11466750101093 2
endloop
endfacet
facet normal -0.09801714032954582 -0.9951847266721984 0
outer loop
vertex 234.93715810000003 -157.16270429999997 4
vertex 234.44943229497505 -157.11466750101093 2
vertex 234.9371580999885 -157.1627043000002 2
endloop
endfacet
facet normal 0.09801714032954566 -0.9951847266721985 0
outer loop
vertex 235.42488390504045 -157.11466750100806 4
vertex 234.93715810000003 -157.16270429999997 4
vertex 234.9371580999885 -157.1627043000002 2
endloop
endfacet
facet normal 0.09801714032954566 -0.9951847266721985 0
outer loop
vertex 235.42488390504045 -157.11466750100806 4
vertex 234.9371580999885 -157.1627043000002 2
vertex 235.42488390500193 -157.11466750101093 2
endloop
endfacet
facet normal 0.29028467725447593 -0.9569403357322048 0
outer loop
vertex 235.89386668091282 -156.97240313127824 4
vertex 235.42488390504045 -157.11466750100806 4
vertex 235.42488390500193 -157.11466750101093 2
endloop
endfacet
facet normal 0.29028467725447593 -0.9569403357322048 0
outer loop
vertex 235.89386668091282 -156.97240313127824 4
vertex 235.42488390500193 -157.11466750101093 2
vertex 235.89386668097958 -156.97240313126414 2
endloop
endfacet
facet normal 0.47139673682602534 -0.8819212643483402 0
outer loop
vertex 236.32608368254907 -156.7413783307563 4
vertex 235.89386668091282 -156.97240313127824 4
vertex 235.89386668097958 -156.97240313126414 2
endloop
endfacet
facet normal 0.47139673682602534 -0.8819212643483402 0
outer loop
vertex 236.32608368254907 -156.7413783307563 4
vertex 235.89386668097958 -156.97240313126414 2
vertex 236.32608368246062 -156.7413783307878 2
endloop
endfacet
facet normal 0.6343932841636518 -0.7730104533627319 0
outer loop
vertex 236.70492505296627 -156.43047125296633 4
vertex 236.32608368254907 -156.7413783307563 4
vertex 236.32608368246062 -156.7413783307878 2
endloop
endfacet
facet normal 0.6343932841636518 -0.7730104533627319 0
outer loop
vertex 236.70492505296627 -156.43047125296633 4
vertex 236.32608368246062 -156.7413783307878 2
vertex 236.70492505299865 -156.43047125295328 2
endloop
endfacet
facet normal 0 0 1
outer loop
vertex 237.01583213075637 -156.051629882549 4
vertex 236.94832938141482 -156.13388222060547 4
vertex 236.9246757121502 -156.16270430000057 4
endloop
endfacet
facet normal 0 0 1
outer loop
vertex 237.01583213075637 -156.051629882549 4
vertex 236.9246757121502 -156.16270430000057 4
vertex 236.70492505296627 -156.43047125296633 4
endloop
endfacet
facet normal 0 0 1
outer loop
vertex 237.01583213075637 -156.051629882549 4
vertex 236.70492505296627 -156.43047125296633 4
vertex 236.70492505299865 -156.43047125295328 2
endloop
endfacet
facet normal 0 0 1
outer loop
vertex 237.01583213075637 -156.051629882549 4
vertex 236.70492505299865 -156.43047125295328 2
vertex 237.01583213075486 -156.05162988255188 2
endloop
endfacet
facet normal 0 0 -1
outer loop
vertex 237.2468569312783 -155.61941288091285 4
vertex 237.19129364837198 -155.72336447178287 4
vertex 237.0915836711675 -155.90990871845253 4
endloop
endfacet
facet normal 0 0 -1
outer loop
vertex 237.2468569312783 -155.61941288091285 4
vertex 237.0915836711675 -155.90990871845253 4
vertex 237.01749247402645 -156.04852359876466 4
endloop
endfacet
facet normal 0 0 -1
outer loop
vertex 237.2468569312783 -155.61941288091285 4
vertex 237.01749247402645 -156.04852359876466 4
vertex 237.01583213075637 -156.051629882549 4
endloop
endfacet
facet normal 0 0 -1
outer loop
vertex 237.2468569312783 -155.61941288091285 4
vertex 237.01583213075637 -156.051629882549 4
vertex 237.01583213075486 -156.05162988255188 2
endloop
endfacet
facet normal 0 0 -1
outer loop
vertex 237.2468569312783 -155.61941288091285 4
vertex 237.01583213075486 -156.05162988255188 2
vertex 237.24685693128026 -155.61941288090895 2
endloop
endfacet
facet normal 0 0 1
outer loop
vertex 237.38912130100803 -155.15043010504027 4
vertex 237.3629426813498 -155.23672944854752 4
vertex 237.28427572492987 -155.49605964953173 4
endloop
endfacet
facet normal 0 0 1
outer loop
vertex 237.38912130100803 -155.15043010504027 4
vertex 237.28427572492987 -155.49605964953173 4
vertex 237.2468569312783 -155.61941288091285 4
endloop
endfacet
facet normal 0 0 1
outer loop
vertex 237.38912130100803 -155.15043010504027 4
vertex 237.2468569312783 -155.61941288091285 4
vertex 237.24685693128026 -155.61941288090895 2
endloop
endfacet
facet normal 0 0 1
outer loop
vertex 237.38912130100803 -155.15043010504027 4
vertex 237.24685693128026 -155.61941288090895 2
vertex 237.3891213010079 -155.15043010504397 2
endloop
endfacet
facet normal -0.9951847266721985 0.09801714032954566 0
outer loop
vertex 161.47117792060322 -108.82596878302405 4.000000000000002
vertex 161.49999999999838 -108.53333329999987 4.000000000000002
vertex 161.49999999999997 -108.5333332999833 0
endloop
endfacet
facet normal -0.9951847266721985 0.09801714032954566 0
outer loop
vertex 161.47117792060322 -108.82596878302405 4.000000000000002
vertex 161.49999999999997 -108.5333332999833 0
vertex 161.4711779206026 -108.82596878303019 0
endloop
endfacet
facet normal -0.9951847266721956 -0.09801714032957415 0
outer loop
vertex 161.49999999999838 -108.53333329999987 4.000000000000002
vertex 161.47117792060646 -108.24069781697564 4
vertex 161.4711779206067 -108.24069781697831 0
endloop
endfacet
facet normal -0.9951847266721956 -0.09801714032957415 0
outer loop
vertex 161.49999999999838 -108.53333329999987 4.000000000000002
vertex 161.4711779206067 -108.24069781697831 0
vertex 161.49999999999997 -108.5333332999833 0
endloop
endfacet
facet normal -0.9569403357322048 -0.29028467725447593 0
outer loop
vertex 161.47117792060646 -108.24069781697564 4
vertex 161.38581929876796 -107.95930815145208 4.000000000000002
vertex 161.38581929877597 -107.95930815147858 0
endloop
endfacet
facet normal -0.9569403357322048 -0.29028467725447593 0
outer loop
vertex 161.47117792060646 -108.24069781697564 4
vertex 161.38581929877597 -107.95930815147858 0
vertex 161.4711779206067 -108.24069781697831 0
endloop
endfacet
facet normal -0.8819212643483418 -0.4713967368260224 0
outer loop
vertex 161.38581929876796 -107.95930815145208 4.000000000000002
vertex 161.24720441844994 -107.69997795047269 4
vertex 161.24720441842925 -107.69997795043396 0
endloop
endfacet
facet normal -0.8819212643483418 -0.4713967368260224 0
outer loop
vertex 161.38581929876796 -107.95930815145208 4.000000000000002
vertex 161.24720441842925 -107.69997795043396 0
vertex 161.38581929877597 -107.95930815147858 0
endloop
endfacet
facet normal -0.7730104533627572 -0.6343932841636208 0
outer loop
vertex 161.24720441844994 -107.69997795047269 4
vertex 161.06066017178313 -107.47267312821748 4
vertex 161.06066017182263 -107.47267312826564 0
endloop
endfacet
facet normal -0.7730104533627572 -0.6343932841636208 0
outer loop
vertex 161.24720441844994 -107.69997795047269 4
vertex 161.06066017182263 -107.47267312826564 0
vertex 161.24720441842925 -107.69997795043396 0
endloop
endfacet
facet normal -0.634393284163652 -0.7730104533627318 0
outer loop
vertex 161.06066017178313 -107.47267312821748 4
vertex 160.8333553495244 -107.28612888155237 4.000000000000002
vertex 160.83335534949842 -107.28612888153108 0
endloop
endfacet
facet normal -0.634393284163652 -0.7730104533627318 0
outer loop
vertex 161.06066017178313 -107.47267312821748 4
vertex 160.83335534949842 -107.28612888153108 0
vertex 161.06066017182263 -107.47267312826564 0
endloop
endfacet
facet normal -0.47139673682602595 -0.88192126434834 0
outer loop
vertex 160.8333553495244 -107.28612888155237 4.000000000000002
vertex 160.57402514854704 -107.1475140012342 4.000000000000002
vertex 160.5740251485432 -107.14751400123215 0
endloop
endfacet
facet normal -0.47139673682602595 -0.88192126434834 0
outer loop
vertex 160.8333553495244 -107.28612888155237 4.000000000000002
vertex 160.5740251485432 -107.14751400123215 0
vertex 160.83335534949842 -107.28612888153108 0
endloop
endfacet
facet normal -0.2902846772544479 -0.9569403357322133 0
outer loop
vertex 160.57402514854704 -107.1475140012342 4.000000000000002
vertex 160.29263548302404 -107.06215537939555 4
vertex 160.2926354830196 -107.0621553793942 0
endloop
endfacet
facet normal -0.2902846772544479 -0.9569403357322133 0
outer loop
vertex 160.57402514854704 -107.1475140012342 4.000000000000002
vertex 160.2926354830196 -107.0621553793942 0
vertex 160.5740251485432 -107.14751400123215 0
endloop
endfacet
facet normal -0.09801714032954574 -0.9951847266721985 0
outer loop
vertex 160.29263548302404 -107.06215537939555 4
vertex 160.00000000000009 -107.03333329999953 4.000000000000002
vertex 160.00000000000983 -107.03333330000046 0
endloop
endfacet
facet normal -0.09801714032954574 -0.9951847266721985 0
outer loop
vertex 160.29263548302404 -107.06215537939555 4
vertex 160.00000000000983 -107.03333330000046 0
vertex 160.2926354830196 -107.0621553793942 0
endloop
endfacet
facet normal 0.09801714032957415 -0.9951847266721956 0
outer loop
vertex 160.00000000000009 -107.03333329999953 4.000000000000002
vertex 159.70736451697599 -107.0621553793966 4
vertex 159.70736451700012 -107.0621553793942 0
endloop
endfacet
facet normal 0.09801714032957415 -0.9951847266721956 0
outer loop
vertex 160.00000000000009 -107.03333329999953 4.000000000000002
vertex 159.70736451700012 -107.0621553793942 0
vertex 160.00000000000983 -107.03333330000046 0
endloop
endfacet
facet normal 0.2902846772544479 -0.9569403357322133 0
outer loop
vertex 159.70736451697599 -107.0621553793966 4
vertex 159.42597485145228 -107.14751400123271 4
vertex 159.42597485144358 -107.14751400123215 0
endloop
endfacet
facet normal 0.2902846772544479 -0.9569403357322133 0
outer loop
vertex 159.70736451697599 -107.0621553793966 4
vertex 159.42597485144358 -107.14751400123215 0
vertex 159.70736451700012 -107.0621553793942 0
endloop
endfacet
facet normal 0.4713967368259914 -0.8819212643483584 0
outer loop
vertex 159.42597485145228 -107.14751400123271 4
vertex 159.16664465047094 -107.28612888154682 4
vertex 159.16664465050226 -107.28612888153108 0
endloop
endfacet
facet normal 0.4713967368259914 -0.8819212643483584 0
outer loop
vertex 159.42597485145228 -107.14751400123271 4
vertex 159.16664465050226 -107.28612888153108 0
vertex 159.42597485144358 -107.14751400123215 0
endloop
endfacet
facet normal 0.6343932841636518 -0.7730104533627319 0
outer loop
vertex 159.16664465047094 -107.28612888154682 4
vertex 158.93933982821997 -107.47267312821992 4.000000000000002
vertex 158.93933982814207 -107.47267312826564 0
endloop
endfacet
facet normal 0.6343932841636518 -0.7730104533627319 0
outer loop
vertex 159.16664465047094 -107.28612888154682 4
vertex 158.93933982814207 -107.47267312826564 0
vertex 159.16664465050226 -107.28612888153108 0
endloop
endfacet
facet normal 0.7730104533627825 -0.63439328416359 0
outer loop
vertex 158.93933982821997 -107.47267312821992 4.000000000000002
vertex 158.7527955815462 -107.6999779504706 4
vertex 158.75279558161438 -107.69997795043396 0
endloop
endfacet
facet normal 0.7730104533627825 -0.63439328416359 0
outer loop
vertex 158.93933982821997 -107.47267312821992 4.000000000000002
vertex 158.75279558161438 -107.69997795043396 0
vertex 158.93933982814207 -107.47267312826564 0
endloop
endfacet
facet normal 0.8819212643483253 -0.47139673682605343 0
outer loop
vertex 158.7527955815462 -107.6999779504706 4
vertex 158.614180701233 -107.95930815145232 4.000000000000002
vertex 158.6141807011993 -107.95930815147858 0
endloop
endfacet
facet normal 0.8819212643483253 -0.47139673682605343 0
outer loop
vertex 158.7527955815462 -107.6999779504706 4
vertex 158.6141807011993 -107.95930815147858 0
vertex 158.75279558161438 -107.69997795043396 0
endloop
endfacet
facet normal 0.9569403357322217 -0.2902846772544199 0
outer loop
vertex 158.614180701233 -107.95930815145232 4.000000000000002
vertex 158.5288220793955 -108.2406978169759 4
vertex 158.52882207940334 -108.24069781697831 0
endloop
endfacet
facet normal 0.9569403357322217 -0.2902846772544199 0
outer loop
vertex 158.614180701233 -107.95930815145232 4.000000000000002
vertex 158.52882207940334 -108.24069781697831 0
vertex 158.6141807011993 -107.95930815147858 0
endloop
endfacet
facet normal 0.9951847266721984 -0.09801714032954582 0
outer loop
vertex 158.5288220793955 -108.2406978169759 4
vertex 158.49999999999824 -108.53333329999981 4
vertex 158.49999999999903 -108.5333332999833 0
endloop
endfacet
facet normal 0.9951847266721984 -0.09801714032954582 0
outer loop
vertex 158.5288220793955 -108.2406978169759 4
vertex 158.49999999999903 -108.5333332999833 0
vertex 158.52882207940334 -108.24069781697831 0
endloop
endfacet
facet normal 0.9951847266721984 0.09801714032954582 0
outer loop
vertex 158.49999999999824 -108.53333329999981 4
vertex 158.52882207939706 -108.82596878302402 4
vertex 158.5288220793975 -108.82596878303019 0
endloop
endfacet
facet normal 0.9951847266721984 0.09801714032954582 0
outer loop
vertex 158.49999999999824 -108.53333329999981 4
vertex 158.5288220793975 -108.82596878303019 0
vertex 158.49999999999903 -108.5333332999833 0
endloop
endfacet
facet normal 0.9569403357322133 0.2902846772544479 0
outer loop
vertex 158.52882207939706 -108.82596878302402 4
vertex 158.61418070123375 -109.10735844854743 4
vertex 158.61418070123264 -109.1073584485439 0
endloop
endfacet
facet normal 0.9569403357322133 0.2902846772544479 0
outer loop
vertex 158.52882207939706 -108.82596878302402 4
vertex 158.61418070123264 -109.1073584485439 0
vertex 158.5288220793975 -108.82596878303019 0
endloop
endfacet
facet normal 0.8819212643483194 0.4713967368260645 0
outer loop
vertex 158.61418070123375 -109.10735844854743 4
vertex 158.75279558154745 -109.36668864952874 4.000000000000002
vertex 158.75279558155628 -109.36668864954532 0
endloop
endfacet
facet normal 0.8819212643483194 0.4713967368260645 0
outer loop
vertex 158.61418070123375 -109.10735844854743 4
vertex 158.75279558155628 -109.36668864954532 0
vertex 158.61418070123264 -109.1073584485439 0
endloop
endfacet
facet normal 0.7730104533627797 0.6343932841635934 0
outer loop
vertex 158.75279558154745 -109.36668864952874 4.000000000000002
vertex 158.9393398282184 -109.59399347178129 4
vertex 158.9393398281848 -109.59399347174036 0
endloop
endfacet
facet normal 0.7730104533627797 0.6343932841635934 0
outer loop
vertex 158.75279558154745 -109.36668864952874 4.000000000000002
vertex 158.9393398281848 -109.59399347174036 0
vertex 158.75279558155628 -109.36668864954532 0
endloop
endfacet
facet normal 0.6343932841636218 0.7730104533627565 0
outer loop
vertex 158.9393398282184 -109.59399347178129 4
vertex 159.16664465047575 -109.78053771844762 4.000000000000002
vertex 159.16664465052406 -109.78053771848725 0
endloop
endfacet
facet normal 0.6343932841636218 0.7730104533627565 0
outer loop
vertex 158.9393398282184 -109.59399347178129 4
vertex 159.16664465052406 -109.78053771848725 0
vertex 158.9393398281848 -109.59399347174036 0
endloop
endfacet
facet normal 0.47139673682602595 0.88192126434834 0
outer loop
vertex 159.16664465047575 -109.78053771844762 4.000000000000002
vertex 159.42597485145035 -109.91915259877072 4.000000000000002
vertex 159.42597485143327 -109.91915259876158 0
endloop
endfacet
facet normal 0.47139673682602595 0.88192126434834 0
outer loop
vertex 159.16664465047575 -109.78053771844762 4.000000000000002
vertex 159.42597485143327 -109.91915259876158 0
vertex 159.16664465052406 -109.78053771848725 0
endloop
endfacet
facet normal 0.2902846772544479 0.9569403357322133 0
outer loop
vertex 159.42597485145035 -109.91915259877072 4.000000000000002
vertex 159.70736451697567 -110.00451122060525 4
vertex 159.70736451696578 -110.00451122060225 0
endloop
endfacet
facet normal 0.2902846772544479 0.9569403357322133 0
outer loop
vertex 159.42597485145035 -109.91915259877072 4.000000000000002
vertex 159.70736451696578 -110.00451122060225 0
vertex 159.42597485143327 -109.91915259876158 0
endloop
endfacet
facet normal 0.09801714032957415 0.9951847266721956 0
outer loop
vertex 159.70736451697567 -110.00451122060525 4
vertex 160.00000000000017 -110.03333329999842 4
vertex 160.0000000000129 -110.03333329999967 0
endloop
endfacet
facet normal 0.09801714032957415 0.9951847266721956 0
outer loop
vertex 159.70736451697567 -110.00451122060525 4
vertex 160.0000000000129 -110.03333329999967 0
vertex 159.70736451696578 -110.00451122060225 0
endloop
endfacet
facet normal -0.09801714032956006 0.9951847266721969 0
outer loop
vertex 160.00000000000017 -110.03333329999842 4
vertex 160.29263548302424 -110.00451122060576 4
vertex 160.29263548301785 -110.00451122060225 0
endloop
endfacet
facet normal -0.09801714032956006 0.9951847266721969 0
outer loop
vertex 160.00000000000017 -110.03333329999842 4
vertex 160.29263548301785 -110.00451122060225 0
vertex 160.0000000000129 -110.03333329999967 0
endloop
endfacet
facet normal -0.2902846772544479 0.9569403357322133 0
outer loop
vertex 160.29263548302424 -110.00451122060576 4
vertex 160.57402514854755 -109.91915259876657 4
vertex 160.57402514855676 -109.91915259876158 0
endloop
endfacet
facet normal -0.2902846772544479 0.9569403357322133 0
outer loop
vertex 160.29263548302424 -110.00451122060576 4
vertex 160.57402514855676 -109.91915259876158 0
vertex 160.29263548301785 -110.00451122060225 0
endloop
endfacet
facet normal -0.4713967368260195 0.8819212643483434 0
outer loop
vertex 160.57402514854755 -109.91915259876657 4
vertex 160.8333553495301 -109.78053771845515 4
vertex 160.8333553495222 -109.78053771848725 0
endloop
endfacet
facet normal -0.4713967368260195 0.8819212643483434 0
outer loop
vertex 160.57402514854755 -109.91915259876657 4
vertex 160.8333553495222 -109.78053771848725 0
vertex 160.57402514855676 -109.91915259876158 0
endloop
endfacet
facet normal -0.6343932841636208 0.7730104533627572 0
outer loop
vertex 160.8333553495301 -109.78053771845515 4
vertex 161.06066017177966 -109.59399347177963 4
vertex 161.0606601717802 -109.59399347174036 0
endloop
endfacet
facet normal -0.6343932841636208 0.7730104533627572 0
outer loop
vertex 160.8333553495301 -109.78053771845515 4
vertex 161.0606601717802 -109.59399347174036 0
vertex 160.8333553495222 -109.78053771848725 0
endloop
endfacet
facet normal -0.7730104533627769 0.634393284163597 0
outer loop
vertex 161.06066017177966 -109.59399347177963 4
vertex 161.24720441845375 -109.36668864952935 4
vertex 161.24720441845417 -109.36668864954532 0
endloop
endfacet
facet normal -0.7730104533627769 0.634393284163597 0
outer loop
vertex 161.06066017177966 -109.59399347177963 4
vertex 161.24720441845417 -109.36668864954532 0
vertex 161.0606601717802 -109.59399347174036 0
endloop
endfacet
facet normal -0.8819212643483434 0.47139673682601946 0
outer loop
vertex 161.24720441845375 -109.36668864952935 4
vertex 161.38581929876696 -109.10735844854766 4
vertex 161.38581929876838 -109.1073584485439 0
endloop
endfacet
facet normal -0.8819212643483434 0.47139673682601946 0
outer loop
vertex 161.24720441845375 -109.36668864952935 4
vertex 161.38581929876838 -109.1073584485439 0
vertex 161.24720441845417 -109.36668864954532 0
endloop
endfacet
facet normal -0.9569403357322133 0.2902846772544479 0
outer loop
vertex 161.38581929876696 -109.10735844854766 4
vertex 161.47117792060322 -108.82596878302405 4.000000000000002
vertex 161.4711779206026 -108.82596878303019 0
endloop
endfacet
facet normal -0.9569403357322133 0.2902846772544479 0
outer loop
vertex 161.38581929876696 -109.10735844854766 4
vertex 161.4711779206026 -108.82596878303019 0
vertex 161.38581929876838 -109.1073584485439 0
endloop
endfacet
facet normal -0.9951847266721956 0.09801714032957415 0
outer loop
vertex 173.9711779206039 -152.2926354830241 4
vertex 173.99999999999906 -151.99999999999991 4
vertex 174.00000000000026 -151.9999999999877 0
endloop
endfacet
facet normal -0.9951847266721956 0.09801714032957415 0
outer loop
vertex 173.9711779206039 -152.2926354830241 4
vertex 174.00000000000026 -151.9999999999877 0
vertex 173.9711779206034 -152.29263548302885 0
endloop
endfacet
facet normal -0.9951847266721956 -0.09801714032957415 0
outer loop
vertex 173.99999999999906 -151.99999999999991 4
vertex 173.9711779206063 -151.7073645169757 4
vertex 173.97117792060678 -151.70736451698062 0
endloop
endfacet
facet normal -0.9951847266721956 -0.09801714032957415 0
outer loop
vertex 173.99999999999906 -151.99999999999991 4
vertex 173.97117792060678 -151.70736451698062 0
vertex 174.00000000000026 -151.9999999999877 0
endloop
endfacet
facet normal -0.9569403357322133 -0.2902846772544479 0
outer loop
vertex 173.9711779206063 -151.7073645169757 4
vertex 173.8858192987674 -151.42597485145225 4
vertex 173.8858192987696 -151.42597485145959 0
endloop
endfacet
facet normal -0.9569403357322133 -0.2902846772544479 0
outer loop
vertex 173.9711779206063 -151.7073645169757 4
vertex 173.8858192987696 -151.42597485145959 0
vertex 173.97117792060678 -151.70736451698062 0
endloop
endfacet
facet normal -0.881921264348327 -0.4713967368260505 0
outer loop
vertex 173.8858192987674 -151.42597485145225 4
vertex 173.74720441845295 -151.16664465047114 4.000000000000002
vertex 173.7472044184432 -151.16664465045298 0
endloop
endfacet
facet normal -0.881921264348327 -0.4713967368260505 0
outer loop
vertex 173.8858192987674 -151.42597485145225 4
vertex 173.7472044184432 -151.16664465045298 0
vertex 173.8858192987696 -151.42597485145959 0
endloop
endfacet
facet normal -0.7730104533627828 -0.6343932841635896 0
outer loop
vertex 173.74720441845295 -151.16664465047114 4.000000000000002
vertex 173.56066017178213 -150.9393398282183 4
vertex 173.56066017179305 -150.93933982823157 0
endloop
endfacet
facet normal -0.7730104533627828 -0.6343932841635896 0
outer loop
vertex 173.74720441845295 -151.16664465047114 4.000000000000002
vertex 173.56066017179305 -150.93933982823157 0
vertex 173.7472044184432 -151.16664465045298 0
endloop
endfacet
facet normal -0.634393284163604 -0.7730104533627711 0
outer loop
vertex 173.56066017178213 -150.9393398282183 4
vertex 173.33335534952914 -150.75279558154654 4
vertex 173.33335534953275 -150.75279558154946 0
endloop
endfacet
facet normal -0.634393284163604 -0.7730104533627711 0
outer loop
vertex 173.56066017178213 -150.9393398282183 4
vertex 173.33335534953275 -150.75279558154946 0
vertex 173.56066017179305 -150.93933982823157 0
endloop
endfacet
facet normal -0.47139673682607147 -0.8819212643483156 0
outer loop
vertex 173.33335534952914 -150.75279558154654 4
vertex 173.07402514854704 -150.61418070123423 4
vertex 173.07402514854317 -150.61418070123216 0
endloop
endfacet
facet normal -0.47139673682607147 -0.8819212643483156 0
outer loop
vertex 173.33335534952914 -150.75279558154654 4
vertex 173.07402514854317 -150.61418070123216 0
vertex 173.33335534953275 -150.75279558154946 0
endloop
endfacet
facet normal -0.29028467725447593 -0.9569403357322048 0
outer loop
vertex 173.07402514854704 -150.61418070123423 4
vertex 172.79263548302407 -150.52882207939555 4.000000000000002
vertex 172.7926354830274 -150.52882207939658 0
endloop
endfacet
facet normal -0.29028467725447593 -0.9569403357322048 0
outer loop
vertex 173.07402514854704 -150.61418070123423 4
vertex 172.7926354830274 -150.52882207939658 0
vertex 173.07402514854317 -150.61418070123216 0
endloop
endfacet
facet normal -0.09801714032957415 -0.9951847266721956 0
outer loop
vertex 172.79263548302407 -150.52882207939555 4.000000000000002
vertex 172.49999999999991 -150.5000000000011 4
vertex 172.49999999998815 -150.49999999999994 0
endloop
endfacet
facet normal -0.09801714032957415 -0.9951847266721956 0
outer loop
vertex 172.79263548302407 -150.52882207939555 4.000000000000002
vertex 172.49999999998815 -150.49999999999994 0
vertex 172.7926354830274 -150.52882207939658 0
endloop
endfacet
facet normal 0.09801714032957415 -0.9951847266721956 0
outer loop
vertex 172.49999999999991 -150.5000000000011 4
vertex 172.20736451697573 -150.52882207939396 4
vertex 172.20736451694899 -150.52882207939658 0
endloop
endfacet
facet normal 0.09801714032957415 -0.9951847266721956 0
outer loop
vertex 172.49999999999991 -150.5000000000011 4
vertex 172.20736451694899 -150.52882207939658 0
vertex 172.49999999998815 -150.49999999999994 0
endloop
endfacet
facet normal 0.2902846772544479 -0.9569403357322133 0
outer loop
vertex 172.20736451697573 -150.52882207939396 4
vertex 171.92597485145228 -150.61418070123275 4
vertex 171.9259748514642 -150.61418070123216 0
endloop
endfacet
facet normal 0.2902846772544479 -0.9569403357322133 0
outer loop
vertex 172.20736451697573 -150.52882207939396 4
vertex 171.9259748514642 -150.61418070123216 0
vertex 172.20736451694899 -150.52882207939658 0
endloop
endfacet
facet normal 0.47139673682604744 -0.8819212643483284 0
outer loop
vertex 171.92597485145228 -150.61418070123275 4
vertex 171.66664465047083 -150.75279558154665 4
vertex 171.66664465046662 -150.75279558154946 0
endloop
endfacet
facet normal 0.47139673682604744 -0.8819212643483284 0
outer loop
vertex 171.92597485145228 -150.61418070123275 4
vertex 171.66664465046662 -150.75279558154946 0
vertex 171.9259748514642 -150.61418070123216 0
endloop
endfacet
facet normal 0.63439328416359 -0.7730104533627825 0
outer loop
vertex 171.66664465047083 -150.75279558154665 4
vertex 171.4393398282199 -150.93933982821983 4
vertex 171.43933982820624 -150.93933982823157 0
endloop
endfacet
facet normal 0.63439328416359 -0.7730104533627825 0
outer loop
vertex 171.66664465047083 -150.75279558154665 4
vertex 171.43933982820624 -150.93933982823157 0
vertex 171.66664465046662 -150.75279558154946 0
endloop
endfacet
facet normal 0.7730104533627825 -0.63439328416359 0
outer loop
vertex 171.4393398282199 -150.93933982821983 4
vertex 171.25279558154597 -151.16664465047043 4
vertex 171.2527955815701 -151.16664465045298 0
endloop
endfacet
facet normal 0.7730104533627825 -0.63439328416359 0
outer loop
vertex 171.4393398282199 -150.93933982821983 4
vertex 171.2527955815701 -151.16664465045298 0
vertex 171.43933982820624 -150.93933982823157 0
endloop
endfacet
facet normal 0.8819212643483434 -0.47139673682601946 0
outer loop
vertex 171.25279558154597 -151.16664465047043 4
vertex 171.11418070123375 -151.4259748514527 4
vertex 171.11418070122303 -151.42597485145959 0
endloop
endfacet
facet normal 0.8819212643483434 -0.47139673682601946 0
outer loop
vertex 171.25279558154597 -151.16664465047043 4
vertex 171.11418070122303 -151.42597485145959 0
vertex 171.2527955815701 -151.16664465045298 0
endloop
endfacet
facet normal 0.9569403357322133 -0.2902846772544479 0
outer loop
vertex 171.11418070123375 -151.4259748514527 4
vertex 171.02882207939487 -151.70736451697576 4
vertex 171.02882207939416 -151.70736451698062 0
endloop
endfacet
facet normal 0.9569403357322133 -0.2902846772544479 0
outer loop
vertex 171.11418070123375 -151.4259748514527 4
vertex 171.02882207939416 -151.70736451698062 0
vertex 171.11418070122303 -151.42597485145959 0
endloop
endfacet
facet normal 0.9951847266721956 -0.09801714032957415 0
outer loop
vertex 171.02882207939487 -151.70736451697576 4
vertex 170.99999999999918 -151.9999999999999 4
vertex 171.0000000000005 -151.9999999999877 0
endloop
endfacet
facet normal 0.9951847266721956 -0.09801714032957415 0
outer loop
vertex 171.02882207939487 -151.70736451697576 4
vertex 171.0000000000005 -151.9999999999877 0
vertex 171.02882207939416 -151.70736451698062 0
endloop
endfacet
facet normal 0.9951847266721956 0.09801714032957415 0
outer loop
vertex 170.99999999999918 -151.9999999999999 4
vertex 171.02882207939655 -152.2926354830241 4
vertex 171.0288220793971 -152.29263548302885 0
endloop
endfacet
facet normal 0.9951847266721956 0.09801714032957415 0
outer loop
vertex 170.99999999999918 -151.9999999999999 4
vertex 171.0288220793971 -152.29263548302885 0
vertex 171.0000000000005 -151.9999999999877 0
endloop
endfacet
facet normal 0.9569403357322133 0.2902846772544479 0
outer loop
vertex 171.02882207939655 -152.2926354830241 4
vertex 171.11418070123347 -152.57402514854752 4
vertex 171.11418070122912 -152.57402514853314 0
endloop
endfacet
facet normal 0.9569403357322133 0.2902846772544479 0
outer loop
vertex 171.02882207939655 -152.2926354830241 4
vertex 171.11418070122912 -152.57402514853314 0
vertex 171.0288220793971 -152.29263548302885 0
endloop
endfacet
facet normal 0.8819212643483179 0.4713967368260674 0
outer loop
vertex 171.11418070123347 -152.57402514854752 4
vertex 171.25279558154915 -152.83335534952784 4.000000000000002
vertex 171.25279558157268 -152.83335534957183 0
endloop
endfacet
facet normal 0.8819212643483179 0.4713967368260674 0
outer loop
vertex 171.11418070123347 -152.57402514854752 4
vertex 171.25279558157268 -152.83335534957183 0
vertex 171.11418070122912 -152.57402514853314 0
endloop
endfacet
facet normal 0.7730104533628117 0.6343932841635544 0
outer loop
vertex 171.25279558154915 -152.83335534952784 4.000000000000002
vertex 171.4393398282152 -153.06066017178392 4
vertex 171.43933982819644 -153.06066017176107 0
endloop
endfacet
facet normal 0.7730104533628117 0.6343932841635544 0
outer loop
vertex 171.25279558154915 -152.83335534952784 4.000000000000002
vertex 171.43933982819644 -153.06066017176107 0
vertex 171.25279558157268 -152.83335534957183 0
endloop
endfacet
facet normal 0.6343932841635901 0.7730104533627825 0
outer loop
vertex 171.4393398282152 -153.06066017178392 4
vertex 171.66664465047026 -153.24720441845426 4.000000000000002
vertex 171.66664465047162 -153.24720441845537 0
endloop
endfacet
facet normal 0.6343932841635901 0.7730104533627825 0
outer loop
vertex 171.4393398282152 -153.06066017178392 4
vertex 171.66664465047162 -153.24720441845537 0
vertex 171.43933982819644 -153.06066017176107 0
endloop
endfacet
facet normal 0.47139673682605887 0.8819212643483223 0
outer loop
vertex 171.66664465047026 -153.24720441845426 4.000000000000002
vertex 171.92597485145194 -153.38581929876773 4
vertex 171.92597485145035 -153.38581929876688 0
endloop
endfacet
facet normal 0.47139673682605887 0.8819212643483223 0
outer loop
vertex 171.66664465047026 -153.24720441845426 4.000000000000002
vertex 171.92597485145035 -153.38581929876688 0
vertex 171.66664465047162 -153.24720441845537 0
endloop
endfacet
facet normal 0.2902846772544479 0.9569403357322133 0
outer loop
vertex 171.92597485145194 -153.38581929876773 4
vertex 172.2073645169757 -153.47117792060533 4
vertex 172.2073645169809 -153.47117792060695 0
endloop
endfacet
facet normal 0.2902846772544479 0.9569403357322133 0
outer loop
vertex 171.92597485145194 -153.38581929876773 4
vertex 172.2073645169809 -153.47117792060695 0
vertex 171.92597485145035 -153.38581929876688 0
endloop
endfacet
facet normal 0.09801714032957415 0.9951847266721956 0
outer loop
vertex 172.2073645169757 -153.47117792060533 4
vertex 172.49999999999986 -153.5000000000016 4
vertex 172.49999999998226 -153.49999999999986 0
endloop
endfacet
facet normal 0.09801714032957415 0.9951847266721956 0
outer loop
vertex 172.2073645169757 -153.47117792060533 4
vertex 172.49999999998226 -153.49999999999986 0
vertex 172.2073645169809 -153.47117792060695 0
endloop
endfacet
facet normal -0.09801714032954582 0.9951847266721984 0
outer loop
vertex 172.49999999999986 -153.5000000000016 4
vertex 172.79263548302401 -153.47117792060303 4
vertex 172.79263548303206 -153.47117792060695 0
endloop
endfacet
facet normal -0.09801714032954582 0.9951847266721984 0
outer loop
vertex 172.49999999999986 -153.5000000000016 4
vertex 172.79263548303206 -153.47117792060695 0
vertex 172.49999999998226 -153.49999999999986 0
endloop
endfacet
facet normal -0.2902846772495586 0.9569403357336964 -7.089884709353343e-14
outer loop
vertex 172.79263548302401 -153.47117792060303 4
vertex 173.07402514854758 -153.38581929876665 4
vertex 173.0740251485478 -153.38581929876688 0
endloop
endfacet
facet normal -0.2902846772495586 0.9569403357336964 -7.089884709353343e-14
outer loop
vertex 172.79263548302401 -153.47117792060303 4
vertex 173.0740251485478 -153.38581929876688 0
vertex 172.97618137977005 -153.41549988154094 0
endloop
endfacet
facet normal -0.2902846772495586 0.9569403357336964 -7.089884709353343e-14
outer loop
vertex 172.79263548302401 -153.47117792060303 4
vertex 172.97618137977005 -153.41549988154094 0
vertex 172.79263548303206 -153.47117792060695 0
endloop
endfacet
facet normal -0.4713967368258236 0.881921264348448 -2.248256833693151e-13
outer loop
vertex 173.07402514854758 -153.38581929876665 4
vertex 173.33335534952928 -153.24720441845363 4
vertex 173.33335534952795 -153.24720441845537 0
endloop
endfacet
facet normal -0.4713967368258236 0.881921264348448 -2.248256833693151e-13
outer loop
vertex 173.07402514854758 -153.38581929876665 4
vertex 173.33335534952795 -153.24720441845537 0
vertex 173.2778268847645 -153.27688500123287 0
endloop
endfacet
facet normal -0.4713967368258236 0.881921264348448 -2.248256833693151e-13
outer loop
vertex 173.07402514854758 -153.38581929876665 4
vertex 173.2778268847645 -153.27688500123287 0
vertex 173.0740251485478 -153.38581929876688 0
endloop
endfacet
facet normal -0.6343932841643627 0.7730104533621484 3.233649338815352e-12
outer loop
vertex 173.33335534952928 -153.24720441845363 4
vertex 173.5606601717795 -153.06066017177946 4
vertex 173.5606601717815 -153.06066017176107 0
endloop
endfacet
facet normal -0.6343932841643627 0.7730104533621484 3.233649338815352e-12
outer loop
vertex 173.33335534952928 -153.24720441845363 4
vertex 173.5606601717815 -153.06066017176107 0
vertex 173.43631904177897 -153.16270429999938 0
endloop
endfacet
facet normal -0.6343932841643627 0.7730104533621484 3.233649338815352e-12
outer loop
vertex 173.33335534952928 -153.24720441845363 4
vertex 173.43631904177897 -153.16270429999938 0
vertex 173.40119923641927 -153.19152637939618 0
endloop
endfacet
facet normal -0.6343932841643627 0.7730104533621484 3.233649338815352e-12
outer loop
vertex 173.33335534952928 -153.24720441845363 4
vertex 173.40119923641927 -153.19152637939618 0
vertex 173.33335534952795 -153.24720441845537 0
endloop
endfacet
facet normal -0.7730104533616694 0.6343932841649462 -7.070440325920127e-12
outer loop
vertex 173.5606601717795 -153.06066017177946 4
vertex 173.74720441845383 -152.8333553495294 4
vertex 173.7472044184556 -152.83335534957183 0
endloop
endfacet
facet normal -0.7730104533616694 0.6343932841649462 -7.070440325920127e-12
outer loop
vertex 173.5606601717795 -153.06066017177946 4
vertex 173.7472044184556 -152.83335534957183 0
vertex 173.7273894159319 -152.8575 0
endloop
endfacet
facet normal -0.7730104533616694 0.6343932841649462 -7.070440325920127e-12
outer loop
vertex 173.5606601717795 -153.06066017177946 4
vertex 173.7273894159319 -152.8575 0
vertex 173.5606601717815 -153.06066017176107 0
endloop
endfacet
facet normal -0.8819212643483402 0.47139673682602534 0
outer loop
vertex 173.74720441845383 -152.8333553495294 4
vertex 173.8858192987674 -152.5740251485479 4
vertex 173.88581929876537 -152.57402514853314 0
endloop
endfacet
facet normal -0.8819212643483402 0.47139673682602534 0
outer loop
vertex 173.74720441845383 -152.8333553495294 4
vertex 173.88581929876537 -152.57402514853314 0
vertex 173.7472044184556 -152.83335534957183 0
endloop
endfacet
facet normal -0.9569403357322133 0.2902846772544479 0
outer loop
vertex 173.8858192987674 -152.5740251485479 4
vertex 173.9711779206039 -152.2926354830241 4
vertex 173.9711779206034 -152.29263548302885 0
endloop
endfacet
facet normal -0.9569403357322133 0.2902846772544479 0
outer loop
vertex 173.8858192987674 -152.5740251485479 4
vertex 173.9711779206034 -152.29263548302885 0
vertex 173.88581929876537 -152.57402514853314 0
endloop
endfacet
facet normal -0.9951847266721956 0.09801714032957415 0
outer loop
vertex 233.47117792060345 -113.65013548302409 4
vertex 233.49999999999864 -113.35749999999987 4
vertex 233.50000000000054 -113.35749999998042 0
endloop
endfacet
facet normal -0.9951847266721956 0.09801714032957415 0
outer loop
vertex 233.47117792060345 -113.65013548302409 4
vertex 233.50000000000054 -113.35749999998042 0
vertex 233.4711779206012 -113.65013548304698 0
endloop
endfacet
facet normal -0.9951847266721985 -0.09801714032954566 0
outer loop
vertex 233.49999999999864 -113.35749999999987 4
vertex 233.47117792060737 -113.06486451697558 4.000000000000002
vertex 233.47117792060953 -113.06486451699841 0
endloop
endfacet
facet normal -0.9951847266721985 -0.09801714032954566 0
outer loop
vertex 233.49999999999864 -113.35749999999987 4
vertex 233.47117792060953 -113.06486451699841 0
vertex 233.50000000000054 -113.35749999998042 0
endloop
endfacet
facet normal -0.9569403357322133 -0.2902846772544479 0
outer loop
vertex 233.47117792060737 -113.06486451697558 4.000000000000002
vertex 233.38581929876497 -112.78347485145298 4
vertex 233.3858192987545 -112.78347485141852 0
endloop
endfacet
facet normal -0.9569403357322133 -0.2902846772544479 0
outer loop
vertex 233.47117792060737 -113.06486451697558 4.000000000000002
vertex 233.3858192987545 -112.78347485141852 0
vertex 233.47117792060953 -113.06486451699841 0
endloop
endfacet
facet normal -0.8819212643483103 -0.4713967368260814 0
outer loop
vertex 233.38581929876497 -112.78347485145298 4
vertex 233.24720441845818 -112.52414465046824 4
vertex 233.24720441847833 -112.52414465050592 0
endloop
endfacet
facet normal -0.8819212643483103 -0.4713967368260814 0
outer loop
vertex 233.38581929876497 -112.78347485145298 4
vertex 233.24720441847833 -112.52414465050592 0
vertex 233.3858192987545 -112.78347485141852 0
endloop
endfacet
facet normal -0.7730104533627825 -0.63439328416359 0
outer loop
vertex 233.24720441845818 -112.52414465046824 4
vertex 233.06066017177722 -112.29683982822237 4
vertex 233.06066017174922 -112.29683982818831 0
endloop
endfacet
facet normal -0.7730104533627825 -0.63439328416359 0
outer loop
vertex 233.24720441845818 -112.52414465046824 4
vertex 233.06066017174922 -112.29683982818831 0
vertex 233.24720441847833 -112.52414465050592 0
endloop
endfacet
facet normal -0.6343932841636208 -0.7730104533627572 0
outer loop
vertex 233.06066017177722 -112.29683982822237 4
vertex 232.8333553495327 -112.11029558154215 4
vertex 232.83335534957513 -112.11029558157696 0
endloop
endfacet
facet normal -0.6343932841636208 -0.7730104533627572 0
outer loop
vertex 233.06066017177722 -112.29683982822237 4
vertex 232.83335534957513 -112.11029558157696 0
vertex 233.06066017174922 -112.29683982818831 0
endloop
endfacet
facet normal -0.47139673682602495 -0.8819212643483405 0
outer loop
vertex 232.8333553495327 -112.11029558154215 4
vertex 232.57402514854505 -111.97168070123801 4
vertex 232.57402514852288 -111.97168070122616 0
endloop
endfacet
facet normal -0.47139673682602495 -0.8819212643483405 0
outer loop
vertex 232.8333553495327 -112.11029558154215 4
vertex 232.57402514852288 -111.97168070122616 0
vertex 232.83335534957513 -112.11029558157696 0
endloop
endfacet
facet normal -0.2902846772544479 -0.9569403357322133 0
outer loop
vertex 232.57402514854505 -111.97168070123801 4
vertex 232.29263548302401 -111.88632207939571 4
vertex 232.29263548301083 -111.8863220793917 0
endloop
endfacet
facet normal -0.2902846772544479 -0.9569403357322133 0
outer loop
vertex 232.57402514854505 -111.97168070123801 4
vertex 232.29263548301083 -111.8863220793917 0
vertex 232.57402514852288 -111.97168070122616 0
endloop
endfacet
facet normal -0.09801714032955997 -0.9951847266721969 0
outer loop
vertex 232.29263548302401 -111.88632207939571 4
vertex 232.00000000000017 -111.8574999999979 4
vertex 232.00000000000188 -111.85749999999805 0
endloop
endfacet
facet normal -0.09801714032955997 -0.9951847266721969 0
outer loop
vertex 232.29263548302401 -111.88632207939571 4
vertex 232.00000000000188 -111.85749999999805 0
vertex 232.29263548301083 -111.8863220793917 0
endloop
endfacet
facet normal 0.09801714032957415 -0.9951847266721956 0
outer loop
vertex 232.00000000000017 -111.8574999999979 4
vertex 231.70736451697567 -111.8863220793934 4
vertex 231.707364516993 -111.8863220793917 0
endloop
endfacet
facet normal 0.09801714032957415 -0.9951847266721956 0
outer loop
vertex 232.00000000000017 -111.8574999999979 4
vertex 231.707364516993 -111.8863220793917 0
vertex 232.00000000000188 -111.85749999999805 0
endloop
endfacet
facet normal 0.2902846772544479 -0.9569403357322133 0
outer loop
vertex 231.70736451697567 -111.8863220793934 4
vertex 231.42597485145222 -111.97168070123257 4
vertex 231.4259748514698 -111.97168070122616 0
endloop
endfacet
facet normal 0.2902846772544479 -0.9569403357322133 0
outer loop
vertex 231.70736451697567 -111.8863220793934 4
vertex 231.4259748514698 -111.97168070122616 0
vertex 231.707364516993 -111.8863220793917 0
endloop
endfacet
facet normal 0.47139673682596933 -0.8819212643483701 0
outer loop
vertex 231.42597485145222 -111.97168070123257 4
vertex 231.166644650472 -112.11029558154868 4
vertex 231.1666446504164 -112.11029558157696 0
endloop
endfacet
facet normal 0.47139673682596933 -0.8819212643483701 0
outer loop
vertex 231.42597485145222 -111.97168070123257 4
vertex 231.1666446504164 -112.11029558157696 0
vertex 231.4259748514698 -111.97168070122616 0
endloop
endfacet
facet normal 0.6343932841636518 -0.7730104533627319 0
outer loop
vertex 231.166644650472 -112.11029558154868 4
vertex 230.93933982821895 -112.2968398282187 4.000000000000002
vertex 230.9393398282762 -112.29683982818831 0
endloop
endfacet
facet normal 0.6343932841636518 -0.7730104533627319 0
outer loop
vertex 231.166644650472 -112.11029558154868 4
vertex 230.9393398282762 -112.29683982818831 0
vertex 231.1666446504164 -112.11029558157696 0
endloop
endfacet
facet normal 0.7730104533627572 -0.6343932841636208 0
outer loop
vertex 230.93933982821895 -112.2968398282187 4.000000000000002
vertex 230.7527955815469 -112.52414465047119 4
vertex 230.7527955815013 -112.52414465050592 0
endloop
endfacet
facet normal 0.7730104533627572 -0.6343932841636208 0
outer loop
vertex 230.93933982821895 -112.2968398282187 4.000000000000002
vertex 230.7527955815013 -112.52414465050592 0
vertex 230.9393398282762 -112.29683982818831 0
endloop
endfacet
facet normal 0.8819212643483402 -0.47139673682602534 0
outer loop
vertex 230.7527955815469 -112.52414465047119 4
vertex 230.6141807012324 -112.783474851452 4
vertex 230.61418070126535 -112.78347485141852 0
endloop
endfacet
facet normal 0.8819212643483402 -0.47139673682602534 0
outer loop
vertex 230.7527955815469 -112.52414465047119 4
vertex 230.61418070126535 -112.78347485141852 0
vertex 230.7527955815013 -112.52414465050592 0
endloop
endfacet
facet normal 0.9569403357322133 -0.2902846772544479 0
outer loop
vertex 230.6141807012324 -112.783474851452 4
vertex 230.5288220793956 -113.06486451697594 4
vertex 230.5288220793803 -113.06486451699841 0
endloop
endfacet
facet normal 0.9569403357322133 -0.2902846772544479 0
outer loop
vertex 230.6141807012324 -112.783474851452 4
vertex 230.5288220793803 -113.06486451699841 0
vertex 230.61418070126535 -112.78347485141852 0
endloop
endfacet
facet normal 0.9951847266721956 -0.09801714032957415 0
outer loop
vertex 230.5288220793956 -113.06486451697594 4
vertex 230.499999999999 -113.35749999999992 4
vertex 230.5000000000024 -113.35749999998042 0
endloop
endfacet
facet normal 0.9951847266721956 -0.09801714032957415 0
outer loop
vertex 230.5288220793956 -113.06486451697594 4
vertex 230.5000000000024 -113.35749999998042 0
vertex 230.5288220793803 -113.06486451699841 0
endloop
endfacet
facet normal 0.9951847266721956 0.09801714032957415 0
outer loop
vertex 230.499999999999 -113.35749999999992 4
vertex 230.52882207939712 -113.650135483024 4
vertex 230.5288220793998 -113.65013548304698 0
endloop
endfacet
facet normal 0.9951847266721956 0.09801714032957415 0
outer loop
vertex 230.499999999999 -113.35749999999992 4
vertex 230.5288220793998 -113.65013548304698 0
vertex 230.5000000000024 -113.35749999998042 0
endloop
endfacet
facet normal 0.9569403357322048 0.29028467725447593 0
outer loop
vertex 230.52882207939712 -113.650135483024 4
vertex 230.61418070123062 -113.93152514854839 4.000000000000002
vertex 230.61418070121724 -113.93152514850436 0
endloop
endfacet
facet normal 0.9569403357322048 0.29028467725447593 0
outer loop
vertex 230.52882207939712 -113.650135483024 4
vertex 230.61418070121724 -113.93152514850436 0
vertex 230.5288220793998 -113.65013548304698 0
endloop
endfacet
facet normal 0.8819212643483103 0.4713967368260814 0
outer loop
vertex 230.61418070123062 -113.93152514854839 4.000000000000002
vertex 230.75279558155188 -114.19085534952637 4
vertex 230.7527955815659 -114.19085534955258 0
endloop
endfacet
facet normal 0.8819212643483103 0.4713967368260814 0
outer loop
vertex 230.61418070123062 -113.93152514854839 4.000000000000002
vertex 230.7527955815659 -114.19085534955258 0
vertex 230.61418070121724 -113.93152514850436 0
endloop
endfacet
facet normal 0.7730104533627572 0.6343932841636208 0
outer loop
vertex 230.75279558155188 -114.19085534952637 4
vertex 230.93933982822057 -114.4181601717795 4
vertex 230.93933982821352 -114.4181601717709 0
endloop
endfacet
facet normal 0.7730104533627572 0.6343932841636208 0
outer loop
vertex 230.75279558155188 -114.19085534952637 4
vertex 230.93933982821352 -114.4181601717709 0
vertex 230.7527955815659 -114.19085534955258 0
endloop
endfacet
facet normal 0.6343932841636208 0.7730104533627572 0
outer loop
vertex 230.93933982822057 -114.4181601717795 4
vertex 231.1666446504723 -114.60470441845175 4
vertex 231.16664465049146 -114.60470441846746 0
endloop
endfacet
facet normal 0.6343932841636208 0.7730104533627572 0
outer loop
vertex 230.93933982822057 -114.4181601717795 4
vertex 231.16664465049146 -114.60470441846746 0
vertex 230.93933982821352 -114.4181601717709 0
endloop
endfacet
facet normal 0.47139673682600247 0.8819212643483525 0
outer loop
vertex 231.1666446504723 -114.60470441845175 4
vertex 231.42597485145137 -114.7433192987689 4
vertex 231.42597485144435 -114.74331929876514 0
endloop
endfacet
facet normal 0.47139673682600247 0.8819212643483525 0
outer loop
vertex 231.1666446504723 -114.60470441845175 4
vertex 231.42597485144435 -114.74331929876514 0
vertex 231.16664465049146 -114.60470441846746 0
endloop
endfacet
facet normal 0.2902846772544479 0.9569403357322133 0
outer loop
vertex 231.42597485145137 -114.7433192987689 4
vertex 231.70736451697567 -114.82867792060546 4
vertex 231.70736451696536 -114.82867792060232 0
endloop
endfacet
facet normal 0.2902846772544479 0.9569403357322133 0
outer loop
vertex 231.42597485145137 -114.7433192987689 4
vertex 231.70736451696536 -114.82867792060232 0
vertex 231.42597485144435 -114.74331929876514 0
endloop
endfacet
facet normal 0.09801714032956006 0.9951847266721969 0
outer loop
vertex 231.70736451697567 -114.82867792060546 4
vertex 232.0000000000001 -114.8574999999985 4
vertex 232.00000000000142 -114.85749999999864 0
endloop
endfacet
facet normal 0.09801714032956006 0.9951847266721969 0
outer loop
vertex 231.70736451697567 -114.82867792060546 4
vertex 232.00000000000142 -114.85749999999864 0
vertex 231.70736451696536 -114.82867792060232 0
endloop
endfacet
facet normal -0.09801714032957415 0.9951847266721956 0
outer loop
vertex 232.0000000000001 -114.8574999999985 4
vertex 232.2926354830241 -114.82867792060367 4
vertex 232.29263548302757 -114.82867792060232 0
endloop
endfacet
facet normal -0.09801714032957415 0.9951847266721956 0
outer loop
vertex 232.0000000000001 -114.8574999999985 4
vertex 232.29263548302757 -114.82867792060232 0
vertex 232.00000000000142 -114.85749999999864 0
endloop
endfacet
facet normal -0.2902846772544479 0.9569403357322133 0
outer loop
vertex 232.2926354830241 -114.82867792060367 4
vertex 232.5740251485475 -114.74331929876644 4
vertex 232.57402514856133 -114.74331929876514 0
endloop
endfacet
facet normal -0.2902846772544479 0.9569403357322133 0
outer loop
vertex 232.2926354830241 -114.82867792060367 4
vertex 232.57402514856133 -114.74331929876514 0
vertex 232.29263548302757 -114.82867792060232 0
endloop
endfacet
facet normal -0.47139673682599736 0.8819212643483552 0
outer loop
vertex 232.5740251485475 -114.74331929876644 4
vertex 232.8333553495305 -114.60470441845587 4
vertex 232.83335534951152 -114.60470441846746 0
endloop
endfacet
facet normal -0.47139673682599736 0.8819212643483552 0
outer loop
vertex 232.5740251485475 -114.74331929876644 4
vertex 232.83335534951152 -114.60470441846746 0
vertex 232.57402514856133 -114.74331929876514 0
endloop
endfacet
facet normal -0.6343932841636518 0.7730104533627319 0
outer loop
vertex 232.8333553495305 -114.60470441845587 4
vertex 233.06066017177864 -114.41816017177835 4.000000000000002
vertex 233.06066017178634 -114.4181601717709 0
endloop
endfacet
facet normal -0.6343932841636518 0.7730104533627319 0
outer loop
vertex 232.8333553495305 -114.60470441845587 4
vertex 233.06066017178634 -114.4181601717709 0
vertex 232.83335534951152 -114.60470441846746 0
endloop
endfacet
facet normal -0.7730104533627711 0.634393284163604 0
outer loop
vertex 233.06066017177864 -114.41816017177835 4.000000000000002
vertex 233.24720441845386 -114.19085534952944 4
vertex 233.24720441845093 -114.19085534955258 0
endloop
endfacet
facet normal -0.7730104533627711 0.634393284163604 0
outer loop
vertex 233.06066017177864 -114.41816017177835 4.000000000000002
vertex 233.24720441845093 -114.19085534955258 0
vertex 233.06066017178634 -114.4181601717709 0
endloop
endfacet
facet normal -0.8819212643483402 0.47139673682602534 0
outer loop
vertex 233.24720441845386 -114.19085534952944 4
vertex 233.38581929876617 -113.93152514854722 4
vertex 233.3858192987693 -113.93152514850436 0
endloop
endfacet
facet normal -0.8819212643483402 0.47139673682602534 0
outer loop
vertex 233.24720441845386 -114.19085534952944 4
vertex 233.3858192987693 -113.93152514850436 0
vertex 233.24720441845093 -114.19085534955258 0
endloop
endfacet
facet normal -0.9569403357322133 0.2902846772544479 0
outer loop
vertex 233.38581929876617 -113.93152514854722 4
vertex 233.47117792060345 -113.65013548302409 4
vertex 233.4711779206012 -113.65013548304698 0
endloop
endfacet
facet normal -0.9569403357322133 0.2902846772544479 0
outer loop
vertex 233.38581929876617 -113.93152514854722 4
vertex 233.4711779206012 -113.65013548304698 0
vertex 233.3858192987693 -113.93152514850436 0
endloop
endfacet
facet normal -0.9951847266721956 0.09801714032957415 0
outer loop
vertex 236.40833602060374 -154.9553397830241 4
vertex 236.4371580999989 -154.66270429999992 4
vertex 236.43715809999983 -154.66270429999005 0
endloop
endfacet
facet normal -0.9951847266721956 0.09801714032957415 0
outer loop
vertex 236.40833602060374 -154.9553397830241 4
vertex 236.43715809999983 -154.66270429999005 0
vertex 236.40833602060272 -154.9553397830343 0
endloop
endfacet
facet normal -0.9951847266721985 -0.09801714032954566 0
outer loop
vertex 236.4371580999989 -154.66270429999992 4
vertex 236.40833602060576 -154.37006881697576 4.000000000000002
vertex 236.4083360206058 -154.37006881697715 0
endloop
endfacet
facet normal -0.9951847266721985 -0.09801714032954566 0
outer loop
vertex 236.4371580999989 -154.66270429999992 4
vertex 236.4083360206058 -154.37006881697715 0
vertex 236.43715809999983 -154.66270429999005 0
endloop
endfacet
facet normal -0.9569403357322133 -0.2902846772544479 0
outer loop
vertex 236.40833602060576 -154.37006881697576 4.000000000000002
vertex 236.32297739876742 -154.08867915145223 4
vertex 236.32297739877106 -154.08867915146422 0
endloop
endfacet
facet normal -0.9569403357322133 -0.2902846772544479 0
outer loop
vertex 236.40833602060576 -154.37006881697576 4.000000000000002
vertex 236.32297739877106 -154.08867915146422 0
vertex 236.4083360206058 -154.37006881697715 0
endloop
endfacet
facet normal -0.881921264348342 -0.47139673682602246 0
outer loop
vertex 236.32297739876742 -154.08867915145223 4
vertex 236.18436251845216 -153.82934895047157 4.000000000000002
vertex 236.1843625184463 -153.8293489504607 0
endloop
endfacet
facet normal -0.881921264348342 -0.47139673682602246 0
outer loop
vertex 236.32297739876742 -154.08867915145223 4
vertex 236.1843625184463 -153.8293489504607 0
vertex 236.32297739877106 -154.08867915146422 0
endloop
endfacet
facet normal -0.7730104533627924 -0.634393284163578 0
outer loop
vertex 236.18436251845216 -153.82934895047157 4.000000000000002
vertex 235.99781827178023 -153.6020441282199 4
vertex 235.9978182717939 -153.60204412823657 0
endloop
endfacet
facet normal -0.7730104533627924 -0.634393284163578 0
outer loop
vertex 236.18436251845216 -153.82934895047157 4.000000000000002
vertex 235.9978182717939 -153.60204412823657 0
vertex 236.1843625184463 -153.8293489504607 0
endloop
endfacet
facet normal -0.6343932841635896 -0.7730104533627828 0
outer loop
vertex 235.99781827178023 -153.6020441282199 4
vertex 235.77051344952704 -153.4154998815491 4
vertex 235.7705134495171 -153.41549988154094 0
endloop
endfacet
facet normal -0.6343932841635896 -0.7730104533627828 0
outer loop
vertex 235.99781827178023 -153.6020441282199 4
vertex 235.7705134495171 -153.41549988154094 0
vertex 235.9978182717939 -153.60204412823657 0
endloop
endfacet
facet normal -0.47139673682604766 -0.8819212643483283 0
outer loop
vertex 235.77051344952704 -153.4154998815491 4
vertex 235.51118324854707 -153.27688500123406 4
vertex 235.5111832485448 -153.27688500123287 0
endloop
endfacet
facet normal -0.47139673682604766 -0.8819212643483283 0
outer loop
vertex 235.77051344952704 -153.4154998815491 4
vertex 235.5111832485448 -153.27688500123287 0
vertex 235.7705134495171 -153.41549988154094 0
endloop
endfacet
facet normal -0.2902846772544479 -0.9569403357322133 0
outer loop
vertex 235.51118324854707 -153.27688500123406 4
vertex 235.22979358302402 -153.19152637939578 4
vertex 235.22979358302538 -153.19152637939618 0
endloop
endfacet
facet normal -0.2902846772544479 -0.9569403357322133 0
outer loop
vertex 235.51118324854707 -153.27688500123406 4
vertex 235.22979358302538 -153.19152637939618 0
vertex 235.5111832485448 -153.27688500123287 0
endloop
endfacet
facet normal -0.09801714032954582 -0.9951847266721984 0
outer loop
vertex 235.22979358302402 -153.19152637939578 4
vertex 234.93715809999992 -153.16270430000088 4
vertex 234.93715809998437 -153.16270429999938 0
endloop
endfacet
facet normal -0.09801714032954582 -0.9951847266721984 0
outer loop
vertex 235.22979358302402 -153.19152637939578 4
vertex 234.93715809998437 -153.16270429999938 0
vertex 235.22979358302538 -153.19152637939618 0
endloop
endfacet
facet normal 0.09801714032957415 -0.9951847266721956 0
outer loop
vertex 234.93715809999992 -153.16270430000088 4
vertex 234.64452261697562 -153.191526379393 4
vertex 234.64452261694348 -153.19152637939618 0
endloop
endfacet
facet normal 0.09801714032957415 -0.9951847266721956 0
outer loop
vertex 234.93715809999992 -153.16270430000088 4
vertex 234.64452261694348 -153.19152637939618 0
vertex 234.93715809998437 -153.16270429999938 0
endloop
endfacet
facet normal 0.29028467725980994 -0.9569403357305868 9.006713915323115e-13
outer loop
vertex 234.64452261697562 -153.191526379393 4
vertex 234.36313295145223 -153.2768850012326 4
vertex 234.3631329514638 -153.27688500123287 0
endloop
endfacet
facet normal 0.29028467725980994 -0.9569403357305868 9.006713915323115e-13
outer loop
vertex 234.64452261697562 -153.191526379393 4
vertex 234.3631329514638 -153.27688500123287 0
vertex 234.4609767202653 -153.24720441845537 0
endloop
endfacet
facet normal 0.29028467725980994 -0.9569403357305868 9.006713915323115e-13
outer loop
vertex 234.64452261697562 -153.191526379393 4
vertex 234.4609767202653 -153.24720441845537 0
vertex 234.64452261694348 -153.19152637939618 0
endloop
endfacet
facet normal 0.47139673682614897 -0.8819212643482741 7.43912848933338e-14
outer loop
vertex 234.36313295145223 -153.2768850012326 4
vertex 234.10380275047038 -153.41549988154583 4
vertex 234.10380275048016 -153.41549988154094 0
endloop
endfacet
facet normal 0.47139673682614897 -0.8819212643482741 7.43912848933338e-14
outer loop
vertex 234.36313295145223 -153.2768850012326 4
vertex 234.10380275048016 -153.41549988154094 0
vertex 234.15933121523565 -153.38581929876688 0
endloop
endfacet
facet normal 0.47139673682614897 -0.8819212643482741 7.43912848933338e-14
outer loop
vertex 234.36313295145223 -153.2768850012326 4
vertex 234.15933121523565 -153.38581929876688 0
vertex 234.3631329514638 -153.27688500123287 0
endloop
endfacet
facet normal 0.6343932841626906 -0.7730104533635206 -1.0517901190377326e-12
outer loop
vertex 234.10380275047038 -153.41549988154583 4
vertex 233.8764979282197 -153.60204412821957 4
vertex 233.87649792819235 -153.60204412823657 0
endloop
endfacet
facet normal 0.6343932841626906 -0.7730104533635206 -1.0517901190377326e-12
outer loop
vertex 234.10380275047038 -153.41549988154583 4
vertex 233.87649792819235 -153.60204412823657 0
vertex 234.00083905821418 -153.49999999999986 0
endloop
endfacet
facet normal 0.6343932841626906 -0.7730104533635206 -1.0517901190377326e-12
outer loop
vertex 234.10380275047038 -153.41549988154583 4
vertex 234.00083905821418 -153.49999999999986 0
vertex 234.03595886356916 -153.47117792060695 0
endloop
endfacet
facet normal 0.6343932841626906 -0.7730104533635206 -1.0517901190377326e-12
outer loop
vertex 234.10380275047038 -153.41549988154583 4
vertex 234.03595886356916 -153.47117792060695 0
vertex 234.10380275048016 -153.41549988154094 0
endloop
endfacet
facet normal 0.7730104533627711 -0.6343932841636039 0
outer loop
vertex 233.8764979282197 -153.60204412821957 4
vertex 233.68995368154665 -153.82934895047094 4
vertex 233.6899536815719 -153.8293489504607 0
endloop
endfacet
facet normal 0.7730104533627711 -0.6343932841636039 0
outer loop
vertex 233.8764979282197 -153.60204412821957 4
vertex 233.6899536815719 -153.8293489504607 0
vertex 233.87649792819235 -153.60204412823657 0
endloop
endfacet
facet normal 0.8819212643483285 -0.47139673682604755 0
outer loop
vertex 233.68995368154665 -153.82934895047094 4
vertex 233.55133880123336 -154.0886791514525 4.000000000000002
vertex 233.55133880122105 -154.08867915146422 0
endloop
endfacet
facet normal 0.8819212643483285 -0.47139673682604755 0
outer loop
vertex 233.68995368154665 -153.82934895047094 4
vertex 233.55133880122105 -154.08867915146422 0
vertex 233.6899536815719 -153.8293489504607 0
endloop
endfacet
facet normal 0.9569403357322224 -0.2902846772544179 0
outer loop
vertex 233.55133880123336 -154.0886791514525 4.000000000000002
vertex 233.46598017939758 -154.37006881697653 4
vertex 233.46598017940383 -154.37006881697715 0
endloop
endfacet
facet normal 0.9569403357322224 -0.2902846772544179 0
outer loop
vertex 233.55133880123336 -154.0886791514525 4.000000000000002
vertex 233.46598017940383 -154.37006881697715 0
vertex 233.55133880122105 -154.08867915146422 0
endloop
endfacet
facet normal 0.9951847266721927 -0.09801714032960263 0
outer loop
vertex 233.46598017939758 -154.37006881697653 4
vertex 233.43715809999844 -154.66270429999986 4
vertex 233.43715809999765 -154.66270429999005 0
endloop
endfacet
facet normal 0.9951847266721927 -0.09801714032960263 0
outer loop
vertex 233.46598017939758 -154.37006881697653 4
vertex 233.43715809999765 -154.66270429999005 0
vertex 233.46598017940383 -154.37006881697715 0
endloop
endfacet
facet normal 0.9951847266721928 0.09801714032960264 0
outer loop
vertex 233.43715809999844 -154.66270429999986 4
vertex 233.46598017939772 -154.95533978302396 4.000000000000002
vertex 233.4659801793977 -154.9553397830343 0
endloop
endfacet
facet normal 0.9951847266721928 0.09801714032960264 0
outer loop
vertex 233.43715809999844 -154.66270429999986 4
vertex 233.4659801793977 -154.9553397830343 0
vertex 233.43715809999765 -154.66270429999005 0
endloop
endfacet
facet normal 0.9569403357322133 0.2902846772544479 0
outer loop
vertex 233.46598017939772 -154.95533978302396 4.000000000000002
vertex 233.55133880123353 -155.23672944854752 4
vertex 233.55133880124134 -155.2367294485733 0
endloop
endfacet
facet normal 0.9569403357322133 0.2902846772544479 0
outer loop
vertex 233.46598017939772 -154.95533978302396 4.000000000000002
vertex 233.55133880124134 -155.2367294485733 0
vertex 233.4659801793977 -154.9553397830343 0
endloop
endfacet
facet normal 0.881921264348342 0.47139673682602246 0
outer loop
vertex 233.55133880123353 -155.23672944854752 4
vertex 233.68995368154202 -155.49605964953173 4.000000000000002
vertex 233.6899536815422 -155.4960596495321 0
endloop
endfacet
facet normal 0.881921264348342 0.47139673682602246 0
outer loop
vertex 233.55133880123353 -155.23672944854752 4
vertex 233.6899536815422 -155.4960596495321 0
vertex 233.55133880124134 -155.2367294485733 0
endloop
endfacet
facet normal 0.7730104533627958 0.6343932841635738 0
outer loop
vertex 233.68995368154202 -155.49605964953173 4.000000000000002
vertex 233.87649792821645 -155.72336447178287 4
vertex 233.8764979281957 -155.7233644717576 0
endloop
endfacet
facet normal 0.7730104533627958 0.6343932841635738 0
outer loop
vertex 233.68995368154202 -155.49605964953173 4.000000000000002
vertex 233.8764979281957 -155.7233644717576 0
vertex 233.6899536815422 -155.4960596495321 0
endloop
endfacet
facet normal 0.634393284163582 0.7730104533627893 0
outer loop
vertex 233.87649792821645 -155.72336447178287 4
vertex 234.10380275047166 -155.90990871845253 4
vertex 234.1038027504679 -155.90990871844946 0
endloop
endfacet
facet normal 0.634393284163582 0.7730104533627893 0
outer loop
vertex 233.87649792821645 -155.72336447178287 4
vertex 234.1038027504679 -155.90990871844946 0
vertex 233.8764979281957 -155.7233644717576 0
endloop
endfacet
facet normal 0.47139673682602595 0.88192126434834 0
outer loop
vertex 234.10380275047166 -155.90990871845253 4
vertex 234.3631329514536 -156.04852359876466 4.000000000000002
vertex 234.36313295146786 -156.0485235987723 0
endloop
endfacet
facet normal 0.47139673682602595 0.88192126434834 0
outer loop
vertex 234.10380275047166 -155.90990871845253 4
vertex 234.36313295146786 -156.0485235987723 0
vertex 234.1038027504679 -155.90990871844946 0
endloop
endfacet
facet normal 0.2902846772544479 0.9569403357322133 0
outer loop
vertex 234.3631329514536 -156.04852359876466 4.000000000000002
vertex 234.64452261697562 -156.13388222060547 4
vertex 234.6445226169857 -156.1338822206085 0
endloop
endfacet
facet normal 0.2902846772544479 0.9569403357322133 0
outer loop
vertex 234.3631329514536 -156.04852359876466 4.000000000000002
vertex 234.6445226169857 -156.1338822206085 0
vertex 234.36313295146786 -156.0485235987723 0
endloop
endfacet
facet normal 0.09801714032957415 0.9951847266721956 0
outer loop
vertex 234.64452261697562 -156.13388222060547 4
vertex 234.93715809999975 -156.16270430000267 4
vertex 234.9371580999781 -156.16270430000054 0
endloop
endfacet
facet normal 0.09801714032957415 0.9951847266721956 0
outer loop
vertex 234.64452261697562 -156.13388222060547 4
vertex 234.9371580999781 -156.16270430000054 0
vertex 234.6445226169857 -156.1338822206085 0
endloop
endfacet
facet normal -0.09801714032957415 0.9951847266721956 0
outer loop
vertex 234.93715809999975 -156.16270430000267 4
vertex 235.22979358302405 -156.1338822206033 4
vertex 235.22979358302396 -156.1338822206085 0
endloop
endfacet
facet normal -0.09801714032957415 0.9951847266721956 0
outer loop
vertex 234.93715809999975 -156.16270430000267 4
vertex 235.22979358302396 -156.1338822206085 0
vertex 234.9371580999781 -156.16270430000054 0
endloop
endfacet
facet normal -0.29028467725447593 0.9569403357322048 0
outer loop
vertex 235.22979358302405 -156.1338822206033 4
vertex 235.5111832485472 -156.04852359876543 4.000000000000002
vertex 235.51118324855614 -156.0485235987723 0
endloop
endfacet
facet normal -0.29028467725447593 0.9569403357322048 0
outer loop
vertex 235.22979358302405 -156.1338822206033 4
vertex 235.51118324855614 -156.0485235987723 0
vertex 235.22979358302396 -156.1338822206085 0
endloop
endfacet
facet normal -0.4713967368260534 0.8819212643483252 0
outer loop
vertex 235.5111832485472 -156.04852359876543 4.000000000000002
vertex 235.77051344952952 -155.90990871845398 4
vertex 235.77051344952332 -155.90990871844946 0
endloop
endfacet
facet normal -0.4713967368260534 0.8819212643483252 0
outer loop
vertex 235.5111832485472 -156.04852359876543 4.000000000000002
vertex 235.77051344952332 -155.90990871844946 0
vertex 235.51118324855614 -156.0485235987723 0
endloop
endfacet
facet normal -0.63439328416359 0.7730104533627825 0
outer loop
vertex 235.77051344952952 -155.90990871845398 4
vertex 235.99781827177912 -155.72336447177895 4
vertex 235.9978182717854 -155.7233644717576 0
endloop
endfacet
facet normal -0.63439328416359 0.7730104533627825 0
outer loop
vertex 235.77051344952952 -155.90990871845398 4
vertex 235.9978182717854 -155.7233644717576 0
vertex 235.77051344952332 -155.90990871844946 0
endloop
endfacet
facet normal -0.7730104533627825 0.63439328416359 0
outer loop
vertex 235.99781827177912 -155.72336447177895 4
vertex 236.18436251845418 -155.49605964952968 4
vertex 236.18436251845264 -155.4960596495321 0
endloop
endfacet
facet normal -0.7730104533627825 0.63439328416359 0
outer loop
vertex 235.99781827177912 -155.72336447177895 4
vertex 236.18436251845264 -155.4960596495321 0
vertex 235.9978182717854 -155.7233644717576 0
endloop
endfacet
facet normal -0.8819212643483402 0.47139673682602534 0
outer loop
vertex 236.18436251845418 -155.49605964952968 4
vertex 236.3229773987669 -155.23672944854764 4
vertex 236.32297739877183 -155.2367294485733 0
endloop
endfacet
facet normal -0.8819212643483402 0.47139673682602534 0
outer loop
vertex 236.18436251845418 -155.49605964952968 4
vertex 236.32297739877183 -155.2367294485733 0
vertex 236.18436251845264 -155.4960596495321 0
endloop
endfacet
facet normal -0.9569403357322224 0.2902846772544179 0
outer loop
vertex 236.3229773987669 -155.23672944854764 4
vertex 236.40833602060374 -154.9553397830241 4
vertex 236.40833602060272 -154.9553397830343 0
endloop
endfacet
facet normal -0.9569403357322224 0.2902846772544179 0
outer loop
vertex 236.3229773987669 -155.23672944854764 4
vertex 236.40833602060272 -154.9553397830343 0
vertex 236.32297739877183 -155.2367294485733 0
endloop
endfacet
facet normal 0 0 1
outer loop
vertex 235.42488390504045 -157.11466750100806 4
vertex 235.89386668091282 -156.97240313127824 4
vertex 236.32608368254907 -156.7413783307563 4
endloop
endfacet
facet normal 0 0 1
outer loop
vertex 235.42488390504045 -157.11466750100806 4
vertex 236.32608368254907 -156.7413783307563 4
vertex 236.70492505296627 -156.43047125296633 4
endloop
endfacet
facet normal 0 0 1
outer loop
vertex 235.42488390504045 -157.11466750100806 4
vertex 236.70492505296627 -156.43047125296633 4
vertex 236.9246757121502 -156.16270430000057 4
endloop
endfacet
facet normal 0 0 1
outer loop
vertex 235.42488390504045 -157.11466750100806 4
vertex 236.9246757121502 -156.16270430000057 4
vertex 234.93715809999975 -156.16270430000267 4
endloop
endfacet
facet normal 0 0 1
outer loop
vertex 235.42488390504045 -157.11466750100806 4
vertex 234.93715809999975 -156.16270430000267 4
vertex 232.9496404878498 -156.16270430000057 4
endloop
endfacet
facet normal 0 0 1
outer loop
vertex 235.42488390504045 -157.11466750100806 4
vertex 232.9496404878498 -156.16270430000057 4
vertex 233.1693911470336 -156.43047125296633 4
endloop
endfacet
facet normal 0 0 1
outer loop
vertex 235.42488390504045 -157.11466750100806 4
vertex 233.1693911470336 -156.43047125296633 4
vertex 233.54823251745094 -156.7413783307563 4
endloop
endfacet
facet normal 0 0 1
outer loop
vertex 235.42488390504045 -157.11466750100806 4
vertex 233.54823251745094 -156.7413783307563 4
vertex 233.98044951908736 -156.97240313127824 4
endloop
endfacet
facet normal 0 0 1
outer loop
vertex 235.42488390504045 -157.11466750100806 4
vertex 233.98044951908736 -156.97240313127824 4
vertex 234.44943229495962 -157.11466750100806 4
endloop
endfacet
facet normal 0 0 1
outer loop
vertex 235.42488390504045 -157.11466750100806 4
vertex 234.44943229495962 -157.11466750100806 4
vertex 234.93715810000003 -157.16270429999997 4
endloop
endfacet
facet normal 0 0 1
outer loop
vertex 234.93715809999975 -156.16270430000267 4
vertex 234.64452261697562 -156.13388222060547 4
vertex 232.92598681858516 -156.13388222060547 4
endloop
endfacet
facet normal 0 0 1
outer loop
vertex 234.93715809999975 -156.16270430000267 4
vertex 232.92598681858516 -156.13388222060547 4
vertex 232.9496404878498 -156.16270430000057 4
endloop
endfacet
facet normal 0 0 1
outer loop
vertex 236.9246757121502 -156.16270430000057 4
vertex 236.94832938141482 -156.13388222060547 4
vertex 235.22979358302405 -156.1338822206033 4
endloop
endfacet
facet normal 0 0 1
outer loop
vertex 236.9246757121502 -156.16270430000057 4
vertex 235.22979358302405 -156.1338822206033 4
vertex 234.93715809999975 -156.16270430000267 4
endloop
endfacet
facet normal 0 0 1
outer loop
vertex 234.64452261697562 -156.13388222060547 4
vertex 234.3631329514536 -156.04852359876466 4.000000000000002
vertex 232.85682372597356 -156.04852359876466 4
endloop
endfacet
facet normal 0 0 1
outer loop
vertex 234.64452261697562 -156.13388222060547 4
vertex 232.85682372597356 -156.04852359876466 4
vertex 232.85848406924364 -156.051629882549 4
endloop
endfacet
facet normal 0 0 1
outer loop
vertex 234.64452261697562 -156.13388222060547 4
vertex 232.85848406924364 -156.051629882549 4
vertex 232.92598681858516 -156.13388222060547 4
endloop
endfacet
facet normal 0 0 1
outer loop
vertex 236.94832938141482 -156.13388222060547 4
vertex 237.01583213075637 -156.051629882549 4
vertex 237.01749247402645 -156.04852359876466 4
endloop
endfacet
facet normal 0 0 1
outer loop
vertex 236.94832938141482 -156.13388222060547 4
vertex 237.01749247402645 -156.04852359876466 4
vertex 235.5111832485472 -156.04852359876543 4.000000000000002
endloop
endfacet
facet normal 0 0 1
outer loop
vertex 236.94832938141482 -156.13388222060547 4
vertex 235.5111832485472 -156.04852359876543 4.000000000000002
vertex 235.22979358302405 -156.1338822206033 4
endloop
endfacet
facet normal 0 0 1
outer loop
vertex 234.3631329514536 -156.04852359876466 4.000000000000002
vertex 234.10380275047166 -155.90990871845253 4
vertex 232.78273252883253 -155.90990871845253 4
endloop
endfacet
facet normal 0 0 1
outer loop
vertex 234.3631329514536 -156.04852359876466 4.000000000000002
vertex 232.78273252883253 -155.90990871845253 4
vertex 232.85682372597356 -156.04852359876466 4
endloop
endfacet
facet normal 0 0 1
outer loop
vertex 237.01749247402645 -156.04852359876466 4
vertex 237.0915836711675 -155.90990871845253 4
vertex 235.77051344952952 -155.90990871845398 4
endloop
endfacet
facet normal 0 0 1
outer loop
vertex 237.01749247402645 -156.04852359876466 4
vertex 235.77051344952952 -155.90990871845398 4
vertex 235.5111832485472 -156.04852359876543 4.000000000000002
endloop
endfacet
facet normal 0 0 1
outer loop
vertex 234.10380275047166 -155.90990871845253 4
vertex 233.87649792821645 -155.72336447178287 4
vertex 232.68302255162814 -155.72336447178287 4
endloop
endfacet
facet normal 0 0 1
outer loop
vertex 234.10380275047166 -155.90990871845253 4
vertex 232.68302255162814 -155.72336447178287 4
vertex 232.78273252883253 -155.90990871845253 4
endloop
endfacet
facet normal 0 0 1
outer loop
vertex 237.0915836711675 -155.90990871845253 4
vertex 237.19129364837198 -155.72336447178287 4
vertex 235.99781827177912 -155.72336447177895 4
endloop
endfacet
facet normal 0 0 1
outer loop
vertex 237.0915836711675 -155.90990871845253 4
vertex 235.99781827177912 -155.72336447177895 4
vertex 235.77051344952952 -155.90990871845398 4
endloop
endfacet
facet normal 0 0 1
outer loop
vertex 233.87649792821645 -155.72336447178287 4
vertex 233.68995368154202 -155.49605964953173 4.000000000000002
vertex 232.59004047507023 -155.49605964953173 4
endloop
endfacet
facet normal 0 0 1
outer loop
vertex 233.87649792821645 -155.72336447178287 4
vertex 232.59004047507023 -155.49605964953173 4
vertex 232.62745926872185 -155.61941288091285 4
endloop
endfacet
facet normal 0 0 1
outer loop
vertex 233.87649792821645 -155.72336447178287 4
vertex 232.62745926872185 -155.61941288091285 4
vertex 232.68302255162814 -155.72336447178287 4
endloop
endfacet
facet normal 0 0 1
outer loop
vertex 237.19129364837198 -155.72336447178287 4
vertex 237.2468569312783 -155.61941288091285 4
vertex 237.28427572492987 -155.49605964953173 4
endloop
endfacet
facet normal 0 0 1
outer loop
vertex 237.19129364837198 -155.72336447178287 4
vertex 237.28427572492987 -155.49605964953173 4
vertex 236.18436251845418 -155.49605964952968 4
endloop
endfacet
facet normal 0 0 1
outer loop
vertex 237.19129364837198 -155.72336447178287 4
vertex 236.18436251845418 -155.49605964952968 4
vertex 235.99781827177912 -155.72336447177895 4
endloop
endfacet
facet normal 0 0 1
outer loop
vertex 233.68995368154202 -155.49605964953173 4.000000000000002
vertex 233.55133880123353 -155.23672944854752 4
vertex 232.51137351865017 -155.23672944854752 4
endloop
endfacet
facet normal 0 0 1
outer loop
vertex 233.68995368154202 -155.49605964953173 4.000000000000002
vertex 232.51137351865017 -155.23672944854752 4
vertex 232.59004047507023 -155.49605964953173 4
endloop
endfacet
facet normal 0 0 1
outer loop
vertex 237.28427572492987 -155.49605964953173 4
vertex 237.3629426813498 -155.23672944854752 4
vertex 236.3229773987669 -155.23672944854764 4
endloop
endfacet
facet normal 0 0 1
outer loop
vertex 237.28427572492987 -155.49605964953173 4
vertex 236.3229773987669 -155.23672944854764 4
vertex 236.18436251845418 -155.49605964952968 4
endloop
endfacet
facet normal 0 0 1
outer loop
vertex 233.55133880123353 -155.23672944854752 4
vertex 233.46598017939772 -154.95533978302396 4.000000000000002
vertex 232.46598017939615 -154.95533978302396 4
endloop
endfacet
facet normal 0 0 1
outer loop
vertex 233.55133880123353 -155.23672944854752 4
vertex 232.46598017939615 -154.95533978302396 4
vertex 232.48519489899192 -155.15043010504027 4
endloop
endfacet
facet normal 0 0 1
outer loop
vertex 233.55133880123353 -155.23672944854752 4
vertex 232.48519489899192 -155.15043010504027 4
vertex 232.51137351865017 -155.23672944854752 4
endloop
endfacet
facet normal 0 0 1
outer loop
vertex 237.3629426813498 -155.23672944854752 4
vertex 237.38912130100803 -155.15043010504027 4
vertex 237.40833602060383 -154.95533978302396 4
endloop
endfacet
facet normal 0 0 1
outer loop
vertex 237.3629426813498 -155.23672944854752 4
vertex 237.40833602060383 -154.95533978302396 4
vertex 236.40833602060374 -154.9553397830241 4
endloop
endfacet
facet normal 0 0 1
outer loop
vertex 237.3629426813498 -155.23672944854752 4
vertex 236.40833602060374 -154.9553397830241 4
vertex 236.3229773987669 -155.23672944854764 4
endloop
endfacet
facet normal 0 0 1
outer loop
vertex 233.46598017939772 -154.95533978302396 4.000000000000002
vertex 233.43715809999844 -154.66270429999986 4
vertex 232.4371581 -154.66270430000003 4
endloop
endfacet
facet normal 0 0 1
outer loop
vertex 233.46598017939772 -154.95533978302396 4.000000000000002
vertex 232.4371581 -154.66270430000003 4
vertex 232.46598017939615 -154.95533978302396 4
endloop
endfacet
facet normal 0 0 1
outer loop
vertex 237.40833602060383 -154.95533978302396 4
vertex 237.4371581 -154.66270430000003 4
vertex 236.4371580999989 -154.66270429999992 4
endloop
endfacet
facet normal 0 0 1
outer loop
vertex 237.40833602060383 -154.95533978302396 4
vertex 236.4371580999989 -154.66270429999992 4
vertex 236.40833602060374 -154.9553397830241 4
endloop
endfacet
facet normal 0 0 1
outer loop
vertex 233.43715809999844 -154.66270429999986 4
vertex 233.46598017939758 -154.37006881697653 4
vertex 232.46598017939502 -154.37006881697653 4
endloop
endfacet
facet normal 0 0 1
outer loop
vertex 233.43715809999844 -154.66270429999986 4
vertex 232.46598017939502 -154.37006881697653 4
vertex 232.4371581 -154.66270430000003 4
endloop
endfacet
facet normal 0 0 1
outer loop
vertex 237.4371581 -154.66270430000003 4
vertex 237.40833602060502 -154.37006881697653 4
vertex 236.40833602060576 -154.37006881697576 4.000000000000002
endloop
endfacet
facet normal 0 0 1
outer loop
vertex 237.4371581 -154.66270430000003 4
vertex 236.40833602060576 -154.37006881697576 4.000000000000002
vertex 236.4371580999989 -154.66270429999992 4
endloop
endfacet
facet normal 0 0 1
outer loop
vertex 233.46598017939758 -154.37006881697653 4
vertex 233.55133880123336 -154.0886791514525 4.000000000000002
vertex 232.51137351863878 -154.0886791514525 4
endloop
endfacet
facet normal 0 0 1
outer loop
vertex 233.46598017939758 -154.37006881697653 4
vertex 232.51137351863878 -154.0886791514525 4
vertex 232.48519489899195 -154.17497849495987 4
endloop
endfacet
facet normal 0 0 1
outer loop
vertex 233.46598017939758 -154.37006881697653 4
vertex 232.48519489899195 -154.17497849495987 4
vertex 232.46598017939502 -154.37006881697653 4
endloop
endfacet
facet normal 0 0 1
outer loop
vertex 237.40833602060502 -154.37006881697653 4
vertex 237.38912130100812 -154.17497849495987 4
vertex 237.3629426813613 -154.0886791514525 4
endloop
endfacet
facet normal 0 0 1
outer loop
vertex 237.40833602060502 -154.37006881697653 4
vertex 237.3629426813613 -154.0886791514525 4
vertex 236.32297739876742 -154.08867915145223 4
endloop
endfacet
facet normal 0 0 1
outer loop
vertex 237.40833602060502 -154.37006881697653 4
vertex 236.32297739876742 -154.08867915145223 4
vertex 236.40833602060576 -154.37006881697576 4.000000000000002
endloop
endfacet
facet normal 0 0 1
outer loop
vertex 233.55133880123336 -154.0886791514525 4.000000000000002
vertex 233.68995368154665 -153.82934895047094 4
vertex 232.59004047507247 -153.82934895047094 4
endloop
endfacet
facet normal 0 0 1
outer loop
vertex 233.55133880123336 -154.0886791514525 4.000000000000002
vertex 232.59004047507247 -153.82934895047094 4
vertex 232.51137351863878 -154.0886791514525 4
endloop
endfacet
facet normal 0 0 1
outer loop
vertex 237.3629426813613 -154.0886791514525 4
vertex 237.28427572492754 -153.82934895047094 4
vertex 236.18436251845216 -153.82934895047157 4.000000000000002
endloop
endfacet
facet normal 0 0 1
outer loop
vertex 237.3629426813613 -154.0886791514525 4
vertex 236.18436251845216 -153.82934895047157 4.000000000000002
vertex 236.32297739876742 -154.08867915145223 4
endloop
endfacet
facet normal 0 0 1
outer loop
vertex 233.68995368154665 -153.82934895047094 4
vertex 233.8764979282197 -153.60204412821957 4
vertex 232.6830225516313 -153.60204412821957 4
endloop
endfacet
facet normal 0 0 1
outer loop
vertex 233.68995368154665 -153.82934895047094 4
vertex 232.6830225516313 -153.60204412821957 4
vertex 232.62745926872182 -153.70599571908727 4
endloop
endfacet
facet normal 0 0 1
outer loop
vertex 233.68995368154665 -153.82934895047094 4
vertex 232.62745926872182 -153.70599571908727 4
vertex 232.59004047507247 -153.82934895047094 4
endloop
endfacet
facet normal 0 0 1
outer loop
vertex 237.28427572492754 -153.82934895047094 4
vertex 237.2468569312782 -153.70599571908727 4
vertex 237.1912936483687 -153.60204412821957 4
endloop
endfacet
facet normal 0 0 1
outer loop
vertex 237.28427572492754 -153.82934895047094 4
vertex 237.1912936483687 -153.60204412821957 4
vertex 235.99781827178023 -153.6020441282199 4
endloop
endfacet
facet normal 0 0 1
outer loop
vertex 237.28427572492754 -153.82934895047094 4
vertex 235.99781827178023 -153.6020441282199 4
vertex 236.18436251845216 -153.82934895047157 4.000000000000002
endloop
endfacet
facet normal 0 0 1
outer loop
vertex 172.98772580504033 -154.45196320100806 4
vertex 173.45670858091268 -154.30969883127824 4
vertex 173.88892558254892 -154.07867403075645 4
endloop
endfacet
facet normal 0 0 1
outer loop
vertex 172.98772580504033 -154.45196320100806 4
vertex 173.88892558254892 -154.07867403075645 4
vertex 174.26776695296635 -153.76776695296638 4
endloop
endfacet
facet normal 0 0 1
outer loop
vertex 172.98772580504033 -154.45196320100806 4
vertex 174.26776695296635 -153.76776695296638 4
vertex 174.4875176121507 -153.4999999999999 4
endloop
endfacet
facet normal 0 0 1
outer loop
vertex 172.98772580504033 -154.45196320100806 4
vertex 174.4875176121507 -153.4999999999999 4
vertex 172.49999999999986 -153.5000000000016 4
endloop
endfacet
facet normal 0 0 1
outer loop
vertex 172.98772580504033 -154.45196320100806 4
vertex 172.49999999999986 -153.5000000000016 4
vertex 170.51248238784922 -153.4999999999999 4
endloop
endfacet
facet normal 0 0 1
outer loop
vertex 172.98772580504033 -154.45196320100806 4
vertex 170.51248238784922 -153.4999999999999 4
vertex 170.73223304703367 -153.76776695296638 4
endloop
endfacet
facet normal 0 0 1
outer loop
vertex 172.98772580504033 -154.45196320100806 4
vertex 170.73223304703367 -153.76776695296638 4
vertex 171.1110744174511 -154.07867403075645 4
endloop
endfacet
facet normal 0 0 1
outer loop
vertex 172.98772580504033 -154.45196320100806 4
vertex 171.1110744174511 -154.07867403075645 4
vertex 171.54329141908727 -154.30969883127824 4
endloop
endfacet
facet normal 0 0 1
outer loop
vertex 172.98772580504033 -154.45196320100806 4
vertex 171.54329141908727 -154.30969883127824 4
vertex 172.0122741949595 -154.45196320100806 4
endloop
endfacet
facet normal 0 0 1
outer loop
vertex 172.98772580504033 -154.45196320100806 4
vertex 172.0122741949595 -154.45196320100806 4
vertex 172.49999999999994 -154.5 4
endloop
endfacet
facet normal 0 0 1
outer loop
vertex 172.49999999999986 -153.5000000000016 4
vertex 172.2073645169757 -153.47117792060533 4
vertex 170.48882871858387 -153.47117792060533 4
endloop
endfacet
facet normal 0 0 1
outer loop
vertex 172.49999999999986 -153.5000000000016 4
vertex 170.48882871858387 -153.47117792060533 4
vertex 170.51248238784922 -153.4999999999999 4
endloop
endfacet
facet normal 0 0 1
outer loop
vertex 174.4875176121507 -153.4999999999999 4
vertex 174.51117128141604 -153.47117792060533 4
vertex 172.79263548302401 -153.47117792060303 4
endloop
endfacet
facet normal 0 0 1
outer loop
vertex 174.4875176121507 -153.4999999999999 4
vertex 172.79263548302401 -153.47117792060303 4
vertex 172.49999999999986 -153.5000000000016 4
endloop
endfacet
facet normal 0 0 1
outer loop
vertex 233.8764979282197 -153.60204412821957 4
vertex 234.10380275047038 -153.41549988154583 4
vertex 232.78273252883767 -153.41549988154583 4
endloop
endfacet
facet normal 0 0 1
outer loop
vertex 233.8764979282197 -153.60204412821957 4
vertex 232.78273252883767 -153.41549988154583 4
vertex 232.6830225516313 -153.60204412821957 4
endloop
endfacet
facet normal 0 0 1
outer loop
vertex 237.1912936483687 -153.60204412821957 4
vertex 237.09158367116234 -153.41549988154583 4
vertex 235.77051344952704 -153.4154998815491 4
endloop
endfacet
facet normal 0 0 1
outer loop
vertex 237.1912936483687 -153.60204412821957 4
vertex 235.77051344952704 -153.4154998815491 4
vertex 235.99781827178023 -153.6020441282199 4
endloop
endfacet
facet normal 0 0 1
outer loop
vertex 172.2073645169757 -153.47117792060533 4
vertex 171.92597485145194 -153.38581929876773 4
vertex 170.41966562597062 -153.38581929876773 4
endloop
endfacet
facet normal 0 0 1
outer loop
vertex 172.2073645169757 -153.47117792060533 4
vertex 170.41966562597062 -153.38581929876773 4
vertex 170.42132596924358 -153.38892558254892 4
endloop
endfacet
facet normal 0 0 1
outer loop
vertex 172.2073645169757 -153.47117792060533 4
vertex 170.42132596924358 -153.38892558254892 4
vertex 170.48882871858387 -153.47117792060533 4
endloop
endfacet
facet normal 0 0 1
outer loop
vertex 174.51117128141604 -153.47117792060533 4
vertex 174.57867403075633 -153.38892558254892 4
vertex 174.5803343740293 -153.38581929876773 4
endloop
endfacet
facet normal 0 0 1
outer loop
vertex 174.51117128141604 -153.47117792060533 4
vertex 174.5803343740293 -153.38581929876773 4
vertex 173.07402514854758 -153.38581929876665 4
endloop
endfacet
facet normal 0 0 1
outer loop
vertex 174.51117128141604 -153.47117792060533 4
vertex 173.07402514854758 -153.38581929876665 4
vertex 172.79263548302401 -153.47117792060303 4
endloop
endfacet
facet normal 0 0 1
outer loop
vertex 234.10380275047038 -153.41549988154583 4
vertex 234.36313295145223 -153.2768850012326 4
vertex 232.85682372597086 -153.2768850012326 4
endloop
endfacet
facet normal 0 0 1
outer loop
vertex 234.10380275047038 -153.41549988154583 4
vertex 232.85682372597086 -153.2768850012326 4
vertex 232.78273252883767 -153.41549988154583 4
endloop
endfacet
facet normal 0 0 1
outer loop
vertex 237.09158367116234 -153.41549988154583 4
vertex 237.01749247402913 -153.2768850012326 4
vertex 235.51118324854707 -153.27688500123406 4
endloop
endfacet
facet normal 0 0 1
outer loop
vertex 237.09158367116234 -153.41549988154583 4
vertex 235.51118324854707 -153.27688500123406 4
vertex 235.77051344952704 -153.4154998815491 4
endloop
endfacet
facet normal 0 0 1
outer loop
vertex 171.92597485145194 -153.38581929876773 4
vertex 171.66664465047026 -153.24720441845426 4.000000000000002
vertex 170.34557442883568 -153.24720441845426 4
endloop
endfacet
facet normal 0 0 1
outer loop
vertex 171.92597485145194 -153.38581929876773 4
vertex 170.34557442883568 -153.24720441845426 4
vertex 170.41966562597062 -153.38581929876773 4
endloop
endfacet
facet normal 0 0 1
outer loop
vertex 174.5803343740293 -153.38581929876773 4
vertex 174.65442557116427 -153.24720441845426 4
vertex 173.33335534952928 -153.24720441845363 4
endloop
endfacet
facet normal 0 0 1
outer loop
vertex 174.5803343740293 -153.38581929876773 4
vertex 173.33335534952928 -153.24720441845363 4
vertex 173.07402514854758 -153.38581929876665 4
endloop
endfacet
facet normal 0 0 1
outer loop
vertex 234.36313295145223 -153.2768850012326 4
vertex 234.64452261697562 -153.191526379393 4
vertex 232.9259868185813 -153.191526379393 4
endloop
endfacet
facet normal 0 0 1
outer loop
vertex 234.36313295145223 -153.2768850012326 4
vertex 232.9259868185813 -153.191526379393 4
vertex 232.85848406924364 -153.27377871745102 4
endloop
endfacet
facet normal 0 0 1
outer loop
vertex 234.36313295145223 -153.2768850012326 4
vertex 232.85848406924364 -153.27377871745102 4
vertex 232.85682372597086 -153.2768850012326 4
endloop
endfacet
facet normal 0 0 1
outer loop
vertex 237.01749247402913 -153.2768850012326 4
vertex 237.01583213075634 -153.27377871745102 4
vertex 236.94832938141863 -153.191526379393 4
endloop
endfacet
facet normal 0 0 1
outer loop
vertex 237.01749247402913 -153.2768850012326 4
vertex 236.94832938141863 -153.191526379393 4
vertex 235.22979358302402 -153.19152637939578 4
endloop
endfacet
facet normal 0 0 1
outer loop
vertex 237.01749247402913 -153.2768850012326 4
vertex 235.22979358302402 -153.19152637939578 4
vertex 235.51118324854707 -153.27688500123406 4
endloop
endfacet
facet normal 0 0 1
outer loop
vertex 234.64452261697562 -153.191526379393 4
vertex 234.93715809999992 -153.16270430000088 4
vertex 232.94964048784982 -153.16270430000088 4
endloop
endfacet
facet normal 0 0 1
outer loop
vertex 234.64452261697562 -153.191526379393 4
vertex 232.94964048784982 -153.16270430000088 4
vertex 232.9259868185813 -153.191526379393 4
endloop
endfacet
facet normal 0 0 1
outer loop
vertex 236.94832938141863 -153.191526379393 4
vertex 236.9246757121501 -153.16270430000088 4
vertex 234.93715809999992 -153.16270430000088 4
endloop
endfacet
facet normal 0 0 1
outer loop
vertex 236.94832938141863 -153.191526379393 4
vertex 234.93715809999992 -153.16270430000088 4
vertex 235.22979358302402 -153.19152637939578 4
endloop
endfacet
facet normal 0 0 1
outer loop
vertex 171.66664465047026 -153.24720441845426 4.000000000000002
vertex 171.4393398282152 -153.06066017178392 4
vertex 170.24586445163004 -153.06066017178392 4
endloop
endfacet
facet normal 0 0 1
outer loop
vertex 171.66664465047026 -153.24720441845426 4.000000000000002
vertex 170.24586445163004 -153.06066017178392 4
vertex 170.34557442883568 -153.24720441845426 4
endloop
endfacet
facet normal 0 0 1
outer loop
vertex 174.65442557116427 -153.24720441845426 4
vertex 174.75413554836993 -153.06066017178392 4
vertex 173.5606601717795 -153.06066017177946 4
endloop
endfacet
facet normal 0 0 1
outer loop
vertex 174.65442557116427 -153.24720441845426 4
vertex 173.5606601717795 -153.06066017177946 4
vertex 173.33335534952928 -153.24720441845363 4
endloop
endfacet
facet normal 0 0 1
outer loop
vertex 171.4393398282152 -153.06066017178392 4
vertex 171.25279558154915 -152.83335534952784 4.000000000000002
vertex 170.15288237508224 -152.83335534952784 4
endloop
endfacet
facet normal 0 0 1
outer loop
vertex 171.4393398282152 -153.06066017178392 4
vertex 170.15288237508224 -152.83335534952784 4
vertex 170.1903011687218 -152.95670858091276 4
endloop
endfacet
facet normal 0 0 1
outer loop
vertex 171.4393398282152 -153.06066017178392 4
vertex 170.1903011687218 -152.95670858091276 4
vertex 170.24586445163004 -153.06066017178392 4
endloop
endfacet
facet normal 0 0 1
outer loop
vertex 174.75413554836993 -153.06066017178392 4
vertex 174.8096988312782 -152.95670858091276 4
vertex 174.84711762491773 -152.83335534952784 4
endloop
endfacet
facet normal 0 0 1
outer loop
vertex 174.75413554836993 -153.06066017178392 4
vertex 174.84711762491773 -152.83335534952784 4
vertex 173.74720441845383 -152.8333553495294 4
endloop
endfacet
facet normal 0 0 1
outer loop
vertex 174.75413554836993 -153.06066017178392 4
vertex 173.74720441845383 -152.8333553495294 4
vertex 173.5606601717795 -153.06066017177946 4
endloop
endfacet
facet normal 0 0 1
outer loop
vertex 171.25279558154915 -152.83335534952784 4.000000000000002
vertex 171.11418070123347 -152.57402514854752 4
vertex 170.07421541863798 -152.57402514854752 4
endloop
endfacet
facet normal 0 0 1
outer loop
vertex 171.25279558154915 -152.83335534952784 4.000000000000002
vertex 170.07421541863798 -152.57402514854752 4
vertex 170.15288237508224 -152.83335534952784 4
endloop
endfacet
facet normal 0 0 1
outer loop
vertex 174.84711762491773 -152.83335534952784 4
vertex 174.92578458136197 -152.57402514854752 4
vertex 173.8858192987674 -152.5740251485479 4
endloop
endfacet
facet normal 0 0 1
outer loop
vertex 174.84711762491773 -152.83335534952784 4
vertex 173.8858192987674 -152.5740251485479 4
vertex 173.74720441845383 -152.8333553495294 4
endloop
endfacet
facet normal 0 0 1
outer loop
vertex 171.11418070123347 -152.57402514854752 4
vertex 171.02882207939655 -152.2926354830241 4
vertex 170.02882207939558 -152.2926354830241 4
endloop
endfacet
facet normal 0 0 1
outer loop
vertex 171.11418070123347 -152.57402514854752 4
vertex 170.02882207939558 -152.2926354830241 4
vertex 170.0480367989919 -152.48772580504027 4
endloop
endfacet
facet normal 0 0 1
outer loop
vertex 171.11418070123347 -152.57402514854752 4
vertex 170.0480367989919 -152.48772580504027 4
vertex 170.07421541863798 -152.57402514854752 4
endloop
endfacet
facet normal 0 0 1
outer loop
vertex 174.92578458136197 -152.57402514854752 4
vertex 174.95196320100806 -152.48772580504027 4
vertex 174.97117792060436 -152.2926354830241 4
endloop
endfacet
facet normal 0 0 1
outer loop
vertex 174.92578458136197 -152.57402514854752 4
vertex 174.97117792060436 -152.2926354830241 4
vertex 173.9711779206039 -152.2926354830241 4
endloop
endfacet
facet normal 0 0 1
outer loop
vertex 174.92578458136197 -152.57402514854752 4
vertex 173.9711779206039 -152.2926354830241 4
vertex 173.8858192987674 -152.5740251485479 4
endloop
endfacet
facet normal 0 0 1
outer loop
vertex 234.93715809999992 -153.16270430000088 4
vertex 236.9246757121501 -153.16270430000088 4
vertex 236.70492505296622 -152.89493734703353 4
endloop
endfacet
facet normal 0 0 1
outer loop
vertex 234.93715809999992 -153.16270430000088 4
vertex 236.70492505296622 -152.89493734703353 4
vertex 236.32608368254904 -152.58403026924367 4
endloop
endfacet
facet normal 0 0 1
outer loop
vertex 234.93715809999992 -153.16270430000088 4
vertex 236.32608368254904 -152.58403026924367 4
vertex 235.8938666809126 -152.35300546872173 4
endloop
endfacet
facet normal 0 0 1
outer loop
vertex 234.93715809999992 -153.16270430000088 4
vertex 235.8938666809126 -152.35300546872173 4
vertex 235.42488390504036 -152.21074109899192 4
endloop
endfacet
facet normal 0 0 1
outer loop
vertex 234.93715809999992 -153.16270430000088 4
vertex 235.42488390504036 -152.21074109899192 4
vertex 234.93715809999992 -152.1627043 4
endloop
endfacet
facet normal 0 0 1
outer loop
vertex 234.93715809999992 -153.16270430000088 4
vertex 234.93715809999992 -152.1627043 4
vertex 234.4494322949599 -152.21074109899192 4
endloop
endfacet
facet normal 0 0 1
outer loop
vertex 234.93715809999992 -153.16270430000088 4
vertex 234.4494322949599 -152.21074109899192 4
vertex 233.9804495190871 -152.35300546872173 4
endloop
endfacet
facet normal 0 0 1
outer loop
vertex 234.93715809999992 -153.16270430000088 4
vertex 233.9804495190871 -152.35300546872173 4
vertex 233.54823251745105 -152.58403026924367 4
endloop
endfacet
facet normal 0 0 1
outer loop
vertex 234.93715809999992 -153.16270430000088 4
vertex 233.54823251745105 -152.58403026924367 4
vertex 233.16939114703354 -152.89493734703353 4
endloop
endfacet
facet normal 0 0 1
outer loop
vertex 234.93715809999992 -153.16270430000088 4
vertex 233.16939114703354 -152.89493734703353 4
vertex 232.94964048784982 -153.16270430000088 4
endloop
endfacet
facet normal 0 0 1
outer loop
vertex 171.02882207939655 -152.2926354830241 4
vertex 170.99999999999918 -151.9999999999999 4
vertex 170 -152.00000000000017 4
endloop
endfacet
facet normal 0 0 1
outer loop
vertex 171.02882207939655 -152.2926354830241 4
vertex 170 -152.00000000000017 4
vertex 170.02882207939558 -152.2926354830241 4
endloop
endfacet
facet normal 0 0 1
outer loop
vertex 174.97117792060436 -152.2926354830241 4
vertex 174.99999999999997 -152.00000000000017 4
vertex 173.99999999999906 -151.99999999999991 4
endloop
endfacet
facet normal 0 0 1
outer loop
vertex 174.97117792060436 -152.2926354830241 4
vertex 173.99999999999906 -151.99999999999991 4
vertex 173.9711779206039 -152.2926354830241 4
endloop
endfacet
facet normal 0 0 1
outer loop
vertex 170.99999999999918 -151.9999999999999 4
vertex 171.02882207939487 -151.70736451697576 4
vertex 170.0288220793947 -151.70736451697576 4
endloop
endfacet
facet normal 0 0 1
outer loop
vertex 170.99999999999918 -151.9999999999999 4
vertex 170.0288220793947 -151.70736451697576 4
vertex 170 -152.00000000000017 4
endloop
endfacet
facet normal 0 0 1
outer loop
vertex 174.99999999999997 -152.00000000000017 4
vertex 174.97117792060527 -151.70736451697576 4
vertex 173.9711779206063 -151.7073645169757 4
endloop
endfacet
facet normal 0 0 1
outer loop
vertex 174.99999999999997 -152.00000000000017 4
vertex 173.9711779206063 -151.7073645169757 4
vertex 173.99999999999906 -151.99999999999991 4
endloop
endfacet
facet normal 0 0 1
outer loop
vertex 171.02882207939487 -151.70736451697576 4
vertex 171.11418070123375 -151.4259748514527 4
vertex 170.07421541864016 -151.4259748514527 4
endloop
endfacet
facet normal 0 0 1
outer loop
vertex 171.02882207939487 -151.70736451697576 4
vertex 170.07421541864016 -151.4259748514527 4
vertex 170.04803679899194 -151.51227419495962 4
endloop
endfacet
facet normal 0 0 1
outer loop
vertex 171.02882207939487 -151.70736451697576 4
vertex 170.04803679899194 -151.51227419495962 4
vertex 170.0288220793947 -151.70736451697576 4
endloop
endfacet
facet normal 0 0 1
outer loop
vertex 174.97117792060527 -151.70736451697576 4
vertex 174.95196320100803 -151.51227419495962 4
vertex 174.9257845813598 -151.4259748514527 4
endloop
endfacet
facet normal 0 0 1
outer loop
vertex 174.97117792060527 -151.70736451697576 4
vertex 174.9257845813598 -151.4259748514527 4
vertex 173.8858192987674 -151.42597485145225 4
endloop
endfacet
facet normal 0 0 1
outer loop
vertex 174.97117792060527 -151.70736451697576 4
vertex 173.8858192987674 -151.42597485145225 4
vertex 173.9711779206063 -151.7073645169757 4
endloop
endfacet
facet normal 0 0 1
outer loop
vertex 171.11418070123375 -151.4259748514527 4
vertex 171.25279558154597 -151.16664465047043 4
vertex 170.1528823750748 -151.16664465047043 4
endloop
endfacet
facet normal 0 0 1
outer loop
vertex 171.11418070123375 -151.4259748514527 4
vertex 170.1528823750748 -151.16664465047043 4
vertex 170.07421541864016 -151.4259748514527 4
endloop
endfacet
facet normal 0 0 1
outer loop
vertex 174.9257845813598 -151.4259748514527 4
vertex 174.84711762492523 -151.16664465047043 4
vertex 173.74720441845295 -151.16664465047114 4.000000000000002
endloop
endfacet
facet normal 0 0 1
outer loop
vertex 174.9257845813598 -151.4259748514527 4
vertex 173.74720441845295 -151.16664465047114 4.000000000000002
vertex 173.8858192987674 -151.42597485145225 4
endloop
endfacet
facet normal 0 0 1
outer loop
vertex 171.25279558154597 -151.16664465047043 4
vertex 171.4393398282199 -150.93933982821983 4
vertex 170.245864451634 -150.93933982821983 4
endloop
endfacet
facet normal 0 0 1
outer loop
vertex 171.25279558154597 -151.16664465047043 4
vertex 170.245864451634 -150.93933982821983 4
vertex 170.1903011687218 -151.04329141908738 4
endloop
endfacet
facet normal 0 0 1
outer loop
vertex 171.25279558154597 -151.16664465047043 4
vertex 170.1903011687218 -151.04329141908738 4
vertex 170.1528823750748 -151.16664465047043 4
endloop
endfacet
facet normal 0 0 1
outer loop
vertex 174.84711762492523 -151.16664465047043 4
vertex 174.80969883127827 -151.04329141908738 4
vertex 174.75413554836607 -150.93933982821983 4
endloop
endfacet
facet normal 0 0 1
outer loop
vertex 174.84711762492523 -151.16664465047043 4
vertex 174.75413554836607 -150.93933982821983 4
vertex 173.56066017178213 -150.9393398282183 4
endloop
endfacet
facet normal 0 0 1
outer loop
vertex 174.84711762492523 -151.16664465047043 4
vertex 173.56066017178213 -150.9393398282183 4
vertex 173.74720441845295 -151.16664465047114 4.000000000000002
endloop
endfacet
facet normal 0 0 1
outer loop
vertex 171.4393398282199 -150.93933982821983 4
vertex 171.66664465047083 -150.75279558154665 4
vertex 170.34557442883315 -150.75279558154665 4
endloop
endfacet
facet normal 0 0 1
outer loop
vertex 171.4393398282199 -150.93933982821983 4
vertex 170.34557442883315 -150.75279558154665 4
vertex 170.245864451634 -150.93933982821983 4
endloop
endfacet
facet normal 0 0 1
outer loop
vertex 174.75413554836607 -150.93933982821983 4
vertex 174.65442557116688 -150.75279558154665 4
vertex 173.33335534952914 -150.75279558154654 4
endloop
endfacet
facet normal 0 0 1
outer loop
vertex 174.75413554836607 -150.93933982821983 4
vertex 173.33335534952914 -150.75279558154654 4
vertex 173.56066017178213 -150.9393398282183 4
endloop
endfacet
facet normal 0 0 1
outer loop
vertex 171.66664465047083 -150.75279558154665 4
vertex 171.92597485145228 -150.61418070123275 4
vertex 170.41966562597125 -150.61418070123275 4
endloop
endfacet
facet normal 0 0 1
outer loop
vertex 171.66664465047083 -150.75279558154665 4
vertex 170.41966562597125 -150.61418070123275 4
vertex 170.34557442883315 -150.75279558154665 4
endloop
endfacet
facet normal 0 0 1
outer loop
vertex 174.65442557116688 -150.75279558154665 4
vertex 174.58033437402878 -150.61418070123275 4
vertex 173.07402514854704 -150.61418070123423 4
endloop
endfacet
facet normal 0 0 1
outer loop
vertex 174.65442557116688 -150.75279558154665 4
vertex 173.07402514854704 -150.61418070123423 4
vertex 173.33335534952914 -150.75279558154654 4
endloop
endfacet
facet normal 0 0 1
outer loop
vertex 171.92597485145228 -150.61418070123275 4
vertex 172.20736451697573 -150.52882207939396 4
vertex 170.48882871858103 -150.52882207939396 4
endloop
endfacet
facet normal 0 0 1
outer loop
vertex 171.92597485145228 -150.61418070123275 4
vertex 170.48882871858103 -150.52882207939396 4
vertex 170.42132596924367 -150.61107441745102 4
endloop
endfacet
facet normal 0 0 1
outer loop
vertex 171.92597485145228 -150.61418070123275 4
vertex 170.42132596924367 -150.61107441745102 4
vertex 170.41966562597125 -150.61418070123275 4
endloop
endfacet
facet normal 0 0 1
outer loop
vertex 174.58033437402878 -150.61418070123275 4
vertex 174.57867403075636 -150.61107441745102 4
vertex 174.511171281419 -150.52882207939396 4
endloop
endfacet
facet normal 0 0 1
outer loop
vertex 174.58033437402878 -150.61418070123275 4
vertex 174.511171281419 -150.52882207939396 4
vertex 172.79263548302407 -150.52882207939555 4.000000000000002
endloop
endfacet
facet normal 0 0 1
outer loop
vertex 174.58033437402878 -150.61418070123275 4
vertex 172.79263548302407 -150.52882207939555 4.000000000000002
vertex 173.07402514854704 -150.61418070123423 4
endloop
endfacet
facet normal 0 0 1
outer loop
vertex 172.20736451697573 -150.52882207939396 4
vertex 172.49999999999991 -150.5000000000011 4
vertex 170.51248238784942 -150.5000000000011 4
endloop
endfacet
facet normal 0 0 1
outer loop
vertex 172.20736451697573 -150.52882207939396 4
vertex 170.51248238784942 -150.5000000000011 4
vertex 170.48882871858103 -150.52882207939396 4
endloop
endfacet
facet normal 0 0 1
outer loop
vertex 174.511171281419 -150.52882207939396 4
vertex 174.4875176121506 -150.5000000000011 4
vertex 172.49999999999991 -150.5000000000011 4
endloop
endfacet
facet normal 0 0 1
outer loop
vertex 174.511171281419 -150.52882207939396 4
vertex 172.49999999999991 -150.5000000000011 4
vertex 172.79263548302407 -150.52882207939555 4.000000000000002
endloop
endfacet
facet normal 0 0 1
outer loop
vertex 172.49999999999991 -150.5000000000011 4
vertex 174.4875176121506 -150.5000000000011 4
vertex 174.2677669529663 -150.2322330470336 4
endloop
endfacet
facet normal 0 0 1
outer loop
vertex 172.49999999999991 -150.5000000000011 4
vertex 174.2677669529663 -150.2322330470336 4
vertex 173.88892558254892 -149.92132596924358 4
endloop
endfacet
facet normal 0 0 1
outer loop
vertex 172.49999999999991 -150.5000000000011 4
vertex 173.88892558254892 -149.92132596924358 4
vertex 173.45670858091282 -149.69030116872182 4
endloop
endfacet
facet normal 0 0 1
outer loop
vertex 172.49999999999991 -150.5000000000011 4
vertex 173.45670858091282 -149.69030116872182 4
vertex 172.98772580504024 -149.5480367989919 4
endloop
endfacet
facet normal 0 0 1
outer loop
vertex 172.49999999999991 -150.5000000000011 4
vertex 172.98772580504024 -149.5480367989919 4
vertex 172.50000000000014 -149.5 4
endloop
endfacet
facet normal 0 0 1
outer loop
vertex 172.49999999999991 -150.5000000000011 4
vertex 172.50000000000014 -149.5 4
vertex 172.0122741949597 -149.5480367989919 4
endloop
endfacet
facet normal 0 0 1
outer loop
vertex 172.49999999999991 -150.5000000000011 4
vertex 172.0122741949597 -149.5480367989919 4
vertex 171.54329141908727 -149.69030116872182 4
endloop
endfacet
facet normal 0 0 1
outer loop
vertex 172.49999999999991 -150.5000000000011 4
vertex 171.54329141908727 -149.69030116872182 4
vertex 171.111074417451 -149.92132596924358 4
endloop
endfacet
facet normal 0 0 1
outer loop
vertex 172.49999999999991 -150.5000000000011 4
vertex 171.111074417451 -149.92132596924358 4
vertex 170.73223304703373 -150.2322330470336 4
endloop
endfacet
facet normal 0 0 1
outer loop
vertex 172.49999999999991 -150.5000000000011 4
vertex 170.73223304703373 -150.2322330470336 4
vertex 170.51248238784942 -150.5000000000011 4
endloop
endfacet
facet normal 0 0 1
outer loop
vertex 232.48772580504027 -115.80946320100809 4
vertex 232.95670858091265 -115.66719883127823 4
vertex 233.38892558254892 -115.43617403075636 4
endloop
endfacet
facet normal 0 0 1
outer loop
vertex 232.48772580504027 -115.80946320100809 4
vertex 233.38892558254892 -115.43617403075636 4
vertex 233.76776695296644 -115.12526695296646 4
endloop
endfacet
facet normal 0 0 1
outer loop
vertex 232.48772580504027 -115.80946320100809 4
vertex 233.76776695296644 -115.12526695296646 4
vertex 233.9875176121516 -114.85749999999865 4
endloop
endfacet
facet normal 0 0 1
outer loop
vertex 232.48772580504027 -115.80946320100809 4
vertex 233.9875176121516 -114.85749999999865 4
vertex 232.0000000000001 -114.8574999999985 4
endloop
endfacet
facet normal 0 0 1
outer loop
vertex 232.48772580504027 -115.80946320100809 4
vertex 232.0000000000001 -114.8574999999985 4
vertex 230.01248238784822 -114.85749999999865 4
endloop
endfacet
facet normal 0 0 1
outer loop
vertex 232.48772580504027 -115.80946320100809 4
vertex 230.01248238784822 -114.85749999999865 4
vertex 230.2322330470337 -115.12526695296646 4
endloop
endfacet
facet normal 0 0 1
outer loop
vertex 232.48772580504027 -115.80946320100809 4
vertex 230.2322330470337 -115.12526695296646 4
vertex 230.611074417451 -115.43617403075636 4
endloop
endfacet
facet normal 0 0 1
outer loop
vertex 232.48772580504027 -115.80946320100809 4
vertex 230.611074417451 -115.43617403075636 4
vertex 231.0432914190873 -115.66719883127823 4
endloop
endfacet
facet normal 0 0 1
outer loop
vertex 232.48772580504027 -115.80946320100809 4
vertex 231.0432914190873 -115.66719883127823 4
vertex 231.5122741949597 -115.80946320100809 4
endloop
endfacet
facet normal 0 0 1
outer loop
vertex 232.48772580504027 -115.80946320100809 4
vertex 231.5122741949597 -115.80946320100809 4
vertex 232.00000000000003 -115.85750000000002 4
endloop
endfacet
facet normal 0 0 1
outer loop
vertex 232.0000000000001 -114.8574999999985 4
vertex 231.70736451697567 -114.82867792060546 4
vertex 229.98882871858007 -114.82867792060546 4
endloop
endfacet
facet normal 0 0 1
outer loop
vertex 232.0000000000001 -114.8574999999985 4
vertex 229.98882871858007 -114.82867792060546 4
vertex 230.01248238784822 -114.85749999999865 4
endloop
endfacet
facet normal 0 0 1
outer loop
vertex 233.9875176121516 -114.85749999999865 4
vertex 234.01117128141973 -114.82867792060546 4
vertex 232.2926354830241 -114.82867792060367 4
endloop
endfacet
facet normal 0 0 1
outer loop
vertex 233.9875176121516 -114.85749999999865 4
vertex 232.2926354830241 -114.82867792060367 4
vertex 232.0000000000001 -114.8574999999985 4
endloop
endfacet
facet normal 0 0 1
outer loop
vertex 231.70736451697567 -114.82867792060546 4
vertex 231.42597485145137 -114.7433192987689 4
vertex 229.9196656259697 -114.7433192987689 4
endloop
endfacet
facet normal 0 0 1
outer loop
vertex 231.70736451697567 -114.82867792060546 4
vertex 229.9196656259697 -114.7433192987689 4
vertex 229.92132596924353 -114.74642558254884 4
endloop
endfacet
facet normal 0 0 1
outer loop
vertex 231.70736451697567 -114.82867792060546 4
vertex 229.92132596924353 -114.74642558254884 4
vertex 229.98882871858007 -114.82867792060546 4
endloop
endfacet
facet normal 0 0 1
outer loop
vertex 234.01117128141973 -114.82867792060546 4
vertex 234.0786740307562 -114.74642558254884 4
vertex 234.08033437403 -114.7433192987689 4
endloop
endfacet
facet normal 0 0 1
outer loop
vertex 234.01117128141973 -114.82867792060546 4
vertex 234.08033437403 -114.7433192987689 4
vertex 232.5740251485475 -114.74331929876644 4
endloop
endfacet
facet normal 0 0 1
outer loop
vertex 234.01117128141973 -114.82867792060546 4
vertex 232.5740251485475 -114.74331929876644 4
vertex 232.2926354830241 -114.82867792060367 4
endloop
endfacet
facet normal 0 0 1
outer loop
vertex 231.42597485145137 -114.7433192987689 4
vertex 231.1666446504723 -114.60470441845175 4
vertex 229.84557442884213 -114.60470441845175 4
endloop
endfacet
facet normal 0 0 1
outer loop
vertex 231.42597485145137 -114.7433192987689 4
vertex 229.84557442884213 -114.60470441845175 4
vertex 229.9196656259697 -114.7433192987689 4
endloop
endfacet
facet normal 0 0 1
outer loop
vertex 234.08033437403 -114.7433192987689 4
vertex 234.15442557115767 -114.60470441845175 4
vertex 232.8333553495305 -114.60470441845587 4
endloop
endfacet
facet normal 0 0 1
outer loop
vertex 234.08033437403 -114.7433192987689 4
vertex 232.8333553495305 -114.60470441845587 4
vertex 232.5740251485475 -114.74331929876644 4
endloop
endfacet
facet normal 0 0 1
outer loop
vertex 231.1666446504723 -114.60470441845175 4
vertex 230.93933982822057 -114.4181601717795 4
vertex 229.74586445163527 -114.4181601717795 4
endloop
endfacet
facet normal 0 0 1
outer loop
vertex 231.1666446504723 -114.60470441845175 4
vertex 229.74586445163527 -114.4181601717795 4
vertex 229.84557442884213 -114.60470441845175 4
endloop
endfacet
facet normal 0 0 1
outer loop
vertex 234.15442557115767 -114.60470441845175 4
vertex 234.25413554836464 -114.4181601717795 4
vertex 233.06066017177864 -114.41816017177835 4.000000000000002
endloop
endfacet
facet normal 0 0 1
outer loop
vertex 234.15442557115767 -114.60470441845175 4
vertex 233.06066017177864 -114.41816017177835 4.000000000000002
vertex 232.8333553495305 -114.60470441845587 4
endloop
endfacet
facet normal 0 0 1
outer loop
vertex 230.93933982822057 -114.4181601717795 4
vertex 230.75279558155188 -114.19085534952637 4
vertex 229.65288237507644 -114.19085534952637 4
endloop
endfacet
facet normal 0 0 1
outer loop
vertex 230.93933982822057 -114.4181601717795 4
vertex 229.65288237507644 -114.19085534952637 4
vertex 229.6903011687218 -114.31420858091275 4
endloop
endfacet
facet normal 0 0 1
outer loop
vertex 230.93933982822057 -114.4181601717795 4
vertex 229.6903011687218 -114.31420858091275 4
vertex 229.74586445163527 -114.4181601717795 4
endloop
endfacet
facet normal 0 0 1
outer loop
vertex 234.25413554836464 -114.4181601717795 4
vertex 234.30969883127818 -114.31420858091275 4
vertex 234.34711762492353 -114.19085534952637 4
endloop
endfacet
facet normal 0 0 1
outer loop
vertex 234.25413554836464 -114.4181601717795 4
vertex 234.34711762492353 -114.19085534952637 4
vertex 233.24720441845386 -114.19085534952944 4
endloop
endfacet
facet normal 0 0 1
outer loop
vertex 234.25413554836464 -114.4181601717795 4
vertex 233.24720441845386 -114.19085534952944 4
vertex 233.06066017177864 -114.41816017177835 4.000000000000002
endloop
endfacet
facet normal 0 0 1
outer loop
vertex 230.75279558155188 -114.19085534952637 4
vertex 230.61418070123062 -113.93152514854839 4.000000000000002
vertex 229.5742154186292 -113.93152514854839 4
endloop
endfacet
facet normal 0 0 1
outer loop
vertex 230.75279558155188 -114.19085534952637 4
vertex 229.5742154186292 -113.93152514854839 4
vertex 229.65288237507644 -114.19085534952637 4
endloop
endfacet
facet normal 0 0 1
outer loop
vertex 234.34711762492353 -114.19085534952637 4
vertex 234.42578458137078 -113.93152514854839 4
vertex 233.38581929876617 -113.93152514854722 4
endloop
endfacet
facet normal 0 0 1
outer loop
vertex 234.34711762492353 -114.19085534952637 4
vertex 233.38581929876617 -113.93152514854722 4
vertex 233.24720441845386 -114.19085534952944 4
endloop
endfacet
facet normal 0 0 1
outer loop
vertex 230.61418070123062 -113.93152514854839 4.000000000000002
vertex 230.52882207939712 -113.650135483024 4
vertex 229.5288220793974 -113.650135483024 4
endloop
endfacet
facet normal 0 0 1
outer loop
vertex 230.61418070123062 -113.93152514854839 4.000000000000002
vertex 229.5288220793974 -113.650135483024 4
vertex 229.54803679899192 -113.84522580504034 4
endloop
endfacet
facet normal 0 0 1
outer loop
vertex 230.61418070123062 -113.93152514854839 4.000000000000002
vertex 229.54803679899192 -113.84522580504034 4
vertex 229.5742154186292 -113.93152514854839 4
endloop
endfacet
facet normal 0 0 1
outer loop
vertex 234.42578458137078 -113.93152514854839 4
vertex 234.45196320100806 -113.84522580504034 4
vertex 234.47117792060257 -113.650135483024 4
endloop
endfacet
facet normal 0 0 1
outer loop
vertex 234.42578458137078 -113.93152514854839 4
vertex 234.47117792060257 -113.650135483024 4
vertex 233.47117792060345 -113.65013548302409 4
endloop
endfacet
facet normal 0 0 1
outer loop
vertex 234.42578458137078 -113.93152514854839 4
vertex 233.47117792060345 -113.65013548302409 4
vertex 233.38581929876617 -113.93152514854722 4
endloop
endfacet
facet normal 0 0 1
outer loop
vertex 230.52882207939712 -113.650135483024 4
vertex 230.499999999999 -113.35749999999992 4
vertex 229.5 -113.35750000000016 4
endloop
endfacet
facet normal 0 0 1
outer loop
vertex 230.52882207939712 -113.650135483024 4
vertex 229.5 -113.35750000000016 4
vertex 229.5288220793974 -113.650135483024 4
endloop
endfacet
facet normal 0 0 1
outer loop
vertex 234.47117792060257 -113.650135483024 4
vertex 234.49999999999997 -113.35750000000016 4
vertex 233.49999999999864 -113.35749999999987 4
endloop
endfacet
facet normal 0 0 1
outer loop
vertex 234.47117792060257 -113.650135483024 4
vertex 233.49999999999864 -113.35749999999987 4
vertex 233.47117792060345 -113.65013548302409 4
endloop
endfacet
facet normal 0 0 1
outer loop
vertex 230.499999999999 -113.35749999999992 4
vertex 230.5288220793956 -113.06486451697594 4
vertex 229.5288220793929 -113.06486451697594 4
endloop
endfacet
facet normal 0 0 1
outer loop
vertex 230.499999999999 -113.35749999999992 4
vertex 229.5288220793929 -113.06486451697594 4
vertex 229.5 -113.35750000000016 4
endloop
endfacet
facet normal 0 0 1
outer loop
vertex 234.49999999999997 -113.35750000000016 4
vertex 234.47117792060706 -113.06486451697594 4
vertex 233.47117792060737 -113.06486451697558 4.000000000000002
endloop
endfacet
facet normal 0 0 1
outer loop
vertex 234.49999999999997 -113.35750000000016 4
vertex 233.47117792060737 -113.06486451697558 4.000000000000002
vertex 233.49999999999864 -113.35749999999987 4
endloop
endfacet
facet normal 0 0 1
outer loop
vertex 230.5288220793956 -113.06486451697594 4
vertex 230.6141807012324 -112.783474851452 4
vertex 229.57421541865259 -112.783474851452 4
endloop
endfacet
facet normal 0 0 1
outer loop
vertex 230.5288220793956 -113.06486451697594 4
vertex 229.57421541865259 -112.783474851452 4
vertex 229.54803679899194 -112.86977419495943 4
endloop
endfacet
facet normal 0 0 1
outer loop
vertex 230.5288220793956 -113.06486451697594 4
vertex 229.54803679899194 -112.86977419495943 4
vertex 229.5288220793929 -113.06486451697594 4
endloop
endfacet
facet normal 0 0 1
outer loop
vertex 234.47117792060706 -113.06486451697594 4
vertex 234.45196320100806 -112.86977419495943 4
vertex 234.42578458134741 -112.783474851452 4
endloop
endfacet
facet normal 0 0 1
outer loop
vertex 234.47117792060706 -113.06486451697594 4
vertex 234.42578458134741 -112.783474851452 4
vertex 233.38581929876497 -112.78347485145298 4
endloop
endfacet
facet normal 0 0 1
outer loop
vertex 234.47117792060706 -113.06486451697594 4
vertex 233.38581929876497 -112.78347485145298 4
vertex 233.47117792060737 -113.06486451697558 4.000000000000002
endloop
endfacet
facet normal 0 0 1
outer loop
vertex 230.6141807012324 -112.783474851452 4
vertex 230.7527955815469 -112.52414465047119 4
vertex 229.65288237505868 -112.52414465047119 4
endloop
endfacet
facet normal 0 0 1
outer loop
vertex 230.6141807012324 -112.783474851452 4
vertex 229.65288237505868 -112.52414465047119 4
vertex 229.57421541865259 -112.783474851452 4
endloop
endfacet
facet normal 0 0 1
outer loop
vertex 234.42578458134741 -112.783474851452 4
vertex 234.34711762494126 -112.52414465047119 4
vertex 233.24720441845818 -112.52414465046824 4
endloop
endfacet
facet normal 0 0 1
outer loop
vertex 234.42578458134741 -112.783474851452 4
vertex 233.24720441845818 -112.52414465046824 4
vertex 233.38581929876497 -112.78347485145298 4
endloop
endfacet
facet normal 0 0 1
outer loop
vertex 230.7527955815469 -112.52414465047119 4
vertex 230.93933982821895 -112.2968398282187 4.000000000000002
vertex 229.74586445165704 -112.2968398282187 4
endloop
endfacet
facet normal 0 0 1
outer loop
vertex 230.7527955815469 -112.52414465047119 4
vertex 229.74586445165704 -112.2968398282187 4
vertex 229.69030116872167 -112.40079141908754 4
endloop
endfacet
facet normal 0 0 1
outer loop
vertex 230.7527955815469 -112.52414465047119 4
vertex 229.69030116872167 -112.40079141908754 4
vertex 229.65288237505868 -112.52414465047119 4
endloop
endfacet
facet normal 0 0 1
outer loop
vertex 234.34711762494126 -112.52414465047119 4
vertex 234.3096988312782 -112.40079141908754 4
vertex 234.2541355483429 -112.2968398282187 4
endloop
endfacet
facet normal 0 0 1
outer loop
vertex 234.34711762494126 -112.52414465047119 4
vertex 234.2541355483429 -112.2968398282187 4
vertex 233.06066017177722 -112.29683982822237 4
endloop
endfacet
facet normal 0 0 1
outer loop
vertex 234.34711762494126 -112.52414465047119 4
vertex 233.06066017177722 -112.29683982822237 4
vertex 233.24720441845818 -112.52414465046824 4
endloop
endfacet
facet normal 0 0 1
outer loop
vertex 230.93933982821895 -112.2968398282187 4.000000000000002
vertex 231.166644650472 -112.11029558154868 4
vertex 229.84557442881845 -112.11029558154868 4
endloop
endfacet
facet normal 0 0 1
outer loop
vertex 230.93933982821895 -112.2968398282187 4.000000000000002
vertex 229.84557442881845 -112.11029558154868 4
vertex 229.74586445165704 -112.2968398282187 4
endloop
endfacet
facet normal 0 0 1
outer loop
vertex 234.2541355483429 -112.2968398282187 4
vertex 234.15442557118158 -112.11029558154868 4
vertex 232.8333553495327 -112.11029558154215 4
endloop
endfacet
facet normal 0 0 1
outer loop
vertex 234.2541355483429 -112.2968398282187 4
vertex 232.8333553495327 -112.11029558154215 4
vertex 233.06066017177722 -112.29683982822237 4
endloop
endfacet
facet normal 0 0 1
outer loop
vertex 231.166644650472 -112.11029558154868 4
vertex 231.42597485145222 -111.97168070123257 4
vertex 229.9196656259744 -111.97168070123257 4
endloop
endfacet
facet normal 0 0 1
outer loop
vertex 231.166644650472 -112.11029558154868 4
vertex 229.9196656259744 -111.97168070123257 4
vertex 229.84557442881845 -112.11029558154868 4
endloop
endfacet
facet normal 0 0 1
outer loop
vertex 234.15442557118158 -112.11029558154868 4
vertex 234.0803343740257 -111.97168070123257 4
vertex 232.57402514854505 -111.97168070123801 4
endloop
endfacet
facet normal 0 0 1
outer loop
vertex 234.15442557118158 -112.11029558154868 4
vertex 232.57402514854505 -111.97168070123801 4
vertex 232.8333553495327 -112.11029558154215 4
endloop
endfacet
facet normal 0 0 1
outer loop
vertex 231.42597485145222 -111.97168070123257 4
vertex 231.70736451697567 -111.8863220793934 4
vertex 229.988828718585 -111.8863220793934 4
endloop
endfacet
facet normal 0 0 1
outer loop
vertex 231.42597485145222 -111.97168070123257 4
vertex 229.988828718585 -111.8863220793934 4
vertex 229.92132596924364 -111.96857441745104 4
endloop
endfacet
facet normal 0 0 1
outer loop
vertex 231.42597485145222 -111.97168070123257 4
vertex 229.92132596924364 -111.96857441745104 4
vertex 229.9196656259744 -111.97168070123257 4
endloop
endfacet
facet normal 0 0 1
outer loop
vertex 234.0803343740257 -111.97168070123257 4
vertex 234.07867403075647 -111.96857441745104 4
vertex 234.01117128141507 -111.8863220793934 4
endloop
endfacet
facet normal 0 0 1
outer loop
vertex 234.0803343740257 -111.97168070123257 4
vertex 234.01117128141507 -111.8863220793934 4
vertex 232.29263548302401 -111.88632207939571 4
endloop
endfacet
facet normal 0 0 1
outer loop
vertex 234.0803343740257 -111.97168070123257 4
vertex 232.29263548302401 -111.88632207939571 4
vertex 232.57402514854505 -111.97168070123801 4
endloop
endfacet
facet normal 0 0 1
outer loop
vertex 231.70736451697567 -111.8863220793934 4
vertex 232.00000000000017 -111.8574999999979 4
vertex 230.01248238785095 -111.8574999999979 4
endloop
endfacet
facet normal 0 0 1
outer loop
vertex 231.70736451697567 -111.8863220793934 4
vertex 230.01248238785095 -111.8574999999979 4
vertex 229.988828718585 -111.8863220793934 4
endloop
endfacet
facet normal 0 0 1
outer loop
vertex 234.01117128141507 -111.8863220793934 4
vertex 233.9875176121491 -111.8574999999979 4
vertex 232.00000000000017 -111.8574999999979 4
endloop
endfacet
facet normal 0 0 1
outer loop
vertex 234.01117128141507 -111.8863220793934 4
vertex 232.00000000000017 -111.8574999999979 4
vertex 232.29263548302401 -111.88632207939571 4
endloop
endfacet
facet normal 0 0 1
outer loop
vertex 232.00000000000017 -111.8574999999979 4
vertex 233.9875176121491 -111.8574999999979 4
vertex 233.7677669529663 -111.58973304703366 4
endloop
endfacet
facet normal 0 0 1
outer loop
vertex 232.00000000000017 -111.8574999999979 4
vertex 233.7677669529663 -111.58973304703366 4
vertex 233.38892558254898 -111.27882596924357 4
endloop
endfacet
facet normal 0 0 1
outer loop
vertex 232.00000000000017 -111.8574999999979 4
vertex 233.38892558254898 -111.27882596924357 4
vertex 232.95670858091273 -111.04780116872182 4
endloop
endfacet
facet normal 0 0 1
outer loop
vertex 232.00000000000017 -111.8574999999979 4
vertex 232.95670858091273 -111.04780116872182 4
vertex 232.48772580504027 -110.90553679899193 4
endloop
endfacet
facet normal 0 0 1
outer loop
vertex 232.00000000000017 -111.8574999999979 4
vertex 232.48772580504027 -110.90553679899193 4
vertex 232.00000000000003 -110.8575 4
endloop
endfacet
facet normal 0 0 1
outer loop
vertex 232.00000000000017 -111.8574999999979 4
vertex 232.00000000000003 -110.8575 4
vertex 231.5122741949597 -110.90553679899193 4
endloop
endfacet
facet normal 0 0 1
outer loop
vertex 232.00000000000017 -111.8574999999979 4
vertex 231.5122741949597 -110.90553679899193 4
vertex 231.04329141908718 -111.04780116872182 4
endloop
endfacet
facet normal 0 0 1
outer loop
vertex 232.00000000000017 -111.8574999999979 4
vertex 231.04329141908718 -111.04780116872182 4
vertex 230.6110744174511 -111.27882596924357 4
endloop
endfacet
facet normal 0 0 1
outer loop
vertex 232.00000000000017 -111.8574999999979 4
vertex 230.6110744174511 -111.27882596924357 4
vertex 230.23223304703365 -111.58973304703366 4
endloop
endfacet
facet normal 0 0 1
outer loop
vertex 232.00000000000017 -111.8574999999979 4
vertex 230.23223304703365 -111.58973304703366 4
vertex 230.01248238785095 -111.8574999999979 4
endloop
endfacet
facet normal 0 0 1
outer loop
vertex 160.48772580504024 -110.98529650100808 4
vertex 160.956708580913 -110.8430321312782 4
vertex 161.3889255825489 -110.61200733075633 4
endloop
endfacet
facet normal 0 0 1
outer loop
vertex 160.48772580504024 -110.98529650100808 4
vertex 161.3889255825489 -110.61200733075633 4
vertex 161.76776695296635 -110.30110025296636 4
endloop
endfacet
facet normal 0 0 1
outer loop
vertex 160.48772580504024 -110.98529650100808 4
vertex 161.76776695296635 -110.30110025296636 4
vertex 161.98751761215092 -110.03333329999967 4
endloop
endfacet
facet normal 0 0 1
outer loop
vertex 160.48772580504024 -110.98529650100808 4
vertex 161.98751761215092 -110.03333329999967 4
vertex 160.00000000000017 -110.03333329999842 4
endloop
endfacet
facet normal 0 0 1
outer loop
vertex 160.48772580504024 -110.98529650100808 4
vertex 160.00000000000017 -110.03333329999842 4
vertex 158.01248238784902 -110.03333329999967 4
endloop
endfacet
facet normal 0 0 1
outer loop
vertex 160.48772580504024 -110.98529650100808 4
vertex 158.01248238784902 -110.03333329999967 4
vertex 158.2322330470336 -110.30110025296636 4
endloop
endfacet
facet normal 0 0 1
outer loop
vertex 160.48772580504024 -110.98529650100808 4
vertex 158.2322330470336 -110.30110025296636 4
vertex 158.61107441745094 -110.61200733075633 4
endloop
endfacet
facet normal 0 0 1
outer loop
vertex 160.48772580504024 -110.98529650100808 4
vertex 158.61107441745094 -110.61200733075633 4
vertex 159.04329141908727 -110.8430321312782 4
endloop
endfacet
facet normal 0 0 1
outer loop
vertex 160.48772580504024 -110.98529650100808 4
vertex 159.04329141908727 -110.8430321312782 4
vertex 159.5122741949597 -110.98529650100808 4
endloop
endfacet
facet normal 0 0 1
outer loop
vertex 160.48772580504024 -110.98529650100808 4
vertex 159.5122741949597 -110.98529650100808 4
vertex 159.9999999999999 -111.0333333 4
endloop
endfacet
facet normal 0 0 1
outer loop
vertex 160.00000000000017 -110.03333329999842 4
vertex 159.70736451697567 -110.00451122060525 4
vertex 157.98882871857998 -110.00451122060525 4
endloop
endfacet
facet normal 0 0 1
outer loop
vertex 160.00000000000017 -110.03333329999842 4
vertex 157.98882871857998 -110.00451122060525 4
vertex 158.01248238784902 -110.03333329999967 4
endloop
endfacet
facet normal 0 0 1
outer loop
vertex 161.98751761215092 -110.03333329999967 4
vertex 162.01117128141996 -110.00451122060525 4
vertex 160.29263548302424 -110.00451122060576 4
endloop
endfacet
facet normal 0 0 1
outer loop
vertex 161.98751761215092 -110.03333329999967 4
vertex 160.29263548302424 -110.00451122060576 4
vertex 160.00000000000017 -110.03333329999842 4
endloop
endfacet
facet normal 0 0 1
outer loop
vertex 159.70736451697567 -110.00451122060525 4
vertex 159.42597485145035 -109.91915259877072 4.000000000000002
vertex 157.91966562596784 -109.91915259877072 4
endloop
endfacet
facet normal 0 0 1
outer loop
vertex 159.70736451697567 -110.00451122060525 4
vertex 157.91966562596784 -109.91915259877072 4
vertex 157.9213259692436 -109.92225888254899 4
endloop
endfacet
facet normal 0 0 1
outer loop
vertex 159.70736451697567 -110.00451122060525 4
vertex 157.9213259692436 -109.92225888254899 4
vertex 157.98882871857998 -110.00451122060525 4
endloop
endfacet
facet normal 0 0 1
outer loop
vertex 162.01117128141996 -110.00451122060525 4
vertex 162.07867403075636 -109.92225888254899 4
vertex 162.08033437403213 -109.91915259877072 4
endloop
endfacet
facet normal 0 0 1
outer loop
vertex 162.01117128141996 -110.00451122060525 4
vertex 162.08033437403213 -109.91915259877072 4
vertex 160.57402514854755 -109.91915259876657 4
endloop
endfacet
facet normal 0 0 1
outer loop
vertex 162.01117128141996 -110.00451122060525 4
vertex 160.57402514854755 -109.91915259876657 4
vertex 160.29263548302424 -110.00451122060576 4
endloop
endfacet
facet normal 0 0 1
outer loop
vertex 159.42597485145035 -109.91915259877072 4.000000000000002
vertex 159.16664465047575 -109.78053771844762 4.000000000000002
vertex 157.8455744288527 -109.78053771844762 4
endloop
endfacet
facet normal 0 0 1
outer loop
vertex 159.42597485145035 -109.91915259877072 4.000000000000002
vertex 157.8455744288527 -109.78053771844762 4
vertex 157.91966562596784 -109.91915259877072 4
endloop
endfacet
facet normal 0 0 1
outer loop
vertex 162.08033437403213 -109.91915259877072 4
vertex 162.15442557114727 -109.78053771844762 4
vertex 160.8333553495301 -109.78053771845515 4
endloop
endfacet
facet normal 0 0 1
outer loop
vertex 162.08033437403213 -109.91915259877072 4
vertex 160.8333553495301 -109.78053771845515 4
vertex 160.57402514854755 -109.91915259876657 4
endloop
endfacet
facet normal 0 0 1
outer loop
vertex 159.16664465047575 -109.78053771844762 4.000000000000002
vertex 158.9393398282184 -109.59399347178129 4
vertex 157.74586445161896 -109.59399347178129 4
endloop
endfacet
facet normal 0 0 1
outer loop
vertex 159.16664465047575 -109.78053771844762 4.000000000000002
vertex 157.74586445161896 -109.59399347178129 4
vertex 157.8455744288527 -109.78053771844762 4
endloop
endfacet
facet normal 0 0 1
outer loop
vertex 162.15442557114727 -109.78053771844762 4
vertex 162.25413554838102 -109.59399347178129 4
vertex 161.06066017177966 -109.59399347177963 4
endloop
endfacet
facet normal 0 0 1
outer loop
vertex 162.15442557114727 -109.78053771844762 4
vertex 161.06066017177966 -109.59399347177963 4
vertex 160.8333553495301 -109.78053771845515 4
endloop
endfacet
facet normal 0 0 1
outer loop
vertex 158.9393398282184 -109.59399347178129 4
vertex 158.75279558154745 -109.36668864952874 4.000000000000002
vertex 157.65288237507428 -109.36668864952874 4
endloop
endfacet
facet normal 0 0 1
outer loop
vertex 158.9393398282184 -109.59399347178129 4
vertex 157.65288237507428 -109.36668864952874 4
vertex 157.69030116872176 -109.49004188091267 4
endloop
endfacet
facet normal 0 0 1
outer loop
vertex 158.9393398282184 -109.59399347178129 4
vertex 157.69030116872176 -109.49004188091267 4
vertex 157.74586445161896 -109.59399347178129 4
endloop
endfacet
facet normal 0 0 1
outer loop
vertex 162.25413554838102 -109.59399347178129 4
vertex 162.3096988312782 -109.49004188091267 4
vertex 162.34711762492572 -109.36668864952874 4
endloop
endfacet
facet normal 0 0 1
outer loop
vertex 162.25413554838102 -109.59399347178129 4
vertex 162.34711762492572 -109.36668864952874 4
vertex 161.24720441845375 -109.36668864952935 4
endloop
endfacet
facet normal 0 0 1
outer loop
vertex 162.25413554838102 -109.59399347178129 4
vertex 161.24720441845375 -109.36668864952935 4
vertex 161.06066017177966 -109.59399347177963 4
endloop
endfacet
facet normal 0 0 1
outer loop
vertex 158.75279558154745 -109.36668864952874 4.000000000000002
vertex 158.61418070123375 -109.10735844854743 4
vertex 157.5742154186412 -109.10735844854743 4
endloop
endfacet
facet normal 0 0 1
outer loop
vertex 158.75279558154745 -109.36668864952874 4.000000000000002
vertex 157.5742154186412 -109.10735844854743 4
vertex 157.65288237507428 -109.36668864952874 4
endloop
endfacet
facet normal 0 0 1
outer loop
vertex 162.34711762492572 -109.36668864952874 4
vertex 162.42578458135884 -109.10735844854743 4
vertex 161.38581929876696 -109.10735844854766 4
endloop
endfacet
facet normal 0 0 1
outer loop
vertex 162.34711762492572 -109.36668864952874 4
vertex 161.38581929876696 -109.10735844854766 4
vertex 161.24720441845375 -109.36668864952935 4
endloop
endfacet
facet normal 0 0 1
outer loop
vertex 158.61418070123375 -109.10735844854743 4
vertex 158.52882207939706 -108.82596878302402 4
vertex 157.52882207939572 -108.82596878302402 4
endloop
endfacet
facet normal 0 0 1
outer loop
vertex 158.61418070123375 -109.10735844854743 4
vertex 157.52882207939572 -108.82596878302402 4
vertex 157.54803679899192 -109.02105910504034 4
endloop
endfacet
facet normal 0 0 1
outer loop
vertex 158.61418070123375 -109.10735844854743 4
vertex 157.54803679899192 -109.02105910504034 4
vertex 157.5742154186412 -109.10735844854743 4
endloop
endfacet
facet normal 0 0 1
outer loop
vertex 162.42578458135884 -109.10735844854743 4
vertex 162.4519632010081 -109.02105910504034 4
vertex 162.4711779206043 -108.82596878302402 4
endloop
endfacet
facet normal 0 0 1
outer loop
vertex 162.42578458135884 -109.10735844854743 4
vertex 162.4711779206043 -108.82596878302402 4
vertex 161.47117792060322 -108.82596878302405 4.000000000000002
endloop
endfacet
facet normal 0 0 1
outer loop
vertex 162.42578458135884 -109.10735844854743 4
vertex 161.47117792060322 -108.82596878302405 4.000000000000002
vertex 161.38581929876696 -109.10735844854766 4
endloop
endfacet
facet normal 0 0 1
outer loop
vertex 158.52882207939706 -108.82596878302402 4
vertex 158.49999999999824 -108.53333329999981 4
vertex 157.5 -108.53333329999997 4
endloop
endfacet
facet normal 0 0 1
outer loop
vertex 158.52882207939706 -108.82596878302402 4
vertex 157.5 -108.53333329999997 4
vertex 157.52882207939572 -108.82596878302402 4
endloop
endfacet
facet normal 0 0 1
outer loop
vertex 162.4711779206043 -108.82596878302402 4
vertex 162.5 -108.53333329999997 4
vertex 161.49999999999838 -108.53333329999987 4.000000000000002
endloop
endfacet
facet normal 0 0 1
outer loop
vertex 162.4711779206043 -108.82596878302402 4
vertex 161.49999999999838 -108.53333329999987 4.000000000000002
vertex 161.47117792060322 -108.82596878302405 4.000000000000002
endloop
endfacet
facet normal 0 0 1
outer loop
vertex 158.49999999999824 -108.53333329999981 4
vertex 158.5288220793955 -108.2406978169759 4
vertex 157.52882207939487 -108.2406978169759 4
endloop
endfacet
facet normal 0 0 1
outer loop
vertex 158.49999999999824 -108.53333329999981 4
vertex 157.52882207939487 -108.2406978169759 4
vertex 157.5 -108.53333329999997 4
endloop
endfacet
facet normal 0 0 1
outer loop
vertex 162.5 -108.53333329999997 4
vertex 162.4711779206051 -108.2406978169759 4
vertex 161.47117792060646 -108.24069781697564 4
endloop
endfacet
facet normal 0 0 1
outer loop
vertex 162.5 -108.53333329999997 4
vertex 161.47117792060646 -108.24069781697564 4
vertex 161.49999999999838 -108.53333329999987 4.000000000000002
endloop
endfacet
facet normal 0 0 1
outer loop
vertex 158.5288220793955 -108.2406978169759 4
vertex 158.614180701233 -107.95930815145232 4.000000000000002
vertex 157.57421541863437 -107.95930815145232 4
endloop
endfacet
facet normal 0 0 1
outer loop
vertex 158.5288220793955 -108.2406978169759 4
vertex 157.57421541863437 -107.95930815145232 4
vertex 157.54803679899192 -108.04560749495951 4
endloop
endfacet
facet normal 0 0 1
outer loop
vertex 158.5288220793955 -108.2406978169759 4
vertex 157.54803679899192 -108.04560749495951 4
vertex 157.52882207939487 -108.2406978169759 4
endloop
endfacet
facet normal 0 0 1
outer loop
vertex 162.4711779206051 -108.2406978169759 4
vertex 162.45196320100808 -108.04560749495951 4
vertex 162.42578458136563 -107.95930815145232 4
endloop
endfacet
facet normal 0 0 1
outer loop
vertex 162.4711779206051 -108.2406978169759 4
vertex 162.42578458136563 -107.95930815145232 4
vertex 161.38581929876796 -107.95930815145208 4.000000000000002
endloop
endfacet
facet normal 0 0 1
outer loop
vertex 162.4711779206051 -108.2406978169759 4
vertex 161.38581929876796 -107.95930815145208 4.000000000000002
vertex 161.47117792060646 -108.24069781697564 4
endloop
endfacet
facet normal 0 0 1
outer loop
vertex 158.614180701233 -107.95930815145232 4.000000000000002
vertex 158.7527955815462 -107.6999779504706 4
vertex 157.6528823750805 -107.6999779504706 4
endloop
endfacet
facet normal 0 0 1
outer loop
vertex 158.614180701233 -107.95930815145232 4.000000000000002
vertex 157.6528823750805 -107.6999779504706 4
vertex 157.57421541863437 -107.95930815145232 4
endloop
endfacet
facet normal 0 0 1
outer loop
vertex 162.42578458136563 -107.95930815145232 4
vertex 162.3471176249195 -107.6999779504706 4
vertex 161.24720441844994 -107.69997795047269 4
endloop
endfacet
facet normal 0 0 1
outer loop
vertex 162.42578458136563 -107.95930815145232 4
vertex 161.24720441844994 -107.69997795047269 4
vertex 161.38581929876796 -107.95930815145208 4.000000000000002
endloop
endfacet
facet normal 0 0 1
outer loop
vertex 158.7527955815462 -107.6999779504706 4
vertex 158.93933982821997 -107.47267312821992 4.000000000000002
vertex 157.74586445161572 -107.47267312821992 4
endloop
endfacet
facet normal 0 0 1
outer loop
vertex 158.7527955815462 -107.6999779504706 4
vertex 157.74586445161572 -107.47267312821992 4
vertex 157.69030116872173 -107.57662471908733 4
endloop
endfacet
facet normal 0 0 1
outer loop
vertex 158.7527955815462 -107.6999779504706 4
vertex 157.69030116872173 -107.57662471908733 4
vertex 157.6528823750805 -107.6999779504706 4
endloop
endfacet
facet normal 0 0 1
outer loop
vertex 162.3471176249195 -107.6999779504706 4
vertex 162.30969883127824 -107.57662471908733 4
vertex 162.25413554838428 -107.47267312821992 4
endloop
endfacet
facet normal 0 0 1
outer loop
vertex 162.3471176249195 -107.6999779504706 4
vertex 162.25413554838428 -107.47267312821992 4
vertex 161.06066017178313 -107.47267312821748 4
endloop
endfacet
facet normal 0 0 1
outer loop
vertex 162.3471176249195 -107.6999779504706 4
vertex 161.06066017178313 -107.47267312821748 4
vertex 161.24720441844994 -107.69997795047269 4
endloop
endfacet
facet normal 0 0 1
outer loop
vertex 158.93933982821997 -107.47267312821992 4.000000000000002
vertex 159.16664465047094 -107.28612888154682 4
vertex 157.84557442884292 -107.28612888154682 4
endloop
endfacet
facet normal 0 0 1
outer loop
vertex 158.93933982821997 -107.47267312821992 4.000000000000002
vertex 157.84557442884292 -107.28612888154682 4
vertex 157.74586445161572 -107.47267312821992 4
endloop
endfacet
facet normal 0 0 1
outer loop
vertex 162.25413554838428 -107.47267312821992 4
vertex 162.15442557115708 -107.28612888154682 4
vertex 160.8333553495244 -107.28612888155237 4.000000000000002
endloop
endfacet
facet normal 0 0 1
outer loop
vertex 162.25413554838428 -107.47267312821992 4
vertex 160.8333553495244 -107.28612888155237 4.000000000000002
vertex 161.06066017178313 -107.47267312821748 4
endloop
endfacet
facet normal 0 0 1
outer loop
vertex 159.16664465047094 -107.28612888154682 4
vertex 159.42597485145228 -107.14751400123271 4
vertex 157.91966562597116 -107.14751400123271 4
endloop
endfacet
facet normal 0 0 1
outer loop
vertex 159.16664465047094 -107.28612888154682 4
vertex 157.91966562597116 -107.14751400123271 4
vertex 157.84557442884292 -107.28612888154682 4
endloop
endfacet
facet normal 0 0 1
outer loop
vertex 162.15442557115708 -107.28612888154682 4
vertex 162.08033437402884 -107.14751400123271 4
vertex 160.57402514854704 -107.1475140012342 4.000000000000002
endloop
endfacet
facet normal 0 0 1
outer loop
vertex 162.15442557115708 -107.28612888154682 4
vertex 160.57402514854704 -107.1475140012342 4.000000000000002
vertex 160.8333553495244 -107.28612888155237 4.000000000000002
endloop
endfacet
facet normal 0 0 1
outer loop
vertex 159.42597485145228 -107.14751400123271 4
vertex 159.70736451697599 -107.0621553793966 4
vertex 157.98882871858288 -107.0621553793966 4
endloop
endfacet
facet normal 0 0 1
outer loop
vertex 159.42597485145228 -107.14751400123271 4
vertex 157.98882871858288 -107.0621553793966 4
vertex 157.92132596924364 -107.14440771745095 4
endloop
endfacet
facet normal 0 0 1
outer loop
vertex 159.42597485145228 -107.14751400123271 4
vertex 157.92132596924364 -107.14440771745095 4
vertex 157.91966562597116 -107.14751400123271 4
endloop
endfacet
facet normal 0 0 1
outer loop
vertex 162.08033437402884 -107.14751400123271 4
vertex 162.07867403075636 -107.14440771745095 4
vertex 162.0111712814171 -107.0621553793966 4
endloop
endfacet
facet normal 0 0 1
outer loop
vertex 162.08033437402884 -107.14751400123271 4
vertex 162.0111712814171 -107.0621553793966 4
vertex 160.29263548302404 -107.06215537939555 4
endloop
endfacet
facet normal 0 0 1
outer loop
vertex 162.08033437402884 -107.14751400123271 4
vertex 160.29263548302404 -107.06215537939555 4
vertex 160.57402514854704 -107.1475140012342 4.000000000000002
endloop
endfacet
facet normal 0 0 1
outer loop
vertex 159.70736451697599 -107.0621553793966 4
vertex 160.00000000000009 -107.03333329999953 4.000000000000002
vertex 158.0124823878489 -107.03333329999953 4
endloop
endfacet
facet normal 0 0 1
outer loop
vertex 159.70736451697599 -107.0621553793966 4
vertex 158.0124823878489 -107.03333329999953 4
vertex 157.98882871858288 -107.0621553793966 4
endloop
endfacet
facet normal 0 0 1
outer loop
vertex 162.0111712814171 -107.0621553793966 4
vertex 161.9875176121511 -107.03333329999953 4
vertex 160.00000000000009 -107.03333329999953 4.000000000000002
endloop
endfacet
facet normal 0 0 1
outer loop
vertex 162.0111712814171 -107.0621553793966 4
vertex 160.00000000000009 -107.03333329999953 4.000000000000002
vertex 160.29263548302404 -107.06215537939555 4
endloop
endfacet
facet normal 8.93756527509596e-16 7.334870262946975e-16 1
outer loop
vertex 160.00000000000009 -107.03333329999953 4.000000000000002
vertex 161.9875176121511 -107.03333329999953 4
vertex 161.76776695296635 -106.7655663470337 4
endloop
endfacet
facet normal 8.93756527509596e-16 7.334870262946975e-16 1
outer loop
vertex 160.00000000000009 -107.03333329999953 4.000000000000002
vertex 161.76776695296635 -106.7655663470337 4
vertex 161.3889255825491 -106.45465926924365 4
endloop
endfacet
facet normal 8.93756527509596e-16 7.334870262946975e-16 1
outer loop
vertex 160.00000000000009 -107.03333329999953 4.000000000000002
vertex 161.3889255825491 -106.45465926924365 4
vertex 160.9567085809128 -106.22363446872176 4
endloop
endfacet
facet normal 8.93756527509596e-16 7.334870262946975e-16 1
outer loop
vertex 160.00000000000009 -107.03333329999953 4.000000000000002
vertex 160.9567085809128 -106.22363446872176 4
vertex 160.48772580504027 -106.0813700989919 4
endloop
endfacet
facet normal 8.93756527509596e-16 7.334870262946975e-16 1
outer loop
vertex 160.00000000000009 -107.03333329999953 4.000000000000002
vertex 160.48772580504027 -106.0813700989919 4
vertex 159.99999999999991 -106.03333329999998 4
endloop
endfacet
facet normal 8.93756527509596e-16 7.334870262946975e-16 1
outer loop
vertex 160.00000000000009 -107.03333329999953 4.000000000000002
vertex 159.99999999999991 -106.03333329999998 4
vertex 159.51227419495973 -106.0813700989919 4
endloop
endfacet
facet normal 8.93756527509596e-16 7.334870262946975e-16 1
outer loop
vertex 160.00000000000009 -107.03333329999953 4.000000000000002
vertex 159.51227419495973 -106.0813700989919 4
vertex 159.04329141908735 -106.22363446872176 4
endloop
endfacet
facet normal 8.93756527509596e-16 7.334870262946975e-16 1
outer loop
vertex 160.00000000000009 -107.03333329999953 4.000000000000002
vertex 159.04329141908735 -106.22363446872176 4
vertex 158.611074417451 -106.45465926924365 4
endloop
endfacet
facet normal 8.93756527509596e-16 7.334870262946975e-16 1
outer loop
vertex 160.00000000000009 -107.03333329999953 4.000000000000002
vertex 158.611074417451 -106.45465926924365 4
vertex 158.23223304703356 -106.7655663470337 4
endloop
endfacet
facet normal 8.93756527509596e-16 7.334870262946975e-16 1
outer loop
vertex 160.00000000000009 -107.03333329999953 4.000000000000002
vertex 158.23223304703356 -106.7655663470337 4
vertex 158.0124823878489 -107.03333329999953 4
endloop
endfacet
facet normal 0 1 0
outer loop
vertex 256.5000008719846 -152.8575 9
vertex 256.50000087198964 -152.8575 2
vertex 254.50000188325907 -152.8575 2
endloop
endfacet
facet normal 0 1 0
outer loop
vertex 256.5000008719846 -152.8575 9
vertex 254.50000188325907 -152.8575 2
vertex 254.50000188325913 -152.8575 9
endloop
endfacet
facet normal 0 1 0
outer loop
vertex 254.50000188325907 -152.8575 2
vertex 256.50000087198964 -152.8575 2
vertex 256.5000008719845 -152.8575 0
endloop
endfacet
facet normal 0 1 0
outer loop
vertex 254.50000188325907 -152.8575 2
vertex 256.5000008719845 -152.8575 0
vertex 253 -152.8575 0
endloop
endfacet
facet normal 0 1 0
outer loop
vertex 254.50000188325907 -152.8575 2
vertex 253 -152.8575 0
vertex 253 -152.8575 2
endloop
endfacet
facet normal 1 0 0
outer loop
vertex 253 -152.83335534957183 0
vertex 253 -152.57402514853314 0
vertex 253 -152.29263548302885 0
endloop
endfacet
facet normal 1 0 0
outer loop
vertex 253 -152.83335534957183 0
vertex 253 -152.29263548302885 0
vertex 253 -151.9999999999877 0
endloop
endfacet
facet normal 1 0 0
outer loop
vertex 253 -152.83335534957183 0
vertex 253 -151.9999999999877 0
vertex 253 -151.70736451698062 0
endloop
endfacet
facet normal 1 0 0
outer loop
vertex 253 -152.83335534957183 0
vertex 253 -151.70736451698062 0
vertex 253 -151.42597485145959 0
endloop
endfacet
facet normal 1 0 0
outer loop
vertex 253 -152.83335534957183 0
vertex 253 -151.42597485145959 0
vertex 253 -151.16664465045298 0
endloop
endfacet
facet normal 1 0 0
outer loop
vertex 253 -152.83335534957183 0
vertex 253 -151.16664465045298 0
vertex 253 -150.93933982823157 0
endloop
endfacet
facet normal 1 0 0
outer loop
vertex 253 -152.83335534957183 0
vertex 253 -150.93933982823157 0
vertex 253 -150.75279558154946 0
endloop
endfacet
facet normal 1 0 0
outer loop
vertex 253 -152.83335534957183 0
vertex 253 -150.75279558154946 0
vertex 253 -150.61418070123216 0
endloop
endfacet
facet normal 1 0 0
outer loop
vertex 253 -152.83335534957183 0
vertex 253 -150.61418070123216 0
vertex 253 -150.52882207939658 0
endloop
endfacet
facet normal 1 0 0
outer loop
vertex 253 -152.83335534957183 0
vertex 253 -150.52882207939658 0
vertex 253 -150.49999999999994 0
endloop
endfacet
facet normal 1 0 0
outer loop
vertex 253 -152.83335534957183 0
vertex 253 -150.49999999999994 0
vertex 253 -144.8575 0
endloop
endfacet
facet normal 1 0 0
outer loop
vertex 253 -152.83335534957183 0
vertex 253 -144.8575 0
vertex 253 -144.8575 2
endloop
endfacet
facet normal 1 0 0
outer loop
vertex 253 -152.83335534957183 0
vertex 253 -144.8575 2
vertex 253 -149.50000000000045 2
endloop
endfacet
facet normal 1 0 0
outer loop
vertex 253 -152.83335534957183 0
vertex 253 -149.50000000000045 2
vertex 253 -149.54803679899322 2
endloop
endfacet
facet normal 1 0 0
outer loop
vertex 253 -152.83335534957183 0
vertex 253 -149.54803679899322 2
vertex 253 -149.69030116872082 2
endloop
endfacet
facet normal 1 0 0
outer loop
vertex 253 -152.83335534957183 0
vertex 253 -149.69030116872082 2
vertex 253 -149.92132596924588 2
endloop
endfacet
facet normal 1 0 0
outer loop
vertex 253 -152.83335534957183 0
vertex 253 -149.92132596924588 2
vertex 253 -150.2322330470359 2
endloop
endfacet
facet normal 1 0 0
outer loop
vertex 253 -152.83335534957183 0
vertex 253 -150.2322330470359 2
vertex 253 -150.61107441746336 2
endloop
endfacet
facet normal 1 0 0
outer loop
vertex 253 -152.83335534957183 0
vertex 253 -150.61107441746336 2
vertex 253 -151.04329141907374 2
endloop
endfacet
facet normal 1 0 0
outer loop
vertex 253 -152.83335534957183 0
vertex 253 -151.04329141907374 2
vertex 253 -151.5122741949655 2
endloop
endfacet
facet normal 1 0 0
outer loop
vertex 253 -152.83335534957183 0
vertex 253 -151.5122741949655 2
vertex 253 -152.00000000000009 2
endloop
endfacet
facet normal 1 0 0
outer loop
vertex 253 -152.83335534957183 0
vertex 253 -152.00000000000009 2
vertex 253 -152.16270429999983 2
endloop
endfacet
facet normal 1 0 0
outer loop
vertex 253 -152.83335534957183 0
vertex 253 -152.16270429999983 2
vertex 253 -152.21074109899274 2
endloop
endfacet
facet normal 1 0 0
outer loop
vertex 253 -152.83335534957183 0
vertex 253 -152.21074109899274 2
vertex 253 -152.3530054687162 2
endloop
endfacet
facet normal 1 0 0
outer loop
vertex 253 -152.83335534957183 0
vertex 253 -152.3530054687162 2
vertex 253 -152.58403026927851 2
endloop
endfacet
facet normal 1 0 0
outer loop
vertex 253 -152.83335534957183 0
vertex 253 -152.58403026927851 2
vertex 253 -152.8575 2
endloop
endfacet
facet normal 1 0 0
outer loop
vertex 253 -152.83335534957183 0
vertex 253 -152.8575 2
vertex 253 -152.8575 0
endloop
endfacet
facet normal 0 -1 0
outer loop
vertex 256.50000073520266 -144.8575 0
vertex 256.5000007352071 -144.8575 2
vertex 254.50000156270437 -144.8575 2
endloop
endfacet
facet normal 0 -1 0
outer loop
vertex 256.50000073520266 -144.8575 0
vertex 254.50000156270437 -144.8575 2
vertex 253 -144.8575 2
endloop
endfacet
facet normal 0 -1 0
outer loop
vertex 256.50000073520266 -144.8575 0
vertex 253 -144.8575 2
vertex 253 -144.8575 0
endloop
endfacet
facet normal 0 -1 0
outer loop
vertex 256.5000007352071 -144.8575 2
vertex 256.50000073520266 -144.8575 9
vertex 254.5000015627044 -144.8575 9
endloop
endfacet
facet normal 0 -1 0
outer loop
vertex 256.5000007352071 -144.8575 2
vertex 254.5000015627044 -144.8575 9
vertex 254.50000156270437 -144.8575 2
endloop
endfacet
facet normal -0.9999999999999991 -4.0069316784952574e-8 8.120488408671937e-15
outer loop
vertex 254.50000190000003 -153.27529844999913 9
vertex 254.50000188325913 -152.8575 9
vertex 254.50000188325907 -152.8575 2
endloop
endfacet
facet normal -0.9999999999999991 -4.0069316784952574e-8 8.120488408671937e-15
outer loop
vertex 254.50000190000003 -153.27529844999913 9
vertex 254.50000188325907 -152.8575 2
vertex 254.50000188475917 -152.89493734698144 2
endloop
endfacet
facet normal -0.9999999999999991 -4.0069316784952574e-8 8.120488408671937e-15
outer loop
vertex 254.50000190000003 -153.27529844999913 9
vertex 254.50000188475917 -152.89493734698144 2
vertex 254.5000018999391 -153.27377871746896 2
endloop
endfacet
facet normal -0.9999999999999991 -4.0069316784952574e-8 8.120488408671937e-15
outer loop
vertex 254.50000190000003 -153.27529844999913 9
vertex 254.5000018999391 -153.27377871746896 2
vertex 254.5000019 -153.27529844999987 2
endloop
endfacet
facet normal -0.9999999999999991 -4.0069342806722275e-8 4.060241920767465e-15
outer loop
vertex 254.5000015627044 -144.8575 9
vertex 254.50000000000003 -105.8575000000004 9
vertex 254.5 -105.8575 2
endloop
endfacet
facet normal -0.9999999999999991 -4.0069342806722275e-8 4.060241920767465e-15
outer loop
vertex 254.5000015627044 -144.8575 9
vertex 254.5 -105.8575 2
vertex 254.5000000003416 -105.8660254037844 2
endloop
endfacet
facet normal -0.9999999999999991 -4.0069342806722275e-8 4.060241920767465e-15
outer loop
vertex 254.5000015627044 -144.8575 9
vertex 254.5000000003416 -105.8660254037844 2
vertex 254.5000000032934 -105.9396926207859 2
endloop
endfacet
facet normal -0.9999999999999991 -4.0069342806722275e-8 4.060241920767465e-15
outer loop
vertex 254.5000015627044 -144.8575 9
vertex 254.5000000032934 -105.9396926207859 2
vertex 254.50000000510113 -105.9848077530122 2
endloop
endfacet
facet normal -0.9999999999999991 -4.0069342806722275e-8 4.060241920767465e-15
outer loop
vertex 254.5000015627044 -144.8575 9
vertex 254.50000000510113 -105.9848077530122 2
vertex 254.5000000057099 -106 2
endloop
endfacet
facet normal -0.9999999999999991 -4.0069342806722275e-8 4.060241920767465e-15
outer loop
vertex 254.5000015627044 -144.8575 9
vertex 254.5000000057099 -106 2
vertex 254.50000000704554 -106.03333330000027 2
endloop
endfacet
facet normal -0.9999999999999991 -4.0069342806722275e-8 4.060241920767465e-15
outer loop
vertex 254.5000015627044 -144.8575 9
vertex 254.50000000704554 -106.03333330000027 2
vertex 254.50000000897035 -106.08137009899092 2
endloop
endfacet
facet normal -0.9999999999999991 -4.0069342806722275e-8 4.060241920767465e-15
outer loop
vertex 254.5000015627044 -144.8575 9
vertex 254.50000000897035 -106.08137009899092 2
vertex 254.50000001467077 -106.22363446873139 2
endloop
endfacet
facet normal -0.9999999999999991 -4.0069342806722275e-8 4.060241920767465e-15
outer loop
vertex 254.5000015627044 -144.8575 9
vertex 254.50000001467077 -106.22363446873139 2
vertex 254.50000002392778 -106.45465926923131 2
endloop
endfacet
facet normal -0.9999999999999991 -4.0069342806722275e-8 4.060241920767465e-15
outer loop
vertex 254.5000015627044 -144.8575 9
vertex 254.50000002392778 -106.45465926923131 2
vertex 254.50000003638561 -106.76556634705274 2
endloop
endfacet
facet normal -0.9999999999999991 -4.0069342806722275e-8 4.060241920767465e-15
outer loop
vertex 254.5000015627044 -144.8575 9
vertex 254.50000003638561 -106.76556634705274 2
vertex 254.50000005156556 -107.14440771743699 2
endloop
endfacet
facet normal -0.9999999999999991 -4.0069342806722275e-8 4.060241920767465e-15
outer loop
vertex 254.5000015627044 -144.8575 9
vertex 254.50000005156556 -107.14440771743699 2
vertex 254.5000000688842 -107.57662471908425 2
endloop
endfacet
facet normal -0.9999999999999991 -4.0069342806722275e-8 4.060241920767465e-15
outer loop
vertex 254.5000015627044 -144.8575 9
vertex 254.5000000688842 -107.57662471908425 2
vertex 254.50000008767603 -108.04560749497054 2
endloop
endfacet
facet normal -0.9999999999999991 -4.0069342806722275e-8 4.060241920767465e-15
outer loop
vertex 254.5000015627044 -144.8575 9
vertex 254.50000008767603 -108.04560749497054 2
vertex 254.50000010721888 -108.53333330000014 2
endloop
endfacet
facet normal -0.9999999999999991 -4.0069342806722275e-8 4.060241920767465e-15
outer loop
vertex 254.5000015627044 -144.8575 9
vertex 254.50000010721888 -108.53333330000014 2
vertex 254.50000012676173 -109.02105910504602 2
endloop
endfacet
facet normal -0.9999999999999991 -4.0069342806722275e-8 4.060241920767465e-15
outer loop
vertex 254.5000015627044 -144.8575 9
vertex 254.50000012676173 -109.02105910504602 2
vertex 254.50000014555357 -109.4900418809083 2
endloop
endfacet
facet normal -0.9999999999999991 -4.0069342806722275e-8 4.060241920767465e-15
outer loop
vertex 254.5000015627044 -144.8575 9
vertex 254.50000014555357 -109.4900418809083 2
vertex 254.5000001628722 -109.92225888254805 2
endloop
endfacet
facet normal -0.9999999999999991 -4.0069342806722275e-8 4.060241920767465e-15
outer loop
vertex 254.5000015627044 -144.8575 9
vertex 254.5000001628722 -109.92225888254805 2
vertex 254.50000017805215 -110.30110025298036 2
endloop
endfacet
facet normal -0.9999999999999991 -4.0069342806722275e-8 4.060241920767465e-15
outer loop
vertex 254.5000015627044 -144.8575 9
vertex 254.50000017805215 -110.30110025298036 2
vertex 254.50000019050998 -110.61200733075742 2
endloop
endfacet
facet normal -0.9999999999999991 -4.0069342806722275e-8 4.060241920767465e-15
outer loop
vertex 254.5000015627044 -144.8575 9
vertex 254.50000019050998 -110.61200733075742 2
vertex 254.500000199767 -110.8430321312791 2
endloop
endfacet
facet normal -0.9999999999999991 -4.0069342806722275e-8 4.060241920767465e-15
outer loop
vertex 254.5000015627044 -144.8575 9
vertex 254.500000199767 -110.8430321312791 2
vertex 254.5000002003467 -110.85750000000033 2
endloop
endfacet
facet normal -0.9999999999999991 -4.0069342806722275e-8 4.060241920767465e-15
outer loop
vertex 254.5000015627044 -144.8575 9
vertex 254.5000002003467 -110.85750000000033 2
vertex 254.5000002022715 -110.90553679899179 2
endloop
endfacet
facet normal -0.9999999999999991 -4.0069342806722275e-8 4.060241920767465e-15
outer loop
vertex 254.5000015627044 -144.8575 9
vertex 254.5000002022715 -110.90553679899179 2
vertex 254.50000020797196 -111.04780116872868 2
endloop
endfacet
facet normal -0.9999999999999991 -4.0069342806722275e-8 4.060241920767465e-15
outer loop
vertex 254.5000015627044 -144.8575 9
vertex 254.50000020797196 -111.04780116872868 2
vertex 254.50000021722897 -111.27882596925424 2
endloop
endfacet
facet normal -0.9999999999999991 -4.0069342806722275e-8 4.060241920767465e-15
outer loop
vertex 254.5000015627044 -144.8575 9
vertex 254.50000021722897 -111.27882596925424 2
vertex 254.5000002296868 -111.58973304701775 2
endloop
endfacet
facet normal -0.9999999999999991 -4.0069342806722275e-8 4.060241920767465e-15
outer loop
vertex 254.5000015627044 -144.8575 9
vertex 254.5000002296868 -111.58973304701775 2
vertex 254.50000024486675 -111.96857441745689 2
endloop
endfacet
facet normal -0.9999999999999991 -4.0069342806722275e-8 4.060241920767465e-15
outer loop
vertex 254.5000015627044 -144.8575 9
vertex 254.50000024486675 -111.96857441745689 2
vertex 254.50000026218538 -112.40079141909665 2
endloop
endfacet
facet normal -0.9999999999999991 -4.0069342806722275e-8 4.060241920767465e-15
outer loop
vertex 254.5000015627044 -144.8575 9
vertex 254.50000026218538 -112.40079141909665 2
vertex 254.50000028097722 -112.86977419495305 2
endloop
endfacet
facet normal -0.9999999999999991 -4.0069342806722275e-8 4.060241920767465e-15
outer loop
vertex 254.5000015627044 -144.8575 9
vertex 254.50000028097722 -112.86977419495305 2
vertex 254.50000030052007 -113.35749999999993 2
endloop
endfacet
facet normal -0.9999999999999991 -4.0069342806722275e-8 4.060241920767465e-15
outer loop
vertex 254.5000015627044 -144.8575 9
vertex 254.50000030052007 -113.35749999999993 2
vertex 254.50000032006292 -113.84522580504155 2
endloop
endfacet
facet normal -0.9999999999999991 -4.0069342806722275e-8 4.060241920767465e-15
outer loop
vertex 254.5000015627044 -144.8575 9
vertex 254.50000032006292 -113.84522580504155 2
vertex 254.50000033885473 -114.31420858091057 2
endloop
endfacet
facet normal -0.9999999999999991 -4.0069342806722275e-8 4.060241920767465e-15
outer loop
vertex 254.5000015627044 -144.8575 9
vertex 254.50000033885473 -114.31420858091057 2
vertex 254.5000003561734 -114.74642558254648 2
endloop
endfacet
facet normal -0.9999999999999991 -4.0069342806722275e-8 4.060241920767465e-15
outer loop
vertex 254.5000015627044 -144.8575 9
vertex 254.5000003561734 -114.74642558254648 2
vertex 254.50000037135334 -115.12526695296306 2
endloop
endfacet
facet normal -0.9999999999999991 -4.0069342806722275e-8 4.060241920767465e-15
outer loop
vertex 254.5000015627044 -144.8575 9
vertex 254.50000037135334 -115.12526695296306 2
vertex 254.50000038381117 -115.43617403077076 2
endloop
endfacet
facet normal -0.9999999999999991 -4.0069342806722275e-8 4.060241920767465e-15
outer loop
vertex 254.5000015627044 -144.8575 9
vertex 254.50000038381117 -115.43617403077076 2
vertex 254.50000039306818 -115.66719883128744 2
endloop
endfacet
facet normal -0.9999999999999991 -4.0069342806722275e-8 4.060241920767465e-15
outer loop
vertex 254.5000015627044 -144.8575 9
vertex 254.50000039306818 -115.66719883128744 2
vertex 254.50000039876863 -115.80946320100547 2
endloop
endfacet
facet normal -0.9999999999999991 -4.0069342806722275e-8 4.060241920767465e-15
outer loop
vertex 254.5000015627044 -144.8575 9
vertex 254.50000039876863 -115.80946320100547 2
vertex 254.50000040069344 -115.85750000000031 2
endloop
endfacet
facet normal -0.9999999999999991 -4.0069342806722275e-8 4.060241920767465e-15
outer loop
vertex 254.5000015627044 -144.8575 9
vertex 254.50000040069344 -115.85750000000031 2
vertex 254.50000156270437 -144.8575 2
endloop
endfacet
facet normal 0 0 -1
outer loop
vertex 256.5 -101.8575 9
vertex 256.50000003419547 -103.8575 9
vertex 256.50000003471496 -103.88788449397558 9
endloop
endfacet
facet normal 0 0 -1
outer loop
vertex 256.5 -101.8575 9
vertex 256.50000003471496 -103.88788449397558 9
vertex 256.5000000362577 -103.97811475842822 9
endloop
endfacet
facet normal 0 0 -1
outer loop
vertex 256.5 -101.8575 9
vertex 256.5000000362577 -103.97811475842822 9
vertex 256.5000000387768 -104.12544919243116 9
endloop
endfacet
facet normal 0 0 -1
outer loop
vertex 256.5 -101.8575 9
vertex 256.5000000387768 -104.12544919243116 9
vertex 256.50000004219567 -104.32541111376193 9
endloop
endfacet
facet normal 0 0 -1
outer loop
vertex 256.5 -101.8575 9
vertex 256.50000004219567 -104.32541111376193 9
vertex 256.5000000464105 -104.57192478062706 9
endloop
endfacet
facet normal 0 0 -1
outer loop
vertex 256.5 -101.8575 9
vertex 256.5000000464105 -104.57192478062706 9
vertex 256.5000000512932 -104.85749999999992 9
endloop
endfacet
facet normal 0 0 -1
outer loop
vertex 256.5 -101.8575 9
vertex 256.5000000512932 -104.85749999999992 9
vertex 256.5000000566954 -105.17345971334878 9
endloop
endfacet
facet normal 0 0 -1
outer loop
vertex 256.5 -101.8575 9
vertex 256.5000000566954 -105.17345971334878 9
vertex 256.50000006245295 -105.51020364466595 9
endloop
endfacet
facet normal 0 0 -1
outer loop
vertex 256.5 -101.8575 9
vertex 256.50000006245295 -105.51020364466595 9
vertex 256.50000006839093 -105.8575000000004 9
endloop
endfacet
facet normal 0 0 -1
outer loop
vertex 256.5 -101.8575 9
vertex 256.50000006839093 -105.8575000000004 9
vertex 256.50000073520266 -144.8575 9
endloop
endfacet
facet normal 0 0 -1
outer loop
vertex 256.5 -101.8575 9
vertex 256.50000073520266 -144.8575 9
vertex 256.5000007352071 -144.8575 2
endloop
endfacet
facet normal 0 0 -1
outer loop
vertex 256.5 -101.8575 9
vertex 256.5000007352071 -144.8575 2
vertex 256.50000073520266 -144.8575 0
endloop
endfacet
facet normal 0 0 -1
outer loop
vertex 256.5 -101.8575 9
vertex 256.50000073520266 -144.8575 0
vertex 256.50000022227056 -114.85749999999864 0
endloop
endfacet
facet normal 0 0 -1
outer loop
vertex 256.5 -101.8575 9
vertex 256.50000022227056 -114.85749999999864 0
vertex 256.5000002217778 -114.82867792060232 0
endloop
endfacet
facet normal 0 0 -1
outer loop
vertex 256.5 -101.8575 9
vertex 256.5000002217778 -114.82867792060232 0
vertex 256.5000002203183 -114.74331929876514 0
endloop
endfacet
facet normal 0 0 -1
outer loop
vertex 256.5 -101.8575 9
vertex 256.5000002203183 -114.74331929876514 0
vertex 256.50000021794835 -114.60470441846746 0
endloop
endfacet
facet normal 0 0 -1
outer loop
vertex 256.5 -101.8575 9
vertex 256.50000021794835 -114.60470441846746 0
vertex 256.50000021475887 -114.4181601717709 0
endloop
endfacet
facet normal 0 0 -1
outer loop
vertex 256.5 -101.8575 9
vertex 256.50000021475887 -114.4181601717709 0
vertex 256.50000021087243 -114.19085534955258 0
endloop
endfacet
facet normal 0 0 -1
outer loop
vertex 256.5 -101.8575 9
vertex 256.50000021087243 -114.19085534955258 0
vertex 256.5000002064385 -113.93152514850436 0
endloop
endfacet
facet normal 0 0 -1
outer loop
vertex 256.5 -101.8575 9
vertex 256.5000002064385 -113.93152514850436 0
vertex 256.50000020162736 -113.65013548304698 0
endloop
endfacet
facet normal 0 0 -1
outer loop
vertex 256.5 -101.8575 9
vertex 256.50000020162736 -113.65013548304698 0
vertex 256.50000019662394 -113.35749999998042 0
endloop
endfacet
facet normal 0 0 -1
outer loop
vertex 256.5 -101.8575 9
vertex 256.50000019662394 -113.35749999998042 0
vertex 256.50000019162053 -113.06486451699841 0
endloop
endfacet
facet normal 0 0 -1
outer loop
vertex 256.5 -101.8575 9
vertex 256.50000019162053 -113.06486451699841 0
vertex 256.5000001868094 -112.78347485141852 0
endloop
endfacet
facet normal 0 0 -1
outer loop
vertex 256.5 -101.8575 9
vertex 256.5000001868094 -112.78347485141852 0
vertex 256.50000018237546 -112.52414465050592 0
endloop
endfacet
facet normal 0 0 -1
outer loop
vertex 256.5 -101.8575 9
vertex 256.50000018237546 -112.52414465050592 0
vertex 256.5000001784891 -112.29683982818831 0
endloop
endfacet
facet normal 0 0 -1
outer loop
vertex 256.5 -101.8575 9
vertex 256.5000001784891 -112.29683982818831 0
vertex 256.5000001752996 -112.11029558157696 0
endloop
endfacet
facet normal 0 0 -1
outer loop
vertex 256.5 -101.8575 9
vertex 256.5000001752996 -112.11029558157696 0
vertex 256.50000017292956 -111.97168070122616 0
endloop
endfacet
facet normal 0 0 -1
outer loop
vertex 256.5 -101.8575 9
vertex 256.50000017292956 -111.97168070122616 0
vertex 256.50000017147016 -111.8863220793917 0
endloop
endfacet
facet normal 0 0 -1
outer loop
vertex 256.5 -101.8575 9
vertex 256.50000017147016 -111.8863220793917 0
vertex 256.50000017097733 -111.85749999999805 0
endloop
endfacet
facet normal 0 0 -1
outer loop
vertex 256.5 -101.8575 9
vertex 256.50000017097733 -111.85749999999805 0
vertex 256.50000013978826 -110.03333329999967 0
endloop
endfacet
facet normal 0 0 -1
outer loop
vertex 256.5 -101.8575 9
vertex 256.50000013978826 -110.03333329999967 0
vertex 256.5000001392954 -110.00451122060225 0
endloop
endfacet
facet normal 0 0 -1
outer loop
vertex 256.5 -101.8575 9
vertex 256.5000001392954 -110.00451122060225 0
vertex 256.500000137836 -109.91915259876158 0
endloop
endfacet
facet normal 0 0 -1
outer loop
vertex 256.5 -101.8575 9
vertex 256.500000137836 -109.91915259876158 0
vertex 256.500000135466 -109.78053771848725 0
endloop
endfacet
facet normal 0 0 -1
outer loop
vertex 256.5 -101.8575 9
vertex 256.500000135466 -109.78053771848725 0
vertex 256.5000001322765 -109.59399347174036 0
endloop
endfacet
facet normal 0 0 -1
outer loop
vertex 256.5 -101.8575 9
vertex 256.5000001322765 -109.59399347174036 0
vertex 256.5000001283901 -109.36668864954532 0
endloop
endfacet
facet normal 0 0 -1
outer loop
vertex 256.5 -101.8575 9
vertex 256.5000001283901 -109.36668864954532 0
vertex 256.50000012395617 -109.1073584485439 0
endloop
endfacet
facet normal 0 0 -1
outer loop
vertex 256.5 -101.8575 9
vertex 256.50000012395617 -109.1073584485439 0
vertex 256.50000011914506 -108.82596878303019 0
endloop
endfacet
facet normal 0 0 -1
outer loop
vertex 256.5 -101.8575 9
vertex 256.50000011914506 -108.82596878303019 0
vertex 256.50000011414164 -108.5333332999833 0
endloop
endfacet
facet normal 0 0 -1
outer loop
vertex 256.5 -101.8575 9
vertex 256.50000011414164 -108.5333332999833 0
vertex 256.5000001091382 -108.24069781697831 0
endloop
endfacet
facet normal 0 0 -1
outer loop
vertex 256.5 -101.8575 9
vertex 256.5000001091382 -108.24069781697831 0
vertex 256.5000001043271 -107.95930815147858 0
endloop
endfacet
facet normal 0 0 -1
outer loop
vertex 256.5 -101.8575 9
vertex 256.5000001043271 -107.95930815147858 0
vertex 256.50000009989316 -107.69997795043396 0
endloop
endfacet
facet normal 0 0 -1
outer loop
vertex 256.5 -101.8575 9
vertex 256.50000009989316 -107.69997795043396 0
vertex 256.5000000960067 -107.47267312826564 0
endloop
endfacet
facet normal 0 0 -1
outer loop
vertex 256.5 -101.8575 9
vertex 256.5000000960067 -107.47267312826564 0
vertex 256.50000009281723 -107.28612888153108 0
endloop
endfacet
facet normal 0 0 -1
outer loop
vertex 256.5 -101.8575 9
vertex 256.50000009281723 -107.28612888153108 0
vertex 256.50000009044726 -107.14751400123215 0
endloop
endfacet
facet normal 0 0 -1
outer loop
vertex 256.5 -101.8575 9
vertex 256.50000009044726 -107.14751400123215 0
vertex 256.5000000889878 -107.0621553793942 0
endloop
endfacet
facet normal 0 0 -1
outer loop
vertex 256.5 -101.8575 9
vertex 256.5000000889878 -107.0621553793942 0
vertex 256.500000088495 -107.03333330000046 0
endloop
endfacet
facet normal 0 0 -1
outer loop
vertex 256.5 -101.8575 9
vertex 256.500000088495 -107.03333330000046 0
vertex 256.50000006839093 -105.8575 0
endloop
endfacet
facet normal 0 0 -1
outer loop
vertex 256.5 -101.8575 9
vertex 256.50000006839093 -105.8575 0
vertex 256.5 -101.85750000000026 0
endloop
endfacet
facet normal 0.9999999999999999 1.7097714846512072e-8 7.227234683731303e-13
outer loop
vertex 256.50000087198964 -152.8575 2
vertex 256.5000008719846 -152.8575 9
vertex 256.500000879128 -153.27529844999913 9
endloop
endfacet
facet normal 0.9999999999999999 1.7097714846512072e-8 7.227234683731303e-13
outer loop
vertex 256.50000087198964 -152.8575 2
vertex 256.500000879128 -153.27529844999913 9
vertex 256.5000008839551 -153.5576247944343 9
endloop
endfacet
facet normal 0.9999999999999999 1.7097714846512072e-8 7.227234683731303e-13
outer loop
vertex 256.50000087198964 -152.8575 2
vertex 256.5000008839551 -153.5576247944343 9
vertex 256.5000008886856 -153.83429687357213 9
endloop
endfacet
facet normal 0.9999999999999999 1.7097714846512072e-8 7.227234683731303e-13
outer loop
vertex 256.50000087198964 -152.8575 2
vertex 256.5000008886856 -153.83429687357213 9
vertex 256.50000089322464 -154.09977368814742 9
endloop
endfacet
facet normal 0.9999999999999999 1.7097714846512072e-8 7.227234683731303e-13
outer loop
vertex 256.50000087198964 -152.8575 2
vertex 256.50000089322464 -154.09977368814742 9
vertex 256.50000089748136 -154.34873690000003 9
endloop
endfacet
facet normal 0.9999999999999999 1.7097714846512072e-8 7.227234683731303e-13
outer loop
vertex 256.50000087198964 -152.8575 2
vertex 256.50000089748136 -154.34873690000003 9
vertex 256.5000009 -154.4960453999993 9
endloop
endfacet
facet normal 0.9999999999999999 1.7097714846512072e-8 7.227234683731303e-13
outer loop
vertex 256.50000087198964 -152.8575 2
vertex 256.5000009 -154.4960453999993 9
vertex 256.5000009 -154.49604540000016 0
endloop
endfacet
facet normal 0.9999999999999999 1.7097714846512072e-8 7.227234683731303e-13
outer loop
vertex 256.50000087198964 -152.8575 2
vertex 256.5000009 -154.49604540000016 0
vertex 256.50000089784606 -154.37006881697715 0
endloop
endfacet
facet normal 0.9999999999999999 1.7097714846512072e-8 7.227234683731303e-13
outer loop
vertex 256.50000087198964 -152.8575 2
vertex 256.50000089784606 -154.37006881697715 0
vertex 256.50000089303495 -154.08867915146422 0
endloop
endfacet
facet normal 0.9999999999999999 1.7097714846512072e-8 7.227234683731303e-13
outer loop
vertex 256.50000087198964 -152.8575 2
vertex 256.50000089303495 -154.08867915146422 0
vertex 256.500000888601 -153.8293489504607 0
endloop
endfacet
facet normal 0.9999999999999999 1.7097714846512072e-8 7.227234683731303e-13
outer loop
vertex 256.50000087198964 -152.8575 2
vertex 256.500000888601 -153.8293489504607 0
vertex 256.50000088471455 -153.60204412823657 0
endloop
endfacet
facet normal 0.9999999999999999 1.7097714846512072e-8 7.227234683731303e-13
outer loop
vertex 256.50000087198964 -152.8575 2
vertex 256.50000088471455 -153.60204412823657 0
vertex 256.50000088152507 -153.41549988154094 0
endloop
endfacet
facet normal 0.9999999999999999 1.7097714846512072e-8 7.227234683731303e-13
outer loop
vertex 256.50000087198964 -152.8575 2
vertex 256.50000088152507 -153.41549988154094 0
vertex 256.5000008791551 -153.27688500123287 0
endloop
endfacet
facet normal 0.9999999999999999 1.7097714846512072e-8 7.227234683731303e-13
outer loop
vertex 256.50000087198964 -152.8575 2
vertex 256.5000008791551 -153.27688500123287 0
vertex 256.50000087769564 -153.19152637939618 0
endloop
endfacet
facet normal 0.9999999999999999 1.7097714846512072e-8 7.227234683731303e-13
outer loop
vertex 256.50000087198964 -152.8575 2
vertex 256.50000087769564 -153.19152637939618 0
vertex 256.50000087720287 -153.16270429999938 0
endloop
endfacet
facet normal 0.9999999999999999 1.7097714846512072e-8 7.227234683731303e-13
outer loop
vertex 256.50000087198964 -152.8575 2
vertex 256.50000087720287 -153.16270429999938 0
vertex 256.5000008754581 -153.06066017176107 0
endloop
endfacet
facet normal 0.9999999999999999 1.7097714846512072e-8 7.227234683731303e-13
outer loop
vertex 256.50000087198964 -152.8575 2
vertex 256.5000008754581 -153.06066017176107 0
vertex 256.5000008719845 -152.8575 0
endloop
endfacet
facet normal 0 1 0
outer loop
vertex 249.5 -105.8575 2
vertex 249.5 -105.8575 0
vertex 238.5 -105.8575 0
endloop
endfacet
facet normal 0 1 0
outer loop
vertex 249.5 -105.8575 2
vertex 238.5 -105.8575 0
vertex 238.5 -105.8575 2
endloop
endfacet
facet normal -1 0 0
outer loop
vertex 249.5 -101.8575 9
vertex 249.5 -101.8575 2
vertex 249.5 -103.8575 2
endloop
endfacet
facet normal -1 0 0
outer loop
vertex 249.5 -101.8575 9
vertex 249.5 -103.8575 2
vertex 249.5 -103.8575 9
endloop
endfacet
facet normal -1 0 0
outer loop
vertex 249.5 -103.8575 2
vertex 249.5 -101.8575 2
vertex 249.5 -101.85750000000026 0
endloop
endfacet
facet normal -1 0 0
outer loop
vertex 249.5 -103.8575 2
vertex 249.5 -101.85750000000026 0
vertex 249.5 -105.8575 0
endloop
endfacet
facet normal -1 0 0
outer loop
vertex 249.5 -103.8575 2
vertex 249.5 -105.8575 0
vertex 249.5 -105.8575 2
endloop
endfacet
facet normal 1 0 0
outer loop
vertex 238.5 -104 0
vertex 238.5 -103.98480775301218 0
vertex 238.5 -103.9396926207859 0
endloop
endfacet
facet normal 1 0 0
outer loop
vertex 238.5 -104 0
vertex 238.5 -103.9396926207859 0
vertex 238.5 -103.8660254037846 0
endloop
endfacet
facet normal 1 0 0
outer loop
vertex 238.5 -104 0
vertex 238.5 -103.8660254037846 0
vertex 238.5 -103.76604444311884 0
endloop
endfacet
facet normal 1 0 0
outer loop
vertex 238.5 -104 0
vertex 238.5 -103.76604444311884 0
vertex 238.5 -103.64278760968669 0
endloop
endfacet
facet normal 1 0 0
outer loop
vertex 238.5 -104 0
vertex 238.5 -103.64278760968669 0
vertex 238.5 -103.49999999999966 0
endloop
endfacet
facet normal 1 0 0
outer loop
vertex 238.5 -104 0
vertex 238.5 -103.49999999999966 0
vertex 238.5 -103.34202014332578 0
endloop
endfacet
facet normal 1 0 0
outer loop
vertex 238.5 -104 0
vertex 238.5 -103.34202014332578 0
vertex 238.5 -103.17364817766685 0
endloop
endfacet
facet normal 1 0 0
outer loop
vertex 238.5 -104 0
vertex 238.5 -103.17364817766685 0
vertex 238.5 -103.00000000000023 0
endloop
endfacet
facet normal 1 0 0
outer loop
vertex 238.5 -104 0
vertex 238.5 -103.00000000000023 0
vertex 238.5 -101.85750000000026 0
endloop
endfacet
facet normal 1 0 0
outer loop
vertex 238.5 -104 0
vertex 238.5 -101.85750000000026 0
vertex 238.5 -101.8575 2
endloop
endfacet
facet normal 1 0 0
outer loop
vertex 238.5 -104 0
vertex 238.5 -101.8575 2
vertex 238.5 -103.8575 2
endloop
endfacet
facet normal 1 0 0
outer loop
vertex 238.5 -104 0
vertex 238.5 -103.8575 2
vertex 238.5 -105.00000000000013 2
endloop
endfacet
facet normal 1 0 0
outer loop
vertex 238.5 -104 0
vertex 238.5 -105.00000000000013 2
vertex 238.5 -105.17364817766698 2
endloop
endfacet
facet normal 1 0 0
outer loop
vertex 238.5 -104 0
vertex 238.5 -105.17364817766698 2
vertex 238.5 -105.3420201433257 2
endloop
endfacet
facet normal 1 0 0
outer loop
vertex 238.5 -104 0
vertex 238.5 -105.3420201433257 2
vertex 238.5 -105.49999999999997 2
endloop
endfacet
facet normal 1 0 0
outer loop
vertex 238.5 -104 0
vertex 238.5 -105.49999999999997 2
vertex 238.5 -105.6427876096865 2
endloop
endfacet
facet normal 1 0 0
outer loop
vertex 238.5 -104 0
vertex 238.5 -105.6427876096865 2
vertex 238.5 -105.766044443119 2
endloop
endfacet
facet normal 1 0 0
outer loop
vertex 238.5 -104 0
vertex 238.5 -105.766044443119 2
vertex 238.5 -105.8575 2
endloop
endfacet
facet normal 1 0 0
outer loop
vertex 238.5 -104 0
vertex 238.5 -105.8575 2
vertex 238.5 -105.8575 0
endloop
endfacet
facet normal 1 0 0
outer loop
vertex 238.5 -101.8575 2
vertex 238.49999999999994 -101.8575 9
vertex 238.5 -103.8575 9
endloop
endfacet
facet normal 1 0 0
outer loop
vertex 238.5 -101.8575 2
vertex 238.5 -103.8575 9
vertex 238.5 -103.8575 2
endloop
endfacet
facet normal 0 -1 0
outer loop
vertex 238.5 -103.8575 2
vertex 238.5 -103.8575 9
vertex 234.49999999999997 -103.8575 9
endloop
endfacet
facet normal 0 -1 0
outer loop
vertex 238.5 -103.8575 2
vertex 234.49999999999997 -103.8575 9
vertex 234.50000000000003 -103.8575 2
endloop
endfacet
facet normal 0 -1 0
outer loop
vertex 252.5 -103.8575 2
vertex 252.5000000000001 -103.8575 9
vertex 249.5 -103.8575 9
endloop
endfacet
facet normal 0 -1 0
outer loop
vertex 252.5 -103.8575 2
vertex 249.5 -103.8575 9
vertex 249.5 -103.8575 2
endloop
endfacet
facet normal 0 1 -2.842170943040401e-14
outer loop
vertex 256.5 -101.8575 9
vertex 256.5 -101.85750000000026 0
vertex 249.5 -101.85750000000026 0
endloop
endfacet
facet normal 0 1 -2.842170943040401e-14
outer loop
vertex 256.5 -101.8575 9
vertex 249.5 -101.85750000000026 0
vertex 249.5 -101.8575 2
endloop
endfacet
facet normal 0 1 -2.842170943040401e-14
outer loop
vertex 256.5 -101.8575 9
vertex 249.5 -101.8575 2
vertex 249.5 -101.8575 9
endloop
endfacet
endsolid csg.js
