solid csg.js
facet normal 0 0 -1
outer loop
vertex 195.50000000000034 -87.2375 0
vertex 195.6736481776668 -87.25269224698776 0
vertex 195.8420201433256 -87.29780737921412 0
endloop
endfacet
facet normal 0 0 -1
outer loop
vertex 195.50000000000034 -87.2375 0
vertex 195.8420201433256 -87.29780737921412 0
vertex 196.00000000000009 -87.37147459621555 0
endloop
endfacet
facet normal 0 0 -1
outer loop
vertex 195.50000000000034 -87.2375 0
vertex 196.00000000000009 -87.37147459621555 0
vertex 196.1427876096866 -87.47145555688088 0
endloop
endfacet
facet normal 0 0 -1
outer loop
vertex 195.50000000000034 -87.2375 0
vertex 196.1427876096866 -87.47145555688088 0
vertex 196.2660444431189 -87.59471239031343 0
endloop
endfacet
facet normal 0 0 -1
outer loop
vertex 195.50000000000034 -87.2375 0
vertex 196.2660444431189 -87.59471239031343 0
vertex 196.3660254037844 -87.73750000000017 0
endloop
endfacet
facet normal 0 0 -1
outer loop
vertex 195.50000000000034 -87.2375 0
vertex 196.3660254037844 -87.73750000000017 0
vertex 196.43969262078596 -87.89547985667434 0
endloop
endfacet
facet normal 0 0 -1
outer loop
vertex 195.50000000000034 -87.2375 0
vertex 196.43969262078596 -87.89547985667434 0
vertex 196.48480775301223 -88.06385182233315 0
endloop
endfacet
facet normal 0 0 -1
outer loop
vertex 195.50000000000034 -87.2375 0
vertex 196.48480775301223 -88.06385182233315 0
vertex 196.5 -88.23749999999977 0
endloop
endfacet
facet normal 0 0 -1
outer loop
vertex 195.50000000000034 -87.2375 0
vertex 196.5 -88.23749999999977 0
vertex 196.5 -89.8875 0
endloop
endfacet
facet normal 0 0 -1
outer loop
vertex 195.50000000000034 -87.2375 0
vertex 196.5 -89.8875 0
vertex 192 -89.8875 0
endloop
endfacet
facet normal 0 0 -1
outer loop
vertex 195.50000000000034 -87.2375 0
vertex 192 -89.8875 0
vertex 180 -89.8875 0
endloop
endfacet
facet normal 0 0 -1
outer loop
vertex 195.50000000000034 -87.2375 0
vertex 180 -89.8875 0
vertex 175.5 -89.8875 0
endloop
endfacet
facet normal 0 0 -1
outer loop
vertex 195.50000000000034 -87.2375 0
vertex 175.5 -89.8875 0
vertex 175.5 -88.23749999999977 0
endloop
endfacet
facet normal 0 0 -1
outer loop
vertex 195.50000000000034 -87.2375 0
vertex 175.5 -88.23749999999977 0
vertex 175.51519224698777 -88.06385182233315 0
endloop
endfacet
facet normal 0 0 -1
outer loop
vertex 195.50000000000034 -87.2375 0
vertex 175.51519224698777 -88.06385182233315 0
vertex 175.5603073792141 -87.89547985667434 0
endloop
endfacet
facet normal 0 0 -1
outer loop
vertex 195.50000000000034 -87.2375 0
vertex 175.5603073792141 -87.89547985667434 0
vertex 175.63397459621547 -87.73750000000017 0
endloop
endfacet
facet normal 0 0 -1
outer loop
vertex 195.50000000000034 -87.2375 0
vertex 175.63397459621547 -87.73750000000017 0
vertex 175.73395555688109 -87.59471239031343 0
endloop
endfacet
facet normal 0 0 -1
outer loop
vertex 195.50000000000034 -87.2375 0
vertex 175.73395555688109 -87.59471239031343 0
vertex 175.85721239031363 -87.47145555688088 0
endloop
endfacet
facet normal 0 0 -1
outer loop
vertex 195.50000000000034 -87.2375 0
vertex 175.85721239031363 -87.47145555688088 0
vertex 175.99999999999997 -87.37147459621555 0
endloop
endfacet
facet normal 0 0 -1
outer loop
vertex 195.50000000000034 -87.2375 0
vertex 175.99999999999997 -87.37147459621555 0
vertex 176.15797985667422 -87.29780737921412 0
endloop
endfacet
facet normal 0 0 -1
outer loop
vertex 195.50000000000034 -87.2375 0
vertex 176.15797985667422 -87.29780737921412 0
vertex 176.32635182233318 -87.25269224698776 0
endloop
endfacet
facet normal 0 0 -1
outer loop
vertex 195.50000000000034 -87.2375 0
vertex 176.32635182233318 -87.25269224698776 0
vertex 176.49999999999986 -87.2375 0
endloop
endfacet
facet normal 0 0 -1
outer loop
vertex 180 -89.8875 0
vertex 180 -90.99999999999979 0
vertex 175.5 -90.99999999999979 0
endloop
endfacet
facet normal 0 0 -1
outer loop
vertex 180 -89.8875 0
vertex 175.5 -90.99999999999979 0
vertex 175.5 -89.8875 0
endloop
endfacet
facet normal 0 0 -1
outer loop
vertex 196.5 -89.8875 0
vertex 196.5 -90.99999999999979 0
vertex 192 -90.99999999999979 0
endloop
endfacet
facet normal 0 0 -1
outer loop
vertex 196.5 -89.8875 0
vertex 192 -90.99999999999979 0
vertex 192 -89.8875 0
endloop
endfacet
facet normal 0 0 -1
outer loop
vertex 180 -90.99999999999979 0
vertex 180 -91.17364817766703 0
vertex 175.48480775301218 -91.17364817766703 0
endloop
endfacet
facet normal 0 0 -1
outer loop
vertex 180 -90.99999999999979 0
vertex 175.48480775301218 -91.17364817766703 0
vertex 175.5 -90.99999999999979 0
endloop
endfacet
facet normal 0 0 -1
outer loop
vertex 196.5 -90.99999999999979 0
vertex 196.5151922469878 -91.17364817766703 0
vertex 192 -91.17364817766703 0
endloop
endfacet
facet normal 0 0 -1
outer loop
vertex 196.5 -90.99999999999979 0
vertex 192 -91.17364817766703 0
vertex 192 -90.99999999999979 0
endloop
endfacet
facet normal 0 0 -1
outer loop
vertex 180 -91.17364817766703 0
vertex 180 -91.34202014332566 0
vertex 175.4396926207859 -91.34202014332566 0
endloop
endfacet
facet normal 0 0 -1
outer loop
vertex 180 -91.17364817766703 0
vertex 175.4396926207859 -91.34202014332566 0
vertex 175.48480775301218 -91.17364817766703 0
endloop
endfacet
facet normal 0 0 -1
outer loop
vertex 196.5151922469878 -91.17364817766703 0
vertex 196.56030737921412 -91.34202014332566 0
vertex 192 -91.34202014332566 0
endloop
endfacet
facet normal 0 0 -1
outer loop
vertex 196.5151922469878 -91.17364817766703 0
vertex 192 -91.34202014332566 0
vertex 192 -91.17364817766703 0
endloop
endfacet
facet normal 0 0 -1
outer loop
vertex 180 -91.34202014332566 0
vertex 180 -91.49999999999974 0
vertex 175.36602540378456 -91.49999999999974 0
endloop
endfacet
facet normal 0 0 -1
outer loop
vertex 180 -91.34202014332566 0
vertex 175.36602540378456 -91.49999999999974 0
vertex 175.4396926207859 -91.34202014332566 0
endloop
endfacet
facet normal 0 0 -1
outer loop
vertex 196.56030737921412 -91.34202014332566 0
vertex 196.6339745962155 -91.49999999999974 0
vertex 192 -91.49999999999974 0
endloop
endfacet
facet normal 0 0 -1
outer loop
vertex 196.56030737921412 -91.34202014332566 0
vertex 192 -91.49999999999974 0
vertex 192 -91.34202014332566 0
endloop
endfacet
facet normal 0 0 -1
outer loop
vertex 180 -91.49999999999974 0
vertex 180 -91.64278760968665 0
vertex 175.26604444311883 -91.64278760968665 0
endloop
endfacet
facet normal 0 0 -1
outer loop
vertex 180 -91.49999999999974 0
vertex 175.26604444311883 -91.64278760968665 0
vertex 175.36602540378456 -91.49999999999974 0
endloop
endfacet
facet normal 0 0 -1
outer loop
vertex 196.6339745962155 -91.49999999999974 0
vertex 196.73395555688109 -91.64278760968665 0
vertex 192 -91.64278760968665 0
endloop
endfacet
facet normal 0 0 -1
outer loop
vertex 196.6339745962155 -91.49999999999974 0
vertex 192 -91.64278760968665 0
vertex 192 -91.49999999999974 0
endloop
endfacet
facet normal 0 0 -1
outer loop
vertex 180 -91.64278760968665 0
vertex 180 -91.7660444431191 0
vertex 175.1427876096864 -91.7660444431191 0
endloop
endfacet
facet normal 0 0 -1
outer loop
vertex 180 -91.64278760968665 0
vertex 175.1427876096864 -91.7660444431191 0
vertex 175.26604444311883 -91.64278760968665 0
endloop
endfacet
facet normal 0 0 -1
outer loop
vertex 196.73395555688109 -91.64278760968665 0
vertex 196.8572123903135 -91.7660444431191 0
vertex 192 -91.7660444431191 0
endloop
endfacet
facet normal 0 0 -1
outer loop
vertex 196.73395555688109 -91.64278760968665 0
vertex 192 -91.7660444431191 0
vertex 192 -91.64278760968665 0
endloop
endfacet
facet normal 0 0 -1
outer loop
vertex 180 -91.7660444431191 0
vertex 180 -91.86602540378439 0
vertex 175.00000000000009 -91.86602540378439 0
endloop
endfacet
facet normal 0 0 -1
outer loop
vertex 180 -91.7660444431191 0
vertex 175.00000000000009 -91.86602540378439 0
vertex 175.1427876096864 -91.7660444431191 0
endloop
endfacet
facet normal 0 0 -1
outer loop
vertex 196.8572123903135 -91.7660444431191 0
vertex 197.00000000000006 -91.86602540378439 0
vertex 192 -91.86602540378439 0
endloop
endfacet
facet normal 0 0 -1
outer loop
vertex 196.8572123903135 -91.7660444431191 0
vertex 192 -91.86602540378439 0
vertex 192 -91.7660444431191 0
endloop
endfacet
facet normal 0 0 -1
outer loop
vertex 180 -91.86602540378439 0
vertex 180 -91.93969262078593 0
vertex 174.8420201433256 -91.93969262078593 0
endloop
endfacet
facet normal 0 0 -1
outer loop
vertex 180 -91.86602540378439 0
vertex 174.8420201433256 -91.93969262078593 0
vertex 175.00000000000009 -91.86602540378439 0
endloop
endfacet
facet normal 0 0 -1
outer loop
vertex 197.00000000000006 -91.86602540378439 0
vertex 197.1579798566743 -91.93969262078593 0
vertex 192 -91.93969262078593 0
endloop
endfacet
facet normal 0 0 -1
outer loop
vertex 197.00000000000006 -91.86602540378439 0
vertex 192 -91.93969262078593 0
vertex 192 -91.86602540378439 0
endloop
endfacet
facet normal 0 0 -1
outer loop
vertex 180 -91.93969262078593 0
vertex 180 -91.9848077530122 0
vertex 174.67364817766696 -91.9848077530122 0
endloop
endfacet
facet normal 0 0 -1
outer loop
vertex 180 -91.93969262078593 0
vertex 174.67364817766696 -91.9848077530122 0
vertex 174.8420201433256 -91.93969262078593 0
endloop
endfacet
facet normal 0 0 -1
outer loop
vertex 197.1579798566743 -91.93969262078593 0
vertex 197.32635182233304 -91.9848077530122 0
vertex 192 -91.9848077530122 0
endloop
endfacet
facet normal 0 0 -1
outer loop
vertex 197.1579798566743 -91.93969262078593 0
vertex 192 -91.9848077530122 0
vertex 192 -91.93969262078593 0
endloop
endfacet
facet normal 0 0 -1
outer loop
vertex 180 -91.9848077530122 0
vertex 180 -92 0
vertex 174.49999999999994 -92 0
endloop
endfacet
facet normal 0 0 -1
outer loop
vertex 180 -91.9848077530122 0
vertex 174.49999999999994 -92 0
vertex 174.67364817766696 -91.9848077530122 0
endloop
endfacet
facet normal 0 0 -1
outer loop
vertex 197.32635182233304 -91.9848077530122 0
vertex 197.50000000000003 -92 0
vertex 192 -92 0
endloop
endfacet
facet normal 0 0 -1
outer loop
vertex 197.32635182233304 -91.9848077530122 0
vertex 192 -92 0
vertex 192 -91.9848077530122 0
endloop
endfacet
facet normal 0 0 -1
outer loop
vertex 197.50000000000003 -92 0
vertex 213.5000000000001 -92 0
vertex 213.67364817766688 -92.01519224698777 0
endloop
endfacet
facet normal 0 0 -1
outer loop
vertex 197.50000000000003 -92 0
vertex 213.67364817766688 -92.01519224698777 0
vertex 213.8420201433256 -92.06030737921412 0
endloop
endfacet
facet normal 0 0 -1
outer loop
vertex 197.50000000000003 -92 0
vertex 213.8420201433256 -92.06030737921412 0
vertex 214.00000000000003 -92.13397459621555 0
endloop
endfacet
facet normal 0 0 -1
outer loop
vertex 197.50000000000003 -92 0
vertex 214.00000000000003 -92.13397459621555 0
vertex 214.14278760968656 -92.23395555688107 0
endloop
endfacet
facet normal 0 0 -1
outer loop
vertex 197.50000000000003 -92 0
vertex 214.14278760968656 -92.23395555688107 0
vertex 214.26604444311894 -92.35721239031339 0
endloop
endfacet
facet normal 0 0 -1
outer loop
vertex 197.50000000000003 -92 0
vertex 214.26604444311894 -92.35721239031339 0
vertex 214.3660254037845 -92.5 0
endloop
endfacet
facet normal 0 0 -1
outer loop
vertex 197.50000000000003 -92 0
vertex 214.3660254037845 -92.5 0
vertex 214.43969262078582 -92.65797985667432 0
endloop
endfacet
facet normal 0 0 -1
outer loop
vertex 197.50000000000003 -92 0
vertex 214.43969262078582 -92.65797985667432 0
vertex 214.4848077530122 -92.82635182233314 0
endloop
endfacet
facet normal 0 0 -1
outer loop
vertex 197.50000000000003 -92 0
vertex 214.4848077530122 -92.82635182233314 0
vertex 214.5 -92.99999999999976 0
endloop
endfacet
facet normal 0 0 -1
outer loop
vertex 197.50000000000003 -92 0
vertex 214.5 -92.99999999999976 0
vertex 214.5 -93.85750000000024 0
endloop
endfacet
facet normal 0 0 -1
outer loop
vertex 197.50000000000003 -92 0
vertex 214.5 -93.85750000000024 0
vertex 192 -93.85750000000024 0
endloop
endfacet
facet normal 0 0 -1
outer loop
vertex 197.50000000000003 -92 0
vertex 192 -93.85750000000024 0
vertex 192 -92 0
endloop
endfacet
facet normal 0 0 -1
outer loop
vertex 214.5 -93.85750000000024 0
vertex 214.51519224698777 -94.03114817766686 0
vertex 192 -94.03114817766686 0
endloop
endfacet
facet normal 0 0 -1
outer loop
vertex 214.5 -93.85750000000024 0
vertex 192 -94.03114817766686 0
vertex 192 -93.85750000000024 0
endloop
endfacet
facet normal 0 0 -1
outer loop
vertex 214.51519224698777 -94.03114817766686 0
vertex 214.5603073792141 -94.19952014332569 0
vertex 192 -94.19952014332569 0
endloop
endfacet
facet normal 0 0 -1
outer loop
vertex 214.51519224698777 -94.03114817766686 0
vertex 192 -94.19952014332569 0
vertex 192 -94.03114817766686 0
endloop
endfacet
facet normal 0 0 -1
outer loop
vertex 214.5603073792141 -94.19952014332569 0
vertex 214.63397459621547 -94.35749999999987 0
vertex 192 -94.35749999999987 0
endloop
endfacet
facet normal 0 0 -1
outer loop
vertex 214.5603073792141 -94.19952014332569 0
vertex 192 -94.35749999999987 0
vertex 192 -94.19952014332569 0
endloop
endfacet
facet normal 0 0 -1
outer loop
vertex 214.63397459621547 -94.35749999999987 0
vertex 214.7339555568811 -94.50028760968664 0
vertex 192 -94.50028760968664 0
endloop
endfacet
facet normal 0 0 -1
outer loop
vertex 214.63397459621547 -94.35749999999987 0
vertex 192 -94.50028760968664 0
vertex 192 -94.35749999999987 0
endloop
endfacet
facet normal 0 0 -1
outer loop
vertex 214.7339555568811 -94.50028760968664 0
vertex 214.85721239031344 -94.62354444311894 0
vertex 192 -94.62354444311894 0
endloop
endfacet
facet normal 0 0 -1
outer loop
vertex 214.7339555568811 -94.50028760968664 0
vertex 192 -94.62354444311894 0
vertex 192 -94.50028760968664 0
endloop
endfacet
facet normal 0 0 -1
outer loop
vertex 174.49999999999994 -92 0
vertex 180 -92 0
vertex 180 -94.65 0
endloop
endfacet
facet normal 0 0 -1
outer loop
vertex 174.49999999999994 -92 0
vertex 180 -94.65 0
vertex 174 -94.65 0
endloop
endfacet
facet normal 0 0 -1
outer loop
vertex 174.49999999999994 -92 0
vertex 174 -94.65 0
vertex 162 -94.65 0
endloop
endfacet
facet normal 0 0 -1
outer loop
vertex 174.49999999999994 -92 0
vertex 162 -94.65 0
vertex 157.5 -94.65 0
endloop
endfacet
facet normal 0 0 -1
outer loop
vertex 174.49999999999994 -92 0
vertex 157.5 -94.65 0
vertex 157.5 -92.99999999999976 0
endloop
endfacet
facet normal 0 0 -1
outer loop
vertex 174.49999999999994 -92 0
vertex 157.5 -92.99999999999976 0
vertex 157.51519224698777 -92.82635182233314 0
endloop
endfacet
facet normal 0 0 -1
outer loop
vertex 174.49999999999994 -92 0
vertex 157.51519224698777 -92.82635182233314 0
vertex 157.5603073792141 -92.65797985667432 0
endloop
endfacet
facet normal 0 0 -1
outer loop
vertex 174.49999999999994 -92 0
vertex 157.5603073792141 -92.65797985667432 0
vertex 157.63397459621555 -92.5 0
endloop
endfacet
facet normal 0 0 -1
outer loop
vertex 174.49999999999994 -92 0
vertex 157.63397459621555 -92.5 0
vertex 157.73395555688109 -92.35721239031339 0
endloop
endfacet
facet normal 0 0 -1
outer loop
vertex 174.49999999999994 -92 0
vertex 157.73395555688109 -92.35721239031339 0
vertex 157.8572123903134 -92.23395555688107 0
endloop
endfacet
facet normal 0 0 -1
outer loop
vertex 174.49999999999994 -92 0
vertex 157.8572123903134 -92.23395555688107 0
vertex 158.00000000000003 -92.13397459621555 0
endloop
endfacet
facet normal 0 0 -1
outer loop
vertex 174.49999999999994 -92 0
vertex 158.00000000000003 -92.13397459621555 0
vertex 158.15797985667427 -92.06030737921412 0
endloop
endfacet
facet normal 0 0 -1
outer loop
vertex 174.49999999999994 -92 0
vertex 158.15797985667427 -92.06030737921412 0
vertex 158.32635182233324 -92.01519224698777 0
endloop
endfacet
facet normal 0 0 -1
outer loop
vertex 174.49999999999994 -92 0
vertex 158.32635182233324 -92.01519224698777 0
vertex 158.49999999999991 -92 0
endloop
endfacet
facet normal 0 0 -1
outer loop
vertex 214.85721239031344 -94.62354444311894 0
vertex 214.89499484114037 -94.65 0
vertex 210 -94.65 0
endloop
endfacet
facet normal 0 0 -1
outer loop
vertex 214.85721239031344 -94.62354444311894 0
vertex 210 -94.65 0
vertex 198 -94.65 0
endloop
endfacet
facet normal 0 0 -1
outer loop
vertex 214.85721239031344 -94.62354444311894 0
vertex 198 -94.65 0
vertex 192 -94.65 0
endloop
endfacet
facet normal 0 0 -1
outer loop
vertex 214.85721239031344 -94.62354444311894 0
vertex 192 -94.65 0
vertex 192 -94.62354444311894 0
endloop
endfacet
facet normal 0 0 -1
outer loop
vertex 214.89499484114037 -94.65 0
vertex 215.0000000000001 -94.7235254037845 0
vertex 210 -94.7235254037845 0
endloop
endfacet
facet normal 0 0 -1
outer loop
vertex 214.89499484114037 -94.65 0
vertex 210 -94.7235254037845 0
vertex 210 -94.65 0
endloop
endfacet
facet normal 0 0 -1
outer loop
vertex 215.0000000000001 -94.7235254037845 0
vertex 215.15797985667433 -94.79719262078592 0
vertex 210 -94.79719262078592 0
endloop
endfacet
facet normal 0 0 -1
outer loop
vertex 215.0000000000001 -94.7235254037845 0
vertex 210 -94.79719262078592 0
vertex 210 -94.7235254037845 0
endloop
endfacet
facet normal 0 0 -1
outer loop
vertex 215.15797985667433 -94.79719262078592 0
vertex 215.32635182233298 -94.8423077530122 0
vertex 210 -94.8423077530122 0
endloop
endfacet
facet normal 0 0 -1
outer loop
vertex 215.15797985667433 -94.79719262078592 0
vertex 210 -94.8423077530122 0
vertex 210 -94.79719262078592 0
endloop
endfacet
facet normal 0 0 -1
outer loop
vertex 215.32635182233298 -94.8423077530122 0
vertex 215.50000000000014 -94.8575 0
vertex 210 -94.8575 0
endloop
endfacet
facet normal 0 0 -1
outer loop
vertex 215.32635182233298 -94.8423077530122 0
vertex 210 -94.8575 0
vertex 210 -94.8423077530122 0
endloop
endfacet
facet normal 0 0 -1
outer loop
vertex 180 -94.65 0
vertex 180 -94.8875 0
vertex 174 -94.8875 0
endloop
endfacet
facet normal 0 0 -1
outer loop
vertex 180 -94.65 0
vertex 174 -94.8875 0
vertex 174 -94.65 0
endloop
endfacet
facet normal 0 0 -1
outer loop
vertex 198 -94.65 0
vertex 198 -94.8875 0
vertex 192 -94.8875 0
endloop
endfacet
facet normal 0 0 -1
outer loop
vertex 198 -94.65 0
vertex 192 -94.8875 0
vertex 192 -94.65 0
endloop
endfacet
facet normal 0 0 -1
outer loop
vertex 215.50000000000014 -94.8575 0
vertex 231.49999999999997 -94.8575 0
vertex 231.6736481776669 -94.8726922469878 0
endloop
endfacet
facet normal 0 0 -1
outer loop
vertex 215.50000000000014 -94.8575 0
vertex 231.6736481776669 -94.8726922469878 0
vertex 231.84202014332564 -94.9178073792141 0
endloop
endfacet
facet normal 0 0 -1
outer loop
vertex 215.50000000000014 -94.8575 0
vertex 231.84202014332564 -94.9178073792141 0
vertex 232.00000000000009 -94.99147459621561 0
endloop
endfacet
facet normal 0 0 -1
outer loop
vertex 215.50000000000014 -94.8575 0
vertex 232.00000000000009 -94.99147459621561 0
vertex 232.14278760968648 -95.09145555688097 0
endloop
endfacet
facet normal 0 0 -1
outer loop
vertex 215.50000000000014 -94.8575 0
vertex 232.14278760968648 -95.09145555688097 0
vertex 232.26604444311894 -95.21471239031342 0
endloop
endfacet
facet normal 0 0 -1
outer loop
vertex 215.50000000000014 -94.8575 0
vertex 232.26604444311894 -95.21471239031342 0
vertex 232.36602540378448 -95.35750000000003 0
endloop
endfacet
facet normal 0 0 -1
outer loop
vertex 215.50000000000014 -94.8575 0
vertex 232.36602540378448 -95.35750000000003 0
vertex 232.4396926207859 -95.51547985667432 0
endloop
endfacet
facet normal 0 0 -1
outer loop
vertex 215.50000000000014 -94.8575 0
vertex 232.4396926207859 -95.51547985667432 0
vertex 232.48480775301223 -95.6838518223332 0
endloop
endfacet
facet normal 0 0 -1
outer loop
vertex 215.50000000000014 -94.8575 0
vertex 232.48480775301223 -95.6838518223332 0
vertex 232.5 -95.85749999999989 0
endloop
endfacet
facet normal 0 0 -1
outer loop
vertex 215.50000000000014 -94.8575 0
vertex 232.5 -95.85749999999989 0
vertex 232.5 -97.5075 0
endloop
endfacet
facet normal 0 0 -1
outer loop
vertex 215.50000000000014 -94.8575 0
vertex 232.5 -97.5075 0
vertex 228 -97.5075 0
endloop
endfacet
facet normal 0 0 -1
outer loop
vertex 215.50000000000014 -94.8575 0
vertex 228 -97.5075 0
vertex 216 -97.5075 0
endloop
endfacet
facet normal 0 0 -1
outer loop
vertex 215.50000000000014 -94.8575 0
vertex 216 -97.5075 0
vertex 210 -97.5075 0
endloop
endfacet
facet normal 0 0 -1
outer loop
vertex 215.50000000000014 -94.8575 0
vertex 210 -97.5075 0
vertex 210 -94.8575 0
endloop
endfacet
facet normal 0 0 -1
outer loop
vertex 162 -94.65 0
vertex 162 -99.65 0
vertex 157.5 -99.65 0
endloop
endfacet
facet normal 0 0 -1
outer loop
vertex 162 -94.65 0
vertex 157.5 -99.65 0
vertex 157.5 -94.65 0
endloop
endfacet
facet normal 0 0 -1
outer loop
vertex 180 -94.8875 0
vertex 192 -94.8875 0
vertex 198 -94.8875 0
endloop
endfacet
facet normal 0 0 -1
outer loop
vertex 180 -94.8875 0
vertex 198 -94.8875 0
vertex 198 -99.65 0
endloop
endfacet
facet normal 0 0 -1
outer loop
vertex 180 -94.8875 0
vertex 198 -99.65 0
vertex 174 -99.65 0
endloop
endfacet
facet normal 0 0 -1
outer loop
vertex 180 -94.8875 0
vertex 174 -99.65 0
vertex 174 -94.8875 0
endloop
endfacet
facet normal 0 0 -1
outer loop
vertex 216 -97.5075 0
vertex 216 -99.65 0
vertex 210 -99.65 0
endloop
endfacet
facet normal 0 0 -1
outer loop
vertex 216 -97.5075 0
vertex 210 -99.65 0
vertex 210 -97.5075 0
endloop
endfacet
facet normal 0 0 -1
outer loop
vertex 232.5 -97.5075 0
vertex 232.5 -101.85750000000026 0
vertex 228 -101.85750000000026 0
endloop
endfacet
facet normal 0 0 -1
outer loop
vertex 232.5 -97.5075 0
vertex 228 -101.85750000000026 0
vertex 228 -97.5075 0
endloop
endfacet
facet normal 0 0 -1
outer loop
vertex 232.5 -101.85750000000026 0
vertex 232.53038449397556 -102.20479635533378 0
vertex 228 -102.20479635533378 0
endloop
endfacet
facet normal 0 0 -1
outer loop
vertex 232.5 -101.85750000000026 0
vertex 228 -102.20479635533378 0
vertex 228 -101.85750000000026 0
endloop
endfacet
facet normal 0 0 -1
outer loop
vertex 162 -99.65 0
vertex 174 -99.65 0
vertex 198 -99.65 0
endloop
endfacet
facet normal 0 0 -1
outer loop
vertex 162 -99.65 0
vertex 198 -99.65 0
vertex 210 -99.65 0
endloop
endfacet
facet normal 0 0 -1
outer loop
vertex 162 -99.65 0
vertex 210 -99.65 0
vertex 216 -99.65 0
endloop
endfacet
facet normal 0 0 -1
outer loop
vertex 162 -99.65 0
vertex 216 -99.65 0
vertex 216 -102.5075 0
endloop
endfacet
facet normal 0 0 -1
outer loop
vertex 162 -99.65 0
vertex 216 -102.5075 0
vertex 157.5 -102.5075 0
endloop
endfacet
facet normal 0 0 -1
outer loop
vertex 162 -99.65 0
vertex 157.5 -102.5075 0
vertex 157.5 -99.65 0
endloop
endfacet
facet normal 0 0 -1
outer loop
vertex 232.53038449397556 -102.20479635533378 0
vertex 232.6114936911098 -102.5075 0
vertex 228 -102.5075 0
endloop
endfacet
facet normal 0 0 -1
outer loop
vertex 232.53038449397556 -102.20479635533378 0
vertex 228 -102.5075 0
vertex 228 -102.20479635533378 0
endloop
endfacet
facet normal 0 0 -1
outer loop
vertex 216 -102.5075 0
vertex 228 -102.5075 0
vertex 232.6114936911098 -102.5075 0
endloop
endfacet
facet normal 0 0 -1
outer loop
vertex 216 -102.5075 0
vertex 232.6114936911098 -102.5075 0
vertex 232.62061475842816 -102.54154028665128 0
endloop
endfacet
facet normal 0 0 -1
outer loop
vertex 216 -102.5075 0
vertex 232.62061475842816 -102.54154028665128 0
vertex 157.5 -102.54154028665128 0
endloop
endfacet
facet normal 0 0 -1
outer loop
vertex 216 -102.5075 0
vertex 157.5 -102.54154028665128 0
vertex 157.5 -102.5075 0
endloop
endfacet
facet normal 0 0 -1
outer loop
vertex 232.62061475842816 -102.54154028665128 0
vertex 232.76794919243105 -102.85749999999983 0
vertex 157.5 -102.85749999999983 0
endloop
endfacet
facet normal 0 0 -1
outer loop
vertex 232.62061475842816 -102.54154028665128 0
vertex 157.5 -102.85749999999983 0
vertex 157.5 -102.54154028665128 0
endloop
endfacet
facet normal 0 0 -1
outer loop
vertex 232.76794919243105 -102.85749999999983 0
vertex 232.9679111137621 -103.1430752193731 0
vertex 157.5 -103.1430752193731 0
endloop
endfacet
facet normal 0 0 -1
outer loop
vertex 232.76794919243105 -102.85749999999983 0
vertex 157.5 -103.1430752193731 0
vertex 157.5 -102.85749999999983 0
endloop
endfacet
facet normal 0 0 -1
outer loop
vertex 232.9679111137621 -103.1430752193731 0
vertex 233.21442478062704 -103.38958888623804 0
vertex 157.5 -103.38958888623804 0
endloop
endfacet
facet normal 0 0 -1
outer loop
vertex 232.9679111137621 -103.1430752193731 0
vertex 157.5 -103.38958888623804 0
vertex 157.5 -103.1430752193731 0
endloop
endfacet
facet normal 0 0 -1
outer loop
vertex 233.21442478062704 -103.38958888623804 0
vertex 233.50000000000006 -103.58955080756893 0
vertex 157.5 -103.58955080756893 0
endloop
endfacet
facet normal 0 0 -1
outer loop
vertex 233.21442478062704 -103.38958888623804 0
vertex 157.5 -103.58955080756893 0
vertex 157.5 -103.38958888623804 0
endloop
endfacet
facet normal 0 0 -1
outer loop
vertex 233.50000000000006 -103.58955080756893 0
vertex 233.81595971334858 -103.73688524157178 0
vertex 157.5 -103.73688524157178 0
endloop
endfacet
facet normal 0 0 -1
outer loop
vertex 233.50000000000006 -103.58955080756893 0
vertex 157.5 -103.73688524157178 0
vertex 157.5 -103.58955080756893 0
endloop
endfacet
facet normal 0 0 -1
outer loop
vertex 233.81595971334858 -103.73688524157178 0
vertex 234.15270364466613 -103.82711550602441 0
vertex 157.5 -103.82711550602441 0
endloop
endfacet
facet normal 0 0 -1
outer loop
vertex 233.81595971334858 -103.73688524157178 0
vertex 157.5 -103.82711550602441 0
vertex 157.5 -103.73688524157178 0
endloop
endfacet
facet normal 0 0 -1
outer loop
vertex 234.15270364466613 -103.82711550602441 0
vertex 234.5 -103.8575 0
vertex 157.5 -103.8575 0
endloop
endfacet
facet normal 0 0 -1
outer loop
vertex 234.15270364466613 -103.82711550602441 0
vertex 157.5 -103.8575 0
vertex 157.5 -103.82711550602441 0
endloop
endfacet
facet normal 0 0 -1
outer loop
vertex 234.5 -103.8575 0
vertex 252.49999999999983 -103.8575 0
vertex 252.847296355334 -103.88788449397562 0
endloop
endfacet
facet normal 0 0 -1
outer loop
vertex 234.5 -103.8575 0
vertex 252.847296355334 -103.88788449397562 0
vertex 253.1840402866513 -103.97811475842818 0
endloop
endfacet
facet normal 0 0 -1
outer loop
vertex 234.5 -103.8575 0
vertex 253.1840402866513 -103.97811475842818 0
vertex 253.50000000000003 -104.12544919243113 0
endloop
endfacet
facet normal 0 0 -1
outer loop
vertex 234.5 -103.8575 0
vertex 253.50000000000003 -104.12544919243113 0
vertex 253.78557521937307 -104.32541111376204 0
endloop
endfacet
facet normal 0 0 -1
outer loop
vertex 234.5 -103.8575 0
vertex 253.78557521937307 -104.32541111376204 0
vertex 254.03208888623791 -104.5719247806269 0
endloop
endfacet
facet normal 0 0 -1
outer loop
vertex 234.5 -103.8575 0
vertex 254.03208888623791 -104.5719247806269 0
vertex 254.23205080756884 -104.85749999999997 0
endloop
endfacet
facet normal 0 0 -1
outer loop
vertex 234.5 -103.8575 0
vertex 254.23205080756884 -104.85749999999997 0
vertex 254.298499648856 -105.00000000000011 0
endloop
endfacet
facet normal 0 0 -1
outer loop
vertex 234.5 -103.8575 0
vertex 254.298499648856 -105.00000000000011 0
vertex 157.5 -105.00000000000011 0
endloop
endfacet
facet normal 0 0 -1
outer loop
vertex 234.5 -103.8575 0
vertex 157.5 -105.00000000000011 0
vertex 157.5 -103.8575 0
endloop
endfacet
facet normal 0 0 -1
outer loop
vertex 254.298499648856 -105.00000000000011 0
vertex 254.3793852415719 -105.1734597133489 0
vertex 254.37943574043376 -105.17364817766709 0
endloop
endfacet
facet normal 0 0 -1
outer loop
vertex 254.298499648856 -105.00000000000011 0
vertex 254.37943574043376 -105.17364817766709 0
vertex 157.4848077530122 -105.17364817766709 0
endloop
endfacet
facet normal 0 0 -1
outer loop
vertex 254.298499648856 -105.00000000000011 0
vertex 157.4848077530122 -105.17364817766709 0
vertex 157.5 -105.00000000000011 0
endloop
endfacet
facet normal 0 0 -1
outer loop
vertex 254.37943574043376 -105.17364817766709 0
vertex 254.42455087265998 -105.34202014332556 0
vertex 157.439692620786 -105.34202014332556 0
endloop
endfacet
facet normal 0 0 -1
outer loop
vertex 254.37943574043376 -105.17364817766709 0
vertex 157.439692620786 -105.34202014332556 0
vertex 157.4848077530122 -105.17364817766709 0
endloop
endfacet
facet normal 0 0 -1
outer loop
vertex 254.42455087265998 -105.34202014332556 0
vertex 254.46688144767623 -105.49999999999977 0
vertex 157.3660254037846 -105.49999999999977 0
endloop
endfacet
facet normal 0 0 -1
outer loop
vertex 254.42455087265998 -105.34202014332556 0
vertex 157.3660254037846 -105.49999999999977 0
vertex 157.439692620786 -105.34202014332556 0
endloop
endfacet
facet normal 0 0 -1
outer loop
vertex 254.46688144767623 -105.49999999999977 0
vertex 254.4696155060244 -105.51020364466605 0
vertex 254.48121509992905 -105.64278760968666 0
endloop
endfacet
facet normal 0 0 -1
outer loop
vertex 254.46688144767623 -105.49999999999977 0
vertex 254.48121509992905 -105.64278760968666 0
vertex 157.26604444311886 -105.64278760968666 0
endloop
endfacet
facet normal 0 0 -1
outer loop
vertex 254.46688144767623 -105.49999999999977 0
vertex 157.26604444311886 -105.64278760968666 0
vertex 157.3660254037846 -105.49999999999977 0
endloop
endfacet
facet normal 0 0 -1
outer loop
vertex 254.48121509992905 -105.64278760968666 0
vertex 254.49199867555646 -105.7660444431189 0
vertex 157.14278760968662 -105.7660444431189 0
endloop
endfacet
facet normal 0 0 -1
outer loop
vertex 254.48121509992905 -105.64278760968666 0
vertex 157.14278760968662 -105.7660444431189 0
vertex 157.26604444311886 -105.64278760968666 0
endloop
endfacet
facet normal 0 0 -1
outer loop
vertex 254.49199867555646 -105.7660444431189 0
vertex 254.5 -105.8574999999999 0
vertex 254.5000000003416 -105.86602540378448 0
endloop
endfacet
facet normal 0 0 -1
outer loop
vertex 254.49199867555646 -105.7660444431189 0
vertex 254.5000000003416 -105.86602540378448 0
vertex 156.99999999999991 -105.86602540378448 0
endloop
endfacet
facet normal 0 0 -1
outer loop
vertex 254.49199867555646 -105.7660444431189 0
vertex 156.99999999999991 -105.86602540378448 0
vertex 157.14278760968662 -105.7660444431189 0
endloop
endfacet
facet normal 0 0 -1
outer loop
vertex 254.5000000003416 -105.86602540378448 0
vertex 254.5000000032934 -105.9396926207859 0
vertex 156.84202014332567 -105.9396926207859 0
endloop
endfacet
facet normal 0 0 -1
outer loop
vertex 254.5000000003416 -105.86602540378448 0
vertex 156.84202014332567 -105.9396926207859 0
vertex 156.99999999999991 -105.86602540378448 0
endloop
endfacet
facet normal 0 0 -1
outer loop
vertex 254.5000000032934 -105.9396926207859 0
vertex 254.50000000510113 -105.98480775301219 0
vertex 156.673648177667 -105.98480775301219 0
endloop
endfacet
facet normal 0 0 -1
outer loop
vertex 254.5000000032934 -105.9396926207859 0
vertex 156.673648177667 -105.98480775301219 0
vertex 156.84202014332567 -105.9396926207859 0
endloop
endfacet
facet normal 0 0 -1
outer loop
vertex 254.50000000510113 -105.98480775301219 0
vertex 254.5000000057099 -106 0
vertex 156.4999999999999 -106 0
endloop
endfacet
facet normal 0 0 -1
outer loop
vertex 254.50000000510113 -105.98480775301219 0
vertex 156.4999999999999 -106 0
vertex 156.673648177667 -105.98480775301219 0
endloop
endfacet
facet normal 0 0 -1
outer loop
vertex 156.4999999999999 -106 0
vertex 254.5000000057099 -106 0
vertex 254.50000004127142 -106.8875 0
endloop
endfacet
facet normal 0 0 -1
outer loop
vertex 156.4999999999999 -106 0
vertex 254.50000004127142 -106.8875 0
vertex 192 -106.8875 0
endloop
endfacet
facet normal 0 0 -1
outer loop
vertex 156.4999999999999 -106 0
vertex 192 -106.8875 0
vertex 180 -106.8875 0
endloop
endfacet
facet normal 0 0 -1
outer loop
vertex 156.4999999999999 -106 0
vertex 180 -106.8875 0
vertex 139.5098424746467 -106.8875 0
endloop
endfacet
facet normal 0 0 -1
outer loop
vertex 156.4999999999999 -106 0
vertex 139.5098424746467 -106.8875 0
vertex 139.51519224698785 -106.82635182233278 0
endloop
endfacet
facet normal 0 0 -1
outer loop
vertex 156.4999999999999 -106 0
vertex 139.51519224698785 -106.82635182233278 0
vertex 139.56030737921404 -106.65797985667447 0
endloop
endfacet
facet normal 0 0 -1
outer loop
vertex 156.4999999999999 -106 0
vertex 139.56030737921404 -106.65797985667447 0
vertex 139.63397459621555 -106.5 0
endloop
endfacet
facet normal 0 0 -1
outer loop
vertex 156.4999999999999 -106 0
vertex 139.63397459621555 -106.5 0
vertex 139.73395555688097 -106.35721239031353 0
endloop
endfacet
facet normal 0 0 -1
outer loop
vertex 156.4999999999999 -106 0
vertex 139.73395555688097 -106.35721239031353 0
vertex 139.8572123903134 -106.2339555568811 0
endloop
endfacet
facet normal 0 0 -1
outer loop
vertex 156.4999999999999 -106 0
vertex 139.8572123903134 -106.2339555568811 0
vertex 140.00000000000014 -106.1339745962155 0
endloop
endfacet
facet normal 0 0 -1
outer loop
vertex 156.4999999999999 -106 0
vertex 140.00000000000014 -106.1339745962155 0
vertex 140.1579798566744 -106.06030737921407 0
endloop
endfacet
facet normal 0 0 -1
outer loop
vertex 156.4999999999999 -106 0
vertex 140.1579798566744 -106.06030737921407 0
vertex 140.32635182233304 -106.0151922469878 0
endloop
endfacet
facet normal 0 0 -1
outer loop
vertex 156.4999999999999 -106 0
vertex 140.32635182233304 -106.0151922469878 0
vertex 140.50000000000003 -106 0
endloop
endfacet
facet normal 0 0 -1
outer loop
vertex 180 -106.8875 0
vertex 180 -107.0333333 0
vertex 159.99999999999994 -107.0333333 0
endloop
endfacet
facet normal 0 0 -1
outer loop
vertex 180 -106.8875 0
vertex 159.99999999999994 -107.0333333 0
vertex 139.5 -107.0333333 0
endloop
endfacet
facet normal 0 0 -1
outer loop
vertex 180 -106.8875 0
vertex 139.5 -107.0333333 0
vertex 139.5 -107.00000000000026 0
endloop
endfacet
facet normal 0 0 -1
outer loop
vertex 180 -106.8875 0
vertex 139.5 -107.00000000000026 0
vertex 139.5098424746467 -106.8875 0
endloop
endfacet
facet normal 0 0 -1
outer loop
vertex 159.99999999999994 -107.0333333 0
vertex 159.7073645169758 -107.06215537939515 0
vertex 139.5 -107.06215537939515 0
endloop
endfacet
facet normal 0 0 -1
outer loop
vertex 159.99999999999994 -107.0333333 0
vertex 139.5 -107.06215537939515 0
vertex 139.5 -107.0333333 0
endloop
endfacet
facet normal 0 0 -1
outer loop
vertex 180 -107.0333333 0
vertex 180 -107.06215537939515 0
vertex 160.29263548302413 -107.06215537939515 0
endloop
endfacet
facet normal 0 0 -1
outer loop
vertex 180 -107.0333333 0
vertex 160.29263548302413 -107.06215537939515 0
vertex 159.99999999999994 -107.0333333 0
endloop
endfacet
facet normal 0 0 -1
outer loop
vertex 159.7073645169758 -107.06215537939515 0
vertex 159.42597485145228 -107.14751400123309 0
vertex 139.5 -107.14751400123309 0
endloop
endfacet
facet normal 0 0 -1
outer loop
vertex 159.7073645169758 -107.06215537939515 0
vertex 139.5 -107.14751400123309 0
vertex 139.5 -107.06215537939515 0
endloop
endfacet
facet normal 0 0 -1
outer loop
vertex 180 -107.06215537939515 0
vertex 180 -107.14751400123309 0
vertex 160.5740251485477 -107.14751400123309 0
endloop
endfacet
facet normal 0 0 -1
outer loop
vertex 180 -107.06215537939515 0
vertex 160.5740251485477 -107.14751400123309 0
vertex 160.29263548302413 -107.06215537939515 0
endloop
endfacet
facet normal 0 0 -1
outer loop
vertex 159.42597485145228 -107.14751400123309 0
vertex 159.1666446504707 -107.28612888154619 0
vertex 139.5 -107.28612888154619 0
endloop
endfacet
facet normal 0 0 -1
outer loop
vertex 159.42597485145228 -107.14751400123309 0
vertex 139.5 -107.28612888154619 0
vertex 139.5 -107.14751400123309 0
endloop
endfacet
facet normal 0 0 -1
outer loop
vertex 180 -107.14751400123309 0
vertex 180 -107.28612888154619 0
vertex 160.83335534952943 -107.28612888154619 0
endloop
endfacet
facet normal 0 0 -1
outer loop
vertex 180 -107.14751400123309 0
vertex 160.83335534952943 -107.28612888154619 0
vertex 160.5740251485477 -107.14751400123309 0
endloop
endfacet
facet normal 0 0 -1
outer loop
vertex 159.1666446504707 -107.28612888154619 0
vertex 158.93933982822008 -107.47267312822017 0
vertex 139.5 -107.47267312822017 0
endloop
endfacet
facet normal 0 0 -1
outer loop
vertex 159.1666446504707 -107.28612888154619 0
vertex 139.5 -107.47267312822017 0
vertex 139.5 -107.28612888154619 0
endloop
endfacet
facet normal 0 0 -1
outer loop
vertex 180 -107.28612888154619 0
vertex 180 -107.47267312822017 0
vertex 161.06066017177983 -107.47267312822017 0
endloop
endfacet
facet normal 0 0 -1
outer loop
vertex 180 -107.28612888154619 0
vertex 161.06066017177983 -107.47267312822017 0
vertex 160.83335534952943 -107.28612888154619 0
endloop
endfacet
facet normal 0 0 -1
outer loop
vertex 158.93933982822008 -107.47267312822017 0
vertex 158.7527955815463 -107.69997795047053 0
vertex 139.5 -107.69997795047053 0
endloop
endfacet
facet normal 0 0 -1
outer loop
vertex 158.93933982822008 -107.47267312822017 0
vertex 139.5 -107.69997795047053 0
vertex 139.5 -107.47267312822017 0
endloop
endfacet
facet normal 0 0 -1
outer loop
vertex 180 -107.47267312822017 0
vertex 180 -107.69997795047053 0
vertex 161.24720441845375 -107.69997795047053 0
endloop
endfacet
facet normal 0 0 -1
outer loop
vertex 180 -107.47267312822017 0
vertex 161.24720441845375 -107.69997795047053 0
vertex 161.06066017177983 -107.47267312822017 0
endloop
endfacet
facet normal 0 0 -1
outer loop
vertex 158.7527955815463 -107.69997795047053 0
vertex 158.61418070123307 -107.95930815145223 0
vertex 139.5 -107.95930815145223 0
endloop
endfacet
facet normal 0 0 -1
outer loop
vertex 158.7527955815463 -107.69997795047053 0
vertex 139.5 -107.95930815145223 0
vertex 139.5 -107.69997795047053 0
endloop
endfacet
facet normal 0 0 -1
outer loop
vertex 180 -107.69997795047053 0
vertex 180 -107.95930815145223 0
vertex 161.38581929876685 -107.95930815145223 0
endloop
endfacet
facet normal 0 0 -1
outer loop
vertex 180 -107.69997795047053 0
vertex 161.38581929876685 -107.95930815145223 0
vertex 161.24720441845375 -107.69997795047053 0
endloop
endfacet
facet normal 0 0 -1
outer loop
vertex 158.61418070123307 -107.95930815145223 0
vertex 158.52882207939498 -108.24069781697602 0
vertex 139.5 -108.24069781697602 0
endloop
endfacet
facet normal 0 0 -1
outer loop
vertex 158.61418070123307 -107.95930815145223 0
vertex 139.5 -108.24069781697602 0
vertex 139.5 -107.95930815145223 0
endloop
endfacet
facet normal 0 0 -1
outer loop
vertex 180 -107.95930815145223 0
vertex 180 -108.24069781697602 0
vertex 161.47117792060487 -108.24069781697602 0
endloop
endfacet
facet normal 0 0 -1
outer loop
vertex 180 -107.95930815145223 0
vertex 161.47117792060487 -108.24069781697602 0
vertex 161.38581929876685 -107.95930815145223 0
endloop
endfacet
facet normal 0 0 -1
outer loop
vertex 158.52882207939498 -108.24069781697602 0
vertex 158.50000000000003 -108.5333333000001 0
vertex 139.5 -108.5333333000001 0
endloop
endfacet
facet normal 0 0 -1
outer loop
vertex 158.52882207939498 -108.24069781697602 0
vertex 139.5 -108.5333333000001 0
vertex 139.5 -108.24069781697602 0
endloop
endfacet
facet normal 0 0 -1
outer loop
vertex 180 -108.24069781697602 0
vertex 180 -108.5333333000001 0
vertex 161.50000000000003 -108.5333333000001 0
endloop
endfacet
facet normal 0 0 -1
outer loop
vertex 180 -108.24069781697602 0
vertex 161.50000000000003 -108.5333333000001 0
vertex 161.47117792060487 -108.24069781697602 0
endloop
endfacet
facet normal 0 0 -1
outer loop
vertex 158.50000000000003 -108.5333333000001 0
vertex 158.51149066700805 -108.65 0
vertex 156 -108.65 0
endloop
endfacet
facet normal 0 0 -1
outer loop
vertex 158.50000000000003 -108.5333333000001 0
vertex 156 -108.65 0
vertex 144 -108.65 0
endloop
endfacet
facet normal 0 0 -1
outer loop
vertex 158.50000000000003 -108.5333333000001 0
vertex 144 -108.65 0
vertex 139.5 -108.65 0
endloop
endfacet
facet normal 0 0 -1
outer loop
vertex 158.50000000000003 -108.5333333000001 0
vertex 139.5 -108.65 0
vertex 139.5 -108.5333333000001 0
endloop
endfacet
facet normal 0 0 -1
outer loop
vertex 158.51149066700805 -108.65 0
vertex 158.52882207939516 -108.82596878302415 0
vertex 156 -108.82596878302415 0
endloop
endfacet
facet normal 0 0 -1
outer loop
vertex 158.51149066700805 -108.65 0
vertex 156 -108.82596878302415 0
vertex 156 -108.65 0
endloop
endfacet
facet normal 0 0 -1
outer loop
vertex 180 -108.5333333000001 0
vertex 180 -108.82596878302415 0
vertex 161.47117792060487 -108.82596878302415 0
endloop
endfacet
facet normal 0 0 -1
outer loop
vertex 180 -108.5333333000001 0
vertex 161.47117792060487 -108.82596878302415 0
vertex 161.50000000000003 -108.5333333000001 0
endloop
endfacet
facet normal 0 0 -1
outer loop
vertex 158.52882207939516 -108.82596878302415 0
vertex 158.614180701233 -109.10735844854752 0
vertex 156 -109.10735844854752 0
endloop
endfacet
facet normal 0 0 -1
outer loop
vertex 158.52882207939516 -108.82596878302415 0
vertex 156 -109.10735844854752 0
vertex 156 -108.82596878302415 0
endloop
endfacet
facet normal 0 0 -1
outer loop
vertex 180 -108.82596878302415 0
vertex 180 -109.10735844854752 0
vertex 161.38581929876693 -109.10735844854752 0
endloop
endfacet
facet normal 0 0 -1
outer loop
vertex 180 -108.82596878302415 0
vertex 161.38581929876693 -109.10735844854752 0
vertex 161.47117792060487 -108.82596878302415 0
endloop
endfacet
facet normal 0 0 -1
outer loop
vertex 158.614180701233 -109.10735844854752 0
vertex 158.75279558154622 -109.36668864952942 0
vertex 156 -109.36668864952942 0
endloop
endfacet
facet normal 0 0 -1
outer loop
vertex 158.614180701233 -109.10735844854752 0
vertex 156 -109.36668864952942 0
vertex 156 -109.10735844854752 0
endloop
endfacet
facet normal 0 0 -1
outer loop
vertex 180 -109.10735844854752 0
vertex 180 -109.36668864952942 0
vertex 161.2472044184539 -109.36668864952942 0
endloop
endfacet
facet normal 0 0 -1
outer loop
vertex 180 -109.10735844854752 0
vertex 161.2472044184539 -109.36668864952942 0
vertex 161.38581929876693 -109.10735844854752 0
endloop
endfacet
facet normal 0 0 -1
outer loop
vertex 158.75279558154622 -109.36668864952942 0
vertex 158.9393398282202 -109.59399347177984 0
vertex 156 -109.59399347177984 0
endloop
endfacet
facet normal 0 0 -1
outer loop
vertex 158.75279558154622 -109.36668864952942 0
vertex 156 -109.59399347177984 0
vertex 156 -109.36668864952942 0
endloop
endfacet
facet normal 0 0 -1
outer loop
vertex 180 -109.36668864952942 0
vertex 180 -109.59399347177984 0
vertex 161.06066017177963 -109.59399347177984 0
endloop
endfacet
facet normal 0 0 -1
outer loop
vertex 180 -109.36668864952942 0
vertex 161.06066017177963 -109.59399347177984 0
vertex 161.2472044184539 -109.36668864952942 0
endloop
endfacet
facet normal 0 0 -1
outer loop
vertex 158.9393398282202 -109.59399347177984 0
vertex 159.16664465047054 -109.78053771845377 0
vertex 156 -109.78053771845377 0
endloop
endfacet
facet normal 0 0 -1
outer loop
vertex 158.9393398282202 -109.59399347177984 0
vertex 156 -109.78053771845377 0
vertex 156 -109.59399347177984 0
endloop
endfacet
facet normal 0 0 -1
outer loop
vertex 180 -109.59399347177984 0
vertex 180 -109.78053771845377 0
vertex 160.83335534952943 -109.78053771845377 0
endloop
endfacet
facet normal 0 0 -1
outer loop
vertex 180 -109.59399347177984 0
vertex 160.83335534952943 -109.78053771845377 0
vertex 161.06066017177963 -109.59399347177984 0
endloop
endfacet
facet normal 0 0 -1
outer loop
vertex 159.16664465047054 -109.78053771845377 0
vertex 159.42597485145242 -109.91915259876694 0
vertex 156 -109.91915259876694 0
endloop
endfacet
facet normal 0 0 -1
outer loop
vertex 159.16664465047054 -109.78053771845377 0
vertex 156 -109.91915259876694 0
vertex 156 -109.78053771845377 0
endloop
endfacet
facet normal 0 0 -1
outer loop
vertex 180 -109.78053771845377 0
vertex 180 -109.91915259876694 0
vertex 160.57402514854775 -109.91915259876694 0
endloop
endfacet
facet normal 0 0 -1
outer loop
vertex 180 -109.78053771845377 0
vertex 160.57402514854775 -109.91915259876694 0
vertex 160.83335534952943 -109.78053771845377 0
endloop
endfacet
facet normal 0 0 -1
outer loop
vertex 159.42597485145242 -109.91915259876694 0
vertex 159.7073645169758 -110.00451122060484 0
vertex 156 -110.00451122060484 0
endloop
endfacet
facet normal 0 0 -1
outer loop
vertex 159.42597485145242 -109.91915259876694 0
vertex 156 -110.00451122060484 0
vertex 156 -109.91915259876694 0
endloop
endfacet
facet normal 0 0 -1
outer loop
vertex 180 -109.91915259876694 0
vertex 180 -110.00451122060484 0
vertex 160.2926354830241 -110.00451122060484 0
endloop
endfacet
facet normal 0 0 -1
outer loop
vertex 180 -109.91915259876694 0
vertex 160.2926354830241 -110.00451122060484 0
vertex 160.57402514854775 -109.91915259876694 0
endloop
endfacet
facet normal 0 0 -1
outer loop
vertex 159.7073645169758 -110.00451122060484 0
vertex 160 -110.0333333 0
vertex 156 -110.0333333 0
endloop
endfacet
facet normal 0 0 -1
outer loop
vertex 159.7073645169758 -110.00451122060484 0
vertex 156 -110.0333333 0
vertex 156 -110.00451122060484 0
endloop
endfacet
facet normal 0 0 -1
outer loop
vertex 180 -110.00451122060484 0
vertex 180 -110.0333333 0
vertex 160 -110.0333333 0
endloop
endfacet
facet normal 0 0 -1
outer loop
vertex 180 -110.00451122060484 0
vertex 160 -110.0333333 0
vertex 160.2926354830241 -110.00451122060484 0
endloop
endfacet
facet normal 0 0 -1
outer loop
vertex 160 -110.0333333 0
vertex 180 -110.0333333 0
vertex 180 -111.65 0
endloop
endfacet
facet normal 0 0 -1
outer loop
vertex 160 -110.0333333 0
vertex 180 -111.65 0
vertex 174 -111.65 0
endloop
endfacet
facet normal 0 0 -1
outer loop
vertex 160 -110.0333333 0
vertex 174 -111.65 0
vertex 162 -111.65 0
endloop
endfacet
facet normal 0 0 -1
outer loop
vertex 160 -110.0333333 0
vertex 162 -111.65 0
vertex 156 -111.65 0
endloop
endfacet
facet normal 0 0 -1
outer loop
vertex 160 -110.0333333 0
vertex 156 -111.65 0
vertex 156 -110.0333333 0
endloop
endfacet
facet normal 0 0 -1
outer loop
vertex 254.50000004127142 -106.8875 0
vertex 254.50000023210168 -111.65 0
vertex 210 -111.65 0
endloop
endfacet
facet normal 0 0 -1
outer loop
vertex 254.50000004127142 -106.8875 0
vertex 210 -111.65 0
vertex 198 -111.65 0
endloop
endfacet
facet normal 0 0 -1
outer loop
vertex 254.50000004127142 -106.8875 0
vertex 198 -111.65 0
vertex 192 -111.65 0
endloop
endfacet
facet normal 0 0 -1
outer loop
vertex 254.50000004127142 -106.8875 0
vertex 192 -111.65 0
vertex 192 -106.8875 0
endloop
endfacet
facet normal 0 0 -1
outer loop
vertex 180 -111.65 0
vertex 180 -111.8875 0
vertex 174 -111.8875 0
endloop
endfacet
facet normal 0 0 -1
outer loop
vertex 180 -111.65 0
vertex 174 -111.8875 0
vertex 174 -111.65 0
endloop
endfacet
facet normal 0 0 -1
outer loop
vertex 198 -111.65 0
vertex 198 -111.8875 0
vertex 192 -111.8875 0
endloop
endfacet
facet normal 0 0 -1
outer loop
vertex 198 -111.65 0
vertex 192 -111.8875 0
vertex 192 -111.65 0
endloop
endfacet
facet normal 0 0 -1
outer loop
vertex 144 -108.65 0
vertex 144 -113.65 0
vertex 139.5 -113.65 0
endloop
endfacet
facet normal 0 0 -1
outer loop
vertex 144 -108.65 0
vertex 139.5 -113.65 0
vertex 139.5 -108.65 0
endloop
endfacet
facet normal 0 0 -1
outer loop
vertex 162 -111.65 0
vertex 162 -113.65 0
vertex 156 -113.65 0
endloop
endfacet
facet normal 0 0 -1
outer loop
vertex 162 -111.65 0
vertex 156 -113.65 0
vertex 156 -111.65 0
endloop
endfacet
facet normal 0 0 -1
outer loop
vertex 254.50000023210168 -111.65 0
vertex 254.50000034659982 -114.5075 0
vertex 228 -114.5075 0
endloop
endfacet
facet normal 0 0 -1
outer loop
vertex 254.50000023210168 -111.65 0
vertex 228 -114.5075 0
vertex 216 -114.5075 0
endloop
endfacet
facet normal 0 0 -1
outer loop
vertex 254.50000023210168 -111.65 0
vertex 216 -114.5075 0
vertex 210 -114.5075 0
endloop
endfacet
facet normal 0 0 -1
outer loop
vertex 254.50000023210168 -111.65 0
vertex 210 -114.5075 0
vertex 210 -111.65 0
endloop
endfacet
facet normal 0 0 -1
outer loop
vertex 144 -113.65 0
vertex 156 -113.65 0
vertex 162 -113.65 0
endloop
endfacet
facet normal 0 0 -1
outer loop
vertex 144 -113.65 0
vertex 162 -113.65 0
vertex 162 -116.65 0
endloop
endfacet
facet normal 0 0 -1
outer loop
vertex 144 -113.65 0
vertex 162 -116.65 0
vertex 139.5 -116.65 0
endloop
endfacet
facet normal 0 0 -1
outer loop
vertex 144 -113.65 0
vertex 139.5 -116.65 0
vertex 139.5 -113.65 0
endloop
endfacet
facet normal 0 0 -1
outer loop
vertex 180 -111.8875 0
vertex 192 -111.8875 0
vertex 198 -111.8875 0
endloop
endfacet
facet normal 0 0 -1
outer loop
vertex 180 -111.8875 0
vertex 198 -111.8875 0
vertex 198 -116.65 0
endloop
endfacet
facet normal 0 0 -1
outer loop
vertex 180 -111.8875 0
vertex 198 -116.65 0
vertex 174 -116.65 0
endloop
endfacet
facet normal 0 0 -1
outer loop
vertex 180 -111.8875 0
vertex 174 -116.65 0
vertex 174 -111.8875 0
endloop
endfacet
facet normal 0 0 -1
outer loop
vertex 216 -114.5075 0
vertex 216 -116.65 0
vertex 210 -116.65 0
endloop
endfacet
facet normal 0 0 -1
outer loop
vertex 216 -114.5075 0
vertex 210 -116.65 0
vertex 210 -114.5075 0
endloop
endfacet
facet normal 0 0 -1
outer loop
vertex 162 -116.65 0
vertex 174 -116.65 0
vertex 198 -116.65 0
endloop
endfacet
facet normal 0 0 -1
outer loop
vertex 162 -116.65 0
vertex 198 -116.65 0
vertex 210 -116.65 0
endloop
endfacet
facet normal 0 0 -1
outer loop
vertex 162 -116.65 0
vertex 210 -116.65 0
vertex 216 -116.65 0
endloop
endfacet
facet normal 0 0 -1
outer loop
vertex 162 -116.65 0
vertex 216 -116.65 0
vertex 216 -119.5075 0
endloop
endfacet
facet normal 0 0 -1
outer loop
vertex 162 -116.65 0
vertex 216 -119.5075 0
vertex 139.5 -119.5075 0
endloop
endfacet
facet normal 0 0 -1
outer loop
vertex 162 -116.65 0
vertex 139.5 -119.5075 0
vertex 139.5 -116.65 0
endloop
endfacet
facet normal 0 0 -1
outer loop
vertex 254.50000034659982 -114.5075 0
vertex 254.50000054694652 -119.5075 0
vertex 228 -119.5075 0
endloop
endfacet
facet normal 0 0 -1
outer loop
vertex 254.50000034659982 -114.5075 0
vertex 228 -119.5075 0
vertex 228 -114.5075 0
endloop
endfacet
facet normal 0 0 -1
outer loop
vertex 216 -119.5075 0
vertex 228 -119.5075 0
vertex 254.50000054694652 -119.5075 0
endloop
endfacet
facet normal 0 0 -1
outer loop
vertex 216 -119.5075 0
vertex 254.50000054694652 -119.5075 0
vertex 254.50000072245027 -123.8875 0
endloop
endfacet
facet normal 0 0 -1
outer loop
vertex 216 -119.5075 0
vertex 254.50000072245027 -123.8875 0
vertex 192 -123.8875 0
endloop
endfacet
facet normal 0 0 -1
outer loop
vertex 216 -119.5075 0
vertex 192 -123.8875 0
vertex 180 -123.8875 0
endloop
endfacet
facet normal 0 0 -1
outer loop
vertex 216 -119.5075 0
vertex 180 -123.8875 0
vertex 139.5 -123.8875 0
endloop
endfacet
facet normal 0 0 -1
outer loop
vertex 216 -119.5075 0
vertex 139.5 -123.8875 0
vertex 139.5 -119.5075 0
endloop
endfacet
facet normal 0 0 -1
outer loop
vertex 180 -123.8875 0
vertex 180 -125.65 0
vertex 156 -125.65 0
endloop
endfacet
facet normal 0 0 -1
outer loop
vertex 180 -123.8875 0
vertex 156 -125.65 0
vertex 144 -125.65 0
endloop
endfacet
facet normal 0 0 -1
outer loop
vertex 180 -123.8875 0
vertex 144 -125.65 0
vertex 139.5 -125.65 0
endloop
endfacet
facet normal 0 0 -1
outer loop
vertex 180 -123.8875 0
vertex 139.5 -125.65 0
vertex 139.5 -123.8875 0
endloop
endfacet
facet normal 0 0 -1
outer loop
vertex 180 -125.65 0
vertex 180 -128.65 0
vertex 174 -128.65 0
endloop
endfacet
facet normal 0 0 -1
outer loop
vertex 180 -125.65 0
vertex 174 -128.65 0
vertex 162 -128.65 0
endloop
endfacet
facet normal 0 0 -1
outer loop
vertex 180 -125.65 0
vertex 162 -128.65 0
vertex 156 -128.65 0
endloop
endfacet
facet normal 0 0 -1
outer loop
vertex 180 -125.65 0
vertex 156 -128.65 0
vertex 156 -125.65 0
endloop
endfacet
facet normal 0 0 -1
outer loop
vertex 254.50000072245027 -123.8875 0
vertex 254.5000009132805 -128.65 0
vertex 210 -128.65 0
endloop
endfacet
facet normal 0 0 -1
outer loop
vertex 254.50000072245027 -123.8875 0
vertex 210 -128.65 0
vertex 198 -128.65 0
endloop
endfacet
facet normal 0 0 -1
outer loop
vertex 254.50000072245027 -123.8875 0
vertex 198 -128.65 0
vertex 192 -128.65 0
endloop
endfacet
facet normal 0 0 -1
outer loop
vertex 254.50000072245027 -123.8875 0
vertex 192 -128.65 0
vertex 192 -123.8875 0
endloop
endfacet
facet normal 0 0 -1
outer loop
vertex 180 -128.65 0
vertex 180 -128.8875 0
vertex 174 -128.8875 0
endloop
endfacet
facet normal 0 0 -1
outer loop
vertex 180 -128.65 0
vertex 174 -128.8875 0
vertex 174 -128.65 0
endloop
endfacet
facet normal 0 0 -1
outer loop
vertex 198 -128.65 0
vertex 198 -128.8875 0
vertex 192 -128.8875 0
endloop
endfacet
facet normal 0 0 -1
outer loop
vertex 198 -128.65 0
vertex 192 -128.8875 0
vertex 192 -128.65 0
endloop
endfacet
facet normal 0 0 -1
outer loop
vertex 144 -125.65 0
vertex 144 -130.65 0
vertex 139.5 -130.65 0
endloop
endfacet
facet normal 0 0 -1
outer loop
vertex 144 -125.65 0
vertex 139.5 -130.65 0
vertex 139.5 -125.65 0
endloop
endfacet
facet normal 0 0 -1
outer loop
vertex 162 -128.65 0
vertex 162 -130.65 0
vertex 156 -130.65 0
endloop
endfacet
facet normal 0 0 -1
outer loop
vertex 162 -128.65 0
vertex 156 -130.65 0
vertex 156 -128.65 0
endloop
endfacet
facet normal 0 0 -1
outer loop
vertex 254.5000009132805 -128.65 0
vertex 254.50000102777864 -131.5075 0
vertex 228 -131.5075 0
endloop
endfacet
facet normal 0 0 -1
outer loop
vertex 254.5000009132805 -128.65 0
vertex 228 -131.5075 0
vertex 216 -131.5075 0
endloop
endfacet
facet normal 0 0 -1
outer loop
vertex 254.5000009132805 -128.65 0
vertex 216 -131.5075 0
vertex 210 -131.5075 0
endloop
endfacet
facet normal 0 0 -1
outer loop
vertex 254.5000009132805 -128.65 0
vertex 210 -131.5075 0
vertex 210 -128.65 0
endloop
endfacet
facet normal 0 0 -1
outer loop
vertex 144 -130.65 0
vertex 156 -130.65 0
vertex 162 -130.65 0
endloop
endfacet
facet normal 0 0 -1
outer loop
vertex 144 -130.65 0
vertex 162 -130.65 0
vertex 162 -133.65 0
endloop
endfacet
facet normal 0 0 -1
outer loop
vertex 144 -130.65 0
vertex 162 -133.65 0
vertex 139.5 -133.65 0
endloop
endfacet
facet normal 0 0 -1
outer loop
vertex 144 -130.65 0
vertex 139.5 -133.65 0
vertex 139.5 -130.65 0
endloop
endfacet
facet normal 0 0 -1
outer loop
vertex 180 -128.8875 0
vertex 192 -128.8875 0
vertex 198 -128.8875 0
endloop
endfacet
facet normal 0 0 -1
outer loop
vertex 180 -128.8875 0
vertex 198 -128.8875 0
vertex 198 -133.65 0
endloop
endfacet
facet normal 0 0 -1
outer loop
vertex 180 -128.8875 0
vertex 198 -133.65 0
vertex 174 -133.65 0
endloop
endfacet
facet normal 0 0 -1
outer loop
vertex 180 -128.8875 0
vertex 174 -133.65 0
vertex 174 -128.8875 0
endloop
endfacet
facet normal 0 0 -1
outer loop
vertex 216 -131.5075 0
vertex 216 -133.65 0
vertex 210 -133.65 0
endloop
endfacet
facet normal 0 0 -1
outer loop
vertex 216 -131.5075 0
vertex 210 -133.65 0
vertex 210 -131.5075 0
endloop
endfacet
facet normal 0 0 -1
outer loop
vertex 162 -133.65 0
vertex 174 -133.65 0
vertex 198 -133.65 0
endloop
endfacet
facet normal 0 0 -1
outer loop
vertex 162 -133.65 0
vertex 198 -133.65 0
vertex 210 -133.65 0
endloop
endfacet
facet normal 0 0 -1
outer loop
vertex 162 -133.65 0
vertex 210 -133.65 0
vertex 216 -133.65 0
endloop
endfacet
facet normal 0 0 -1
outer loop
vertex 162 -133.65 0
vertex 216 -133.65 0
vertex 216 -136.5075 0
endloop
endfacet
facet normal 0 0 -1
outer loop
vertex 162 -133.65 0
vertex 216 -136.5075 0
vertex 139.5 -136.5075 0
endloop
endfacet
facet normal 0 0 -1
outer loop
vertex 162 -133.65 0
vertex 139.5 -136.5075 0
vertex 139.5 -133.65 0
endloop
endfacet
facet normal 0 0 -1
outer loop
vertex 254.50000102777864 -131.5075 0
vertex 254.50000122812534 -136.5075 0
vertex 228 -136.5075 0
endloop
endfacet
facet normal 0 0 -1
outer loop
vertex 254.50000102777864 -131.5075 0
vertex 228 -136.5075 0
vertex 228 -131.5075 0
endloop
endfacet
facet normal 0 0 -1
outer loop
vertex 216 -136.5075 0
vertex 228 -136.5075 0
vertex 254.50000122812534 -136.5075 0
endloop
endfacet
facet normal 0 0 -1
outer loop
vertex 216 -136.5075 0
vertex 254.50000122812534 -136.5075 0
vertex 254.5000014742513 -142.65 0
endloop
endfacet
facet normal 0 0 -1
outer loop
vertex 216 -136.5075 0
vertex 254.5000014742513 -142.65 0
vertex 156 -142.65 0
endloop
endfacet
facet normal 0 0 -1
outer loop
vertex 216 -136.5075 0
vertex 156 -142.65 0
vertex 144 -142.65 0
endloop
endfacet
facet normal 0 0 -1
outer loop
vertex 216 -136.5075 0
vertex 144 -142.65 0
vertex 139.5 -142.65 0
endloop
endfacet
facet normal 0 0 -1
outer loop
vertex 216 -136.5075 0
vertex 139.5 -142.65 0
vertex 139.5 -136.5075 0
endloop
endfacet
facet normal 0 0 -1
outer loop
vertex 144 -142.65 0
vertex 144 -147.65 0
vertex 139.5 -147.65 0
endloop
endfacet
facet normal 0 0 -1
outer loop
vertex 144 -142.65 0
vertex 139.5 -147.65 0
vertex 139.5 -142.65 0
endloop
endfacet
facet normal 0 0 -1
outer loop
vertex 254.5000014742513 -142.65 0
vertex 254.500001674598 -147.65 0
vertex 156 -147.65 0
endloop
endfacet
facet normal 0 0 -1
outer loop
vertex 254.5000014742513 -142.65 0
vertex 156 -147.65 0
vertex 156 -142.65 0
endloop
endfacet
facet normal 0 0 -1
outer loop
vertex 144 -147.65 0
vertex 156 -147.65 0
vertex 254.500001674598 -147.65 0
endloop
endfacet
facet normal 0 0 -1
outer loop
vertex 144 -147.65 0
vertex 254.500001674598 -147.65 0
vertex 254.50000175293354 -149.605 0
endloop
endfacet
facet normal 0 0 -1
outer loop
vertex 144 -147.65 0
vertex 254.50000175293354 -149.605 0
vertex 201 -149.605 0
endloop
endfacet
facet normal 0 0 -1
outer loop
vertex 144 -147.65 0
vertex 201 -149.605 0
vertex 189 -149.605 0
endloop
endfacet
facet normal 0 0 -1
outer loop
vertex 144 -147.65 0
vertex 189 -149.605 0
vertex 139.5 -149.605 0
endloop
endfacet
facet normal 0 0 -1
outer loop
vertex 144 -147.65 0
vertex 139.5 -149.605 0
vertex 139.5 -147.65 0
endloop
endfacet
facet normal 0 0 -1
outer loop
vertex 189 -149.605 0
vertex 189 -150.5 0
vertex 172.4999999999999 -150.5 0
endloop
endfacet
facet normal 0 0 -1
outer loop
vertex 189 -149.605 0
vertex 172.4999999999999 -150.5 0
vertex 139.5 -150.5 0
endloop
endfacet
facet normal 0 0 -1
outer loop
vertex 189 -149.605 0
vertex 139.5 -150.5 0
vertex 139.5 -149.605 0
endloop
endfacet
facet normal 0 0 -1
outer loop
vertex 172.4999999999999 -150.5 0
vertex 172.2073645169757 -150.52882207939516 0
vertex 139.5 -150.52882207939516 0
endloop
endfacet
facet normal 0 0 -1
outer loop
vertex 172.4999999999999 -150.5 0
vertex 139.5 -150.52882207939516 0
vertex 139.5 -150.5 0
endloop
endfacet
facet normal 0 0 -1
outer loop
vertex 189 -150.5 0
vertex 189 -150.52882207939516 0
vertex 172.7926354830242 -150.52882207939516 0
endloop
endfacet
facet normal 0 0 -1
outer loop
vertex 189 -150.5 0
vertex 172.7926354830242 -150.52882207939516 0
vertex 172.4999999999999 -150.5 0
endloop
endfacet
facet normal 0 0 -1
outer loop
vertex 172.2073645169757 -150.52882207939516 0
vertex 171.92597485145242 -150.61418070123304 0
vertex 139.5 -150.61418070123304 0
endloop
endfacet
facet normal 0 0 -1
outer loop
vertex 172.2073645169757 -150.52882207939516 0
vertex 139.5 -150.61418070123304 0
vertex 139.5 -150.52882207939516 0
endloop
endfacet
facet normal 0 0 -1
outer loop
vertex 189 -150.52882207939516 0
vertex 189 -150.61418070123304 0
vertex 173.07402514854755 -150.61418070123304 0
endloop
endfacet
facet normal 0 0 -1
outer loop
vertex 189 -150.52882207939516 0
vertex 173.07402514854755 -150.61418070123304 0
vertex 172.7926354830242 -150.52882207939516 0
endloop
endfacet
facet normal 0 0 -1
outer loop
vertex 171.92597485145242 -150.61418070123304 0
vertex 171.66664465047054 -150.75279558154622 0
vertex 139.5 -150.75279558154622 0
endloop
endfacet
facet normal 0 0 -1
outer loop
vertex 171.92597485145242 -150.61418070123304 0
vertex 139.5 -150.75279558154622 0
vertex 139.5 -150.61418070123304 0
endloop
endfacet
facet normal 0 0 -1
outer loop
vertex 189 -150.61418070123304 0
vertex 189 -150.75279558154622 0
vertex 173.33335534952943 -150.75279558154622 0
endloop
endfacet
facet normal 0 0 -1
outer loop
vertex 189 -150.61418070123304 0
vertex 173.33335534952943 -150.75279558154622 0
vertex 173.07402514854755 -150.61418070123304 0
endloop
endfacet
facet normal 0 0 -1
outer loop
vertex 171.66664465047054 -150.75279558154622 0
vertex 171.43933982822017 -150.9393398282202 0
vertex 139.5 -150.9393398282202 0
endloop
endfacet
facet normal 0 0 -1
outer loop
vertex 171.66664465047054 -150.75279558154622 0
vertex 139.5 -150.9393398282202 0
vertex 139.5 -150.75279558154622 0
endloop
endfacet
facet normal 0 0 -1
outer loop
vertex 189 -150.75279558154622 0
vertex 189 -150.9393398282202 0
vertex 173.56066017177983 -150.9393398282202 0
endloop
endfacet
facet normal 0 0 -1
outer loop
vertex 189 -150.75279558154622 0
vertex 173.56066017177983 -150.9393398282202 0
vertex 173.33335534952943 -150.75279558154622 0
endloop
endfacet
facet normal 0 0 -1
outer loop
vertex 254.50000175293354 -149.605 0
vertex 254.5000018070689 -150.9560421 0
vertex 211.26218379999997 -150.9560421 0
endloop
endfacet
facet normal 0 0 -1
outer loop
vertex 254.50000175293354 -149.605 0
vertex 211.26218379999997 -150.9560421 0
vertex 201 -150.9560421 0
endloop
endfacet
facet normal 0 0 -1
outer loop
vertex 254.50000175293354 -149.605 0
vertex 201 -150.9560421 0
vertex 201 -149.605 0
endloop
endfacet
facet normal 0 0 -1
outer loop
vertex 171.43933982822017 -150.9393398282202 0
vertex 171.2527955815463 -151.1666446504706 0
vertex 139.5 -151.1666446504706 0
endloop
endfacet
facet normal 0 0 -1
outer loop
vertex 171.43933982822017 -150.9393398282202 0
vertex 139.5 -151.1666446504706 0
vertex 139.5 -150.9393398282202 0
endloop
endfacet
facet normal 0 0 -1
outer loop
vertex 189 -150.9393398282202 0
vertex 189 -151.1666446504706 0
vertex 173.7472044184538 -151.1666446504706 0
endloop
endfacet
facet normal 0 0 -1
outer loop
vertex 189 -150.9393398282202 0
vertex 173.7472044184538 -151.1666446504706 0
vertex 173.56066017177983 -150.9393398282202 0
endloop
endfacet
facet normal 0 0 -1
outer loop
vertex 171.2527955815463 -151.1666446504706 0
vertex 171.11418070123287 -151.42597485145248 0
vertex 139.5 -151.42597485145248 0
endloop
endfacet
facet normal 0 0 -1
outer loop
vertex 171.2527955815463 -151.1666446504706 0
vertex 139.5 -151.42597485145248 0
vertex 139.5 -151.1666446504706 0
endloop
endfacet
facet normal 0 0 -1
outer loop
vertex 189 -151.1666446504706 0
vertex 189 -151.42597485145248 0
vertex 173.885819298767 -151.42597485145248 0
endloop
endfacet
facet normal 0 0 -1
outer loop
vertex 189 -151.1666446504706 0
vertex 173.885819298767 -151.42597485145248 0
vertex 173.7472044184538 -151.1666446504706 0
endloop
endfacet
facet normal 0 0 -1
outer loop
vertex 171.11418070123287 -151.42597485145248 0
vertex 171.02882207939518 -151.70736451697573 0
vertex 139.5 -151.70736451697573 0
endloop
endfacet
facet normal 0 0 -1
outer loop
vertex 171.11418070123287 -151.42597485145248 0
vertex 139.5 -151.70736451697573 0
vertex 139.5 -151.42597485145248 0
endloop
endfacet
facet normal 0 0 -1
outer loop
vertex 189 -151.42597485145248 0
vertex 189 -151.70736451697573 0
vertex 173.97117792060484 -151.70736451697573 0
endloop
endfacet
facet normal 0 0 -1
outer loop
vertex 189 -151.42597485145248 0
vertex 173.97117792060484 -151.70736451697573 0
vertex 173.885819298767 -151.42597485145248 0
endloop
endfacet
facet normal 0 0 -1
outer loop
vertex 171.02882207939518 -151.70736451697573 0
vertex 171 -152.00000000000006 0
vertex 139.5 -152.00000000000006 0
endloop
endfacet
facet normal 0 0 -1
outer loop
vertex 171.02882207939518 -151.70736451697573 0
vertex 139.5 -152.00000000000006 0
vertex 139.5 -151.70736451697573 0
endloop
endfacet
facet normal 0 0 -1
outer loop
vertex 189 -151.70736451697573 0
vertex 189 -152.00000000000006 0
vertex 174 -152.00000000000006 0
endloop
endfacet
facet normal 0 0 -1
outer loop
vertex 189 -151.70736451697573 0
vertex 174 -152.00000000000006 0
vertex 173.97117792060484 -151.70736451697573 0
endloop
endfacet
facet normal 0 0 -1
outer loop
vertex 171 -152.00000000000006 0
vertex 171.02882207939516 -152.29263548302413 0
vertex 139.5 -152.29263548302413 0
endloop
endfacet
facet normal 0 0 -1
outer loop
vertex 171 -152.00000000000006 0
vertex 139.5 -152.29263548302413 0
vertex 139.5 -152.00000000000006 0
endloop
endfacet
facet normal 0 0 -1
outer loop
vertex 189 -152.00000000000006 0
vertex 189 -152.29263548302413 0
vertex 173.97117792060484 -152.29263548302413 0
endloop
endfacet
facet normal 0 0 -1
outer loop
vertex 189 -152.00000000000006 0
vertex 173.97117792060484 -152.29263548302413 0
vertex 174 -152.00000000000006 0
endloop
endfacet
facet normal 0 0 -1
outer loop
vertex 171.02882207939516 -152.29263548302413 0
vertex 171.11418070123307 -152.5740251485476 0
vertex 139.5 -152.5740251485476 0
endloop
endfacet
facet normal 0 0 -1
outer loop
vertex 171.02882207939516 -152.29263548302413 0
vertex 139.5 -152.5740251485476 0
vertex 139.5 -152.29263548302413 0
endloop
endfacet
facet normal 0 0 -1
outer loop
vertex 189 -152.29263548302413 0
vertex 189 -152.5740251485476 0
vertex 173.8858192987669 -152.5740251485476 0
endloop
endfacet
facet normal 0 0 -1
outer loop
vertex 189 -152.29263548302413 0
vertex 173.8858192987669 -152.5740251485476 0
vertex 173.97117792060484 -152.29263548302413 0
endloop
endfacet
facet normal 0 0 -1
outer loop
vertex 171.11418070123307 -152.5740251485476 0
vertex 171.25279558154622 -152.83335534952943 0
vertex 139.5 -152.83335534952943 0
endloop
endfacet
facet normal 0 0 -1
outer loop
vertex 171.11418070123307 -152.5740251485476 0
vertex 139.5 -152.83335534952943 0
vertex 139.5 -152.5740251485476 0
endloop
endfacet
facet normal 0 0 -1
outer loop
vertex 189 -152.5740251485476 0
vertex 189 -152.83335534952943 0
vertex 173.74720441845383 -152.83335534952943 0
endloop
endfacet
facet normal 0 0 -1
outer loop
vertex 189 -152.5740251485476 0
vertex 173.74720441845383 -152.83335534952943 0
vertex 173.8858192987669 -152.5740251485476 0
endloop
endfacet
facet normal 0 0 -1
outer loop
vertex 171.25279558154622 -152.83335534952943 0
vertex 171.43933982822017 -153.06066017177983 0
vertex 139.5 -153.06066017177983 0
endloop
endfacet
facet normal 0 0 -1
outer loop
vertex 171.25279558154622 -152.83335534952943 0
vertex 139.5 -153.06066017177983 0
vertex 139.5 -152.83335534952943 0
endloop
endfacet
facet normal 0 0 -1
outer loop
vertex 189 -152.83335534952943 0
vertex 189 -153.06066017177983 0
vertex 173.56066017177974 -153.06066017177983 0
endloop
endfacet
facet normal 0 0 -1
outer loop
vertex 189 -152.83335534952943 0
vertex 173.56066017177974 -153.06066017177983 0
vertex 173.74720441845383 -152.83335534952943 0
endloop
endfacet
facet normal 0 0 -1
outer loop
vertex 254.5000018070689 -150.9560421 0
vertex 254.50000189548842 -153.1627042 0
vertex 234.93715810000003 -153.1627042 0
endloop
endfacet
facet normal 0 0 -1
outer loop
vertex 254.5000018070689 -150.9560421 0
vertex 234.93715810000003 -153.1627042 0
vertex 219.4975589706718 -153.1627042 0
endloop
endfacet
facet normal 0 0 -1
outer loop
vertex 254.5000018070689 -150.9560421 0
vertex 219.4975589706718 -153.1627042 0
vertex 211.26218379999997 -150.9560421 0
endloop
endfacet
facet normal 0 0 -1
outer loop
vertex 234.93715810000003 -153.1627042 0
vertex 234.64452261697585 -153.19152627939516 0
vertex 219.6051244366387 -153.19152627939516 0
endloop
endfacet
facet normal 0 0 -1
outer loop
vertex 234.93715810000003 -153.1627042 0
vertex 219.6051244366387 -153.19152627939516 0
vertex 219.4975589706718 -153.1627042 0
endloop
endfacet
facet normal 0 0 -1
outer loop
vertex 254.50000189548842 -153.1627042 0
vertex 254.5000018966433 -153.19152627939516 0
vertex 235.22979358302422 -153.19152627939516 0
endloop
endfacet
facet normal 0 0 -1
outer loop
vertex 254.50000189548842 -153.1627042 0
vertex 235.22979358302422 -153.19152627939516 0
vertex 234.93715810000003 -153.1627042 0
endloop
endfacet
facet normal 0 0 -1
outer loop
vertex 171.43933982822017 -153.06066017177983 0
vertex 171.6666446504706 -153.2472044184538 0
vertex 139.5 -153.2472044184538 0
endloop
endfacet
facet normal 0 0 -1
outer loop
vertex 171.43933982822017 -153.06066017177983 0
vertex 139.5 -153.2472044184538 0
vertex 139.5 -153.06066017177983 0
endloop
endfacet
facet normal 0 0 -1
outer loop
vertex 189 -153.06066017177983 0
vertex 189 -153.2472044184538 0
vertex 173.3333553495295 -153.2472044184538 0
endloop
endfacet
facet normal 0 0 -1
outer loop
vertex 189 -153.06066017177983 0
vertex 173.3333553495295 -153.2472044184538 0
vertex 173.56066017177974 -153.06066017177983 0
endloop
endfacet
facet normal 0 0 -1
outer loop
vertex 234.64452261697585 -153.19152627939516 0
vertex 234.36313295145257 -153.27688490123305 0
vertex 219.92368715400556 -153.27688490123305 0
endloop
endfacet
facet normal 0 0 -1
outer loop
vertex 234.64452261697585 -153.19152627939516 0
vertex 219.92368715400556 -153.27688490123305 0
vertex 219.6051244366387 -153.19152627939516 0
endloop
endfacet
facet normal 0 0 -1
outer loop
vertex 254.5000018966433 -153.19152627939516 0
vertex 254.5000019 -153.27529844999984 0
vertex 254.4998893612477 -153.27688490123305 0
endloop
endfacet
facet normal 0 0 -1
outer loop
vertex 254.5000018966433 -153.19152627939516 0
vertex 254.4998893612477 -153.27688490123305 0
vertex 235.51118324854755 -153.27688490123305 0
endloop
endfacet
facet normal 0 0 -1
outer loop
vertex 254.5000018966433 -153.19152627939516 0
vertex 235.51118324854755 -153.27688490123305 0
vertex 235.22979358302422 -153.19152627939516 0
endloop
endfacet
facet normal 0 0 -1
outer loop
vertex 171.6666446504706 -153.2472044184538 0
vertex 171.92597485145242 -153.38581929876696 0
vertex 139.5 -153.38581929876696 0
endloop
endfacet
facet normal 0 0 -1
outer loop
vertex 171.6666446504706 -153.2472044184538 0
vertex 139.5 -153.38581929876696 0
vertex 139.5 -153.2472044184538 0
endloop
endfacet
facet normal 0 0 -1
outer loop
vertex 189 -153.2472044184538 0
vertex 189 -153.38581929876696 0
vertex 173.07402514854766 -153.38581929876696 0
endloop
endfacet
facet normal 0 0 -1
outer loop
vertex 189 -153.2472044184538 0
vertex 173.07402514854766 -153.38581929876696 0
vertex 173.3333553495295 -153.2472044184538 0
endloop
endfacet
facet normal 0 0 -1
outer loop
vertex 234.36313295145257 -153.27688490123305 0
vertex 234.10380275047027 -153.41549978154626 0
vertex 220.44100493619663 -153.41549978154626 0
endloop
endfacet
facet normal 0 0 -1
outer loop
vertex 234.36313295145257 -153.27688490123305 0
vertex 220.44100493619663 -153.41549978154626 0
vertex 219.92368715400556 -153.27688490123305 0
endloop
endfacet
facet normal 0 0 -1
outer loop
vertex 254.4998893612477 -153.27688490123305 0
vertex 254.49005637971518 -153.41549978154626 0
vertex 235.7705134495295 -153.41549978154626 0
endloop
endfacet
facet normal 0 0 -1
outer loop
vertex 254.4998893612477 -153.27688490123305 0
vertex 235.7705134495295 -153.41549978154626 0
vertex 235.51118324854755 -153.27688490123305 0
endloop
endfacet
facet normal 0 0 -1
outer loop
vertex 171.92597485145242 -153.38581929876696 0
vertex 172.20736451697576 -153.47117792060484 0
vertex 139.5 -153.47117792060484 0
endloop
endfacet
facet normal 0 0 -1
outer loop
vertex 171.92597485145242 -153.38581929876696 0
vertex 139.5 -153.47117792060484 0
vertex 139.5 -153.38581929876696 0
endloop
endfacet
facet normal 0 0 -1
outer loop
vertex 189 -153.38581929876696 0
vertex 189 -153.47117792060484 0
vertex 172.79263548302416 -153.47117792060484 0
endloop
endfacet
facet normal 0 0 -1
outer loop
vertex 189 -153.38581929876696 0
vertex 172.79263548302416 -153.47117792060484 0
vertex 173.07402514854766 -153.38581929876696 0
endloop
endfacet
facet normal 0 0 -1
outer loop
vertex 172.20736451697576 -153.47117792060484 0
vertex 172.49999999999997 -153.5 0
vertex 139.5 -153.5 0
endloop
endfacet
facet normal 0 0 -1
outer loop
vertex 172.20736451697576 -153.47117792060484 0
vertex 139.5 -153.5 0
vertex 139.5 -153.47117792060484 0
endloop
endfacet
facet normal 0 0 -1
outer loop
vertex 189 -153.47117792060484 0
vertex 189 -153.5 0
vertex 172.49999999999997 -153.5 0
endloop
endfacet
facet normal 0 0 -1
outer loop
vertex 189 -153.47117792060484 0
vertex 172.49999999999997 -153.5 0
vertex 172.79263548302416 -153.47117792060484 0
endloop
endfacet
facet normal 0 0 -1
outer loop
vertex 234.10380275047027 -153.41549978154626 0
vertex 233.87649792822063 -153.60204402822004 0
vertex 221.13719755095576 -153.60204402822004 0
endloop
endfacet
facet normal 0 0 -1
outer loop
vertex 234.10380275047027 -153.41549978154626 0
vertex 221.13719755095576 -153.60204402822004 0
vertex 220.44100493619663 -153.41549978154626 0
endloop
endfacet
facet normal 0 0 -1
outer loop
vertex 254.49005637971518 -153.41549978154626 0
vertex 254.4799743984454 -153.5576247944339 0
vertex 254.47039270898193 -153.60204402822004 0
endloop
endfacet
facet normal 0 0 -1
outer loop
vertex 254.49005637971518 -153.41549978154626 0
vertex 254.47039270898193 -153.60204402822004 0
vertex 235.9978182717797 -153.60204402822004 0
endloop
endfacet
facet normal 0 0 -1
outer loop
vertex 254.49005637971518 -153.41549978154626 0
vertex 235.9978182717797 -153.60204402822004 0
vertex 235.7705134495295 -153.41549978154626 0
endloop
endfacet
facet normal 0 0 -1
outer loop
vertex 233.87649792822063 -153.60204402822004 0
vertex 233.68995368154594 -153.82934885047095 0
vertex 221.98551070653093 -153.82934885047095 0
endloop
endfacet
facet normal 0 0 -1
outer loop
vertex 233.87649792822063 -153.60204402822004 0
vertex 221.98551070653093 -153.82934885047095 0
vertex 221.13719755095576 -153.60204402822004 0
endloop
endfacet
facet normal 0 0 -1
outer loop
vertex 254.47039270898193 -153.60204402822004 0
vertex 254.42136070111698 -153.82934885047095 0
vertex 236.18436251845407 -153.82934885047095 0
endloop
endfacet
facet normal 0 0 -1
outer loop
vertex 254.47039270898193 -153.60204402822004 0
vertex 236.18436251845407 -153.82934885047095 0
vertex 235.9978182717797 -153.60204402822004 0
endloop
endfacet
facet normal 0 0 -1
outer loop
vertex 233.68995368154594 -153.82934885047095 0
vertex 233.5656682170719 -154.0618706 0
vertex 222.85329369999997 -154.0618706 0
endloop
endfacet
facet normal 0 0 -1
outer loop
vertex 233.68995368154594 -153.82934885047095 0
vertex 222.85329369999997 -154.0618706 0
vertex 221.98551070653093 -153.82934885047095 0
endloop
endfacet
facet normal 0 0 -1
outer loop
vertex 233.5656682170719 -154.0618706 0
vertex 233.55133880123307 -154.08867905145226 0
vertex 222.84611039662278 -154.08867905145226 0
endloop
endfacet
facet normal 0 0 -1
outer loop
vertex 233.5656682170719 -154.0618706 0
vertex 222.84611039662278 -154.08867905145226 0
vertex 222.85329369999997 -154.0618706 0
endloop
endfacet
facet normal 0 0 -1
outer loop
vertex 254.42136070111698 -153.82934885047095 0
vertex 254.42029336121104 -153.83429687357196 0
vertex 254.32625541488355 -154.08867905145226 0
endloop
endfacet
facet normal 0 0 -1
outer loop
vertex 254.42136070111698 -153.82934885047095 0
vertex 254.32625541488355 -154.08867905145226 0
vertex 236.32297739876694 -154.08867905145226 0
endloop
endfacet
facet normal 0 0 -1
outer loop
vertex 254.42136070111698 -153.82934885047095 0
vertex 236.32297739876694 -154.08867905145226 0
vertex 236.18436251845407 -153.82934885047095 0
endloop
endfacet
facet normal 0 0 -1
outer loop
vertex 233.55133880123307 -154.08867905145226 0
vertex 233.46598017939522 -154.37006871697577 0
vertex 222.7707122581565 -154.37006871697577 0
endloop
endfacet
facet normal 0 0 -1
outer loop
vertex 233.55133880123307 -154.08867905145226 0
vertex 222.7707122581565 -154.37006871697577 0
vertex 222.84611039662278 -154.08867905145226 0
endloop
endfacet
facet normal 0 0 -1
outer loop
vertex 254.32625541488355 -154.08867905145226 0
vertex 254.32215403931238 -154.0997736881478 0
vertex 254.18752379999998 -154.3487369 0
endloop
endfacet
facet normal 0 0 -1
outer loop
vertex 254.32625541488355 -154.08867905145226 0
vertex 254.18752379999998 -154.3487369 0
vertex 254.17395460197926 -154.37006871697577 0
endloop
endfacet
facet normal 0 0 -1
outer loop
vertex 254.32625541488355 -154.08867905145226 0
vertex 254.17395460197926 -154.37006871697577 0
vertex 236.40833602060485 -154.37006871697577 0
endloop
endfacet
facet normal 0 0 -1
outer loop
vertex 254.32625541488355 -154.08867905145226 0
vertex 236.40833602060485 -154.37006871697577 0
vertex 236.32297739876694 -154.08867905145226 0
endloop
endfacet
facet normal 0 0 -1
outer loop
vertex 172.49999999999997 -153.5 0
vertex 189 -153.5 0
vertex 189 -154.605 0
endloop
endfacet
facet normal 0 0 -1
outer loop
vertex 172.49999999999997 -153.5 0
vertex 189 -154.605 0
vertex 139.5 -154.605 0
endloop
endfacet
facet normal 0 0 -1
outer loop
vertex 172.49999999999997 -153.5 0
vertex 139.5 -154.605 0
vertex 139.5 -153.5 0
endloop
endfacet
facet normal 0 0 -1
outer loop
vertex 211.26218379999997 -150.9560421 0
vertex 210.28444841483596 -154.605 0
vertex 201 -154.605 0
endloop
endfacet
facet normal 0 0 -1
outer loop
vertex 211.26218379999997 -150.9560421 0
vertex 201 -154.605 0
vertex 201 -150.9560421 0
endloop
endfacet
facet normal 0 0 -1
outer loop
vertex 233.46598017939522 -154.37006871697577 0
vertex 233.43715809999998 -154.66270420000023 0
vertex 222.69230081177955 -154.66270420000023 0
endloop
endfacet
facet normal 0 0 -1
outer loop
vertex 233.46598017939522 -154.37006871697577 0
vertex 222.69230081177955 -154.66270420000023 0
vertex 222.7707122581565 -154.37006871697577 0
endloop
endfacet
facet normal 0 0 -1
outer loop
vertex 254.17395460197926 -154.37006871697577 0
vertex 253.98780877007204 -154.66270420000023 0
vertex 236.4371581 -154.66270420000023 0
endloop
endfacet
facet normal 0 0 -1
outer loop
vertex 254.17395460197926 -154.37006871697577 0
vertex 236.4371581 -154.66270420000023 0
vertex 236.40833602060485 -154.37006871697577 0
endloop
endfacet
facet normal 0 0 -1
outer loop
vertex 233.43715809999998 -154.66270420000023 0
vertex 233.46598017939513 -154.95533968302425 0
vertex 222.61388936540274 -154.95533968302425 0
endloop
endfacet
facet normal 0 0 -1
outer loop
vertex 233.43715809999998 -154.66270420000023 0
vertex 222.61388936540274 -154.95533968302425 0
vertex 222.69230081177955 -154.66270420000023 0
endloop
endfacet
facet normal 0 0 -1
outer loop
vertex 253.98780877007204 -154.66270420000023 0
vertex 253.80166293816512 -154.95533968302425 0
vertex 236.40833602060488 -154.95533968302425 0
endloop
endfacet
facet normal 0 0 -1
outer loop
vertex 253.98780877007204 -154.66270420000023 0
vertex 236.40833602060488 -154.95533968302425 0
vertex 236.4371581 -154.66270420000023 0
endloop
endfacet
facet normal 0 0 -1
outer loop
vertex 233.46598017939513 -154.95533968302425 0
vertex 233.55133880123302 -155.23672934854747 0
vertex 222.53849122693654 -155.23672934854747 0
endloop
endfacet
facet normal 0 0 -1
outer loop
vertex 233.46598017939513 -154.95533968302425 0
vertex 222.53849122693654 -155.23672934854747 0
vertex 222.61388936540274 -154.95533968302425 0
endloop
endfacet
facet normal 0 0 -1
outer loop
vertex 253.80166293816512 -154.95533968302425 0
vertex 253.62267058618662 -155.23672934854747 0
vertex 236.32297739876682 -155.23672934854747 0
endloop
endfacet
facet normal 0 0 -1
outer loop
vertex 253.80166293816512 -154.95533968302425 0
vertex 236.32297739876682 -155.23672934854747 0
vertex 236.40833602060488 -154.95533968302425 0
endloop
endfacet
facet normal 0 0 -1
outer loop
vertex 233.55133880123302 -155.23672934854747 0
vertex 233.68995368154629 -155.4960595495295 0
vertex 222.46900390455832 -155.4960595495295 0
endloop
endfacet
facet normal 0 0 -1
outer loop
vertex 233.55133880123302 -155.23672934854747 0
vertex 222.46900390455832 -155.4960595495295 0
vertex 222.53849122693654 -155.23672934854747 0
endloop
endfacet
facet normal 0 0 -1
outer loop
vertex 253.62267058618662 -155.23672934854747 0
vertex 253.4577102898427 -155.4960595495295 0
vertex 236.1843625184538 -155.4960595495295 0
endloop
endfacet
facet normal 0 0 -1
outer loop
vertex 253.62267058618662 -155.23672934854747 0
vertex 236.1843625184538 -155.4960595495295 0
vertex 236.32297739876682 -155.23672934854747 0
endloop
endfacet
facet normal 0 0 -1
outer loop
vertex 233.68995368154629 -155.4960595495295 0
vertex 233.87649792822018 -155.72336437177984 0
vertex 222.40809775709837 -155.72336437177984 0
endloop
endfacet
facet normal 0 0 -1
outer loop
vertex 233.68995368154629 -155.4960595495295 0
vertex 222.40809775709837 -155.72336437177984 0
vertex 222.46900390455832 -155.4960595495295 0
endloop
endfacet
facet normal 0 0 -1
outer loop
vertex 253.4577102898427 -155.4960595495295 0
vertex 253.31312138081157 -155.72336437177984 0
vertex 235.99781827177983 -155.72336437177984 0
endloop
endfacet
facet normal 0 0 -1
outer loop
vertex 253.4577102898427 -155.4960595495295 0
vertex 235.99781827177983 -155.72336437177984 0
vertex 236.1843625184538 -155.4960595495295 0
endloop
endfacet
facet normal 0 0 -1
outer loop
vertex 189 -154.605 0
vertex 201 -154.605 0
vertex 210.28444841483596 -154.605 0
endloop
endfacet
facet normal 0 0 -1
outer loop
vertex 189 -154.605 0
vertex 210.28444841483596 -154.605 0
vertex 209.96808849999996 -155.78567119999997 0
endloop
endfacet
facet normal 0 0 -1
outer loop
vertex 189 -154.605 0
vertex 209.96808849999996 -155.78567119999997 0
vertex 139.5 -155.78567119999997 0
endloop
endfacet
facet normal 0 0 -1
outer loop
vertex 189 -154.605 0
vertex 139.5 -155.78567119999997 0
vertex 139.5 -154.605 0
endloop
endfacet
facet normal 0 0 -1
outer loop
vertex 233.87649792822018 -155.72336437177984 0
vertex 234.10380275047072 -155.9099086184539 0
vertex 222.35811337364686 -155.9099086184539 0
endloop
endfacet
facet normal 0 0 -1
outer loop
vertex 233.87649792822018 -155.72336437177984 0
vertex 222.35811337364686 -155.9099086184539 0
vertex 222.40809775709837 -155.72336437177984 0
endloop
endfacet
facet normal 0 0 -1
outer loop
vertex 253.31312138081157 -155.72336437177984 0
vertex 253.19446032978055 -155.9099086184539 0
vertex 235.77051344952923 -155.9099086184539 0
endloop
endfacet
facet normal 0 0 -1
outer loop
vertex 253.31312138081157 -155.72336437177984 0
vertex 235.77051344952923 -155.9099086184539 0
vertex 235.99781827177983 -155.72336437177984 0
endloop
endfacet
facet normal 0 0 -1
outer loop
vertex 234.10380275047072 -155.9099086184539 0
vertex 234.3631329514523 -156.0485234987669 0
vertex 222.32097162602838 -156.0485234987669 0
endloop
endfacet
facet normal 0 0 -1
outer loop
vertex 234.10380275047072 -155.9099086184539 0
vertex 222.32097162602838 -156.0485234987669 0
vertex 222.35811337364686 -155.9099086184539 0
endloop
endfacet
facet normal 0 0 -1
outer loop
vertex 253.19446032978055 -155.9099086184539 0
vertex 253.10628721439514 -156.0485234987669 0
vertex 235.51118324854767 -156.0485234987669 0
endloop
endfacet
facet normal 0 0 -1
outer loop
vertex 253.19446032978055 -155.9099086184539 0
vertex 235.51118324854767 -156.0485234987669 0
vertex 235.77051344952923 -155.9099086184539 0
endloop
endfacet
facet normal 0 0 -1
outer loop
vertex 234.3631329514523 -156.0485234987669 0
vertex 234.6445226169759 -156.13388212060488 0
vertex 222.29809985077446 -156.13388212060488 0
endloop
endfacet
facet normal 0 0 -1
outer loop
vertex 234.3631329514523 -156.0485234987669 0
vertex 222.29809985077446 -156.13388212060488 0
vertex 222.32097162602838 -156.0485234987669 0
endloop
endfacet
facet normal 0 0 -1
outer loop
vertex 253.10628721439514 -156.0485234987669 0
vertex 253.0519904780313 -156.13388212060488 0
vertex 235.2297935830242 -156.13388212060488 0
endloop
endfacet
facet normal 0 0 -1
outer loop
vertex 253.10628721439514 -156.0485234987669 0
vertex 235.2297935830242 -156.13388212060488 0
vertex 235.51118324854767 -156.0485234987669 0
endloop
endfacet
facet normal 0 0 -1
outer loop
vertex 234.6445226169759 -156.13388212060488 0
vertex 234.9371580999999 -156.1627042 0
vertex 222.29037699738154 -156.1627042 0
endloop
endfacet
facet normal 0 0 -1
outer loop
vertex 234.6445226169759 -156.13388212060488 0
vertex 222.29037699738154 -156.1627042 0
vertex 222.29809985077446 -156.13388212060488 0
endloop
endfacet
facet normal 0 0 -1
outer loop
vertex 253.0519904780313 -156.13388212060488 0
vertex 253.03365671381772 -156.1627042 0
vertex 234.9371580999999 -156.1627042 0
endloop
endfacet
facet normal 0 0 -1
outer loop
vertex 253.0519904780313 -156.13388212060488 0
vertex 234.9371580999999 -156.1627042 0
vertex 235.2297935830242 -156.13388212060488 0
endloop
endfacet
facet normal 0 0 -1
outer loop
vertex 234.9371580999999 -156.1627042 0
vertex 253.03365671381772 -156.1627042 0
vertex 251.76904698698846 -158.15076740000003 0
endloop
endfacet
facet normal 0 0 -1
outer loop
vertex 234.9371580999999 -156.1627042 0
vertex 251.76904698698846 -158.15076740000003 0
vertex 232.36662830000003 -158.15076740000003 0
endloop
endfacet
facet normal 0 0 -1
outer loop
vertex 234.9371580999999 -156.1627042 0
vertex 232.36662830000003 -158.15076740000003 0
vertex 221.7576770343092 -158.15076740000003 0
endloop
endfacet
facet normal 0 0 -1
outer loop
vertex 234.9371580999999 -156.1627042 0
vertex 221.7576770343092 -158.15076740000003 0
vertex 222.29037699738154 -156.1627042 0
endloop
endfacet
facet normal 0 0 -1
outer loop
vertex 209.96808849999996 -155.78567119999997 0
vertex 221.55919839999996 -158.8914997 0
vertex 139.5 -158.8914997 0
endloop
endfacet
facet normal 0 0 -1
outer loop
vertex 209.96808849999996 -155.78567119999997 0
vertex 139.5 -158.8914997 0
vertex 139.5 -155.78567119999997 0
endloop
endfacet
facet normal 0 0 -1
outer loop
vertex 232.36662830000003 -158.15076740000003 0
vertex 231.93896630532873 -158.8914997 0
vertex 221.55919839999996 -158.8914997 0
endloop
endfacet
facet normal 0 0 -1
outer loop
vertex 232.36662830000003 -158.15076740000003 0
vertex 221.55919839999996 -158.8914997 0
vertex 221.7576770343092 -158.15076740000003 0
endloop
endfacet
facet normal 0 0 -1
outer loop
vertex 221.55919839999996 -158.8914997 0
vertex 231.93896630532873 -158.8914997 0
vertex 231.2989733559302 -160 0
endloop
endfacet
facet normal 0 0 -1
outer loop
vertex 221.55919839999996 -158.8914997 0
vertex 231.2989733559302 -160 0
vertex 182.50000000000003 -160 0
endloop
endfacet
facet normal 0 0 -1
outer loop
vertex 221.55919839999996 -158.8914997 0
vertex 182.50000000000003 -160 0
vertex 140.49999999999983 -160 0
endloop
endfacet
facet normal 0 0 -1
outer loop
vertex 221.55919839999996 -158.8914997 0
vertex 140.49999999999983 -160 0
vertex 140.3263518223331 -159.9848077530122 0
endloop
endfacet
facet normal 0 0 -1
outer loop
vertex 221.55919839999996 -158.8914997 0
vertex 140.3263518223331 -159.9848077530122 0
vertex 140.1579798566744 -159.93969262078593 0
endloop
endfacet
facet normal 0 0 -1
outer loop
vertex 221.55919839999996 -158.8914997 0
vertex 140.1579798566744 -159.93969262078593 0
vertex 140.00000000000017 -159.86602540378453 0
endloop
endfacet
facet normal 0 0 -1
outer loop
vertex 221.55919839999996 -158.8914997 0
vertex 140.00000000000017 -159.86602540378453 0
vertex 139.8572123903134 -159.76604444311891 0
endloop
endfacet
facet normal 0 0 -1
outer loop
vertex 221.55919839999996 -158.8914997 0
vertex 139.8572123903134 -159.76604444311891 0
vertex 139.73395555688103 -159.64278760968654 0
endloop
endfacet
facet normal 0 0 -1
outer loop
vertex 221.55919839999996 -158.8914997 0
vertex 139.73395555688103 -159.64278760968654 0
vertex 139.63397459621558 -159.50000000000006 0
endloop
endfacet
facet normal 0 0 -1
outer loop
vertex 221.55919839999996 -158.8914997 0
vertex 139.63397459621558 -159.50000000000006 0
vertex 139.560307379214 -159.34202014332547 0
endloop
endfacet
facet normal 0 0 -1
outer loop
vertex 221.55919839999996 -158.8914997 0
vertex 139.560307379214 -159.34202014332547 0
vertex 139.5151922469878 -159.17364817766708 0
endloop
endfacet
facet normal 0 0 -1
outer loop
vertex 221.55919839999996 -158.8914997 0
vertex 139.5151922469878 -159.17364817766708 0
vertex 139.5 -159.00000000000006 0
endloop
endfacet
facet normal 0 0 -1
outer loop
vertex 221.55919839999996 -158.8914997 0
vertex 139.5 -159.00000000000006 0
vertex 139.5 -158.8914997 0
endloop
endfacet
facet normal 0 0 -1
outer loop
vertex 231.2989733559302 -160 0
vertex 231.28143086007762 -160.0303844939756 0
vertex 182.8472963553339 -160.0303844939756 0
endloop
endfacet
facet normal 0 0 -1
outer loop
vertex 231.2989733559302 -160 0
vertex 182.8472963553339 -160.0303844939756 0
vertex 182.50000000000003 -160 0
endloop
endfacet
facet normal 0 0 -1
outer loop
vertex 231.28143086007762 -160.0303844939756 0
vertex 231.22933639237922 -160.1206147584282 0
vertex 183.18404028665128 -160.1206147584282 0
endloop
endfacet
facet normal 0 0 -1
outer loop
vertex 231.28143086007762 -160.0303844939756 0
vertex 183.18404028665128 -160.1206147584282 0
vertex 182.8472963553339 -160.0303844939756 0
endloop
endfacet
facet normal 0 0 -1
outer loop
vertex 231.22933639237922 -160.1206147584282 0
vertex 231.14427281687497 -160.26794919243116 0
vertex 183.5 -160.26794919243116 0
endloop
endfacet
facet normal 0 0 -1
outer loop
vertex 231.22933639237922 -160.1206147584282 0
vertex 183.5 -160.26794919243116 0
vertex 183.18404028665128 -160.1206147584282 0
endloop
endfacet
facet normal 0 0 -1
outer loop
vertex 231.14427281687497 -160.26794919243116 0
vertex 231.0288247472624 -160.46791111376209 0
vertex 183.7855752193731 -160.46791111376209 0
endloop
endfacet
facet normal 0 0 -1
outer loop
vertex 231.14427281687497 -160.26794919243116 0
vertex 183.7855752193731 -160.46791111376209 0
vertex 183.5 -160.26794919243116 0
endloop
endfacet
facet normal 0 0 -1
outer loop
vertex 231.0288247472624 -160.46791111376209 0
vertex 230.88650001471717 -160.7144247806268 0
vertex 184.03208888623783 -160.7144247806268 0
endloop
endfacet
facet normal 0 0 -1
outer loop
vertex 231.0288247472624 -160.46791111376209 0
vertex 184.03208888623783 -160.7144247806268 0
vertex 183.7855752193731 -160.46791111376209 0
endloop
endfacet
facet normal 0 0 -1
outer loop
vertex 230.88650001471717 -160.7144247806268 0
vertex 230.72162308421758 -161.00000000000014 0
vertex 184.23205080756892 -161.00000000000014 0
endloop
endfacet
facet normal 0 0 -1
outer loop
vertex 230.88650001471717 -160.7144247806268 0
vertex 184.23205080756892 -161.00000000000014 0
vertex 184.03208888623783 -160.7144247806268 0
endloop
endfacet
facet normal 0 0 -1
outer loop
vertex 230.72162308421758 -161.00000000000014 0
vertex 230.5392036578656 -161.3159597133486 0
vertex 184.37938524157178 -161.3159597133486 0
endloop
endfacet
facet normal 0 0 -1
outer loop
vertex 230.72162308421758 -161.00000000000014 0
vertex 184.37938524157178 -161.3159597133486 0
vertex 184.23205080756892 -161.00000000000014 0
endloop
endfacet
facet normal 0 0 -1
outer loop
vertex 230.5392036578656 -161.3159597133486 0
vertex 230.34478445762184 -161.6527036446662 0
vertex 184.4696155060244 -161.6527036446662 0
endloop
endfacet
facet normal 0 0 -1
outer loop
vertex 230.5392036578656 -161.3159597133486 0
vertex 184.4696155060244 -161.6527036446662 0
vertex 184.37938524157178 -161.3159597133486 0
endloop
endfacet
facet normal 0 0 -1
outer loop
vertex 230.34478445762184 -161.6527036446662 0
vertex 230.14427281250502 -162.00000000000006 0
vertex 184.5 -162.00000000000006 0
endloop
endfacet
facet normal 0 0 -1
outer loop
vertex 230.34478445762184 -161.6527036446662 0
vertex 184.5 -162.00000000000006 0
vertex 184.4696155060244 -161.6527036446662 0
endloop
endfacet
facet normal 0 0 -1
outer loop
vertex 230.14427281250502 -162.00000000000006 0
vertex 229.86662829999997 -162.48089440000004 0
vertex 184.5 -162.48089440000004 0
endloop
endfacet
facet normal 0 0 -1
outer loop
vertex 230.14427281250502 -162.00000000000006 0
vertex 184.5 -162.48089440000004 0
vertex 184.5 -162.00000000000006 0
endloop
endfacet
facet normal 0 0 -1
outer loop
vertex 251.76904698698846 -158.15076740000003 0
vertex 248.00409595000104 -164.06955834999832 0
vertex 242.6182748999774 -164.06955834999832 0
endloop
endfacet
facet normal 0 0 -1
outer loop
vertex 251.76904698698846 -158.15076740000003 0
vertex 242.6182748999774 -164.06955834999832 0
vertex 232.36662830000003 -158.15076740000003 0
endloop
endfacet
facet normal 0 0 -1
outer loop
vertex 248.00409595000104 -164.06955834999832 0
vertex 247.9814417129683 -164.10603935990295 0
vertex 242.6814618623675 -164.10603935990295 0
endloop
endfacet
facet normal 0 0 -1
outer loop
vertex 248.00409595000104 -164.06955834999832 0
vertex 242.6814618623675 -164.10603935990295 0
vertex 242.6182748999774 -164.06955834999832 0
endloop
endfacet
facet normal 0 0 -1
outer loop
vertex 247.9814417129683 -164.10603935990295 0
vertex 247.95957189999993 -164.14299670000014 0
vertex 242.74547385284873 -164.14299670000014 0
endloop
endfacet
facet normal 0 0 -1
outer loop
vertex 247.9814417129683 -164.10603935990295 0
vertex 242.74547385284873 -164.14299670000014 0
vertex 242.6814618623675 -164.10603935990295 0
endloop
endfacet
facet normal 0 0 -1
outer loop
vertex 247.95957189999993 -164.14299670000014 0
vertex 247.95508548396543 -164.15076739999998 0
vertex 242.7589331 -164.15076739999998 0
endloop
endfacet
facet normal 0 0 -1
outer loop
vertex 247.95957189999993 -164.14299670000014 0
vertex 242.7589331 -164.15076739999998 0
vertex 242.74547385284873 -164.14299670000014 0
endloop
endfacet
facet normal 0 0 -1
outer loop
vertex 229.86662829999997 -162.48089440000004 0
vertex 237.61600648376438 -166.955 0
vertex 203.80420279999973 -166.955 0
endloop
endfacet
facet normal 0 0 -1
outer loop
vertex 229.86662829999997 -162.48089440000004 0
vertex 203.80420279999973 -166.955 0
vertex 185.5000000000001 -166.955 0
endloop
endfacet
facet normal 0 0 -1
outer loop
vertex 229.86662829999997 -162.48089440000004 0
vertex 185.5000000000001 -166.955 0
vertex 185.3263518223331 -166.93980775301222 0
endloop
endfacet
facet normal 0 0 -1
outer loop
vertex 229.86662829999997 -162.48089440000004 0
vertex 185.3263518223331 -166.93980775301222 0
vertex 185.15797985667425 -166.8946926207859 0
endloop
endfacet
facet normal 0 0 -1
outer loop
vertex 229.86662829999997 -162.48089440000004 0
vertex 185.15797985667425 -166.8946926207859 0
vertex 185.00000000000014 -166.82102540378455 0
endloop
endfacet
facet normal 0 0 -1
outer loop
vertex 229.86662829999997 -162.48089440000004 0
vertex 185.00000000000014 -166.82102540378455 0
vertex 184.85721239031346 -166.72104444311898 0
endloop
endfacet
facet normal 0 0 -1
outer loop
vertex 229.86662829999997 -162.48089440000004 0
vertex 184.85721239031346 -166.72104444311898 0
vertex 184.73395555688109 -166.5977876096866 0
endloop
endfacet
facet normal 0 0 -1
outer loop
vertex 229.86662829999997 -162.48089440000004 0
vertex 184.73395555688109 -166.5977876096866 0
vertex 184.63397459621552 -166.45499999999996 0
endloop
endfacet
facet normal 0 0 -1
outer loop
vertex 229.86662829999997 -162.48089440000004 0
vertex 184.63397459621552 -166.45499999999996 0
vertex 184.5603073792141 -166.29702014332568 0
endloop
endfacet
facet normal 0 0 -1
outer loop
vertex 229.86662829999997 -162.48089440000004 0
vertex 184.5603073792141 -166.29702014332568 0
vertex 184.51519224698777 -166.1286481776668 0
endloop
endfacet
facet normal 0 0 -1
outer loop
vertex 229.86662829999997 -162.48089440000004 0
vertex 184.51519224698777 -166.1286481776668 0
vertex 184.5 -165.9550000000003 0
endloop
endfacet
facet normal 0 0 -1
outer loop
vertex 229.86662829999997 -162.48089440000004 0
vertex 184.5 -165.9550000000003 0
vertex 184.5 -162.48089440000004 0
endloop
endfacet
facet normal 0 0 -1
outer loop
vertex 237.61600648376438 -166.955 0
vertex 237.62259794498164 -166.95880558192476 0
vertex 203.89135704512674 -166.95880558192476 0
endloop
endfacet
facet normal 0 0 -1
outer loop
vertex 237.61600648376438 -166.955 0
vertex 203.89135704512674 -166.95880558192476 0
vertex 203.80420279999973 -166.955 0
endloop
endfacet
facet normal 0 0 -1
outer loop
vertex 237.62259794498164 -166.95880558192476 0
vertex 237.64231250795928 -166.9701877902166 0
vertex 203.97784979762494 -166.9701877902166 0
endloop
endfacet
facet normal 0 0 -1
outer loop
vertex 237.62259794498164 -166.95880558192476 0
vertex 203.97784979762494 -166.9701877902166 0
vertex 203.89135704512674 -166.95880558192476 0
endloop
endfacet
facet normal 0 0 -1
outer loop
vertex 237.64231250795928 -166.9701877902166 0
vertex 237.67500879426635 -166.98906499999998 0
vertex 204.0630213999999 -166.98906499999998 0
endloop
endfacet
facet normal 0 0 -1
outer loop
vertex 237.64231250795928 -166.9701877902166 0
vertex 204.0630213999999 -166.98906499999998 0
vertex 203.97784979762494 -166.9701877902166 0
endloop
endfacet
facet normal 0 0 -1
outer loop
vertex 237.67500879426635 -166.98906499999998 0
vertex 240.25893309999995 -168.48089440000004 0
vertex 209.6305930512159 -168.48089440000004 0
endloop
endfacet
facet normal 0 0 -1
outer loop
vertex 237.67500879426635 -166.98906499999998 0
vertex 209.6305930512159 -168.48089440000004 0
vertex 204.0630213999999 -166.98906499999998 0
endloop
endfacet
facet normal 0 0 -1
outer loop
vertex 247.95508548396543 -164.15076739999998 0
vertex 245.45508532895872 -168.48089440000004 0
vertex 240.25893309999995 -168.48089440000004 0
endloop
endfacet
facet normal 0 0 -1
outer loop
vertex 247.95508548396543 -164.15076739999998 0
vertex 240.25893309999995 -168.48089440000004 0
vertex 242.7589331 -164.15076739999998 0
endloop
endfacet
facet normal 0 0 -1
outer loop
vertex 240.25893309999995 -168.48089440000004 0
vertex 245.45508532895872 -168.48089440000004 0
vertex 243.763387093737 -171.4110014999999 0
endloop
endfacet
facet normal 0 0 -1
outer loop
vertex 240.25893309999995 -168.48089440000004 0
vertex 243.763387093737 -171.4110014999999 0
vertex 220.56587909999965 -171.4110014999999 0
endloop
endfacet
facet normal 0 0 -1
outer loop
vertex 240.25893309999995 -168.48089440000004 0
vertex 220.56587909999965 -171.4110014999999 0
vertex 209.6305930512159 -168.48089440000004 0
endloop
endfacet
facet normal 0 0 -1
outer loop
vertex 243.763387093737 -171.4110014999999 0
vertex 243.74824182608629 -171.4372338713241 0
vertex 220.64908030711527 -171.4372338713241 0
endloop
endfacet
facet normal 0 0 -1
outer loop
vertex 243.763387093737 -171.4110014999999 0
vertex 220.64908030711527 -171.4372338713241 0
vertex 220.56587909999965 -171.4110014999999 0
endloop
endfacet
facet normal 0 0 -1
outer loop
vertex 243.74824182608629 -171.4372338713241 0
vertex 243.72896716396696 -171.47061856319766 0
vertex 220.72967810477363 -171.47061856319766 0
endloop
endfacet
facet normal 0 0 -1
outer loop
vertex 243.74824182608629 -171.4372338713241 0
vertex 220.72967810477363 -171.47061856319766 0
vertex 220.64908030711527 -171.4372338713241 0
endloop
endfacet
facet normal 0 0 -1
outer loop
vertex 243.72896716396696 -171.47061856319766 0
vertex 243.7057102310295 -171.51090074999993 0
vertex 220.8070595499999 -171.51090074999993 0
endloop
endfacet
facet normal 0 0 -1
outer loop
vertex 243.72896716396696 -171.47061856319766 0
vertex 220.8070595499999 -171.51090074999993 0
vertex 220.72967810477363 -171.47061856319766 0
endloop
endfacet
facet normal 0 0 -1
outer loop
vertex 243.7057102310295 -171.51090074999993 0
vertex 238.48104600000008 -180.56028404999986 0
vertex 238.381064653797 -180.7030701250055 0
endloop
endfacet
facet normal 0 0 -1
outer loop
vertex 243.7057102310295 -171.51090074999993 0
vertex 238.381064653797 -180.7030701250055 0
vertex 238.25780783535933 -180.82632550830542 0
endloop
endfacet
facet normal 0 0 -1
outer loop
vertex 243.7057102310295 -171.51090074999993 0
vertex 238.25780783535933 -180.82632550830542 0
vertex 238.11502059622748 -180.92630519196507 0
endloop
endfacet
facet normal 0 0 -1
outer loop
vertex 243.7057102310295 -171.51090074999993 0
vertex 238.11502059622748 -180.92630519196507 0
vertex 237.95704140283596 -180.99997137999955 0
endloop
endfacet
facet normal 0 0 -1
outer loop
vertex 243.7057102310295 -171.51090074999993 0
vertex 237.95704140283596 -180.99997137999955 0
vertex 237.78867031597943 -181.04508578916722 0
endloop
endfacet
facet normal 0 0 -1
outer loop
vertex 243.7057102310295 -171.51090074999993 0
vertex 237.78867031597943 -181.04508578916722 0
vertex 237.61502314512023 -181.06027765726904 0
endloop
endfacet
facet normal 0 0 -1
outer loop
vertex 243.7057102310295 -171.51090074999993 0
vertex 237.61502314512023 -181.06027765726904 0
vertex 237.44137600895866 -181.04508578916722 0
endloop
endfacet
facet normal 0 0 -1
outer loop
vertex 243.7057102310295 -171.51090074999993 0
vertex 237.44137600895866 -181.04508578916722 0
vertex 237.27300502514106 -180.99997137999955 0
endloop
endfacet
facet normal 0 0 -1
outer loop
vertex 243.7057102310295 -171.51090074999993 0
vertex 237.27300502514106 -180.99997137999955 0
vertex 237.11502200000012 -180.92630810000003 0
endloop
endfacet
facet normal 0 0 -1
outer loop
vertex 243.7057102310295 -171.51090074999993 0
vertex 237.11502200000012 -180.92630810000003 0
vertex 220.8070595499999 -171.51090074999993 0
endloop
endfacet
facet normal 0 0 1
outer loop
vertex 237.78867031597952 -181.04508539256705 2
vertex 237.9570414028362 -180.99997137999947 2
vertex 238.11502059622717 -180.92630519196524 2
endloop
endfacet
facet normal 0 0 1
outer loop
vertex 237.78867031597952 -181.04508539256705 2
vertex 238.11502059622717 -180.92630519196524 2
vertex 238.2578078353595 -180.8263255083053 2
endloop
endfacet
facet normal 0 0 1
outer loop
vertex 237.78867031597952 -181.04508539256705 2
vertex 238.2578078353595 -180.8263255083053 2
vertex 238.3810646537972 -180.7030701250052 2
endloop
endfacet
facet normal 0 0 1
outer loop
vertex 237.78867031597952 -181.04508539256705 2
vertex 238.3810646537972 -180.7030701250052 2
vertex 238.48104600000048 -180.56028404999924 2
endloop
endfacet
facet normal 0 0 1
outer loop
vertex 237.78867031597952 -181.04508539256705 2
vertex 238.48104600000048 -180.56028404999924 2
vertex 243.70571023102954 -171.5109007499999 2
endloop
endfacet
facet normal 0 0 1
outer loop
vertex 237.78867031597952 -181.04508539256705 2
vertex 243.70571023102954 -171.5109007499999 2
vertex 220.8070595499999 -171.5109007499999 2
endloop
endfacet
facet normal 0 0 1
outer loop
vertex 237.78867031597952 -181.04508539256705 2
vertex 220.8070595499999 -171.5109007499999 2
vertex 237.115022 -180.9263081 2
endloop
endfacet
facet normal 0 0 1
outer loop
vertex 237.78867031597952 -181.04508539256705 2
vertex 237.115022 -180.9263081 2
vertex 237.273005025141 -180.99997137999947 2
endloop
endfacet
facet normal 0 0 1
outer loop
vertex 237.78867031597952 -181.04508539256705 2
vertex 237.273005025141 -180.99997137999947 2
vertex 237.44137600895863 -181.04508539256705 2
endloop
endfacet
facet normal 0 0 1
outer loop
vertex 237.78867031597952 -181.04508539256705 2
vertex 237.44137600895863 -181.04508539256705 2
vertex 237.61502314511998 -181.06027765726904 2
endloop
endfacet
facet normal 0 0 1
outer loop
vertex 243.70571023102954 -171.5109007499999 2
vertex 243.728967163967 -171.47061856319763 2
vertex 220.72967810477357 -171.47061856319763 2
endloop
endfacet
facet normal 0 0 1
outer loop
vertex 243.70571023102954 -171.5109007499999 2
vertex 220.72967810477357 -171.47061856319763 2
vertex 220.8070595499999 -171.5109007499999 2
endloop
endfacet
facet normal 0 0 1
outer loop
vertex 243.728967163967 -171.47061856319763 2
vertex 243.74824182608629 -171.43723387132414 2
vertex 220.64908030711536 -171.43723387132414 2
endloop
endfacet
facet normal 0 0 1
outer loop
vertex 243.728967163967 -171.47061856319763 2
vertex 220.64908030711536 -171.43723387132414 2
vertex 220.72967810477357 -171.47061856319763 2
endloop
endfacet
facet normal 0 0 1
outer loop
vertex 243.74824182608629 -171.43723387132414 2
vertex 243.7633870937371 -171.41100149999983 2
vertex 220.56587909999936 -171.41100149999983 2
endloop
endfacet
facet normal 0 0 1
outer loop
vertex 243.74824182608629 -171.43723387132414 2
vertex 220.56587909999936 -171.41100149999983 2
vertex 220.64908030711536 -171.43723387132414 2
endloop
endfacet
facet normal 0 0 1
outer loop
vertex 243.7633870937371 -171.41100149999983 2
vertex 245.45508532895875 -168.48089440000004 2
vertex 240.2589331 -168.48089440000004 2
endloop
endfacet
facet normal 0 0 1
outer loop
vertex 243.7633870937371 -171.41100149999983 2
vertex 240.2589331 -168.48089440000004 2
vertex 209.63059305121595 -168.48089440000004 2
endloop
endfacet
facet normal 0 0 1
outer loop
vertex 243.7633870937371 -171.41100149999983 2
vertex 209.63059305121595 -168.48089440000004 2
vertex 220.56587909999936 -171.41100149999983 2
endloop
endfacet
facet normal 0 0 1
outer loop
vertex 240.2589331 -168.48089440000004 2
vertex 237.6750087942666 -166.9890650000001 2
vertex 204.06302140000037 -166.9890650000001 2
endloop
endfacet
facet normal 0 0 1
outer loop
vertex 240.2589331 -168.48089440000004 2
vertex 204.06302140000037 -166.9890650000001 2
vertex 209.63059305121595 -168.48089440000004 2
endloop
endfacet
facet normal 0 0 1
outer loop
vertex 237.6750087942666 -166.9890650000001 2
vertex 237.6423125079592 -166.97018779021653 2
vertex 203.97784979762454 -166.97018779021653 2
endloop
endfacet
facet normal 0 0 1
outer loop
vertex 237.6750087942666 -166.9890650000001 2
vertex 203.97784979762454 -166.97018779021653 2
vertex 204.06302140000037 -166.9890650000001 2
endloop
endfacet
facet normal 0 0 1
outer loop
vertex 237.6423125079592 -166.97018779021653 2
vertex 237.62259794498164 -166.95880558192474 2
vertex 203.89135704512648 -166.95880558192474 2
endloop
endfacet
facet normal 0 0 1
outer loop
vertex 237.6423125079592 -166.97018779021653 2
vertex 203.89135704512648 -166.95880558192474 2
vertex 203.97784979762454 -166.97018779021653 2
endloop
endfacet
facet normal 0 0 1
outer loop
vertex 237.62259794498164 -166.95880558192474 2
vertex 237.61600648376447 -166.955 2
vertex 203.80420279999987 -166.955 2
endloop
endfacet
facet normal 0 0 1
outer loop
vertex 237.62259794498164 -166.95880558192474 2
vertex 203.80420279999987 -166.955 2
vertex 203.89135704512648 -166.95880558192474 2
endloop
endfacet
facet normal 0 0 1
outer loop
vertex 245.45508532895875 -168.48089440000004 2
vertex 247.95508548396543 -164.1507674 2
vertex 242.7589331 -164.1507674 2
endloop
endfacet
facet normal 0 0 1
outer loop
vertex 245.45508532895875 -168.48089440000004 2
vertex 242.7589331 -164.1507674 2
vertex 240.2589331 -168.48089440000004 2
endloop
endfacet
facet normal 0 0 1
outer loop
vertex 247.95508548396543 -164.1507674 2
vertex 247.95957190000087 -164.14299669999852 2
vertex 242.74547385284586 -164.14299669999852 2
endloop
endfacet
facet normal 0 0 1
outer loop
vertex 247.95508548396543 -164.1507674 2
vertex 242.74547385284586 -164.14299669999852 2
vertex 242.7589331 -164.1507674 2
endloop
endfacet
facet normal 0 0 1
outer loop
vertex 247.95957190000087 -164.14299669999852 2
vertex 247.98144171296832 -164.1060393599029 2
vertex 242.68146186236737 -164.1060393599029 2
endloop
endfacet
facet normal 0 0 1
outer loop
vertex 247.95957190000087 -164.14299669999852 2
vertex 242.68146186236737 -164.1060393599029 2
vertex 242.74547385284586 -164.14299669999852 2
endloop
endfacet
facet normal 0 0 1
outer loop
vertex 247.98144171296832 -164.1060393599029 2
vertex 248.00409594999925 -164.06955835000116 2
vertex 242.61827489998225 -164.06955835000116 2
endloop
endfacet
facet normal 0 0 1
outer loop
vertex 247.98144171296832 -164.1060393599029 2
vertex 242.61827489998225 -164.06955835000116 2
vertex 242.68146186236737 -164.1060393599029 2
endloop
endfacet
facet normal 0 0 1
outer loop
vertex 203.80420279999987 -166.955 2
vertex 237.61600648376447 -166.955 2
vertex 229.86662829999997 -162.4808944 2
endloop
endfacet
facet normal 0 0 1
outer loop
vertex 203.80420279999987 -166.955 2
vertex 229.86662829999997 -162.4808944 2
vertex 184.5 -162.4808944 2
endloop
endfacet
facet normal 0 0 1
outer loop
vertex 203.80420279999987 -166.955 2
vertex 184.5 -162.4808944 2
vertex 184.5 -165.95500000000027 2
endloop
endfacet
facet normal 0 0 1
outer loop
vertex 203.80420279999987 -166.955 2
vertex 184.5 -165.95500000000027 2
vertex 184.51519224698777 -166.12864817766686 2
endloop
endfacet
facet normal 0 0 1
outer loop
vertex 203.80420279999987 -166.955 2
vertex 184.51519224698777 -166.12864817766686 2
vertex 184.5603073792141 -166.29702014332568 2
endloop
endfacet
facet normal 0 0 1
outer loop
vertex 203.80420279999987 -166.955 2
vertex 184.5603073792141 -166.29702014332568 2
vertex 184.63397459621552 -166.45499999999998 2
endloop
endfacet
facet normal 0 0 1
outer loop
vertex 203.80420279999987 -166.955 2
vertex 184.63397459621552 -166.45499999999998 2
vertex 184.73395555688094 -166.59778760968646 2
endloop
endfacet
facet normal 0 0 1
outer loop
vertex 203.80420279999987 -166.955 2
vertex 184.73395555688094 -166.59778760968646 2
vertex 184.8572123903135 -166.721044443119 2
endloop
endfacet
facet normal 0 0 1
outer loop
vertex 203.80420279999987 -166.955 2
vertex 184.8572123903135 -166.721044443119 2
vertex 185.00000000000017 -166.82102540378455 2
endloop
endfacet
facet normal 0 0 1
outer loop
vertex 203.80420279999987 -166.955 2
vertex 185.00000000000017 -166.82102540378455 2
vertex 185.1579798566742 -166.89469262078586 2
endloop
endfacet
facet normal 0 0 1
outer loop
vertex 203.80420279999987 -166.955 2
vertex 185.1579798566742 -166.89469262078586 2
vertex 185.32635182233304 -166.9398077530122 2
endloop
endfacet
facet normal 0 0 1
outer loop
vertex 203.80420279999987 -166.955 2
vertex 185.32635182233304 -166.9398077530122 2
vertex 185.5000000000003 -166.955 2
endloop
endfacet
facet normal 0 0 1
outer loop
vertex 229.86662829999997 -162.4808944 2
vertex 230.14427281250508 -161.99999999999997 2
vertex 184.5 -161.99999999999997 2
endloop
endfacet
facet normal 0 0 1
outer loop
vertex 229.86662829999997 -162.4808944 2
vertex 184.5 -161.99999999999997 2
vertex 184.5 -162.4808944 2
endloop
endfacet
facet normal 0 0 1
outer loop
vertex 230.14427281250508 -161.99999999999997 2
vertex 230.34478445762187 -161.6527036446661 2
vertex 184.4696155060244 -161.6527036446661 2
endloop
endfacet
facet normal 0 0 1
outer loop
vertex 230.14427281250508 -161.99999999999997 2
vertex 184.4696155060244 -161.6527036446661 2
vertex 184.5 -161.99999999999997 2
endloop
endfacet
facet normal 0 0 1
outer loop
vertex 230.34478445762187 -161.6527036446661 2
vertex 230.53920365786558 -161.31595971334863 2
vertex 184.3793852415718 -161.31595971334863 2
endloop
endfacet
facet normal 0 0 1
outer loop
vertex 230.34478445762187 -161.6527036446661 2
vertex 184.3793852415718 -161.31595971334863 2
vertex 184.4696155060244 -161.6527036446661 2
endloop
endfacet
facet normal 0 0 1
outer loop
vertex 230.53920365786558 -161.31595971334863 2
vertex 230.72162308421764 -161 2
vertex 184.23205080756887 -161 2
endloop
endfacet
facet normal 0 0 1
outer loop
vertex 230.53920365786558 -161.31595971334863 2
vertex 184.23205080756887 -161 2
vertex 184.3793852415718 -161.31595971334863 2
endloop
endfacet
facet normal 0 0 1
outer loop
vertex 230.72162308421764 -161 2
vertex 230.88650001471703 -160.714424780627 2
vertex 184.032088886238 -160.714424780627 2
endloop
endfacet
facet normal 0 0 1
outer loop
vertex 230.72162308421764 -161 2
vertex 184.032088886238 -160.714424780627 2
vertex 184.23205080756887 -161 2
endloop
endfacet
facet normal 0 0 1
outer loop
vertex 230.88650001471703 -160.714424780627 2
vertex 231.02882474726243 -160.467911113762 2
vertex 183.785575219373 -160.467911113762 2
endloop
endfacet
facet normal 0 0 1
outer loop
vertex 230.88650001471703 -160.714424780627 2
vertex 183.785575219373 -160.467911113762 2
vertex 184.032088886238 -160.714424780627 2
endloop
endfacet
facet normal 0 0 1
outer loop
vertex 231.02882474726243 -160.467911113762 2
vertex 231.14427281687495 -160.2679491924312 2
vertex 183.50000000000009 -160.2679491924312 2
endloop
endfacet
facet normal 0 0 1
outer loop
vertex 231.02882474726243 -160.467911113762 2
vertex 183.50000000000009 -160.2679491924312 2
vertex 183.785575219373 -160.467911113762 2
endloop
endfacet
facet normal 0 0 1
outer loop
vertex 231.14427281687495 -160.2679491924312 2
vertex 231.22933639237917 -160.12061475842822 2
vertex 183.18404028665137 -160.12061475842822 2
endloop
endfacet
facet normal 0 0 1
outer loop
vertex 231.14427281687495 -160.2679491924312 2
vertex 183.18404028665137 -160.12061475842822 2
vertex 183.50000000000009 -160.2679491924312 2
endloop
endfacet
facet normal 0 0 1
outer loop
vertex 231.22933639237917 -160.12061475842822 2
vertex 231.2814308600776 -160.0303844939756 2
vertex 182.84729635533384 -160.0303844939756 2
endloop
endfacet
facet normal 0 0 1
outer loop
vertex 231.22933639237917 -160.12061475842822 2
vertex 182.84729635533384 -160.0303844939756 2
vertex 183.18404028665137 -160.12061475842822 2
endloop
endfacet
facet normal 0 0 1
outer loop
vertex 231.2814308600776 -160.0303844939756 2
vertex 231.29897335593026 -160 2
vertex 182.50000000000006 -160 2
endloop
endfacet
facet normal 0 0 1
outer loop
vertex 231.2814308600776 -160.0303844939756 2
vertex 182.50000000000006 -160 2
vertex 182.84729635533384 -160.0303844939756 2
endloop
endfacet
facet normal 0 0 1
outer loop
vertex 182.50000000000006 -160 2
vertex 231.29897335593026 -160 2
vertex 231.93896630532876 -158.8914997 2
endloop
endfacet
facet normal 0 0 1
outer loop
vertex 182.50000000000006 -160 2
vertex 231.93896630532876 -158.8914997 2
vertex 221.5591984 -158.8914997 2
endloop
endfacet
facet normal 0 0 1
outer loop
vertex 182.50000000000006 -160 2
vertex 221.5591984 -158.8914997 2
vertex 139.5 -158.8914997 2
endloop
endfacet
facet normal 0 0 1
outer loop
vertex 182.50000000000006 -160 2
vertex 139.5 -158.8914997 2
vertex 139.5 -159.00000000000003 2
endloop
endfacet
facet normal 0 0 1
outer loop
vertex 182.50000000000006 -160 2
vertex 139.5 -159.00000000000003 2
vertex 139.5151922469878 -159.17364817766708 2
endloop
endfacet
facet normal 0 0 1
outer loop
vertex 182.50000000000006 -160 2
vertex 139.5151922469878 -159.17364817766708 2
vertex 139.56030737921398 -159.3420201433254 2
endloop
endfacet
facet normal 0 0 1
outer loop
vertex 182.50000000000006 -160 2
vertex 139.56030737921398 -159.3420201433254 2
vertex 139.63397459621555 -159.49999999999997 2
endloop
endfacet
facet normal 0 0 1
outer loop
vertex 182.50000000000006 -160 2
vertex 139.63397459621555 -159.49999999999997 2
vertex 139.73395555688106 -159.64278760968654 2
endloop
endfacet
facet normal 0 0 1
outer loop
vertex 182.50000000000006 -160 2
vertex 139.73395555688106 -159.64278760968654 2
vertex 139.85721239031346 -159.76604444311894 2
endloop
endfacet
facet normal 0 0 1
outer loop
vertex 182.50000000000006 -160 2
vertex 139.85721239031346 -159.76604444311894 2
vertex 140.00000000000023 -159.8660254037846 2
endloop
endfacet
facet normal 0 0 1
outer loop
vertex 182.50000000000006 -160 2
vertex 140.00000000000023 -159.8660254037846 2
vertex 140.1579798566742 -159.93969262078588 2
endloop
endfacet
facet normal 0 0 1
outer loop
vertex 182.50000000000006 -160 2
vertex 140.1579798566742 -159.93969262078588 2
vertex 140.32635182233312 -159.98480775301223 2
endloop
endfacet
facet normal 0 0 1
outer loop
vertex 182.50000000000006 -160 2
vertex 140.32635182233312 -159.98480775301223 2
vertex 140.49999999999977 -160 2
endloop
endfacet
facet normal 0 0 1
outer loop
vertex 231.93896630532876 -158.8914997 2
vertex 232.36662830000003 -158.15076740000003 2
vertex 221.75767703430924 -158.15076740000003 2
endloop
endfacet
facet normal 0 0 1
outer loop
vertex 231.93896630532876 -158.8914997 2
vertex 221.75767703430924 -158.15076740000003 2
vertex 221.5591984 -158.8914997 2
endloop
endfacet
facet normal 0 0 1
outer loop
vertex 248.00409594999925 -164.06955835000116 2
vertex 251.76904698698849 -158.15076740000003 2
vertex 232.36662830000003 -158.15076740000003 2
endloop
endfacet
facet normal 0 0 1
outer loop
vertex 248.00409594999925 -164.06955835000116 2
vertex 232.36662830000003 -158.15076740000003 2
vertex 242.61827489998225 -164.06955835000116 2
endloop
endfacet
facet normal 0 0 1
outer loop
vertex 232.36662830000003 -158.15076740000003 2
vertex 251.76904698698849 -158.15076740000003 2
vertex 253.03365671381775 -156.1627042 2
endloop
endfacet
facet normal 0 0 1
outer loop
vertex 232.36662830000003 -158.15076740000003 2
vertex 253.03365671381775 -156.1627042 2
vertex 234.9371581000002 -156.1627042 2
endloop
endfacet
facet normal 0 0 1
outer loop
vertex 232.36662830000003 -158.15076740000003 2
vertex 234.9371581000002 -156.1627042 2
vertex 222.29037699738154 -156.1627042 2
endloop
endfacet
facet normal 0 0 1
outer loop
vertex 232.36662830000003 -158.15076740000003 2
vertex 222.29037699738154 -156.1627042 2
vertex 221.75767703430924 -158.15076740000003 2
endloop
endfacet
facet normal 0 0 1
outer loop
vertex 234.9371581000002 -156.1627042 2
vertex 234.64452261697573 -156.13388212060482 2
vertex 222.29809985077446 -156.13388212060482 2
endloop
endfacet
facet normal 0 0 1
outer loop
vertex 234.9371581000002 -156.1627042 2
vertex 222.29809985077446 -156.13388212060482 2
vertex 222.29037699738154 -156.1627042 2
endloop
endfacet
facet normal 0 0 1
outer loop
vertex 253.03365671381775 -156.1627042 2
vertex 253.05199047803137 -156.13388212060482 2
vertex 235.22979358302462 -156.13388212060482 2
endloop
endfacet
facet normal 0 0 1
outer loop
vertex 253.03365671381775 -156.1627042 2
vertex 235.22979358302462 -156.13388212060482 2
vertex 234.9371581000002 -156.1627042 2
endloop
endfacet
facet normal 0 0 1
outer loop
vertex 234.64452261697573 -156.13388212060482 2
vertex 234.36313295145226 -156.0485234987669 2
vertex 222.32097162602838 -156.0485234987669 2
endloop
endfacet
facet normal 0 0 1
outer loop
vertex 234.64452261697573 -156.13388212060482 2
vertex 222.32097162602838 -156.0485234987669 2
vertex 222.29809985077446 -156.13388212060482 2
endloop
endfacet
facet normal 0 0 1
outer loop
vertex 253.05199047803137 -156.13388212060482 2
vertex 253.10628721439517 -156.0485234987669 2
vertex 235.5111832485476 -156.0485234987669 2
endloop
endfacet
facet normal 0 0 1
outer loop
vertex 253.05199047803137 -156.13388212060482 2
vertex 235.5111832485476 -156.0485234987669 2
vertex 235.22979358302462 -156.13388212060482 2
endloop
endfacet
facet normal 0 0 1
outer loop
vertex 234.36313295145226 -156.0485234987669 2
vertex 234.10380275047058 -155.9099086184538 2
vertex 222.3581133736469 -155.9099086184538 2
endloop
endfacet
facet normal 0 0 1
outer loop
vertex 234.36313295145226 -156.0485234987669 2
vertex 222.3581133736469 -155.9099086184538 2
vertex 222.32097162602838 -156.0485234987669 2
endloop
endfacet
facet normal 0 0 1
outer loop
vertex 253.10628721439517 -156.0485234987669 2
vertex 253.19446032978064 -155.9099086184538 2
vertex 235.7705134495294 -155.9099086184538 2
endloop
endfacet
facet normal 0 0 1
outer loop
vertex 253.10628721439517 -156.0485234987669 2
vertex 235.7705134495294 -155.9099086184538 2
vertex 235.5111832485476 -156.0485234987669 2
endloop
endfacet
facet normal 0 0 1
outer loop
vertex 221.5591984 -158.8914997 2
vertex 209.9680885 -155.7856712 2
vertex 139.5 -155.7856712 2
endloop
endfacet
facet normal 0 0 1
outer loop
vertex 221.5591984 -158.8914997 2
vertex 139.5 -155.7856712 2
vertex 139.5 -158.8914997 2
endloop
endfacet
facet normal 0 0 1
outer loop
vertex 234.10380275047058 -155.9099086184538 2
vertex 233.87649792822026 -155.72336437177992 2
vertex 222.40809775709835 -155.72336437177992 2
endloop
endfacet
facet normal 0 0 1
outer loop
vertex 234.10380275047058 -155.9099086184538 2
vertex 222.40809775709835 -155.72336437177992 2
vertex 222.3581133736469 -155.9099086184538 2
endloop
endfacet
facet normal 0 0 1
outer loop
vertex 253.19446032978064 -155.9099086184538 2
vertex 253.31312138081154 -155.72336437177992 2
vertex 235.99781827177952 -155.72336437177992 2
endloop
endfacet
facet normal 0 0 1
outer loop
vertex 253.19446032978064 -155.9099086184538 2
vertex 235.99781827177952 -155.72336437177992 2
vertex 235.7705134495294 -155.9099086184538 2
endloop
endfacet
facet normal 0 0 1
outer loop
vertex 233.87649792822026 -155.72336437177992 2
vertex 233.68995368154629 -155.4960595495295 2
vertex 222.46900390455832 -155.4960595495295 2
endloop
endfacet
facet normal 0 0 1
outer loop
vertex 233.87649792822026 -155.72336437177992 2
vertex 222.46900390455832 -155.4960595495295 2
vertex 222.40809775709835 -155.72336437177992 2
endloop
endfacet
facet normal 0 0 1
outer loop
vertex 253.31312138081154 -155.72336437177992 2
vertex 253.45771028984274 -155.4960595495295 2
vertex 236.18436251845384 -155.4960595495295 2
endloop
endfacet
facet normal 0 0 1
outer loop
vertex 253.31312138081154 -155.72336437177992 2
vertex 236.18436251845384 -155.4960595495295 2
vertex 235.99781827177952 -155.72336437177992 2
endloop
endfacet
facet normal 0 0 1
outer loop
vertex 233.68995368154629 -155.4960595495295 2
vertex 233.5513388012331 -155.23672934854764 2
vertex 222.5384912269365 -155.23672934854764 2
endloop
endfacet
facet normal 0 0 1
outer loop
vertex 233.68995368154629 -155.4960595495295 2
vertex 222.5384912269365 -155.23672934854764 2
vertex 222.46900390455832 -155.4960595495295 2
endloop
endfacet
facet normal 0 0 1
outer loop
vertex 253.45771028984274 -155.4960595495295 2
vertex 253.62267058618656 -155.23672934854764 2
vertex 236.322977398767 -155.23672934854764 2
endloop
endfacet
facet normal 0 0 1
outer loop
vertex 253.45771028984274 -155.4960595495295 2
vertex 236.322977398767 -155.23672934854764 2
vertex 236.18436251845384 -155.4960595495295 2
endloop
endfacet
facet normal 0 0 1
outer loop
vertex 233.5513388012331 -155.23672934854764 2
vertex 233.46598017939516 -154.95533968302414 2
vertex 222.61388936540277 -154.95533968302414 2
endloop
endfacet
facet normal 0 0 1
outer loop
vertex 233.5513388012331 -155.23672934854764 2
vertex 222.61388936540277 -154.95533968302414 2
vertex 222.5384912269365 -155.23672934854764 2
endloop
endfacet
facet normal 0 0 1
outer loop
vertex 253.62267058618656 -155.23672934854764 2
vertex 253.8016629381652 -154.95533968302414 2
vertex 236.4083360206048 -154.95533968302414 2
endloop
endfacet
facet normal 0 0 1
outer loop
vertex 253.62267058618656 -155.23672934854764 2
vertex 236.4083360206048 -154.95533968302414 2
vertex 236.322977398767 -155.23672934854764 2
endloop
endfacet
facet normal 0 0 1
outer loop
vertex 233.46598017939516 -154.95533968302414 2
vertex 233.4371581 -154.66270419999987 2
vertex 222.69230081177966 -154.66270419999987 2
endloop
endfacet
facet normal 0 0 1
outer loop
vertex 233.46598017939516 -154.95533968302414 2
vertex 222.69230081177966 -154.66270419999987 2
vertex 222.61388936540277 -154.95533968302414 2
endloop
endfacet
facet normal 0 0 1
outer loop
vertex 253.8016629381652 -154.95533968302414 2
vertex 253.98780877007232 -154.66270419999987 2
vertex 236.43715809999998 -154.66270419999987 2
endloop
endfacet
facet normal 0 0 1
outer loop
vertex 253.8016629381652 -154.95533968302414 2
vertex 236.43715809999998 -154.66270419999987 2
vertex 236.4083360206048 -154.95533968302414 2
endloop
endfacet
facet normal 0 0 1
outer loop
vertex 209.9680885 -155.7856712 2
vertex 210.28444841483594 -154.605 2
vertex 201 -154.605 2
endloop
endfacet
facet normal 0 0 1
outer loop
vertex 209.9680885 -155.7856712 2
vertex 201 -154.605 2
vertex 189 -154.605 2
endloop
endfacet
facet normal 0 0 1
outer loop
vertex 209.9680885 -155.7856712 2
vertex 189 -154.605 2
vertex 139.5 -154.605 2
endloop
endfacet
facet normal 0 0 1
outer loop
vertex 209.9680885 -155.7856712 2
vertex 139.5 -154.605 2
vertex 139.5 -155.7856712 2
endloop
endfacet
facet normal 0 0 1
outer loop
vertex 233.4371581 -154.66270419999987 2
vertex 233.46598017939516 -154.3700687169758 2
vertex 222.77071225815646 -154.3700687169758 2
endloop
endfacet
facet normal 0 0 1
outer loop
vertex 233.4371581 -154.66270419999987 2
vertex 222.77071225815646 -154.3700687169758 2
vertex 222.69230081177966 -154.66270419999987 2
endloop
endfacet
facet normal 0 0 1
outer loop
vertex 253.98780877007232 -154.66270419999987 2
vertex 254.17395460197926 -154.3700687169758 2
vertex 236.40833602060485 -154.3700687169758 2
endloop
endfacet
facet normal 0 0 1
outer loop
vertex 253.98780877007232 -154.66270419999987 2
vertex 236.40833602060485 -154.3700687169758 2
vertex 236.43715809999998 -154.66270419999987 2
endloop
endfacet
facet normal 0 0 1
outer loop
vertex 233.46598017939516 -154.3700687169758 2
vertex 233.55133880123313 -154.0886790514522 2
vertex 222.84611039662275 -154.0886790514522 2
endloop
endfacet
facet normal 0 0 1
outer loop
vertex 233.46598017939516 -154.3700687169758 2
vertex 222.84611039662275 -154.0886790514522 2
vertex 222.77071225815646 -154.3700687169758 2
endloop
endfacet
facet normal 0 0 1
outer loop
vertex 254.17395460197926 -154.3700687169758 2
vertex 254.18752379999978 -154.34873690000032 2
vertex 254.32215403931255 -154.09977368814745 2
endloop
endfacet
facet normal 0 0 1
outer loop
vertex 254.17395460197926 -154.3700687169758 2
vertex 254.32215403931255 -154.09977368814745 2
vertex 254.3262554148836 -154.0886790514522 2
endloop
endfacet
facet normal 0 0 1
outer loop
vertex 254.17395460197926 -154.3700687169758 2
vertex 254.3262554148836 -154.0886790514522 2
vertex 236.32297739876688 -154.0886790514522 2
endloop
endfacet
facet normal 0 0 1
outer loop
vertex 254.17395460197926 -154.3700687169758 2
vertex 236.32297739876688 -154.0886790514522 2
vertex 236.40833602060485 -154.3700687169758 2
endloop
endfacet
facet normal 0 0 1
outer loop
vertex 233.55133880123313 -154.0886790514522 2
vertex 233.56566821707187 -154.06187059999996 2
vertex 222.85329369999994 -154.06187059999996 2
endloop
endfacet
facet normal 0 0 1
outer loop
vertex 233.55133880123313 -154.0886790514522 2
vertex 222.85329369999994 -154.06187059999996 2
vertex 222.84611039662275 -154.0886790514522 2
endloop
endfacet
facet normal 0 0 1
outer loop
vertex 233.56566821707187 -154.06187059999996 2
vertex 233.68995368154594 -153.82934885047084 2
vertex 221.98551070653062 -153.82934885047084 2
endloop
endfacet
facet normal 0 0 1
outer loop
vertex 233.56566821707187 -154.06187059999996 2
vertex 221.98551070653062 -153.82934885047084 2
vertex 222.85329369999994 -154.06187059999996 2
endloop
endfacet
facet normal 0 0 1
outer loop
vertex 254.3262554148836 -154.0886790514522 2
vertex 254.42029336121104 -153.83429687357207 2
vertex 254.42136070111704 -153.82934885047084 2
endloop
endfacet
facet normal 0 0 1
outer loop
vertex 254.3262554148836 -154.0886790514522 2
vertex 254.42136070111704 -153.82934885047084 2
vertex 236.18436251845395 -153.82934885047084 2
endloop
endfacet
facet normal 0 0 1
outer loop
vertex 254.3262554148836 -154.0886790514522 2
vertex 236.18436251845395 -153.82934885047084 2
vertex 236.32297739876688 -154.0886790514522 2
endloop
endfacet
facet normal 0 0 1
outer loop
vertex 233.68995368154594 -153.82934885047084 2
vertex 233.8764979282205 -153.60204402821998 2
vertex 221.13719755095565 -153.60204402821998 2
endloop
endfacet
facet normal 0 0 1
outer loop
vertex 233.68995368154594 -153.82934885047084 2
vertex 221.13719755095565 -153.60204402821998 2
vertex 221.98551070653062 -153.82934885047084 2
endloop
endfacet
facet normal 0 0 1
outer loop
vertex 254.42136070111704 -153.82934885047084 2
vertex 254.47039270898196 -153.60204402821998 2
vertex 235.99781827177964 -153.60204402821998 2
endloop
endfacet
facet normal 0 0 1
outer loop
vertex 254.42136070111704 -153.82934885047084 2
vertex 235.99781827177964 -153.60204402821998 2
vertex 236.18436251845395 -153.82934885047084 2
endloop
endfacet
facet normal 0 0 1
outer loop
vertex 189 -154.605 2
vertex 189 -153.49999999999997 2
vertex 172.49999999999997 -153.49999999999997 2
endloop
endfacet
facet normal 0 0 1
outer loop
vertex 189 -154.605 2
vertex 172.49999999999997 -153.49999999999997 2
vertex 139.5 -153.49999999999997 2
endloop
endfacet
facet normal 0 0 1
outer loop
vertex 189 -154.605 2
vertex 139.5 -153.49999999999997 2
vertex 139.5 -154.605 2
endloop
endfacet
facet normal 0 0 1
outer loop
vertex 172.49999999999997 -153.49999999999997 2
vertex 172.2073645169758 -153.47117792060482 2
vertex 139.5 -153.47117792060482 2
endloop
endfacet
facet normal 0 0 1
outer loop
vertex 172.49999999999997 -153.49999999999997 2
vertex 139.5 -153.47117792060482 2
vertex 139.5 -153.49999999999997 2
endloop
endfacet
facet normal 0 0 1
outer loop
vertex 189 -153.49999999999997 2
vertex 189 -153.47117792060482 2
vertex 172.79263548302424 -153.47117792060482 2
endloop
endfacet
facet normal 0 0 1
outer loop
vertex 189 -153.49999999999997 2
vertex 172.79263548302424 -153.47117792060482 2
vertex 172.49999999999997 -153.49999999999997 2
endloop
endfacet
facet normal 0 0 1
outer loop
vertex 233.8764979282205 -153.60204402821998 2
vertex 234.10380275047058 -153.41549978154632 2
vertex 220.44100493619695 -153.41549978154632 2
endloop
endfacet
facet normal 0 0 1
outer loop
vertex 233.8764979282205 -153.60204402821998 2
vertex 220.44100493619695 -153.41549978154632 2
vertex 221.13719755095565 -153.60204402821998 2
endloop
endfacet
facet normal 0 0 1
outer loop
vertex 254.47039270898196 -153.60204402821998 2
vertex 254.4799743984454 -153.55762479443402 2
vertex 254.49005637971518 -153.41549978154632 2
endloop
endfacet
facet normal 0 0 1
outer loop
vertex 254.47039270898196 -153.60204402821998 2
vertex 254.49005637971518 -153.41549978154632 2
vertex 235.77051344952957 -153.41549978154632 2
endloop
endfacet
facet normal 0 0 1
outer loop
vertex 254.47039270898196 -153.60204402821998 2
vertex 235.77051344952957 -153.41549978154632 2
vertex 235.99781827177964 -153.60204402821998 2
endloop
endfacet
facet normal 0 0 1
outer loop
vertex 172.2073645169758 -153.47117792060482 2
vertex 171.9259748514523 -153.3858192987669 2
vertex 139.5 -153.3858192987669 2
endloop
endfacet
facet normal 0 0 1
outer loop
vertex 172.2073645169758 -153.47117792060482 2
vertex 139.5 -153.3858192987669 2
vertex 139.5 -153.47117792060482 2
endloop
endfacet
facet normal 0 0 1
outer loop
vertex 189 -153.47117792060482 2
vertex 189 -153.3858192987669 2
vertex 173.07402514854766 -153.3858192987669 2
endloop
endfacet
facet normal 0 0 1
outer loop
vertex 189 -153.47117792060482 2
vertex 173.07402514854766 -153.3858192987669 2
vertex 172.79263548302424 -153.47117792060482 2
endloop
endfacet
facet normal 0 0 1
outer loop
vertex 234.10380275047058 -153.41549978154632 2
vertex 234.3631329514522 -153.27688490123302 2
vertex 219.92368715400556 -153.27688490123302 2
endloop
endfacet
facet normal 0 0 1
outer loop
vertex 234.10380275047058 -153.41549978154632 2
vertex 219.92368715400556 -153.27688490123302 2
vertex 220.44100493619695 -153.41549978154632 2
endloop
endfacet
facet normal 0 0 1
outer loop
vertex 254.49005637971518 -153.41549978154632 2
vertex 254.4998893612477 -153.27688490123302 2
vertex 235.5111832485475 -153.27688490123302 2
endloop
endfacet
facet normal 0 0 1
outer loop
vertex 254.49005637971518 -153.41549978154632 2
vertex 235.5111832485475 -153.27688490123302 2
vertex 235.77051344952957 -153.41549978154632 2
endloop
endfacet
facet normal 0 0 1
outer loop
vertex 171.9259748514523 -153.3858192987669 2
vertex 171.6666446504707 -153.24720441845386 2
vertex 139.5 -153.24720441845386 2
endloop
endfacet
facet normal 0 0 1
outer loop
vertex 171.9259748514523 -153.3858192987669 2
vertex 139.5 -153.24720441845386 2
vertex 139.5 -153.3858192987669 2
endloop
endfacet
facet normal 0 0 1
outer loop
vertex 189 -153.3858192987669 2
vertex 189 -153.24720441845386 2
vertex 173.33335534952917 -153.24720441845386 2
endloop
endfacet
facet normal 0 0 1
outer loop
vertex 189 -153.3858192987669 2
vertex 173.33335534952917 -153.24720441845386 2
vertex 173.07402514854766 -153.3858192987669 2
endloop
endfacet
facet normal 0 0 1
outer loop
vertex 234.3631329514522 -153.27688490123302 2
vertex 234.64452261697593 -153.19152627939516 2
vertex 219.6051244366388 -153.19152627939516 2
endloop
endfacet
facet normal 0 0 1
outer loop
vertex 234.3631329514522 -153.27688490123302 2
vertex 219.6051244366388 -153.19152627939516 2
vertex 219.92368715400556 -153.27688490123302 2
endloop
endfacet
facet normal 0 0 1
outer loop
vertex 254.4998893612477 -153.27688490123302 2
vertex 254.5000019 -153.27529844999987 2
vertex 254.5000018966433 -153.19152627939516 2
endloop
endfacet
facet normal 0 0 1
outer loop
vertex 254.4998893612477 -153.27688490123302 2
vertex 254.5000018966433 -153.19152627939516 2
vertex 235.22979358302427 -153.19152627939516 2
endloop
endfacet
facet normal 0 0 1
outer loop
vertex 254.4998893612477 -153.27688490123302 2
vertex 235.22979358302427 -153.19152627939516 2
vertex 235.5111832485475 -153.27688490123302 2
endloop
endfacet
facet normal 0 0 1
outer loop
vertex 234.64452261697593 -153.19152627939516 2
vertex 234.93715810000003 -153.1627042 2
vertex 219.4975589706719 -153.1627042 2
endloop
endfacet
facet normal 0 0 1
outer loop
vertex 234.64452261697593 -153.19152627939516 2
vertex 219.4975589706719 -153.1627042 2
vertex 219.6051244366388 -153.19152627939516 2
endloop
endfacet
facet normal 0 0 1
outer loop
vertex 254.5000018966433 -153.19152627939516 2
vertex 254.50000189548842 -153.1627042 2
vertex 234.93715810000003 -153.1627042 2
endloop
endfacet
facet normal 0 0 1
outer loop
vertex 254.5000018966433 -153.19152627939516 2
vertex 234.93715810000003 -153.1627042 2
vertex 235.22979358302427 -153.19152627939516 2
endloop
endfacet
facet normal 0 0 1
outer loop
vertex 171.6666446504707 -153.24720441845386 2
vertex 171.4393398282201 -153.06066017177977 2
vertex 139.5 -153.06066017177977 2
endloop
endfacet
facet normal 0 0 1
outer loop
vertex 171.6666446504707 -153.24720441845386 2
vertex 139.5 -153.06066017177977 2
vertex 139.5 -153.24720441845386 2
endloop
endfacet
facet normal 0 0 1
outer loop
vertex 189 -153.24720441845386 2
vertex 189 -153.06066017177977 2
vertex 173.56066017178006 -153.06066017177977 2
endloop
endfacet
facet normal 0 0 1
outer loop
vertex 189 -153.24720441845386 2
vertex 173.56066017178006 -153.06066017177977 2
vertex 173.33335534952917 -153.24720441845386 2
endloop
endfacet
facet normal 0 0 1
outer loop
vertex 171.4393398282201 -153.06066017177977 2
vertex 171.25279558154628 -152.8333553495295 2
vertex 139.5 -152.8333553495295 2
endloop
endfacet
facet normal 0 0 1
outer loop
vertex 171.4393398282201 -153.06066017177977 2
vertex 139.5 -152.8333553495295 2
vertex 139.5 -153.06066017177977 2
endloop
endfacet
facet normal 0 0 1
outer loop
vertex 189 -153.06066017177977 2
vertex 189 -152.8333553495295 2
vertex 173.74720441845366 -152.8333553495295 2
endloop
endfacet
facet normal 0 0 1
outer loop
vertex 189 -153.06066017177977 2
vertex 173.74720441845366 -152.8333553495295 2
vertex 173.56066017178006 -153.06066017177977 2
endloop
endfacet
facet normal 0 0 1
outer loop
vertex 171.25279558154628 -152.8333553495295 2
vertex 171.11418070123307 -152.5740251485476 2
vertex 139.5 -152.5740251485476 2
endloop
endfacet
facet normal 0 0 1
outer loop
vertex 171.25279558154628 -152.8333553495295 2
vertex 139.5 -152.5740251485476 2
vertex 139.5 -152.8333553495295 2
endloop
endfacet
facet normal 0 0 1
outer loop
vertex 189 -152.8333553495295 2
vertex 189 -152.5740251485476 2
vertex 173.88581929876702 -152.5740251485476 2
endloop
endfacet
facet normal 0 0 1
outer loop
vertex 189 -152.8333553495295 2
vertex 173.88581929876702 -152.5740251485476 2
vertex 173.74720441845366 -152.8333553495295 2
endloop
endfacet
facet normal 0 0 1
outer loop
vertex 171.11418070123307 -152.5740251485476 2
vertex 171.02882207939516 -152.2926354830242 2
vertex 139.5 -152.2926354830242 2
endloop
endfacet
facet normal 0 0 1
outer loop
vertex 171.11418070123307 -152.5740251485476 2
vertex 139.5 -152.2926354830242 2
vertex 139.5 -152.5740251485476 2
endloop
endfacet
facet normal 0 0 1
outer loop
vertex 189 -152.5740251485476 2
vertex 189 -152.2926354830242 2
vertex 173.9711779206048 -152.2926354830242 2
endloop
endfacet
facet normal 0 0 1
outer loop
vertex 189 -152.5740251485476 2
vertex 173.9711779206048 -152.2926354830242 2
vertex 173.88581929876702 -152.5740251485476 2
endloop
endfacet
facet normal 0 0 1
outer loop
vertex 171.02882207939516 -152.2926354830242 2
vertex 171 -152.0000000000001 2
vertex 139.5 -152.0000000000001 2
endloop
endfacet
facet normal 0 0 1
outer loop
vertex 171.02882207939516 -152.2926354830242 2
vertex 139.5 -152.0000000000001 2
vertex 139.5 -152.2926354830242 2
endloop
endfacet
facet normal 0 0 1
outer loop
vertex 189 -152.2926354830242 2
vertex 189 -152.0000000000001 2
vertex 173.99999999999997 -152.0000000000001 2
endloop
endfacet
facet normal 0 0 1
outer loop
vertex 189 -152.2926354830242 2
vertex 173.99999999999997 -152.0000000000001 2
vertex 173.9711779206048 -152.2926354830242 2
endloop
endfacet
facet normal 0 0 1
outer loop
vertex 171 -152.0000000000001 2
vertex 171.02882207939516 -151.7073645169757 2
vertex 139.5 -151.7073645169757 2
endloop
endfacet
facet normal 0 0 1
outer loop
vertex 171 -152.0000000000001 2
vertex 139.5 -151.7073645169757 2
vertex 139.5 -152.0000000000001 2
endloop
endfacet
facet normal 0 0 1
outer loop
vertex 189 -152.0000000000001 2
vertex 189 -151.7073645169757 2
vertex 173.9711779206048 -151.7073645169757 2
endloop
endfacet
facet normal 0 0 1
outer loop
vertex 189 -152.0000000000001 2
vertex 173.9711779206048 -151.7073645169757 2
vertex 173.99999999999997 -152.0000000000001 2
endloop
endfacet
facet normal 0 0 1
outer loop
vertex 171.02882207939516 -151.7073645169757 2
vertex 171.114180701233 -151.42597485145234 2
vertex 139.5 -151.42597485145234 2
endloop
endfacet
facet normal 0 0 1
outer loop
vertex 171.02882207939516 -151.7073645169757 2
vertex 139.5 -151.42597485145234 2
vertex 139.5 -151.7073645169757 2
endloop
endfacet
facet normal 0 0 1
outer loop
vertex 189 -151.7073645169757 2
vertex 189 -151.42597485145234 2
vertex 173.8858192987669 -151.42597485145234 2
endloop
endfacet
facet normal 0 0 1
outer loop
vertex 189 -151.7073645169757 2
vertex 173.8858192987669 -151.42597485145234 2
vertex 173.9711779206048 -151.7073645169757 2
endloop
endfacet
facet normal 0 0 1
outer loop
vertex 171.114180701233 -151.42597485145234 2
vertex 171.25279558154617 -151.16664465047057 2
vertex 139.5 -151.16664465047057 2
endloop
endfacet
facet normal 0 0 1
outer loop
vertex 171.114180701233 -151.42597485145234 2
vertex 139.5 -151.16664465047057 2
vertex 139.5 -151.42597485145234 2
endloop
endfacet
facet normal 0 0 1
outer loop
vertex 189 -151.42597485145234 2
vertex 189 -151.16664465047057 2
vertex 173.74720441845378 -151.16664465047057 2
endloop
endfacet
facet normal 0 0 1
outer loop
vertex 189 -151.42597485145234 2
vertex 173.74720441845378 -151.16664465047057 2
vertex 173.8858192987669 -151.42597485145234 2
endloop
endfacet
facet normal 0 0 1
outer loop
vertex 210.28444841483594 -154.605 2
vertex 211.2621838 -150.9560421 2
vertex 201 -150.9560421 2
endloop
endfacet
facet normal 0 0 1
outer loop
vertex 210.28444841483594 -154.605 2
vertex 201 -150.9560421 2
vertex 201 -154.605 2
endloop
endfacet
facet normal 0 0 1
outer loop
vertex 234.93715810000003 -153.1627042 2
vertex 254.50000189548842 -153.1627042 2
vertex 254.5000018070689 -150.9560421 2
endloop
endfacet
facet normal 0 0 1
outer loop
vertex 234.93715810000003 -153.1627042 2
vertex 254.5000018070689 -150.9560421 2
vertex 211.2621838 -150.9560421 2
endloop
endfacet
facet normal 0 0 1
outer loop
vertex 234.93715810000003 -153.1627042 2
vertex 211.2621838 -150.9560421 2
vertex 219.4975589706719 -153.1627042 2
endloop
endfacet
facet normal 0 0 1
outer loop
vertex 171.25279558154617 -151.16664465047057 2
vertex 171.43933982822023 -150.93933982822014 2
vertex 139.5 -150.93933982822014 2
endloop
endfacet
facet normal 0 0 1
outer loop
vertex 171.25279558154617 -151.16664465047057 2
vertex 139.5 -150.93933982822014 2
vertex 139.5 -151.16664465047057 2
endloop
endfacet
facet normal 0 0 1
outer loop
vertex 189 -151.16664465047057 2
vertex 189 -150.93933982822014 2
vertex 173.5606601717798 -150.93933982822014 2
endloop
endfacet
facet normal 0 0 1
outer loop
vertex 189 -151.16664465047057 2
vertex 173.5606601717798 -150.93933982822014 2
vertex 173.74720441845378 -151.16664465047057 2
endloop
endfacet
facet normal 0 0 1
outer loop
vertex 171.43933982822023 -150.93933982822014 2
vertex 171.66664465047066 -150.75279558154625 2
vertex 139.5 -150.75279558154625 2
endloop
endfacet
facet normal 0 0 1
outer loop
vertex 171.43933982822023 -150.93933982822014 2
vertex 139.5 -150.75279558154625 2
vertex 139.5 -150.93933982822014 2
endloop
endfacet
facet normal 0 0 1
outer loop
vertex 189 -150.93933982822014 2
vertex 189 -150.75279558154625 2
vertex 173.33335534952948 -150.75279558154625 2
endloop
endfacet
facet normal 0 0 1
outer loop
vertex 189 -150.93933982822014 2
vertex 173.33335534952948 -150.75279558154625 2
vertex 173.5606601717798 -150.93933982822014 2
endloop
endfacet
facet normal 0 0 1
outer loop
vertex 171.66664465047066 -150.75279558154625 2
vertex 171.92597485145248 -150.61418070123298 2
vertex 139.5 -150.61418070123298 2
endloop
endfacet
facet normal 0 0 1
outer loop
vertex 171.66664465047066 -150.75279558154625 2
vertex 139.5 -150.61418070123298 2
vertex 139.5 -150.75279558154625 2
endloop
endfacet
facet normal 0 0 1
outer loop
vertex 189 -150.75279558154625 2
vertex 189 -150.61418070123298 2
vertex 173.07402514854743 -150.61418070123298 2
endloop
endfacet
facet normal 0 0 1
outer loop
vertex 189 -150.75279558154625 2
vertex 173.07402514854743 -150.61418070123298 2
vertex 173.33335534952948 -150.75279558154625 2
endloop
endfacet
facet normal 0 0 1
outer loop
vertex 171.92597485145248 -150.61418070123298 2
vertex 172.20736451697582 -150.52882207939518 2
vertex 139.5 -150.52882207939518 2
endloop
endfacet
facet normal 0 0 1
outer loop
vertex 171.92597485145248 -150.61418070123298 2
vertex 139.5 -150.52882207939518 2
vertex 139.5 -150.61418070123298 2
endloop
endfacet
facet normal 0 0 1
outer loop
vertex 189 -150.61418070123298 2
vertex 189 -150.52882207939518 2
vertex 172.79263548302436 -150.52882207939518 2
endloop
endfacet
facet normal 0 0 1
outer loop
vertex 189 -150.61418070123298 2
vertex 172.79263548302436 -150.52882207939518 2
vertex 173.07402514854743 -150.61418070123298 2
endloop
endfacet
facet normal 0 0 1
outer loop
vertex 172.20736451697582 -150.52882207939518 2
vertex 172.49999999999983 -150.5 2
vertex 139.5 -150.5 2
endloop
endfacet
facet normal 0 0 1
outer loop
vertex 172.20736451697582 -150.52882207939518 2
vertex 139.5 -150.5 2
vertex 139.5 -150.52882207939518 2
endloop
endfacet
facet normal 0 0 1
outer loop
vertex 189 -150.52882207939518 2
vertex 189 -150.5 2
vertex 172.49999999999983 -150.5 2
endloop
endfacet
facet normal 0 0 1
outer loop
vertex 189 -150.52882207939518 2
vertex 172.49999999999983 -150.5 2
vertex 172.79263548302436 -150.52882207939518 2
endloop
endfacet
facet normal 0 0 1
outer loop
vertex 172.49999999999983 -150.5 2
vertex 189 -150.5 2
vertex 189 -149.605 2
endloop
endfacet
facet normal 0 0 1
outer loop
vertex 172.49999999999983 -150.5 2
vertex 189 -149.605 2
vertex 139.5 -149.605 2
endloop
endfacet
facet normal 0 0 1
outer loop
vertex 172.49999999999983 -150.5 2
vertex 139.5 -149.605 2
vertex 139.5 -150.5 2
endloop
endfacet
facet normal 0 0 1
outer loop
vertex 211.2621838 -150.9560421 2
vertex 254.5000018070689 -150.9560421 2
vertex 254.50000175293354 -149.605 2
endloop
endfacet
facet normal 0 0 1
outer loop
vertex 211.2621838 -150.9560421 2
vertex 254.50000175293354 -149.605 2
vertex 201 -149.605 2
endloop
endfacet
facet normal 0 0 1
outer loop
vertex 211.2621838 -150.9560421 2
vertex 201 -149.605 2
vertex 201 -150.9560421 2
endloop
endfacet
facet normal 0 0 1
outer loop
vertex 189 -149.605 2
vertex 201 -149.605 2
vertex 254.50000175293354 -149.605 2
endloop
endfacet
facet normal 0 0 1
outer loop
vertex 189 -149.605 2
vertex 254.50000175293354 -149.605 2
vertex 254.500001674598 -147.65 2
endloop
endfacet
facet normal 0 0 1
outer loop
vertex 189 -149.605 2
vertex 254.500001674598 -147.65 2
vertex 156 -147.65 2
endloop
endfacet
facet normal 0 0 1
outer loop
vertex 189 -149.605 2
vertex 156 -147.65 2
vertex 144 -147.65 2
endloop
endfacet
facet normal 0 0 1
outer loop
vertex 189 -149.605 2
vertex 144 -147.65 2
vertex 139.5 -147.65 2
endloop
endfacet
facet normal 0 0 1
outer loop
vertex 189 -149.605 2
vertex 139.5 -147.65 2
vertex 139.5 -149.605 2
endloop
endfacet
facet normal 0 0 1
outer loop
vertex 144 -147.65 2
vertex 144 -142.65 2
vertex 139.5 -142.65 2
endloop
endfacet
facet normal 0 0 1
outer loop
vertex 144 -147.65 2
vertex 139.5 -142.65 2
vertex 139.5 -147.65 2
endloop
endfacet
facet normal 0 0 1
outer loop
vertex 254.500001674598 -147.65 2
vertex 254.5000014742513 -142.65 2
vertex 156 -142.65 2
endloop
endfacet
facet normal 0 0 1
outer loop
vertex 254.500001674598 -147.65 2
vertex 156 -142.65 2
vertex 156 -147.65 2
endloop
endfacet
facet normal 0 0 1
outer loop
vertex 144 -142.65 2
vertex 156 -142.65 2
vertex 254.5000014742513 -142.65 2
endloop
endfacet
facet normal 0 0 1
outer loop
vertex 144 -142.65 2
vertex 254.5000014742513 -142.65 2
vertex 254.50000122812534 -136.5075 2
endloop
endfacet
facet normal 0 0 1
outer loop
vertex 144 -142.65 2
vertex 254.50000122812534 -136.5075 2
vertex 228 -136.5075 2
endloop
endfacet
facet normal 0 0 1
outer loop
vertex 144 -142.65 2
vertex 228 -136.5075 2
vertex 216 -136.5075 2
endloop
endfacet
facet normal 0 0 1
outer loop
vertex 144 -142.65 2
vertex 216 -136.5075 2
vertex 139.5 -136.5075 2
endloop
endfacet
facet normal 0 0 1
outer loop
vertex 144 -142.65 2
vertex 139.5 -136.5075 2
vertex 139.5 -142.65 2
endloop
endfacet
facet normal 0 0 1
outer loop
vertex 216 -136.5075 2
vertex 216 -133.65 2
vertex 210 -133.65 2
endloop
endfacet
facet normal 0 0 1
outer loop
vertex 216 -136.5075 2
vertex 210 -133.65 2
vertex 198 -133.65 2
endloop
endfacet
facet normal 0 0 1
outer loop
vertex 216 -136.5075 2
vertex 198 -133.65 2
vertex 174 -133.65 2
endloop
endfacet
facet normal 0 0 1
outer loop
vertex 216 -136.5075 2
vertex 174 -133.65 2
vertex 162 -133.65 2
endloop
endfacet
facet normal 0 0 1
outer loop
vertex 216 -136.5075 2
vertex 162 -133.65 2
vertex 139.5 -133.65 2
endloop
endfacet
facet normal 0 0 1
outer loop
vertex 216 -136.5075 2
vertex 139.5 -133.65 2
vertex 139.5 -136.5075 2
endloop
endfacet
facet normal 0 0 1
outer loop
vertex 216 -133.65 2
vertex 216 -131.5075 2
vertex 210 -131.5075 2
endloop
endfacet
facet normal 0 0 1
outer loop
vertex 216 -133.65 2
vertex 210 -131.5075 2
vertex 210 -133.65 2
endloop
endfacet
facet normal 0 0 1
outer loop
vertex 254.50000122812534 -136.5075 2
vertex 254.50000102777864 -131.5075 2
vertex 228 -131.5075 2
endloop
endfacet
facet normal 0 0 1
outer loop
vertex 254.50000122812534 -136.5075 2
vertex 228 -131.5075 2
vertex 228 -136.5075 2
endloop
endfacet
facet normal 0 0 1
outer loop
vertex 162 -133.65 2
vertex 162 -130.65 2
vertex 156 -130.65 2
endloop
endfacet
facet normal 0 0 1
outer loop
vertex 162 -133.65 2
vertex 156 -130.65 2
vertex 144 -130.65 2
endloop
endfacet
facet normal 0 0 1
outer loop
vertex 162 -133.65 2
vertex 144 -130.65 2
vertex 139.5 -130.65 2
endloop
endfacet
facet normal 0 0 1
outer loop
vertex 162 -133.65 2
vertex 139.5 -130.65 2
vertex 139.5 -133.65 2
endloop
endfacet
facet normal 0 0 1
outer loop
vertex 198 -133.65 2
vertex 198 -128.8875 2
vertex 192 -128.8875 2
endloop
endfacet
facet normal 0 0 1
outer loop
vertex 198 -133.65 2
vertex 192 -128.8875 2
vertex 180 -128.8875 2
endloop
endfacet
facet normal 0 0 1
outer loop
vertex 198 -133.65 2
vertex 180 -128.8875 2
vertex 174 -128.8875 2
endloop
endfacet
facet normal 0 0 1
outer loop
vertex 198 -133.65 2
vertex 174 -128.8875 2
vertex 174 -133.65 2
endloop
endfacet
facet normal 0 0 1
outer loop
vertex 162 -130.65 2
vertex 162 -128.65 2
vertex 156 -128.65 2
endloop
endfacet
facet normal 0 0 1
outer loop
vertex 162 -130.65 2
vertex 156 -128.65 2
vertex 156 -130.65 2
endloop
endfacet
facet normal 0 0 1
outer loop
vertex 180 -128.8875 2
vertex 180 -128.65 2
vertex 174 -128.65 2
endloop
endfacet
facet normal 0 0 1
outer loop
vertex 180 -128.8875 2
vertex 174 -128.65 2
vertex 174 -128.8875 2
endloop
endfacet
facet normal 0 0 1
outer loop
vertex 198 -128.8875 2
vertex 198 -128.65 2
vertex 192 -128.65 2
endloop
endfacet
facet normal 0 0 1
outer loop
vertex 198 -128.8875 2
vertex 192 -128.65 2
vertex 192 -128.8875 2
endloop
endfacet
facet normal 0 0 1
outer loop
vertex 216 -131.5075 2
vertex 228 -131.5075 2
vertex 254.50000102777864 -131.5075 2
endloop
endfacet
facet normal 0 0 1
outer loop
vertex 216 -131.5075 2
vertex 254.50000102777864 -131.5075 2
vertex 254.5000009132805 -128.65 2
endloop
endfacet
facet normal 0 0 1
outer loop
vertex 216 -131.5075 2
vertex 254.5000009132805 -128.65 2
vertex 210 -128.65 2
endloop
endfacet
facet normal 0 0 1
outer loop
vertex 216 -131.5075 2
vertex 210 -128.65 2
vertex 210 -131.5075 2
endloop
endfacet
facet normal 0 0 1
outer loop
vertex 144 -130.65 2
vertex 144 -125.65 2
vertex 139.5 -125.65 2
endloop
endfacet
facet normal 0 0 1
outer loop
vertex 144 -130.65 2
vertex 139.5 -125.65 2
vertex 139.5 -130.65 2
endloop
endfacet
facet normal 0 0 1
outer loop
vertex 162 -128.65 2
vertex 174 -128.65 2
vertex 180 -128.65 2
endloop
endfacet
facet normal 0 0 1
outer loop
vertex 162 -128.65 2
vertex 180 -128.65 2
vertex 180 -125.65 2
endloop
endfacet
facet normal 0 0 1
outer loop
vertex 162 -128.65 2
vertex 180 -125.65 2
vertex 156 -125.65 2
endloop
endfacet
facet normal 0 0 1
outer loop
vertex 162 -128.65 2
vertex 156 -125.65 2
vertex 156 -128.65 2
endloop
endfacet
facet normal 0 0 1
outer loop
vertex 144 -125.65 2
vertex 156 -125.65 2
vertex 180 -125.65 2
endloop
endfacet
facet normal 0 0 1
outer loop
vertex 144 -125.65 2
vertex 180 -125.65 2
vertex 180 -123.8875 2
endloop
endfacet
facet normal 0 0 1
outer loop
vertex 144 -125.65 2
vertex 180 -123.8875 2
vertex 139.5 -123.8875 2
endloop
endfacet
facet normal 0 0 1
outer loop
vertex 144 -125.65 2
vertex 139.5 -123.8875 2
vertex 139.5 -125.65 2
endloop
endfacet
facet normal 0 0 1
outer loop
vertex 198 -128.65 2
vertex 210 -128.65 2
vertex 254.5000009132805 -128.65 2
endloop
endfacet
facet normal 0 0 1
outer loop
vertex 198 -128.65 2
vertex 254.5000009132805 -128.65 2
vertex 254.50000072245027 -123.8875 2
endloop
endfacet
facet normal 0 0 1
outer loop
vertex 198 -128.65 2
vertex 254.50000072245027 -123.8875 2
vertex 192 -123.8875 2
endloop
endfacet
facet normal 0 0 1
outer loop
vertex 198 -128.65 2
vertex 192 -123.8875 2
vertex 192 -128.65 2
endloop
endfacet
facet normal 0 0 1
outer loop
vertex 180 -123.8875 2
vertex 192 -123.8875 2
vertex 254.50000072245027 -123.8875 2
endloop
endfacet
facet normal 0 0 1
outer loop
vertex 180 -123.8875 2
vertex 254.50000072245027 -123.8875 2
vertex 254.50000054694652 -119.5075 2
endloop
endfacet
facet normal 0 0 1
outer loop
vertex 180 -123.8875 2
vertex 254.50000054694652 -119.5075 2
vertex 228 -119.5075 2
endloop
endfacet
facet normal 0 0 1
outer loop
vertex 180 -123.8875 2
vertex 228 -119.5075 2
vertex 216 -119.5075 2
endloop
endfacet
facet normal 0 0 1
outer loop
vertex 180 -123.8875 2
vertex 216 -119.5075 2
vertex 139.5 -119.5075 2
endloop
endfacet
facet normal 0 0 1
outer loop
vertex 180 -123.8875 2
vertex 139.5 -119.5075 2
vertex 139.5 -123.8875 2
endloop
endfacet
facet normal 0 0 1
outer loop
vertex 216 -119.5075 2
vertex 216 -116.65 2
vertex 210 -116.65 2
endloop
endfacet
facet normal 0 0 1
outer loop
vertex 216 -119.5075 2
vertex 210 -116.65 2
vertex 198 -116.65 2
endloop
endfacet
facet normal 0 0 1
outer loop
vertex 216 -119.5075 2
vertex 198 -116.65 2
vertex 174 -116.65 2
endloop
endfacet
facet normal 0 0 1
outer loop
vertex 216 -119.5075 2
vertex 174 -116.65 2
vertex 162 -116.65 2
endloop
endfacet
facet normal 0 0 1
outer loop
vertex 216 -119.5075 2
vertex 162 -116.65 2
vertex 139.5 -116.65 2
endloop
endfacet
facet normal 0 0 1
outer loop
vertex 216 -119.5075 2
vertex 139.5 -116.65 2
vertex 139.5 -119.5075 2
endloop
endfacet
facet normal 0 0 1
outer loop
vertex 216 -116.65 2
vertex 216 -114.5075 2
vertex 210 -114.5075 2
endloop
endfacet
facet normal 0 0 1
outer loop
vertex 216 -116.65 2
vertex 210 -114.5075 2
vertex 210 -116.65 2
endloop
endfacet
facet normal 0 0 1
outer loop
vertex 254.50000054694652 -119.5075 2
vertex 254.50000034659982 -114.5075 2
vertex 228 -114.5075 2
endloop
endfacet
facet normal 0 0 1
outer loop
vertex 254.50000054694652 -119.5075 2
vertex 228 -114.5075 2
vertex 228 -119.5075 2
endloop
endfacet
facet normal 0 0 1
outer loop
vertex 162 -116.65 2
vertex 162 -113.65 2
vertex 156 -113.65 2
endloop
endfacet
facet normal 0 0 1
outer loop
vertex 162 -116.65 2
vertex 156 -113.65 2
vertex 144 -113.65 2
endloop
endfacet
facet normal 0 0 1
outer loop
vertex 162 -116.65 2
vertex 144 -113.65 2
vertex 139.5 -113.65 2
endloop
endfacet
facet normal 0 0 1
outer loop
vertex 162 -116.65 2
vertex 139.5 -113.65 2
vertex 139.5 -116.65 2
endloop
endfacet
facet normal 0 0 1
outer loop
vertex 198 -116.65 2
vertex 198 -111.8875 2
vertex 192 -111.8875 2
endloop
endfacet
facet normal 0 0 1
outer loop
vertex 198 -116.65 2
vertex 192 -111.8875 2
vertex 180 -111.8875 2
endloop
endfacet
facet normal 0 0 1
outer loop
vertex 198 -116.65 2
vertex 180 -111.8875 2
vertex 174 -111.8875 2
endloop
endfacet
facet normal 0 0 1
outer loop
vertex 198 -116.65 2
vertex 174 -111.8875 2
vertex 174 -116.65 2
endloop
endfacet
facet normal 0 0 1
outer loop
vertex 162 -113.65 2
vertex 162 -111.65 2
vertex 156 -111.65 2
endloop
endfacet
facet normal 0 0 1
outer loop
vertex 162 -113.65 2
vertex 156 -111.65 2
vertex 156 -113.65 2
endloop
endfacet
facet normal 0 0 1
outer loop
vertex 180 -111.8875 2
vertex 180 -111.65 2
vertex 174 -111.65 2
endloop
endfacet
facet normal 0 0 1
outer loop
vertex 180 -111.8875 2
vertex 174 -111.65 2
vertex 174 -111.8875 2
endloop
endfacet
facet normal 0 0 1
outer loop
vertex 198 -111.8875 2
vertex 198 -111.65 2
vertex 192 -111.65 2
endloop
endfacet
facet normal 0 0 1
outer loop
vertex 198 -111.8875 2
vertex 192 -111.65 2
vertex 192 -111.8875 2
endloop
endfacet
facet normal 0 0 1
outer loop
vertex 216 -114.5075 2
vertex 228 -114.5075 2
vertex 254.50000034659982 -114.5075 2
endloop
endfacet
facet normal 0 0 1
outer loop
vertex 216 -114.5075 2
vertex 254.50000034659982 -114.5075 2
vertex 254.50000023210168 -111.65 2
endloop
endfacet
facet normal 0 0 1
outer loop
vertex 216 -114.5075 2
vertex 254.50000023210168 -111.65 2
vertex 210 -111.65 2
endloop
endfacet
facet normal 0 0 1
outer loop
vertex 216 -114.5075 2
vertex 210 -111.65 2
vertex 210 -114.5075 2
endloop
endfacet
facet normal 0 0 1
outer loop
vertex 162 -111.65 2
vertex 174 -111.65 2
vertex 180 -111.65 2
endloop
endfacet
facet normal 0 0 1
outer loop
vertex 162 -111.65 2
vertex 180 -111.65 2
vertex 180 -110.03333329999998 2
endloop
endfacet
facet normal 0 0 1
outer loop
vertex 162 -111.65 2
vertex 180 -110.03333329999998 2
vertex 159.99999999999994 -110.03333329999998 2
endloop
endfacet
facet normal 0 0 1
outer loop
vertex 162 -111.65 2
vertex 159.99999999999994 -110.03333329999998 2
vertex 156 -110.03333329999998 2
endloop
endfacet
facet normal 0 0 1
outer loop
vertex 162 -111.65 2
vertex 156 -110.03333329999998 2
vertex 156 -111.65 2
endloop
endfacet
facet normal 0 0 1
outer loop
vertex 159.99999999999994 -110.03333329999998 2
vertex 159.70736451697576 -110.00451122060483 2
vertex 156 -110.00451122060483 2
endloop
endfacet
facet normal 0 0 1
outer loop
vertex 159.99999999999994 -110.03333329999998 2
vertex 156 -110.00451122060483 2
vertex 156 -110.03333329999998 2
endloop
endfacet
facet normal 0 0 1
outer loop
vertex 180 -110.03333329999998 2
vertex 180 -110.00451122060483 2
vertex 160.2926354830242 -110.00451122060483 2
endloop
endfacet
facet normal 0 0 1
outer loop
vertex 180 -110.03333329999998 2
vertex 160.2926354830242 -110.00451122060483 2
vertex 159.99999999999994 -110.03333329999998 2
endloop
endfacet
facet normal 0 0 1
outer loop
vertex 159.70736451697576 -110.00451122060483 2
vertex 159.42597485145234 -109.91915259876693 2
vertex 156 -109.91915259876693 2
endloop
endfacet
facet normal 0 0 1
outer loop
vertex 159.70736451697576 -110.00451122060483 2
vertex 156 -109.91915259876693 2
vertex 156 -110.00451122060483 2
endloop
endfacet
facet normal 0 0 1
outer loop
vertex 180 -110.00451122060483 2
vertex 180 -109.91915259876693 2
vertex 160.5740251485476 -109.91915259876693 2
endloop
endfacet
facet normal 0 0 1
outer loop
vertex 180 -110.00451122060483 2
vertex 160.5740251485476 -109.91915259876693 2
vertex 160.2926354830242 -110.00451122060483 2
endloop
endfacet
facet normal 0 0 1
outer loop
vertex 159.42597485145234 -109.91915259876693 2
vertex 159.16664465047066 -109.78053771845386 2
vertex 156 -109.78053771845386 2
endloop
endfacet
facet normal 0 0 1
outer loop
vertex 159.42597485145234 -109.91915259876693 2
vertex 156 -109.78053771845386 2
vertex 156 -109.91915259876693 2
endloop
endfacet
facet normal 0 0 1
outer loop
vertex 180 -109.91915259876693 2
vertex 180 -109.78053771845386 2
vertex 160.8333553495293 -109.78053771845386 2
endloop
endfacet
facet normal 0 0 1
outer loop
vertex 180 -109.91915259876693 2
vertex 160.8333553495293 -109.78053771845386 2
vertex 160.5740251485476 -109.91915259876693 2
endloop
endfacet
facet normal 0 0 1
outer loop
vertex 159.16664465047066 -109.78053771845386 2
vertex 158.93933982822014 -109.59399347177977 2
vertex 156 -109.59399347177977 2
endloop
endfacet
facet normal 0 0 1
outer loop
vertex 159.16664465047066 -109.78053771845386 2
vertex 156 -109.59399347177977 2
vertex 156 -109.78053771845386 2
endloop
endfacet
facet normal 0 0 1
outer loop
vertex 180 -109.78053771845386 2
vertex 180 -109.59399347177977 2
vertex 161.06066017177997 -109.59399347177977 2
endloop
endfacet
facet normal 0 0 1
outer loop
vertex 180 -109.78053771845386 2
vertex 161.06066017177997 -109.59399347177977 2
vertex 160.8333553495293 -109.78053771845386 2
endloop
endfacet
facet normal 0 0 1
outer loop
vertex 158.93933982822014 -109.59399347177977 2
vertex 158.75279558154622 -109.36668864952944 2
vertex 156 -109.36668864952944 2
endloop
endfacet
facet normal 0 0 1
outer loop
vertex 158.93933982822014 -109.59399347177977 2
vertex 156 -109.36668864952944 2
vertex 156 -109.59399347177977 2
endloop
endfacet
facet normal 0 0 1
outer loop
vertex 180 -109.59399347177977 2
vertex 180 -109.36668864952944 2
vertex 161.24720441845363 -109.36668864952944 2
endloop
endfacet
facet normal 0 0 1
outer loop
vertex 180 -109.59399347177977 2
vertex 161.24720441845363 -109.36668864952944 2
vertex 161.06066017177997 -109.59399347177977 2
endloop
endfacet
facet normal 0 0 1
outer loop
vertex 158.75279558154622 -109.36668864952944 2
vertex 158.61418070123304 -109.10735844854756 2
vertex 156 -109.10735844854756 2
endloop
endfacet
facet normal 0 0 1
outer loop
vertex 158.75279558154622 -109.36668864952944 2
vertex 156 -109.10735844854756 2
vertex 156 -109.36668864952944 2
endloop
endfacet
facet normal 0 0 1
outer loop
vertex 180 -109.36668864952944 2
vertex 180 -109.10735844854756 2
vertex 161.38581929876696 -109.10735844854756 2
endloop
endfacet
facet normal 0 0 1
outer loop
vertex 180 -109.36668864952944 2
vertex 161.38581929876696 -109.10735844854756 2
vertex 161.24720441845363 -109.36668864952944 2
endloop
endfacet
facet normal 0 0 1
outer loop
vertex 158.61418070123304 -109.10735844854756 2
vertex 158.5288220793952 -108.8259687830244 2
vertex 156 -108.8259687830244 2
endloop
endfacet
facet normal 0 0 1
outer loop
vertex 158.61418070123304 -109.10735844854756 2
vertex 156 -108.8259687830244 2
vertex 156 -109.10735844854756 2
endloop
endfacet
facet normal 0 0 1
outer loop
vertex 180 -109.10735844854756 2
vertex 180 -108.8259687830244 2
vertex 161.47117792060487 -108.8259687830244 2
endloop
endfacet
facet normal 0 0 1
outer loop
vertex 180 -109.10735844854756 2
vertex 161.47117792060487 -108.8259687830244 2
vertex 161.38581929876696 -109.10735844854756 2
endloop
endfacet
facet normal 0 0 1
outer loop
vertex 144 -113.65 2
vertex 144 -108.65 2
vertex 139.5 -108.65 2
endloop
endfacet
facet normal 0 0 1
outer loop
vertex 144 -113.65 2
vertex 139.5 -108.65 2
vertex 139.5 -113.65 2
endloop
endfacet
facet normal 0 0 1
outer loop
vertex 158.5288220793952 -108.8259687830244 2
vertex 158.51149066700808 -108.65 2
vertex 156 -108.65 2
endloop
endfacet
facet normal 0 0 1
outer loop
vertex 158.5288220793952 -108.8259687830244 2
vertex 156 -108.65 2
vertex 156 -108.8259687830244 2
endloop
endfacet
facet normal 0 0 1
outer loop
vertex 144 -108.65 2
vertex 156 -108.65 2
vertex 158.51149066700808 -108.65 2
endloop
endfacet
facet normal 0 0 1
outer loop
vertex 144 -108.65 2
vertex 158.51149066700808 -108.65 2
vertex 158.50000000000003 -108.53333330000014 2
endloop
endfacet
facet normal 0 0 1
outer loop
vertex 144 -108.65 2
vertex 158.50000000000003 -108.53333330000014 2
vertex 139.5 -108.53333330000014 2
endloop
endfacet
facet normal 0 0 1
outer loop
vertex 144 -108.65 2
vertex 139.5 -108.53333330000014 2
vertex 139.5 -108.65 2
endloop
endfacet
facet normal 0 0 1
outer loop
vertex 180 -108.8259687830244 2
vertex 180 -108.53333330000014 2
vertex 161.5 -108.53333330000014 2
endloop
endfacet
facet normal 0 0 1
outer loop
vertex 180 -108.8259687830244 2
vertex 161.5 -108.53333330000014 2
vertex 161.47117792060487 -108.8259687830244 2
endloop
endfacet
facet normal 0 0 1
outer loop
vertex 158.50000000000003 -108.53333330000014 2
vertex 158.52882207939518 -108.24069781697585 2
vertex 139.5 -108.24069781697585 2
endloop
endfacet
facet normal 0 0 1
outer loop
vertex 158.50000000000003 -108.53333330000014 2
vertex 139.5 -108.24069781697585 2
vertex 139.5 -108.53333330000014 2
endloop
endfacet
facet normal 0 0 1
outer loop
vertex 180 -108.53333330000014 2
vertex 180 -108.24069781697585 2
vertex 161.47117792060484 -108.24069781697585 2
endloop
endfacet
facet normal 0 0 1
outer loop
vertex 180 -108.53333330000014 2
vertex 161.47117792060484 -108.24069781697585 2
vertex 161.5 -108.53333330000014 2
endloop
endfacet
facet normal 0 0 1
outer loop
vertex 158.52882207939518 -108.24069781697585 2
vertex 158.61418070123307 -107.95930815145223 2
vertex 139.5 -107.95930815145223 2
endloop
endfacet
facet normal 0 0 1
outer loop
vertex 158.52882207939518 -108.24069781697585 2
vertex 139.5 -107.95930815145223 2
vertex 139.5 -108.24069781697585 2
endloop
endfacet
facet normal 0 0 1
outer loop
vertex 180 -108.24069781697585 2
vertex 180 -107.95930815145223 2
vertex 161.38581929876688 -107.95930815145223 2
endloop
endfacet
facet normal 0 0 1
outer loop
vertex 180 -108.24069781697585 2
vertex 161.38581929876688 -107.95930815145223 2
vertex 161.47117792060484 -108.24069781697585 2
endloop
endfacet
facet normal 0 0 1
outer loop
vertex 158.61418070123307 -107.95930815145223 2
vertex 158.7527955815462 -107.6999779504707 2
vertex 139.5 -107.6999779504707 2
endloop
endfacet
facet normal 0 0 1
outer loop
vertex 158.61418070123307 -107.95930815145223 2
vertex 139.5 -107.6999779504707 2
vertex 139.5 -107.95930815145223 2
endloop
endfacet
facet normal 0 0 1
outer loop
vertex 180 -107.95930815145223 2
vertex 180 -107.6999779504707 2
vertex 161.24720441845386 -107.6999779504707 2
endloop
endfacet
facet normal 0 0 1
outer loop
vertex 180 -107.95930815145223 2
vertex 161.24720441845386 -107.6999779504707 2
vertex 161.38581929876688 -107.95930815145223 2
endloop
endfacet
facet normal 0 0 1
outer loop
vertex 158.7527955815462 -107.6999779504707 2
vertex 158.9393398282202 -107.47267312822014 2
vertex 139.5 -107.47267312822014 2
endloop
endfacet
facet normal 0 0 1
outer loop
vertex 158.7527955815462 -107.6999779504707 2
vertex 139.5 -107.47267312822014 2
vertex 139.5 -107.6999779504707 2
endloop
endfacet
facet normal 0 0 1
outer loop
vertex 180 -107.6999779504707 2
vertex 180 -107.47267312822014 2
vertex 161.06066017177977 -107.47267312822014 2
endloop
endfacet
facet normal 0 0 1
outer loop
vertex 180 -107.6999779504707 2
vertex 161.06066017177977 -107.47267312822014 2
vertex 161.24720441845386 -107.6999779504707 2
endloop
endfacet
facet normal 0 0 1
outer loop
vertex 158.9393398282202 -107.47267312822014 2
vertex 159.16664465047063 -107.28612888154619 2
vertex 139.5 -107.28612888154619 2
endloop
endfacet
facet normal 0 0 1
outer loop
vertex 158.9393398282202 -107.47267312822014 2
vertex 139.5 -107.28612888154619 2
vertex 139.5 -107.47267312822014 2
endloop
endfacet
facet normal 0 0 1
outer loop
vertex 180 -107.47267312822014 2
vertex 180 -107.28612888154619 2
vertex 160.8333553495294 -107.28612888154619 2
endloop
endfacet
facet normal 0 0 1
outer loop
vertex 180 -107.47267312822014 2
vertex 160.8333553495294 -107.28612888154619 2
vertex 161.06066017177977 -107.47267312822014 2
endloop
endfacet
facet normal 0 0 1
outer loop
vertex 159.16664465047063 -107.28612888154619 2
vertex 159.4259748514524 -107.14751400123306 2
vertex 139.5 -107.14751400123306 2
endloop
endfacet
facet normal 0 0 1
outer loop
vertex 159.16664465047063 -107.28612888154619 2
vertex 139.5 -107.14751400123306 2
vertex 139.5 -107.28612888154619 2
endloop
endfacet
facet normal 0 0 1
outer loop
vertex 180 -107.28612888154619 2
vertex 180 -107.14751400123306 2
vertex 160.5740251485476 -107.14751400123306 2
endloop
endfacet
facet normal 0 0 1
outer loop
vertex 180 -107.28612888154619 2
vertex 160.5740251485476 -107.14751400123306 2
vertex 160.8333553495294 -107.28612888154619 2
endloop
endfacet
facet normal 0 0 1
outer loop
vertex 159.4259748514524 -107.14751400123306 2
vertex 159.70736451697576 -107.06215537939514 2
vertex 139.5 -107.06215537939514 2
endloop
endfacet
facet normal 0 0 1
outer loop
vertex 159.4259748514524 -107.14751400123306 2
vertex 139.5 -107.06215537939514 2
vertex 139.5 -107.14751400123306 2
endloop
endfacet
facet normal 0 0 1
outer loop
vertex 180 -107.14751400123306 2
vertex 180 -107.06215537939514 2
vertex 160.2926354830241 -107.06215537939514 2
endloop
endfacet
facet normal 0 0 1
outer loop
vertex 180 -107.14751400123306 2
vertex 160.2926354830241 -107.06215537939514 2
vertex 160.5740251485476 -107.14751400123306 2
endloop
endfacet
facet normal 0 0 1
outer loop
vertex 159.70736451697576 -107.06215537939514 2
vertex 160.00000000000006 -107.0333333 2
vertex 139.5 -107.0333333 2
endloop
endfacet
facet normal 0 0 1
outer loop
vertex 159.70736451697576 -107.06215537939514 2
vertex 139.5 -107.0333333 2
vertex 139.5 -107.06215537939514 2
endloop
endfacet
facet normal 0 0 1
outer loop
vertex 180 -107.06215537939514 2
vertex 180 -107.0333333 2
vertex 160.00000000000006 -107.0333333 2
endloop
endfacet
facet normal 0 0 1
outer loop
vertex 180 -107.06215537939514 2
vertex 160.00000000000006 -107.0333333 2
vertex 160.2926354830241 -107.06215537939514 2
endloop
endfacet
facet normal 0 0 1
outer loop
vertex 160.00000000000006 -107.0333333 2
vertex 180 -107.0333333 2
vertex 180 -106.8875 2
endloop
endfacet
facet normal 0 0 1
outer loop
vertex 160.00000000000006 -107.0333333 2
vertex 180 -106.8875 2
vertex 139.5098424746467 -106.8875 2
endloop
endfacet
facet normal 0 0 1
outer loop
vertex 160.00000000000006 -107.0333333 2
vertex 139.5098424746467 -106.8875 2
vertex 139.5 -107.00000000000014 2
endloop
endfacet
facet normal 0 0 1
outer loop
vertex 160.00000000000006 -107.0333333 2
vertex 139.5 -107.00000000000014 2
vertex 139.5 -107.0333333 2
endloop
endfacet
facet normal 0 0 1
outer loop
vertex 198 -111.65 2
vertex 210 -111.65 2
vertex 254.50000023210168 -111.65 2
endloop
endfacet
facet normal 0 0 1
outer loop
vertex 198 -111.65 2
vertex 254.50000023210168 -111.65 2
vertex 254.50000004127142 -106.8875 2
endloop
endfacet
facet normal 0 0 1
outer loop
vertex 198 -111.65 2
vertex 254.50000004127142 -106.8875 2
vertex 192 -106.8875 2
endloop
endfacet
facet normal 0 0 1
outer loop
vertex 198 -111.65 2
vertex 192 -106.8875 2
vertex 192 -111.65 2
endloop
endfacet
facet normal 0 0 1
outer loop
vertex 180 -106.8875 2
vertex 192 -106.8875 2
vertex 254.50000004127142 -106.8875 2
endloop
endfacet
facet normal 0 0 1
outer loop
vertex 180 -106.8875 2
vertex 254.50000004127142 -106.8875 2
vertex 254.5000000057099 -106 2
endloop
endfacet
facet normal 0 0 1
outer loop
vertex 180 -106.8875 2
vertex 254.5000000057099 -106 2
vertex 156.5 -106 2
endloop
endfacet
facet normal 0 0 1
outer loop
vertex 180 -106.8875 2
vertex 156.5 -106 2
vertex 140.49999999999994 -106 2
endloop
endfacet
facet normal 0 0 1
outer loop
vertex 180 -106.8875 2
vertex 140.49999999999994 -106 2
vertex 140.32635182233312 -106.01519224698778 2
endloop
endfacet
facet normal 0 0 1
outer loop
vertex 180 -106.8875 2
vertex 140.32635182233312 -106.01519224698778 2
vertex 140.15797985667442 -106.06030737921408 2
endloop
endfacet
facet normal 0 0 1
outer loop
vertex 180 -106.8875 2
vertex 140.15797985667442 -106.06030737921408 2
vertex 140.00000000000009 -106.13397459621555 2
endloop
endfacet
facet normal 0 0 1
outer loop
vertex 180 -106.8875 2
vertex 140.00000000000009 -106.13397459621555 2
vertex 139.8572123903134 -106.23395555688111 2
endloop
endfacet
facet normal 0 0 1
outer loop
vertex 180 -106.8875 2
vertex 139.8572123903134 -106.23395555688111 2
vertex 139.73395555688094 -106.35721239031356 2
endloop
endfacet
facet normal 0 0 1
outer loop
vertex 180 -106.8875 2
vertex 139.73395555688094 -106.35721239031356 2
vertex 139.6339745962156 -106.49999999999991 2
endloop
endfacet
facet normal 0 0 1
outer loop
vertex 180 -106.8875 2
vertex 139.6339745962156 -106.49999999999991 2
vertex 139.56030737921398 -106.65797985667459 2
endloop
endfacet
facet normal 0 0 1
outer loop
vertex 180 -106.8875 2
vertex 139.56030737921398 -106.65797985667459 2
vertex 139.51519224698782 -106.82635182233284 2
endloop
endfacet
facet normal 0 0 1
outer loop
vertex 180 -106.8875 2
vertex 139.51519224698782 -106.82635182233284 2
vertex 139.5098424746467 -106.8875 2
endloop
endfacet
facet normal 0 0 1
outer loop
vertex 254.5000000057099 -106 2
vertex 254.50000000510113 -105.9848077530122 2
vertex 156.67364817766693 -105.9848077530122 2
endloop
endfacet
facet normal 0 0 1
outer loop
vertex 254.5000000057099 -106 2
vertex 156.67364817766693 -105.9848077530122 2
vertex 156.5 -106 2
endloop
endfacet
facet normal 0 0 1
outer loop
vertex 254.50000000510113 -105.9848077530122 2
vertex 254.5000000032934 -105.9396926207859 2
vertex 156.84202014332567 -105.9396926207859 2
endloop
endfacet
facet normal 0 0 1
outer loop
vertex 254.50000000510113 -105.9848077530122 2
vertex 156.84202014332567 -105.9396926207859 2
vertex 156.67364817766693 -105.9848077530122 2
endloop
endfacet
facet normal 0 0 1
outer loop
vertex 254.5000000032934 -105.9396926207859 2
vertex 254.5000000003416 -105.8660254037844 2
vertex 157.00000000000006 -105.8660254037844 2
endloop
endfacet
facet normal 0 0 1
outer loop
vertex 254.5000000032934 -105.9396926207859 2
vertex 157.00000000000006 -105.8660254037844 2
vertex 156.84202014332567 -105.9396926207859 2
endloop
endfacet
facet normal 0 0 1
outer loop
vertex 254.5000000003416 -105.8660254037844 2
vertex 254.5 -105.85749999999985 2
vertex 254.49199867555646 -105.766044443119 2
endloop
endfacet
facet normal 0 0 1
outer loop
vertex 254.5000000003416 -105.8660254037844 2
vertex 254.49199867555646 -105.766044443119 2
vertex 157.1427876096865 -105.766044443119 2
endloop
endfacet
facet normal 0 0 1
outer loop
vertex 254.5000000003416 -105.8660254037844 2
vertex 157.1427876096865 -105.766044443119 2
vertex 157.00000000000006 -105.8660254037844 2
endloop
endfacet
facet normal 0 0 1
outer loop
vertex 254.49199867555646 -105.766044443119 2
vertex 254.48121509992902 -105.6427876096865 2
vertex 157.266044443119 -105.6427876096865 2
endloop
endfacet
facet normal 0 0 1
outer loop
vertex 254.49199867555646 -105.766044443119 2
vertex 157.266044443119 -105.6427876096865 2
vertex 157.1427876096865 -105.766044443119 2
endloop
endfacet
facet normal 0 0 1
outer loop
vertex 254.48121509992902 -105.6427876096865 2
vertex 254.46961550602444 -105.51020364466636 2
vertex 254.46688144767623 -105.49999999999997 2
endloop
endfacet
facet normal 0 0 1
outer loop
vertex 254.48121509992902 -105.6427876096865 2
vertex 254.46688144767623 -105.49999999999997 2
vertex 157.36602540378448 -105.49999999999997 2
endloop
endfacet
facet normal 0 0 1
outer loop
vertex 254.48121509992902 -105.6427876096865 2
vertex 157.36602540378448 -105.49999999999997 2
vertex 157.266044443119 -105.6427876096865 2
endloop
endfacet
facet normal 0 0 1
outer loop
vertex 254.46688144767623 -105.49999999999997 2
vertex 254.42455087265998 -105.3420201433257 2
vertex 157.4396926207859 -105.3420201433257 2
endloop
endfacet
facet normal 0 0 1
outer loop
vertex 254.46688144767623 -105.49999999999997 2
vertex 157.4396926207859 -105.3420201433257 2
vertex 157.36602540378448 -105.49999999999997 2
endloop
endfacet
facet normal 0 0 1
outer loop
vertex 254.42455087265998 -105.3420201433257 2
vertex 254.37943574043368 -105.17364817766698 2
vertex 157.4848077530122 -105.17364817766698 2
endloop
endfacet
facet normal 0 0 1
outer loop
vertex 254.42455087265998 -105.3420201433257 2
vertex 157.4848077530122 -105.17364817766698 2
vertex 157.4396926207859 -105.3420201433257 2
endloop
endfacet
facet normal 0 0 1
outer loop
vertex 254.37943574043368 -105.17364817766698 2
vertex 254.37938524157173 -105.17345971334848 2
vertex 254.29849964885602 -105.00000000000013 2
endloop
endfacet
facet normal 0 0 1
outer loop
vertex 254.37943574043368 -105.17364817766698 2
vertex 254.29849964885602 -105.00000000000013 2
vertex 157.5 -105.00000000000013 2
endloop
endfacet
facet normal 0 0 1
outer loop
vertex 254.37943574043368 -105.17364817766698 2
vertex 157.5 -105.00000000000013 2
vertex 157.4848077530122 -105.17364817766698 2
endloop
endfacet
facet normal 0 0 1
outer loop
vertex 254.29849964885602 -105.00000000000013 2
vertex 254.23205080756892 -104.8575000000001 2
vertex 254.0320888862379 -104.57192478062687 2
endloop
endfacet
facet normal 0 0 1
outer loop
vertex 254.29849964885602 -105.00000000000013 2
vertex 254.0320888862379 -104.57192478062687 2
vertex 253.78557521937307 -104.32541111376203 2
endloop
endfacet
facet normal 0 0 1
outer loop
vertex 254.29849964885602 -105.00000000000013 2
vertex 253.78557521937307 -104.32541111376203 2
vertex 253.50000000000006 -104.12544919243115 2
endloop
endfacet
facet normal 0 0 1
outer loop
vertex 254.29849964885602 -105.00000000000013 2
vertex 253.50000000000006 -104.12544919243115 2
vertex 253.18404028665134 -103.97811475842819 2
endloop
endfacet
facet normal 0 0 1
outer loop
vertex 254.29849964885602 -105.00000000000013 2
vertex 253.18404028665134 -103.97811475842819 2
vertex 252.84729635533387 -103.88788449397559 2
endloop
endfacet
facet normal 0 0 1
outer loop
vertex 254.29849964885602 -105.00000000000013 2
vertex 252.84729635533387 -103.88788449397559 2
vertex 252.5 -103.8575 2
endloop
endfacet
facet normal 0 0 1
outer loop
vertex 254.29849964885602 -105.00000000000013 2
vertex 252.5 -103.8575 2
vertex 234.50000000000003 -103.8575 2
endloop
endfacet
facet normal 0 0 1
outer loop
vertex 254.29849964885602 -105.00000000000013 2
vertex 234.50000000000003 -103.8575 2
vertex 157.5 -103.8575 2
endloop
endfacet
facet normal 0 0 1
outer loop
vertex 254.29849964885602 -105.00000000000013 2
vertex 157.5 -103.8575 2
vertex 157.5 -105.00000000000013 2
endloop
endfacet
facet normal 0 0 1
outer loop
vertex 234.50000000000003 -103.8575 2
vertex 234.15270364466616 -103.82711550602441 2
vertex 157.5 -103.82711550602441 2
endloop
endfacet
facet normal 0 0 1
outer loop
vertex 234.50000000000003 -103.8575 2
vertex 157.5 -103.82711550602441 2
vertex 157.5 -103.8575 2
endloop
endfacet
facet normal 0 0 1
outer loop
vertex 234.15270364466616 -103.82711550602441 2
vertex 233.81595971334863 -103.73688524157181 2
vertex 157.5 -103.73688524157181 2
endloop
endfacet
facet normal 0 0 1
outer loop
vertex 234.15270364466616 -103.82711550602441 2
vertex 157.5 -103.73688524157181 2
vertex 157.5 -103.82711550602441 2
endloop
endfacet
facet normal 0 0 1
outer loop
vertex 233.81595971334863 -103.73688524157181 2
vertex 233.50000000000003 -103.5895508075689 2
vertex 157.5 -103.5895508075689 2
endloop
endfacet
facet normal 0 0 1
outer loop
vertex 233.81595971334863 -103.73688524157181 2
vertex 157.5 -103.5895508075689 2
vertex 157.5 -103.73688524157181 2
endloop
endfacet
facet normal 0 0 1
outer loop
vertex 233.50000000000003 -103.5895508075689 2
vertex 233.21442478062698 -103.389588886238 2
vertex 157.5 -103.389588886238 2
endloop
endfacet
facet normal 0 0 1
outer loop
vertex 233.50000000000003 -103.5895508075689 2
vertex 157.5 -103.389588886238 2
vertex 157.5 -103.5895508075689 2
endloop
endfacet
facet normal 0 0 1
outer loop
vertex 233.21442478062698 -103.389588886238 2
vertex 232.96791111376206 -103.14307521937307 2
vertex 157.5 -103.14307521937307 2
endloop
endfacet
facet normal 0 0 1
outer loop
vertex 233.21442478062698 -103.389588886238 2
vertex 157.5 -103.14307521937307 2
vertex 157.5 -103.389588886238 2
endloop
endfacet
facet normal 0 0 1
outer loop
vertex 232.96791111376206 -103.14307521937307 2
vertex 232.76794919243113 -102.8575 2
vertex 157.5 -102.8575 2
endloop
endfacet
facet normal 0 0 1
outer loop
vertex 232.96791111376206 -103.14307521937307 2
vertex 157.5 -102.8575 2
vertex 157.5 -103.14307521937307 2
endloop
endfacet
facet normal 0 0 1
outer loop
vertex 232.76794919243113 -102.8575 2
vertex 232.62061475842813 -102.54154028665123 2
vertex 157.5 -102.54154028665123 2
endloop
endfacet
facet normal 0 0 1
outer loop
vertex 232.76794919243113 -102.8575 2
vertex 157.5 -102.54154028665123 2
vertex 157.5 -102.8575 2
endloop
endfacet
facet normal 0 0 1
outer loop
vertex 232.62061475842813 -102.54154028665123 2
vertex 232.6114936911098 -102.5075 2
vertex 228 -102.5075 2
endloop
endfacet
facet normal 0 0 1
outer loop
vertex 232.62061475842813 -102.54154028665123 2
vertex 228 -102.5075 2
vertex 216 -102.5075 2
endloop
endfacet
facet normal 0 0 1
outer loop
vertex 232.62061475842813 -102.54154028665123 2
vertex 216 -102.5075 2
vertex 157.5 -102.5075 2
endloop
endfacet
facet normal 0 0 1
outer loop
vertex 232.62061475842813 -102.54154028665123 2
vertex 157.5 -102.5075 2
vertex 157.5 -102.54154028665123 2
endloop
endfacet
facet normal 0 0 1
outer loop
vertex 232.6114936911098 -102.5075 2
vertex 232.53038449397556 -102.20479635533381 2
vertex 228 -102.20479635533381 2
endloop
endfacet
facet normal 0 0 1
outer loop
vertex 232.6114936911098 -102.5075 2
vertex 228 -102.20479635533381 2
vertex 228 -102.5075 2
endloop
endfacet
facet normal 0 0 1
outer loop
vertex 232.53038449397556 -102.20479635533381 2
vertex 232.5 -101.85750000000024 2
vertex 228 -101.85750000000024 2
endloop
endfacet
facet normal 0 0 1
outer loop
vertex 232.53038449397556 -102.20479635533381 2
vertex 228 -101.85750000000024 2
vertex 228 -102.20479635533381 2
endloop
endfacet
facet normal 0 0 1
outer loop
vertex 216 -102.5075 2
vertex 216 -99.65 2
vertex 210 -99.65 2
endloop
endfacet
facet normal 0 0 1
outer loop
vertex 216 -102.5075 2
vertex 210 -99.65 2
vertex 198 -99.65 2
endloop
endfacet
facet normal 0 0 1
outer loop
vertex 216 -102.5075 2
vertex 198 -99.65 2
vertex 174 -99.65 2
endloop
endfacet
facet normal 0 0 1
outer loop
vertex 216 -102.5075 2
vertex 174 -99.65 2
vertex 162 -99.65 2
endloop
endfacet
facet normal 0 0 1
outer loop
vertex 216 -102.5075 2
vertex 162 -99.65 2
vertex 157.5 -99.65 2
endloop
endfacet
facet normal 0 0 1
outer loop
vertex 216 -102.5075 2
vertex 157.5 -99.65 2
vertex 157.5 -102.5075 2
endloop
endfacet
facet normal 0 0 1
outer loop
vertex 216 -99.65 2
vertex 216 -97.5075 2
vertex 210 -97.5075 2
endloop
endfacet
facet normal 0 0 1
outer loop
vertex 216 -99.65 2
vertex 210 -97.5075 2
vertex 210 -99.65 2
endloop
endfacet
facet normal 0 0 1
outer loop
vertex 232.5 -101.85750000000024 2
vertex 232.5 -97.5075 2
vertex 228 -97.5075 2
endloop
endfacet
facet normal 0 0 1
outer loop
vertex 232.5 -101.85750000000024 2
vertex 228 -97.5075 2
vertex 228 -101.85750000000024 2
endloop
endfacet
facet normal 0 0 1
outer loop
vertex 198 -99.65 2
vertex 198 -94.8875 2
vertex 192 -94.8875 2
endloop
endfacet
facet normal 0 0 1
outer loop
vertex 198 -99.65 2
vertex 192 -94.8875 2
vertex 180 -94.8875 2
endloop
endfacet
facet normal 0 0 1
outer loop
vertex 198 -99.65 2
vertex 180 -94.8875 2
vertex 174 -94.8875 2
endloop
endfacet
facet normal 0 0 1
outer loop
vertex 198 -99.65 2
vertex 174 -94.8875 2
vertex 174 -99.65 2
endloop
endfacet
facet normal 0 0 1
outer loop
vertex 216 -97.5075 2
vertex 228 -97.5075 2
vertex 232.5 -97.5075 2
endloop
endfacet
facet normal 0 0 1
outer loop
vertex 216 -97.5075 2
vertex 232.5 -97.5075 2
vertex 232.5 -95.85749999999993 2
endloop
endfacet
facet normal 0 0 1
outer loop
vertex 216 -97.5075 2
vertex 232.5 -95.85749999999993 2
vertex 232.48480775301223 -95.68385182233318 2
endloop
endfacet
facet normal 0 0 1
outer loop
vertex 216 -97.5075 2
vertex 232.48480775301223 -95.68385182233318 2
vertex 232.43969262078593 -95.5154798566744 2
endloop
endfacet
facet normal 0 0 1
outer loop
vertex 216 -97.5075 2
vertex 232.43969262078593 -95.5154798566744 2
vertex 232.36602540378445 -95.3575 2
endloop
endfacet
facet normal 0 0 1
outer loop
vertex 216 -97.5075 2
vertex 232.36602540378445 -95.3575 2
vertex 232.26604444311891 -95.21471239031338 2
endloop
endfacet
facet normal 0 0 1
outer loop
vertex 216 -97.5075 2
vertex 232.26604444311891 -95.21471239031338 2
vertex 232.1427876096866 -95.09145555688107 2
endloop
endfacet
facet normal 0 0 1
outer loop
vertex 216 -97.5075 2
vertex 232.1427876096866 -95.09145555688107 2
vertex 231.99999999999997 -94.99147459621555 2
endloop
endfacet
facet normal 0 0 1
outer loop
vertex 216 -97.5075 2
vertex 231.99999999999997 -94.99147459621555 2
vertex 231.84202014332564 -94.91780737921408 2
endloop
endfacet
facet normal 0 0 1
outer loop
vertex 216 -97.5075 2
vertex 231.84202014332564 -94.91780737921408 2
vertex 231.67364817766688 -94.87269224698778 2
endloop
endfacet
facet normal 0 0 1
outer loop
vertex 216 -97.5075 2
vertex 231.67364817766688 -94.87269224698778 2
vertex 231.5000000000001 -94.8575 2
endloop
endfacet
facet normal 0 0 1
outer loop
vertex 216 -97.5075 2
vertex 231.5000000000001 -94.8575 2
vertex 215.5 -94.8575 2
endloop
endfacet
facet normal 0 0 1
outer loop
vertex 216 -97.5075 2
vertex 215.5 -94.8575 2
vertex 210 -94.8575 2
endloop
endfacet
facet normal 0 0 1
outer loop
vertex 216 -97.5075 2
vertex 210 -94.8575 2
vertex 210 -97.5075 2
endloop
endfacet
facet normal 0 0 1
outer loop
vertex 215.5 -94.8575 2
vertex 215.32635182233307 -94.84230775301221 2
vertex 210 -94.84230775301221 2
endloop
endfacet
facet normal 0 0 1
outer loop
vertex 215.5 -94.8575 2
vertex 210 -94.84230775301221 2
vertex 210 -94.8575 2
endloop
endfacet
facet normal 0 0 1
outer loop
vertex 215.32635182233307 -94.84230775301221 2
vertex 215.15797985667442 -94.79719262078594 2
vertex 210 -94.79719262078594 2
endloop
endfacet
facet normal 0 0 1
outer loop
vertex 215.32635182233307 -94.84230775301221 2
vertex 210 -94.79719262078594 2
vertex 210 -94.84230775301221 2
endloop
endfacet
facet normal 0 0 1
outer loop
vertex 215.15797985667442 -94.79719262078594 2
vertex 215 -94.72352540378444 2
vertex 210 -94.72352540378444 2
endloop
endfacet
facet normal 0 0 1
outer loop
vertex 215.15797985667442 -94.79719262078594 2
vertex 210 -94.72352540378444 2
vertex 210 -94.79719262078594 2
endloop
endfacet
facet normal 0 0 1
outer loop
vertex 162 -99.65 2
vertex 162 -94.65 2
vertex 157.5 -94.65 2
endloop
endfacet
facet normal 0 0 1
outer loop
vertex 162 -99.65 2
vertex 157.5 -94.65 2
vertex 157.5 -99.65 2
endloop
endfacet
facet normal 0 0 1
outer loop
vertex 180 -94.8875 2
vertex 180 -94.65 2
vertex 174 -94.65 2
endloop
endfacet
facet normal 0 0 1
outer loop
vertex 180 -94.8875 2
vertex 174 -94.65 2
vertex 174 -94.8875 2
endloop
endfacet
facet normal 0 0 1
outer loop
vertex 198 -94.8875 2
vertex 198 -94.65 2
vertex 192 -94.65 2
endloop
endfacet
facet normal 0 0 1
outer loop
vertex 198 -94.8875 2
vertex 192 -94.65 2
vertex 192 -94.8875 2
endloop
endfacet
facet normal 0 0 1
outer loop
vertex 215 -94.72352540378444 2
vertex 214.89499484114037 -94.65 2
vertex 210 -94.65 2
endloop
endfacet
facet normal 0 0 1
outer loop
vertex 215 -94.72352540378444 2
vertex 210 -94.65 2
vertex 210 -94.72352540378444 2
endloop
endfacet
facet normal 0 0 1
outer loop
vertex 198 -94.65 2
vertex 210 -94.65 2
vertex 214.89499484114037 -94.65 2
endloop
endfacet
facet normal 0 0 1
outer loop
vertex 198 -94.65 2
vertex 214.89499484114037 -94.65 2
vertex 214.85721239031346 -94.62354444311897 2
endloop
endfacet
facet normal 0 0 1
outer loop
vertex 198 -94.65 2
vertex 214.85721239031346 -94.62354444311897 2
vertex 192 -94.62354444311897 2
endloop
endfacet
facet normal 0 0 1
outer loop
vertex 198 -94.65 2
vertex 192 -94.62354444311897 2
vertex 192 -94.65 2
endloop
endfacet
facet normal 0 0 1
outer loop
vertex 214.85721239031346 -94.62354444311897 2
vertex 214.73395555688114 -94.50028760968665 2
vertex 192 -94.50028760968665 2
endloop
endfacet
facet normal 0 0 1
outer loop
vertex 214.85721239031346 -94.62354444311897 2
vertex 192 -94.50028760968665 2
vertex 192 -94.62354444311897 2
endloop
endfacet
facet normal 0 0 1
outer loop
vertex 214.73395555688114 -94.50028760968665 2
vertex 214.63397459621544 -94.3574999999998 2
vertex 192 -94.3574999999998 2
endloop
endfacet
facet normal 0 0 1
outer loop
vertex 214.73395555688114 -94.50028760968665 2
vertex 192 -94.3574999999998 2
vertex 192 -94.50028760968665 2
endloop
endfacet
facet normal 0 0 1
outer loop
vertex 214.63397459621544 -94.3574999999998 2
vertex 214.56030737921407 -94.19952014332563 2
vertex 192 -94.19952014332563 2
endloop
endfacet
facet normal 0 0 1
outer loop
vertex 214.63397459621544 -94.3574999999998 2
vertex 192 -94.19952014332563 2
vertex 192 -94.3574999999998 2
endloop
endfacet
facet normal 0 0 1
outer loop
vertex 214.56030737921407 -94.19952014332563 2
vertex 214.51519224698774 -94.03114817766685 2
vertex 192 -94.03114817766685 2
endloop
endfacet
facet normal 0 0 1
outer loop
vertex 214.56030737921407 -94.19952014332563 2
vertex 192 -94.03114817766685 2
vertex 192 -94.19952014332563 2
endloop
endfacet
facet normal 0 0 1
outer loop
vertex 214.51519224698774 -94.03114817766685 2
vertex 214.5 -93.85750000000041 2
vertex 192 -93.85750000000041 2
endloop
endfacet
facet normal 0 0 1
outer loop
vertex 214.51519224698774 -94.03114817766685 2
vertex 192 -93.85750000000041 2
vertex 192 -94.03114817766685 2
endloop
endfacet
facet normal 0 0 1
outer loop
vertex 162 -94.65 2
vertex 174 -94.65 2
vertex 180 -94.65 2
endloop
endfacet
facet normal 0 0 1
outer loop
vertex 162 -94.65 2
vertex 180 -94.65 2
vertex 180 -92 2
endloop
endfacet
facet normal 0 0 1
outer loop
vertex 162 -94.65 2
vertex 180 -92 2
vertex 174.49999999999991 -92 2
endloop
endfacet
facet normal 0 0 1
outer loop
vertex 162 -94.65 2
vertex 174.49999999999991 -92 2
vertex 158.49999999999991 -92 2
endloop
endfacet
facet normal 0 0 1
outer loop
vertex 162 -94.65 2
vertex 158.49999999999991 -92 2
vertex 158.32635182233324 -92.01519224698777 2
endloop
endfacet
facet normal 0 0 1
outer loop
vertex 162 -94.65 2
vertex 158.32635182233324 -92.01519224698777 2
vertex 158.1579798566743 -92.06030737921412 2
endloop
endfacet
facet normal 0 0 1
outer loop
vertex 162 -94.65 2
vertex 158.1579798566743 -92.06030737921412 2
vertex 157.99999999999991 -92.13397459621562 2
endloop
endfacet
facet normal 0 0 1
outer loop
vertex 162 -94.65 2
vertex 157.99999999999991 -92.13397459621562 2
vertex 157.8572123903134 -92.23395555688106 2
endloop
endfacet
facet normal 0 0 1
outer loop
vertex 162 -94.65 2
vertex 157.8572123903134 -92.23395555688106 2
vertex 157.73395555688123 -92.35721239031324 2
endloop
endfacet
facet normal 0 0 1
outer loop
vertex 162 -94.65 2
vertex 157.73395555688123 -92.35721239031324 2
vertex 157.6339745962155 -92.50000000000014 2
endloop
endfacet
facet normal 0 0 1
outer loop
vertex 162 -94.65 2
vertex 157.6339745962155 -92.50000000000014 2
vertex 157.56030737921407 -92.6579798566744 2
endloop
endfacet
facet normal 0 0 1
outer loop
vertex 162 -94.65 2
vertex 157.56030737921407 -92.6579798566744 2
vertex 157.5151922469878 -92.82635182233304 2
endloop
endfacet
facet normal 0 0 1
outer loop
vertex 162 -94.65 2
vertex 157.5151922469878 -92.82635182233304 2
vertex 157.5 -92.99999999999996 2
endloop
endfacet
facet normal 0 0 1
outer loop
vertex 162 -94.65 2
vertex 157.5 -92.99999999999996 2
vertex 157.5 -94.65 2
endloop
endfacet
facet normal 0 0 1
outer loop
vertex 214.5 -93.85750000000041 2
vertex 214.5 -92.99999999999996 2
vertex 214.48480775301218 -92.82635182233304 2
endloop
endfacet
facet normal 0 0 1
outer loop
vertex 214.5 -93.85750000000041 2
vertex 214.48480775301218 -92.82635182233304 2
vertex 214.4396926207859 -92.6579798566744 2
endloop
endfacet
facet normal 0 0 1
outer loop
vertex 214.5 -93.85750000000041 2
vertex 214.4396926207859 -92.6579798566744 2
vertex 214.36602540378445 -92.50000000000014 2
endloop
endfacet
facet normal 0 0 1
outer loop
vertex 214.5 -93.85750000000041 2
vertex 214.36602540378445 -92.50000000000014 2
vertex 214.26604444311903 -92.35721239031324 2
endloop
endfacet
facet normal 0 0 1
outer loop
vertex 214.5 -93.85750000000041 2
vertex 214.26604444311903 -92.35721239031324 2
vertex 214.1427876096865 -92.23395555688106 2
endloop
endfacet
facet normal 0 0 1
outer loop
vertex 214.5 -93.85750000000041 2
vertex 214.1427876096865 -92.23395555688106 2
vertex 214.00000000000009 -92.13397459621562 2
endloop
endfacet
facet normal 0 0 1
outer loop
vertex 214.5 -93.85750000000041 2
vertex 214.00000000000009 -92.13397459621562 2
vertex 213.84202014332564 -92.06030737921412 2
endloop
endfacet
facet normal 0 0 1
outer loop
vertex 214.5 -93.85750000000041 2
vertex 213.84202014332564 -92.06030737921412 2
vertex 213.67364817766685 -92.01519224698777 2
endloop
endfacet
facet normal 0 0 1
outer loop
vertex 214.5 -93.85750000000041 2
vertex 213.67364817766685 -92.01519224698777 2
vertex 213.50000000000023 -92 2
endloop
endfacet
facet normal 0 0 1
outer loop
vertex 214.5 -93.85750000000041 2
vertex 213.50000000000023 -92 2
vertex 197.49999999999994 -92 2
endloop
endfacet
facet normal 0 0 1
outer loop
vertex 214.5 -93.85750000000041 2
vertex 197.49999999999994 -92 2
vertex 192 -92 2
endloop
endfacet
facet normal 0 0 1
outer loop
vertex 214.5 -93.85750000000041 2
vertex 192 -92 2
vertex 192 -93.85750000000041 2
endloop
endfacet
facet normal 0 0 1
outer loop
vertex 180 -92 2
vertex 180 -91.98480775301219 2
vertex 174.67364817766708 -91.98480775301219 2
endloop
endfacet
facet normal 0 0 1
outer loop
vertex 180 -92 2
vertex 174.67364817766708 -91.98480775301219 2
vertex 174.49999999999991 -92 2
endloop
endfacet
facet normal 0 0 1
outer loop
vertex 197.49999999999994 -92 2
vertex 197.32635182233284 -91.98480775301219 2
vertex 192 -91.98480775301219 2
endloop
endfacet
facet normal 0 0 1
outer loop
vertex 197.49999999999994 -92 2
vertex 192 -91.98480775301219 2
vertex 192 -92 2
endloop
endfacet
facet normal 0 0 1
outer loop
vertex 180 -91.98480775301219 2
vertex 180 -91.93969262078595 2
vertex 174.84202014332558 -91.93969262078595 2
endloop
endfacet
facet normal 0 0 1
outer loop
vertex 180 -91.98480775301219 2
vertex 174.84202014332558 -91.93969262078595 2
vertex 174.67364817766708 -91.98480775301219 2
endloop
endfacet
facet normal 0 0 1
outer loop
vertex 197.32635182233284 -91.98480775301219 2
vertex 197.15797985667453 -91.93969262078595 2
vertex 192 -91.93969262078595 2
endloop
endfacet
facet normal 0 0 1
outer loop
vertex 197.32635182233284 -91.98480775301219 2
vertex 192 -91.93969262078595 2
vertex 192 -91.98480775301219 2
endloop
endfacet
facet normal 0 0 1
outer loop
vertex 180 -91.93969262078595 2
vertex 180 -91.86602540378432 2
vertex 175.00000000000023 -91.86602540378432 2
endloop
endfacet
facet normal 0 0 1
outer loop
vertex 180 -91.93969262078595 2
vertex 175.00000000000023 -91.86602540378432 2
vertex 174.84202014332558 -91.93969262078595 2
endloop
endfacet
facet normal 0 0 1
outer loop
vertex 197.15797985667453 -91.93969262078595 2
vertex 196.9999999999996 -91.86602540378432 2
vertex 192 -91.86602540378432 2
endloop
endfacet
facet normal 0 0 1
outer loop
vertex 197.15797985667453 -91.93969262078595 2
vertex 192 -91.86602540378432 2
vertex 192 -91.93969262078595 2
endloop
endfacet
facet normal 0 0 1
outer loop
vertex 180 -91.86602540378432 2
vertex 180 -91.76604444311909 2
vertex 175.14278760968642 -91.76604444311909 2
endloop
endfacet
facet normal 0 0 1
outer loop
vertex 180 -91.86602540378432 2
vertex 175.14278760968642 -91.76604444311909 2
vertex 175.00000000000023 -91.86602540378432 2
endloop
endfacet
facet normal 0 0 1
outer loop
vertex 196.9999999999996 -91.86602540378432 2
vertex 196.8572123903138 -91.76604444311909 2
vertex 192 -91.76604444311909 2
endloop
endfacet
facet normal 0 0 1
outer loop
vertex 196.9999999999996 -91.86602540378432 2
vertex 192 -91.76604444311909 2
vertex 192 -91.86602540378432 2
endloop
endfacet
facet normal 0 0 1
outer loop
vertex 180 -91.76604444311909 2
vertex 180 -91.64278760968669 2
vertex 175.26604444311883 -91.64278760968669 2
endloop
endfacet
facet normal 0 0 1
outer loop
vertex 180 -91.76604444311909 2
vertex 175.26604444311883 -91.64278760968669 2
vertex 175.14278760968642 -91.76604444311909 2
endloop
endfacet
facet normal 0 0 1
outer loop
vertex 196.8572123903138 -91.76604444311909 2
vertex 196.73395555688117 -91.64278760968669 2
vertex 192 -91.64278760968669 2
endloop
endfacet
facet normal 0 0 1
outer loop
vertex 196.8572123903138 -91.76604444311909 2
vertex 192 -91.64278760968669 2
vertex 192 -91.76604444311909 2
endloop
endfacet
facet normal 0 0 1
outer loop
vertex 180 -91.64278760968669 2
vertex 180 -91.49999999999987 2
vertex 175.3660254037845 -91.49999999999987 2
endloop
endfacet
facet normal 0 0 1
outer loop
vertex 180 -91.64278760968669 2
vertex 175.3660254037845 -91.49999999999987 2
vertex 175.26604444311883 -91.64278760968669 2
endloop
endfacet
facet normal 0 0 1
outer loop
vertex 196.73395555688117 -91.64278760968669 2
vertex 196.63397459621532 -91.49999999999987 2
vertex 192 -91.49999999999987 2
endloop
endfacet
facet normal 0 0 1
outer loop
vertex 196.73395555688117 -91.64278760968669 2
vertex 192 -91.49999999999987 2
vertex 192 -91.64278760968669 2
endloop
endfacet
facet normal 0 0 1
outer loop
vertex 180 -91.49999999999987 2
vertex 180 -91.3420201433256 2
vertex 175.43969262078593 -91.3420201433256 2
endloop
endfacet
facet normal 0 0 1
outer loop
vertex 180 -91.49999999999987 2
vertex 175.43969262078593 -91.3420201433256 2
vertex 175.3660254037845 -91.49999999999987 2
endloop
endfacet
facet normal 0 0 1
outer loop
vertex 196.63397459621532 -91.49999999999987 2
vertex 196.56030737921412 -91.3420201433256 2
vertex 192 -91.3420201433256 2
endloop
endfacet
facet normal 0 0 1
outer loop
vertex 196.63397459621532 -91.49999999999987 2
vertex 192 -91.3420201433256 2
vertex 192 -91.49999999999987 2
endloop
endfacet
facet normal 0 0 1
outer loop
vertex 180 -91.3420201433256 2
vertex 180 -91.17364817766693 2
vertex 175.48480775301218 -91.17364817766693 2
endloop
endfacet
facet normal 0 0 1
outer loop
vertex 180 -91.3420201433256 2
vertex 175.48480775301218 -91.17364817766693 2
vertex 175.43969262078593 -91.3420201433256 2
endloop
endfacet
facet normal 0 0 1
outer loop
vertex 196.56030737921412 -91.3420201433256 2
vertex 196.51519224698782 -91.17364817766693 2
vertex 192 -91.17364817766693 2
endloop
endfacet
facet normal 0 0 1
outer loop
vertex 196.56030737921412 -91.3420201433256 2
vertex 192 -91.17364817766693 2
vertex 192 -91.3420201433256 2
endloop
endfacet
facet normal 0 0 1
outer loop
vertex 180 -91.17364817766693 2
vertex 180 -90.99999999999974 2
vertex 175.5 -90.99999999999974 2
endloop
endfacet
facet normal 0 0 1
outer loop
vertex 180 -91.17364817766693 2
vertex 175.5 -90.99999999999974 2
vertex 175.48480775301218 -91.17364817766693 2
endloop
endfacet
facet normal 0 0 1
outer loop
vertex 196.51519224698782 -91.17364817766693 2
vertex 196.5 -90.99999999999974 2
vertex 192 -90.99999999999974 2
endloop
endfacet
facet normal 0 0 1
outer loop
vertex 196.51519224698782 -91.17364817766693 2
vertex 192 -90.99999999999974 2
vertex 192 -91.17364817766693 2
endloop
endfacet
facet normal 0 0 1
outer loop
vertex 180 -90.99999999999974 2
vertex 180 -89.8875 2
vertex 175.5 -89.8875 2
endloop
endfacet
facet normal 0 0 1
outer loop
vertex 180 -90.99999999999974 2
vertex 175.5 -89.8875 2
vertex 175.5 -90.99999999999974 2
endloop
endfacet
facet normal 0 0 1
outer loop
vertex 196.5 -90.99999999999974 2
vertex 196.5 -89.8875 2
vertex 192 -89.8875 2
endloop
endfacet
facet normal 0 0 1
outer loop
vertex 196.5 -90.99999999999974 2
vertex 192 -89.8875 2
vertex 192 -90.99999999999974 2
endloop
endfacet
facet normal 0 0 1
outer loop
vertex 180 -89.8875 2
vertex 192 -89.8875 2
vertex 196.5 -89.8875 2
endloop
endfacet
facet normal 0 0 1
outer loop
vertex 180 -89.8875 2
vertex 196.5 -89.8875 2
vertex 196.5 -88.2375 2
endloop
endfacet
facet normal 0 0 1
outer loop
vertex 180 -89.8875 2
vertex 196.5 -88.2375 2
vertex 196.4848077530122 -88.06385182233308 2
endloop
endfacet
facet normal 0 0 1
outer loop
vertex 180 -89.8875 2
vertex 196.4848077530122 -88.06385182233308 2
vertex 196.43969262078588 -87.8954798566744 2
endloop
endfacet
facet normal 0 0 1
outer loop
vertex 180 -89.8875 2
vertex 196.43969262078588 -87.8954798566744 2
vertex 196.36602540378445 -87.73750000000004 2
endloop
endfacet
facet normal 0 0 1
outer loop
vertex 180 -89.8875 2
vertex 196.36602540378445 -87.73750000000004 2
vertex 196.26604444311897 -87.59471239031339 2
endloop
endfacet
facet normal 0 0 1
outer loop
vertex 180 -89.8875 2
vertex 196.26604444311897 -87.59471239031339 2
vertex 196.14278760968654 -87.47145555688088 2
endloop
endfacet
facet normal 0 0 1
outer loop
vertex 180 -89.8875 2
vertex 196.14278760968654 -87.47145555688088 2
vertex 195.99999999999997 -87.37147459621563 2
endloop
endfacet
facet normal 0 0 1
outer loop
vertex 180 -89.8875 2
vertex 195.99999999999997 -87.37147459621563 2
vertex 195.84202014332567 -87.2978073792141 2
endloop
endfacet
facet normal 0 0 1
outer loop
vertex 180 -89.8875 2
vertex 195.84202014332567 -87.2978073792141 2
vertex 195.67364817766676 -87.25269224698779 2
endloop
endfacet
facet normal 0 0 1
outer loop
vertex 180 -89.8875 2
vertex 195.67364817766676 -87.25269224698779 2
vertex 195.50000000000014 -87.2375 2
endloop
endfacet
facet normal 0 0 1
outer loop
vertex 180 -89.8875 2
vertex 195.50000000000014 -87.2375 2
vertex 176.5 -87.2375 2
endloop
endfacet
facet normal 0 0 1
outer loop
vertex 180 -89.8875 2
vertex 176.5 -87.2375 2
vertex 176.32635182233312 -87.25269224698779 2
endloop
endfacet
facet normal 0 0 1
outer loop
vertex 180 -89.8875 2
vertex 176.32635182233312 -87.25269224698779 2
vertex 176.1579798566743 -87.2978073792141 2
endloop
endfacet
facet normal 0 0 1
outer loop
vertex 180 -89.8875 2
vertex 176.1579798566743 -87.2978073792141 2
vertex 175.99999999999983 -87.37147459621563 2
endloop
endfacet
facet normal 0 0 1
outer loop
vertex 180 -89.8875 2
vertex 175.99999999999983 -87.37147459621563 2
vertex 175.8572123903136 -87.47145555688088 2
endloop
endfacet
facet normal 0 0 1
outer loop
vertex 180 -89.8875 2
vertex 175.8572123903136 -87.47145555688088 2
vertex 175.73395555688109 -87.59471239031339 2
endloop
endfacet
facet normal 0 0 1
outer loop
vertex 180 -89.8875 2
vertex 175.73395555688109 -87.59471239031339 2
vertex 175.63397459621552 -87.73750000000004 2
endloop
endfacet
facet normal 0 0 1
outer loop
vertex 180 -89.8875 2
vertex 175.63397459621552 -87.73750000000004 2
vertex 175.56030737921407 -87.8954798566744 2
endloop
endfacet
facet normal 0 0 1
outer loop
vertex 180 -89.8875 2
vertex 175.56030737921407 -87.8954798566744 2
vertex 175.5151922469878 -88.06385182233308 2
endloop
endfacet
facet normal 0 0 1
outer loop
vertex 180 -89.8875 2
vertex 175.5151922469878 -88.06385182233308 2
vertex 175.5 -88.2375 2
endloop
endfacet
facet normal 0 0 1
outer loop
vertex 180 -89.8875 2
vertex 175.5 -88.2375 2
vertex 175.5 -89.8875 2
endloop
endfacet
facet normal 0 -1 0
outer loop
vertex 182.50000000000003 -160 0
vertex 182.50000000000006 -160 2
vertex 140.49999999999977 -160 2
endloop
endfacet
facet normal 0 -1 0
outer loop
vertex 182.50000000000003 -160 0
vertex 140.49999999999977 -160 2
vertex 140.49999999999983 -160 0
endloop
endfacet
facet normal -0.087155742747683 -0.9961946980917434 0
outer loop
vertex 182.84729635533384 -160.0303844939756 2
vertex 182.50000000000006 -160 2
vertex 182.50000000000003 -160 0
endloop
endfacet
facet normal -0.087155742747683 -0.9961946980917434 0
outer loop
vertex 182.84729635533384 -160.0303844939756 2
vertex 182.50000000000003 -160 0
vertex 182.8472963553339 -160.0303844939756 0
endloop
endfacet
facet normal -0.25881904510251297 -0.9659258262890704 0
outer loop
vertex 183.18404028665137 -160.12061475842822 2
vertex 182.84729635533384 -160.0303844939756 2
vertex 182.8472963553339 -160.0303844939756 0
endloop
endfacet
facet normal -0.25881904510251297 -0.9659258262890704 0
outer loop
vertex 183.18404028665137 -160.12061475842822 2
vertex 182.8472963553339 -160.0303844939756 0
vertex 183.18404028665128 -160.1206147584282 0
endloop
endfacet
facet normal -0.4226182617407234 -0.9063077870366388 0
outer loop
vertex 183.50000000000009 -160.2679491924312 2
vertex 183.18404028665137 -160.12061475842822 2
vertex 183.18404028665128 -160.1206147584282 0
endloop
endfacet
facet normal -0.4226182617407234 -0.9063077870366388 0
outer loop
vertex 183.50000000000009 -160.2679491924312 2
vertex 183.18404028665128 -160.1206147584282 0
vertex 183.5 -160.26794919243116 0
endloop
endfacet
facet normal -0.5735764363510608 -0.8191520442889816 0
outer loop
vertex 183.785575219373 -160.467911113762 2
vertex 183.50000000000009 -160.2679491924312 2
vertex 183.5 -160.26794919243116 0
endloop
endfacet
facet normal -0.5735764363510608 -0.8191520442889816 0
outer loop
vertex 183.785575219373 -160.467911113762 2
vertex 183.5 -160.26794919243116 0
vertex 183.7855752193731 -160.46791111376209 0
endloop
endfacet
facet normal -0.7071067811865476 -0.7071067811865476 0
outer loop
vertex 184.032088886238 -160.714424780627 2
vertex 183.785575219373 -160.467911113762 2
vertex 183.7855752193731 -160.46791111376209 0
endloop
endfacet
facet normal -0.7071067811865476 -0.7071067811865476 0
outer loop
vertex 184.032088886238 -160.714424780627 2
vertex 183.7855752193731 -160.46791111376209 0
vertex 184.03208888623783 -160.7144247806268 0
endloop
endfacet
facet normal -0.8191520442889969 -0.5735764363510389 0
outer loop
vertex 184.23205080756887 -161 2
vertex 184.032088886238 -160.714424780627 2
vertex 184.03208888623783 -160.7144247806268 0
endloop
endfacet
facet normal -0.8191520442889969 -0.5735764363510389 0
outer loop
vertex 184.23205080756887 -161 2
vertex 184.03208888623783 -160.7144247806268 0
vertex 184.23205080756892 -161.00000000000014 0
endloop
endfacet
facet normal -0.9063077870366388 -0.4226182617407234 0
outer loop
vertex 184.3793852415718 -161.31595971334863 2
vertex 184.23205080756887 -161 2
vertex 184.23205080756892 -161.00000000000014 0
endloop
endfacet
facet normal -0.9063077870366388 -0.4226182617407234 0
outer loop
vertex 184.3793852415718 -161.31595971334863 2
vertex 184.23205080756892 -161.00000000000014 0
vertex 184.37938524157178 -161.3159597133486 0
endloop
endfacet
facet normal -0.965925826289063 -0.25881904510254033 0
outer loop
vertex 184.4696155060244 -161.6527036446661 2
vertex 184.3793852415718 -161.31595971334863 2
vertex 184.37938524157178 -161.3159597133486 0
endloop
endfacet
facet normal -0.965925826289063 -0.25881904510254033 0
outer loop
vertex 184.4696155060244 -161.6527036446661 2
vertex 184.37938524157178 -161.3159597133486 0
vertex 184.4696155060244 -161.6527036446662 0
endloop
endfacet
facet normal -0.9961946980917433 -0.08715574274768298 0
outer loop
vertex 184.5 -161.99999999999997 2
vertex 184.4696155060244 -161.6527036446661 2
vertex 184.4696155060244 -161.6527036446662 0
endloop
endfacet
facet normal -0.9961946980917433 -0.08715574274768298 0
outer loop
vertex 184.5 -161.99999999999997 2
vertex 184.4696155060244 -161.6527036446662 0
vertex 184.5 -162.00000000000006 0
endloop
endfacet
facet normal -1 0 0
outer loop
vertex 184.5 -162.4808944 2
vertex 184.5 -161.99999999999997 2
vertex 184.5 -162.00000000000006 0
endloop
endfacet
facet normal -1 0 0
outer loop
vertex 184.5 -162.4808944 2
vertex 184.5 -162.00000000000006 0
vertex 184.5 -162.48089440000004 0
endloop
endfacet
facet normal -1 0 0
outer loop
vertex 184.5 -162.4808944 2
vertex 184.5 -162.48089440000004 0
vertex 184.5 -165.9550000000003 0
endloop
endfacet
facet normal -1 0 0
outer loop
vertex 184.5 -162.4808944 2
vertex 184.5 -165.9550000000003 0
vertex 184.5 -165.95500000000027 2
endloop
endfacet
facet normal -0.9961946980917434 -0.087155742747683 0
outer loop
vertex 184.51519224698777 -166.12864817766686 2
vertex 184.5 -165.95500000000027 2
vertex 184.5 -165.9550000000003 0
endloop
endfacet
facet normal -0.9961946980917434 -0.087155742747683 0
outer loop
vertex 184.51519224698777 -166.12864817766686 2
vertex 184.5 -165.9550000000003 0
vertex 184.51519224698777 -166.1286481776668 0
endloop
endfacet
facet normal -0.965925826289063 -0.25881904510254033 0
outer loop
vertex 184.5603073792141 -166.29702014332568 2
vertex 184.51519224698777 -166.12864817766686 2
vertex 184.51519224698777 -166.1286481776668 0
endloop
endfacet
facet normal -0.965925826289063 -0.25881904510254033 0
outer loop
vertex 184.5603073792141 -166.29702014332568 2
vertex 184.51519224698777 -166.1286481776668 0
vertex 184.5603073792141 -166.29702014332568 0
endloop
endfacet
facet normal -0.9063077870366791 -0.42261826174063705 0
outer loop
vertex 184.63397459621552 -166.45499999999998 2
vertex 184.5603073792141 -166.29702014332568 2
vertex 184.5603073792141 -166.29702014332568 0
endloop
endfacet
facet normal -0.9063077870366791 -0.42261826174063705 0
outer loop
vertex 184.63397459621552 -166.45499999999998 2
vertex 184.5603073792141 -166.29702014332568 0
vertex 184.63397459621552 -166.45499999999996 0
endloop
endfacet
facet normal -0.8191520442889617 -0.5735764363510889 0
outer loop
vertex 184.73395555688094 -166.59778760968646 2
vertex 184.63397459621552 -166.45499999999998 2
vertex 184.63397459621552 -166.45499999999996 0
endloop
endfacet
facet normal -0.8191520442889617 -0.5735764363510889 0
outer loop
vertex 184.73395555688094 -166.59778760968646 2
vertex 184.63397459621552 -166.45499999999996 0
vertex 184.73395555688109 -166.5977876096866 0
endloop
endfacet
facet normal -0.7071067811865618 -0.7071067811865334 0
outer loop
vertex 184.8572123903135 -166.721044443119 2
vertex 184.73395555688094 -166.59778760968646 2
vertex 184.73395555688109 -166.5977876096866 0
endloop
endfacet
facet normal -0.7071067811865618 -0.7071067811865334 0
outer loop
vertex 184.8572123903135 -166.721044443119 2
vertex 184.73395555688109 -166.5977876096866 0
vertex 184.85721239031346 -166.72104444311898 0
endloop
endfacet
facet normal -0.5735764363510931 -0.819152044288959 0
outer loop
vertex 185.00000000000017 -166.82102540378455 2
vertex 184.8572123903135 -166.721044443119 2
vertex 184.85721239031346 -166.72104444311898 0
endloop
endfacet
facet normal -0.5735764363510931 -0.819152044288959 0
outer loop
vertex 185.00000000000017 -166.82102540378455 2
vertex 184.85721239031346 -166.72104444311898 0
vertex 185.00000000000014 -166.82102540378455 0
endloop
endfacet
facet normal -0.42261826174063843 -0.9063077870366785 0
outer loop
vertex 185.1579798566742 -166.89469262078586 2
vertex 185.00000000000017 -166.82102540378455 2
vertex 185.00000000000014 -166.82102540378455 0
endloop
endfacet
facet normal -0.42261826174063843 -0.9063077870366785 0
outer loop
vertex 185.1579798566742 -166.89469262078586 2
vertex 185.00000000000014 -166.82102540378455 0
vertex 185.15797985667425 -166.8946926207859 0
endloop
endfacet
facet normal -0.2588190451025263 -0.965925826289067 0
outer loop
vertex 185.32635182233304 -166.9398077530122 2
vertex 185.1579798566742 -166.89469262078586 2
vertex 185.15797985667425 -166.8946926207859 0
endloop
endfacet
facet normal -0.2588190451025263 -0.965925826289067 0
outer loop
vertex 185.32635182233304 -166.9398077530122 2
vertex 185.15797985667425 -166.8946926207859 0
vertex 185.3263518223331 -166.93980775301222 0
endloop
endfacet
facet normal -0.087155742747683 -0.9961946980917433 0
outer loop
vertex 185.5000000000003 -166.955 2
vertex 185.32635182233304 -166.9398077530122 2
vertex 185.3263518223331 -166.93980775301222 0
endloop
endfacet
facet normal -0.087155742747683 -0.9961946980917433 0
outer loop
vertex 185.5000000000003 -166.955 2
vertex 185.3263518223331 -166.93980775301222 0
vertex 185.5000000000001 -166.955 0
endloop
endfacet
facet normal 0 -1 0
outer loop
vertex 203.80420279999973 -166.955 0
vertex 203.80420279999987 -166.955 2
vertex 185.5000000000003 -166.955 2
endloop
endfacet
facet normal 0 -1 0
outer loop
vertex 203.80420279999973 -166.955 0
vertex 185.5000000000003 -166.955 2
vertex 185.5000000000001 -166.955 0
endloop
endfacet
facet normal -0.043623339193857205 -0.9990480490334676 0
outer loop
vertex 203.89135704512648 -166.95880558192474 2
vertex 203.80420279999987 -166.955 2
vertex 203.80420279999973 -166.955 0
endloop
endfacet
facet normal -0.043623339193857205 -0.9990480490334676 0
outer loop
vertex 203.89135704512648 -166.95880558192474 2
vertex 203.80420279999973 -166.955 0
vertex 203.89135704512674 -166.95880558192476 0
endloop
endfacet
facet normal -0.13047234898880342 -0.9914519484822973 0
outer loop
vertex 203.97784979762454 -166.97018779021653 2
vertex 203.89135704512648 -166.95880558192474 2
vertex 203.89135704512674 -166.95880558192476 0
endloop
endfacet
facet normal -0.13047234898880342 -0.9914519484822973 0
outer loop
vertex 203.97784979762454 -166.97018779021653 2
vertex 203.89135704512674 -166.95880558192476 0
vertex 203.97784979762494 -166.9701877902166 0
endloop
endfacet
facet normal -0.21638629689834923 -0.9763078256956765 0
outer loop
vertex 204.06302140000037 -166.9890650000001 2
vertex 203.97784979762454 -166.97018779021653 2
vertex 203.97784979762494 -166.9701877902166 0
endloop
endfacet
facet normal -0.21638629689834923 -0.9763078256956765 0
outer loop
vertex 204.06302140000037 -166.9890650000001 2
vertex 203.97784979762494 -166.9701877902166 0
vertex 204.0630213999999 -166.98906499999998 0
endloop
endfacet
facet normal 0 0 1
outer loop
vertex 220.56587909999936 -171.41100149999983 2
vertex 209.63059305121595 -168.48089440000004 2
vertex 204.06302140000037 -166.9890650000001 2
endloop
endfacet
facet normal 0 0 1
outer loop
vertex 220.56587909999936 -171.41100149999983 2
vertex 204.06302140000037 -166.9890650000001 2
vertex 204.0630213999999 -166.98906499999998 0
endloop
endfacet
facet normal 0 0 1
outer loop
vertex 220.56587909999936 -171.41100149999983 2
vertex 204.0630213999999 -166.98906499999998 0
vertex 209.6305930512159 -168.48089440000004 0
endloop
endfacet
facet normal 0 0 1
outer loop
vertex 220.56587909999936 -171.41100149999983 2
vertex 209.6305930512159 -168.48089440000004 0
vertex 220.56587909999965 -171.4110014999999 0
endloop
endfacet
facet normal -0.30069674411834 -0.9537198058531812 0
outer loop
vertex 220.64908030711536 -171.43723387132414 2
vertex 220.56587909999936 -171.41100149999983 2
vertex 220.56587909999965 -171.4110014999999 0
endloop
endfacet
facet normal -0.30069674411834 -0.9537198058531812 0
outer loop
vertex 220.64908030711536 -171.43723387132414 2
vertex 220.56587909999965 -171.4110014999999 0
vertex 220.64908030711527 -171.4372338713241 0
endloop
endfacet
facet normal -0.3826833441715677 -0.9238795690422348 0
outer loop
vertex 220.72967810477357 -171.47061856319763 2
vertex 220.64908030711536 -171.43723387132414 2
vertex 220.64908030711527 -171.4372338713241 0
endloop
endfacet
facet normal -0.3826833441715677 -0.9238795690422348 0
outer loop
vertex 220.72967810477357 -171.47061856319763 2
vertex 220.64908030711527 -171.4372338713241 0
vertex 220.72967810477363 -171.47061856319766 0
endloop
endfacet
facet normal -0.46174821724878307 -0.8870110393155041 0
outer loop
vertex 220.8070595499999 -171.5109007499999 2
vertex 220.72967810477357 -171.47061856319763 2
vertex 220.72967810477363 -171.47061856319766 0
endloop
endfacet
facet normal -0.46174821724878307 -0.8870110393155041 0
outer loop
vertex 220.8070595499999 -171.5109007499999 2
vertex 220.72967810477363 -171.47061856319766 0
vertex 220.8070595499999 -171.51090074999993 0
endloop
endfacet
facet normal -0.5000000334381982 -0.8660253844788851 0
outer loop
vertex 237.115022 -180.9263081 2
vertex 220.8070595499999 -171.5109007499999 2
vertex 220.8070595499999 -171.51090074999993 0
endloop
endfacet
facet normal -0.5000000334381982 -0.8660253844788851 0
outer loop
vertex 237.115022 -180.9263081 2
vertex 220.8070595499999 -171.51090074999993 0
vertex 237.11502200000012 -180.92630810000003 0
endloop
endfacet
facet normal -0.42258906649524847 -0.9063214004307051 0
outer loop
vertex 237.273005025141 -180.99997137999947 2
vertex 237.115022 -180.9263081 2
vertex 237.11502200000012 -180.92630810000003 0
endloop
endfacet
facet normal -0.42258906649524847 -0.9063214004307051 0
outer loop
vertex 237.273005025141 -180.99997137999947 2
vertex 237.11502200000012 -180.92630810000003 0
vertex 237.27300502514106 -180.99997137999955 0
endloop
endfacet
facet normal -0.25881864138244814 -0.9659259344654453 0
outer loop
vertex 237.44137600895863 -181.04508539256705 2
vertex 237.273005025141 -180.99997137999947 2
vertex 237.27300502514106 -180.99997137999955 0
endloop
endfacet
facet normal -0.25881864138244814 -0.9659259344654453 0
outer loop
vertex 237.44137600895863 -181.04508539256705 2
vertex 237.27300502514106 -180.99997137999955 0
vertex 237.44137600895866 -181.04508578916722 0
endloop
endfacet
facet normal -0.08715636237445784 -0.9961946438812308 0
outer loop
vertex 237.61502314511998 -181.06027765726904 2
vertex 237.44137600895863 -181.04508539256705 2
vertex 237.44137600895866 -181.04508578916722 0
endloop
endfacet
facet normal -0.08715636237445784 -0.9961946438812308 0
outer loop
vertex 237.61502314511998 -181.06027765726904 2
vertex 237.44137600895866 -181.04508578916722 0
vertex 237.61502314512023 -181.06027765726904 0
endloop
endfacet
facet normal 0.08715408712245677 -0.9961948429387955 0
outer loop
vertex 237.78867031597952 -181.04508539256705 2
vertex 237.61502314511998 -181.06027765726904 2
vertex 237.61502314512023 -181.06027765726904 0
endloop
endfacet
facet normal 0.08715408712245677 -0.9961948429387955 0
outer loop
vertex 237.78867031597952 -181.04508539256705 2
vertex 237.61502314512023 -181.06027765726904 0
vertex 237.78867031597943 -181.04508578916722 0
endloop
endfacet
facet normal 0.2588164352618768 -0.9659265255899824 0
outer loop
vertex 237.9570414028362 -180.99997137999947 2
vertex 237.78867031597952 -181.04508539256705 2
vertex 237.78867031597943 -181.04508578916722 0
endloop
endfacet
facet normal 0.2588164352618768 -0.9659265255899824 0
outer loop
vertex 237.9570414028362 -180.99997137999947 2
vertex 237.78867031597943 -181.04508578916722 0
vertex 237.95704140283596 -180.99997137999955 0
endloop
endfacet
facet normal 0.4226148704605388 -0.9063093684088354 0
outer loop
vertex 238.11502059622717 -180.92630519196524 2
vertex 237.9570414028362 -180.99997137999947 2
vertex 237.95704140283596 -180.99997137999955 0
endloop
endfacet
facet normal 0.4226148704605388 -0.9063093684088354 0
outer loop
vertex 238.11502059622717 -180.92630519196524 2
vertex 237.95704140283596 -180.99997137999955 0
vertex 238.11502059622748 -180.92630519196507 0
endloop
endfacet
facet normal 0.5735725193101469 -0.8191547870165999 0
outer loop
vertex 238.2578078353595 -180.8263255083053 2
vertex 238.11502059622717 -180.92630519196524 2
vertex 238.11502059622748 -180.92630519196507 0
endloop
endfacet
facet normal 0.5735725193101469 -0.8191547870165999 0
outer loop
vertex 238.2578078353595 -180.8263255083053 2
vertex 238.11502059622748 -180.92630519196507 0
vertex 238.25780783535933 -180.82632550830542 0
endloop
endfacet
facet normal 0.7071026645604714 -0.7071108977886578 0
outer loop
vertex 238.3810646537972 -180.7030701250052 2
vertex 238.2578078353595 -180.8263255083053 2
vertex 238.25780783535933 -180.82632550830542 0
endloop
endfacet
facet normal 0.7071026645604714 -0.7071108977886578 0
outer loop
vertex 238.3810646537972 -180.7030701250052 2
vertex 238.25780783535933 -180.82632550830542 0
vertex 238.381064653797 -180.7030701250055 0
endloop
endfacet
facet normal 0.8191481085447322 -0.5735820571353218 0
outer loop
vertex 238.48104600000048 -180.56028404999924 2
vertex 238.3810646537972 -180.7030701250052 2
vertex 238.381064653797 -180.7030701250055 0
endloop
endfacet
facet normal 0.8191481085447322 -0.5735820571353218 0
outer loop
vertex 238.48104600000048 -180.56028404999924 2
vertex 238.381064653797 -180.7030701250055 0
vertex 238.48104600000008 -180.56028404999986 0
endloop
endfacet
facet normal 0 0 1
outer loop
vertex 247.95957190000087 -164.14299669999852 2
vertex 247.95508548396543 -164.1507674 2
vertex 245.45508532895875 -168.48089440000004 2
endloop
endfacet
facet normal 0 0 1
outer loop
vertex 247.95957190000087 -164.14299669999852 2
vertex 245.45508532895875 -168.48089440000004 2
vertex 243.7633870937371 -171.41100149999983 2
endloop
endfacet
facet normal 0 0 1
outer loop
vertex 247.95957190000087 -164.14299669999852 2
vertex 243.7633870937371 -171.41100149999983 2
vertex 243.74824182608629 -171.43723387132414 2
endloop
endfacet
facet normal 0 0 1
outer loop
vertex 247.95957190000087 -164.14299669999852 2
vertex 243.74824182608629 -171.43723387132414 2
vertex 243.728967163967 -171.47061856319763 2
endloop
endfacet
facet normal 0 0 1
outer loop
vertex 247.95957190000087 -164.14299669999852 2
vertex 243.728967163967 -171.47061856319763 2
vertex 243.70571023102954 -171.5109007499999 2
endloop
endfacet
facet normal 0 0 1
outer loop
vertex 247.95957190000087 -164.14299669999852 2
vertex 243.70571023102954 -171.5109007499999 2
vertex 238.48104600000048 -180.56028404999924 2
endloop
endfacet
facet normal 0 0 1
outer loop
vertex 247.95957190000087 -164.14299669999852 2
vertex 238.48104600000048 -180.56028404999924 2
vertex 238.48104600000008 -180.56028404999986 0
endloop
endfacet
facet normal 0 0 1
outer loop
vertex 247.95957190000087 -164.14299669999852 2
vertex 238.48104600000008 -180.56028404999986 0
vertex 243.7057102310295 -171.51090074999993 0
endloop
endfacet
facet normal 0 0 1
outer loop
vertex 247.95957190000087 -164.14299669999852 2
vertex 243.7057102310295 -171.51090074999993 0
vertex 243.72896716396696 -171.47061856319766 0
endloop
endfacet
facet normal 0 0 1
outer loop
vertex 247.95957190000087 -164.14299669999852 2
vertex 243.72896716396696 -171.47061856319766 0
vertex 243.74824182608629 -171.4372338713241 0
endloop
endfacet
facet normal 0 0 1
outer loop
vertex 247.95957190000087 -164.14299669999852 2
vertex 243.74824182608629 -171.4372338713241 0
vertex 243.763387093737 -171.4110014999999 0
endloop
endfacet
facet normal 0 0 1
outer loop
vertex 247.95957190000087 -164.14299669999852 2
vertex 243.763387093737 -171.4110014999999 0
vertex 245.45508532895872 -168.48089440000004 0
endloop
endfacet
facet normal 0 0 1
outer loop
vertex 247.95957190000087 -164.14299669999852 2
vertex 245.45508532895872 -168.48089440000004 0
vertex 247.95508548396543 -164.15076739999998 0
endloop
endfacet
facet normal 0 0 1
outer loop
vertex 247.95957190000087 -164.14299669999852 2
vertex 247.95508548396543 -164.15076739999998 0
vertex 247.95957189999993 -164.14299670000014 0
endloop
endfacet
facet normal 0.8606062656399692 -0.5092709058460209 0
outer loop
vertex 247.98144171296832 -164.1060393599029 2
vertex 247.95957190000087 -164.14299669999852 2
vertex 247.95957189999993 -164.14299670000014 0
endloop
endfacet
facet normal 0.8606062656399692 -0.5092709058460209 0
outer loop
vertex 247.98144171296832 -164.1060393599029 2
vertex 247.95957189999993 -164.14299670000014 0
vertex 247.9814417129683 -164.10603935990295 0
endloop
endfacet
facet normal 0.8495269202318484 -0.527545269907134 0
outer loop
vertex 248.00409594999925 -164.06955835000116 2
vertex 247.98144171296832 -164.1060393599029 2
vertex 247.9814417129683 -164.10603935990295 0
endloop
endfacet
facet normal 0.8495269202318484 -0.527545269907134 0
outer loop
vertex 248.00409594999925 -164.06955835000116 2
vertex 247.9814417129683 -164.10603935990295 0
vertex 248.00409595000104 -164.06955834999832 0
endloop
endfacet
facet normal 0 0 -1
outer loop
vertex 254.18752379999978 -154.34873690000032 2
vertex 254.17395460197926 -154.3700687169758 2
vertex 253.98780877007232 -154.66270419999987 2
endloop
endfacet
facet normal 0 0 -1
outer loop
vertex 254.18752379999978 -154.34873690000032 2
vertex 253.98780877007232 -154.66270419999987 2
vertex 253.8016629381652 -154.95533968302414 2
endloop
endfacet
facet normal 0 0 -1
outer loop
vertex 254.18752379999978 -154.34873690000032 2
vertex 253.8016629381652 -154.95533968302414 2
vertex 253.62267058618656 -155.23672934854764 2
endloop
endfacet
facet normal 0 0 -1
outer loop
vertex 254.18752379999978 -154.34873690000032 2
vertex 253.62267058618656 -155.23672934854764 2
vertex 253.45771028984274 -155.4960595495295 2
endloop
endfacet
facet normal 0 0 -1
outer loop
vertex 254.18752379999978 -154.34873690000032 2
vertex 253.45771028984274 -155.4960595495295 2
vertex 253.31312138081154 -155.72336437177992 2
endloop
endfacet
facet normal 0 0 -1
outer loop
vertex 254.18752379999978 -154.34873690000032 2
vertex 253.31312138081154 -155.72336437177992 2
vertex 253.19446032978064 -155.9099086184538 2
endloop
endfacet
facet normal 0 0 -1
outer loop
vertex 254.18752379999978 -154.34873690000032 2
vertex 253.19446032978064 -155.9099086184538 2
vertex 253.10628721439517 -156.0485234987669 2
endloop
endfacet
facet normal 0 0 -1
outer loop
vertex 254.18752379999978 -154.34873690000032 2
vertex 253.10628721439517 -156.0485234987669 2
vertex 253.05199047803137 -156.13388212060482 2
endloop
endfacet
facet normal 0 0 -1
outer loop
vertex 254.18752379999978 -154.34873690000032 2
vertex 253.05199047803137 -156.13388212060482 2
vertex 253.03365671381775 -156.1627042 2
endloop
endfacet
facet normal 0 0 -1
outer loop
vertex 254.18752379999978 -154.34873690000032 2
vertex 253.03365671381775 -156.1627042 2
vertex 251.76904698698849 -158.15076740000003 2
endloop
endfacet
facet normal 0 0 -1
outer loop
vertex 254.18752379999978 -154.34873690000032 2
vertex 251.76904698698849 -158.15076740000003 2
vertex 248.00409594999925 -164.06955835000116 2
endloop
endfacet
facet normal 0 0 -1
outer loop
vertex 254.18752379999978 -154.34873690000032 2
vertex 248.00409594999925 -164.06955835000116 2
vertex 248.00409595000104 -164.06955834999832 0
endloop
endfacet
facet normal 0 0 -1
outer loop
vertex 254.18752379999978 -154.34873690000032 2
vertex 248.00409595000104 -164.06955834999832 0
vertex 251.76904698698846 -158.15076740000003 0
endloop
endfacet
facet normal 0 0 -1
outer loop
vertex 254.18752379999978 -154.34873690000032 2
vertex 251.76904698698846 -158.15076740000003 0
vertex 253.03365671381772 -156.1627042 0
endloop
endfacet
facet normal 0 0 -1
outer loop
vertex 254.18752379999978 -154.34873690000032 2
vertex 253.03365671381772 -156.1627042 0
vertex 253.0519904780313 -156.13388212060488 0
endloop
endfacet
facet normal 0 0 -1
outer loop
vertex 254.18752379999978 -154.34873690000032 2
vertex 253.0519904780313 -156.13388212060488 0
vertex 253.10628721439514 -156.0485234987669 0
endloop
endfacet
facet normal 0 0 -1
outer loop
vertex 254.18752379999978 -154.34873690000032 2
vertex 253.10628721439514 -156.0485234987669 0
vertex 253.19446032978055 -155.9099086184539 0
endloop
endfacet
facet normal 0 0 -1
outer loop
vertex 254.18752379999978 -154.34873690000032 2
vertex 253.19446032978055 -155.9099086184539 0
vertex 253.31312138081157 -155.72336437177984 0
endloop
endfacet
facet normal 0 0 -1
outer loop
vertex 254.18752379999978 -154.34873690000032 2
vertex 253.31312138081157 -155.72336437177984 0
vertex 253.4577102898427 -155.4960595495295 0
endloop
endfacet
facet normal 0 0 -1
outer loop
vertex 254.18752379999978 -154.34873690000032 2
vertex 253.4577102898427 -155.4960595495295 0
vertex 253.62267058618662 -155.23672934854747 0
endloop
endfacet
facet normal 0 0 -1
outer loop
vertex 254.18752379999978 -154.34873690000032 2
vertex 253.62267058618662 -155.23672934854747 0
vertex 253.80166293816512 -154.95533968302425 0
endloop
endfacet
facet normal 0 0 -1
outer loop
vertex 254.18752379999978 -154.34873690000032 2
vertex 253.80166293816512 -154.95533968302425 0
vertex 253.98780877007204 -154.66270420000023 0
endloop
endfacet
facet normal 0 0 -1
outer loop
vertex 254.18752379999978 -154.34873690000032 2
vertex 253.98780877007204 -154.66270420000023 0
vertex 254.17395460197926 -154.37006871697577 0
endloop
endfacet
facet normal 0 0 -1
outer loop
vertex 254.18752379999978 -154.34873690000032 2
vertex 254.17395460197926 -154.37006871697577 0
vertex 254.18752379999998 -154.3487369 0
endloop
endfacet
facet normal 0.8796244284287327 -0.47566886056523117 0
outer loop
vertex 254.32215403931255 -154.09977368814745 2
vertex 254.18752379999978 -154.34873690000032 2
vertex 254.18752379999998 -154.3487369 0
endloop
endfacet
facet normal 0.8796244284287327 -0.47566886056523117 0
outer loop
vertex 254.32215403931255 -154.09977368814745 2
vertex 254.18752379999998 -154.3487369 0
vertex 254.32215403931238 -154.0997736881478 0
endloop
endfacet
facet normal 0 0 1
outer loop
vertex 254.42029336121104 -153.83429687357207 2
vertex 254.3262554148836 -154.0886790514522 2
vertex 254.32215403931255 -154.09977368814745 2
endloop
endfacet
facet normal 0 0 1
outer loop
vertex 254.42029336121104 -153.83429687357207 2
vertex 254.32215403931255 -154.09977368814745 2
vertex 254.32215403931238 -154.0997736881478 0
endloop
endfacet
facet normal 0 0 1
outer loop
vertex 254.42029336121104 -153.83429687357207 2
vertex 254.32215403931238 -154.0997736881478 0
vertex 254.32625541488355 -154.08867905145226 0
endloop
endfacet
facet normal 0 0 1
outer loop
vertex 254.42029336121104 -153.83429687357207 2
vertex 254.32625541488355 -154.08867905145226 0
vertex 254.42029336121104 -153.83429687357196 0
endloop
endfacet
facet normal 0 0 1
outer loop
vertex 254.4799743984454 -153.55762479443402 2
vertex 254.47039270898196 -153.60204402821998 2
vertex 254.42136070111704 -153.82934885047084 2
endloop
endfacet
facet normal 0 0 1
outer loop
vertex 254.4799743984454 -153.55762479443402 2
vertex 254.42136070111704 -153.82934885047084 2
vertex 254.42029336121104 -153.83429687357207 2
endloop
endfacet
facet normal 0 0 1
outer loop
vertex 254.4799743984454 -153.55762479443402 2
vertex 254.42029336121104 -153.83429687357207 2
vertex 254.42029336121104 -153.83429687357196 0
endloop
endfacet
facet normal 0 0 1
outer loop
vertex 254.4799743984454 -153.55762479443402 2
vertex 254.42029336121104 -153.83429687357196 0
vertex 254.42136070111698 -153.82934885047095 0
endloop
endfacet
facet normal 0 0 1
outer loop
vertex 254.4799743984454 -153.55762479443402 2
vertex 254.42136070111698 -153.82934885047095 0
vertex 254.47039270898193 -153.60204402822004 0
endloop
endfacet
facet normal 0 0 1
outer loop
vertex 254.4799743984454 -153.55762479443402 2
vertex 254.47039270898193 -153.60204402822004 0
vertex 254.4799743984454 -153.5576247944339 0
endloop
endfacet
facet normal 0 0 1
outer loop
vertex 254.5000019 -153.27529844999987 2
vertex 254.4998893612477 -153.27688490123302 2
vertex 254.49005637971518 -153.41549978154632 2
endloop
endfacet
facet normal 0 0 1
outer loop
vertex 254.5000019 -153.27529844999987 2
vertex 254.49005637971518 -153.41549978154632 2
vertex 254.4799743984454 -153.55762479443402 2
endloop
endfacet
facet normal 0 0 1
outer loop
vertex 254.5000019 -153.27529844999987 2
vertex 254.4799743984454 -153.55762479443402 2
vertex 254.4799743984454 -153.5576247944339 0
endloop
endfacet
facet normal 0 0 1
outer loop
vertex 254.5000019 -153.27529844999987 2
vertex 254.4799743984454 -153.5576247944339 0
vertex 254.49005637971518 -153.41549978154626 0
endloop
endfacet
facet normal 0 0 1
outer loop
vertex 254.5000019 -153.27529844999987 2
vertex 254.49005637971518 -153.41549978154626 0
vertex 254.4998893612477 -153.27688490123305 0
endloop
endfacet
facet normal 0 0 1
outer loop
vertex 254.5000019 -153.27529844999987 2
vertex 254.4998893612477 -153.27688490123305 0
vertex 254.5000019 -153.27529844999984 0
endloop
endfacet
facet normal 0 0 1
outer loop
vertex 254.5 -105.85749999999985 2
vertex 254.5000000003416 -105.8660254037844 2
vertex 254.5000000032934 -105.9396926207859 2
endloop
endfacet
facet normal 0 0 1
outer loop
vertex 254.5 -105.85749999999985 2
vertex 254.5000000032934 -105.9396926207859 2
vertex 254.50000000510113 -105.9848077530122 2
endloop
endfacet
facet normal 0 0 1
outer loop
vertex 254.5 -105.85749999999985 2
vertex 254.50000000510113 -105.9848077530122 2
vertex 254.5000000057099 -106 2
endloop
endfacet
facet normal 0 0 1
outer loop
vertex 254.5 -105.85749999999985 2
vertex 254.5000000057099 -106 2
vertex 254.50000004127142 -106.8875 2
endloop
endfacet
facet normal 0 0 1
outer loop
vertex 254.5 -105.85749999999985 2
vertex 254.50000004127142 -106.8875 2
vertex 254.50000023210168 -111.65 2
endloop
endfacet
facet normal 0 0 1
outer loop
vertex 254.5 -105.85749999999985 2
vertex 254.50000023210168 -111.65 2
vertex 254.50000034659982 -114.5075 2
endloop
endfacet
facet normal 0 0 1
outer loop
vertex 254.5 -105.85749999999985 2
vertex 254.50000034659982 -114.5075 2
vertex 254.50000054694652 -119.5075 2
endloop
endfacet
facet normal 0 0 1
outer loop
vertex 254.5 -105.85749999999985 2
vertex 254.50000054694652 -119.5075 2
vertex 254.50000072245027 -123.8875 2
endloop
endfacet
facet normal 0 0 1
outer loop
vertex 254.5 -105.85749999999985 2
vertex 254.50000072245027 -123.8875 2
vertex 254.5000009132805 -128.65 2
endloop
endfacet
facet normal 0 0 1
outer loop
vertex 254.5 -105.85749999999985 2
vertex 254.5000009132805 -128.65 2
vertex 254.50000102777864 -131.5075 2
endloop
endfacet
facet normal 0 0 1
outer loop
vertex 254.5 -105.85749999999985 2
vertex 254.50000102777864 -131.5075 2
vertex 254.50000122812534 -136.5075 2
endloop
endfacet
facet normal 0 0 1
outer loop
vertex 254.5 -105.85749999999985 2
vertex 254.50000122812534 -136.5075 2
vertex 254.5000014742513 -142.65 2
endloop
endfacet
facet normal 0 0 1
outer loop
vertex 254.5 -105.85749999999985 2
vertex 254.5000014742513 -142.65 2
vertex 254.500001674598 -147.65 2
endloop
endfacet
facet normal 0 0 1
outer loop
vertex 254.5 -105.85749999999985 2
vertex 254.500001674598 -147.65 2
vertex 254.50000175293354 -149.605 2
endloop
endfacet
facet normal 0 0 1
outer loop
vertex 254.5 -105.85749999999985 2
vertex 254.50000175293354 -149.605 2
vertex 254.5000018070689 -150.9560421 2
endloop
endfacet
facet normal 0 0 1
outer loop
vertex 254.5 -105.85749999999985 2
vertex 254.5000018070689 -150.9560421 2
vertex 254.50000189548842 -153.1627042 2
endloop
endfacet
facet normal 0 0 1
outer loop
vertex 254.5 -105.85749999999985 2
vertex 254.50000189548842 -153.1627042 2
vertex 254.5000018966433 -153.19152627939516 2
endloop
endfacet
facet normal 0 0 1
outer loop
vertex 254.5 -105.85749999999985 2
vertex 254.5000018966433 -153.19152627939516 2
vertex 254.5000019 -153.27529844999987 2
endloop
endfacet
facet normal 0 0 1
outer loop
vertex 254.5 -105.85749999999985 2
vertex 254.5000019 -153.27529844999987 2
vertex 254.5000019 -153.27529844999984 0
endloop
endfacet
facet normal 0 0 1
outer loop
vertex 254.5 -105.85749999999985 2
vertex 254.5000019 -153.27529844999984 0
vertex 254.5000018966433 -153.19152627939516 0
endloop
endfacet
facet normal 0 0 1
outer loop
vertex 254.5 -105.85749999999985 2
vertex 254.5000018966433 -153.19152627939516 0
vertex 254.50000189548842 -153.1627042 0
endloop
endfacet
facet normal 0 0 1
outer loop
vertex 254.5 -105.85749999999985 2
vertex 254.50000189548842 -153.1627042 0
vertex 254.5000018070689 -150.9560421 0
endloop
endfacet
facet normal 0 0 1
outer loop
vertex 254.5 -105.85749999999985 2
vertex 254.5000018070689 -150.9560421 0
vertex 254.50000175293354 -149.605 0
endloop
endfacet
facet normal 0 0 1
outer loop
vertex 254.5 -105.85749999999985 2
vertex 254.50000175293354 -149.605 0
vertex 254.500001674598 -147.65 0
endloop
endfacet
facet normal 0 0 1
outer loop
vertex 254.5 -105.85749999999985 2
vertex 254.500001674598 -147.65 0
vertex 254.5000014742513 -142.65 0
endloop
endfacet
facet normal 0 0 1
outer loop
vertex 254.5 -105.85749999999985 2
vertex 254.5000014742513 -142.65 0
vertex 254.50000122812534 -136.5075 0
endloop
endfacet
facet normal 0 0 1
outer loop
vertex 254.5 -105.85749999999985 2
vertex 254.50000122812534 -136.5075 0
vertex 254.50000102777864 -131.5075 0
endloop
endfacet
facet normal 0 0 1
outer loop
vertex 254.5 -105.85749999999985 2
vertex 254.50000102777864 -131.5075 0
vertex 254.5000009132805 -128.65 0
endloop
endfacet
facet normal 0 0 1
outer loop
vertex 254.5 -105.85749999999985 2
vertex 254.5000009132805 -128.65 0
vertex 254.50000072245027 -123.8875 0
endloop
endfacet
facet normal 0 0 1
outer loop
vertex 254.5 -105.85749999999985 2
vertex 254.50000072245027 -123.8875 0
vertex 254.50000054694652 -119.5075 0
endloop
endfacet
facet normal 0 0 1
outer loop
vertex 254.5 -105.85749999999985 2
vertex 254.50000054694652 -119.5075 0
vertex 254.50000034659982 -114.5075 0
endloop
endfacet
facet normal 0 0 1
outer loop
vertex 254.5 -105.85749999999985 2
vertex 254.50000034659982 -114.5075 0
vertex 254.50000023210168 -111.65 0
endloop
endfacet
facet normal 0 0 1
outer loop
vertex 254.5 -105.85749999999985 2
vertex 254.50000023210168 -111.65 0
vertex 254.50000004127142 -106.8875 0
endloop
endfacet
facet normal 0 0 1
outer loop
vertex 254.5 -105.85749999999985 2
vertex 254.50000004127142 -106.8875 0
vertex 254.5000000057099 -106 0
endloop
endfacet
facet normal 0 0 1
outer loop
vertex 254.5 -105.85749999999985 2
vertex 254.5000000057099 -106 0
vertex 254.50000000510113 -105.98480775301219 0
endloop
endfacet
facet normal 0 0 1
outer loop
vertex 254.5 -105.85749999999985 2
vertex 254.50000000510113 -105.98480775301219 0
vertex 254.5000000032934 -105.9396926207859 0
endloop
endfacet
facet normal 0 0 1
outer loop
vertex 254.5 -105.85749999999985 2
vertex 254.5000000032934 -105.9396926207859 0
vertex 254.5000000003416 -105.86602540378448 0
endloop
endfacet
facet normal 0 0 1
outer loop
vertex 254.5 -105.85749999999985 2
vertex 254.5000000003416 -105.86602540378448 0
vertex 254.5 -105.8574999999999 0
endloop
endfacet
facet normal 0 0 -1
outer loop
vertex 254.46961550602444 -105.51020364466636 2
vertex 254.48121509992902 -105.6427876096865 2
vertex 254.49199867555646 -105.766044443119 2
endloop
endfacet
facet normal 0 0 -1
outer loop
vertex 254.46961550602444 -105.51020364466636 2
vertex 254.49199867555646 -105.766044443119 2
vertex 254.5 -105.85749999999985 2
endloop
endfacet
facet normal 0 0 -1
outer loop
vertex 254.46961550602444 -105.51020364466636 2
vertex 254.5 -105.85749999999985 2
vertex 254.5 -105.8574999999999 0
endloop
endfacet
facet normal 0 0 -1
outer loop
vertex 254.46961550602444 -105.51020364466636 2
vertex 254.5 -105.8574999999999 0
vertex 254.49199867555646 -105.7660444431189 0
endloop
endfacet
facet normal 0 0 -1
outer loop
vertex 254.46961550602444 -105.51020364466636 2
vertex 254.49199867555646 -105.7660444431189 0
vertex 254.48121509992905 -105.64278760968666 0
endloop
endfacet
facet normal 0 0 -1
outer loop
vertex 254.46961550602444 -105.51020364466636 2
vertex 254.48121509992905 -105.64278760968666 0
vertex 254.4696155060244 -105.51020364466605 0
endloop
endfacet
facet normal 0 0 -1
outer loop
vertex 254.37938524157173 -105.17345971334848 2
vertex 254.37943574043368 -105.17364817766698 2
vertex 254.42455087265998 -105.3420201433257 2
endloop
endfacet
facet normal 0 0 -1
outer loop
vertex 254.37938524157173 -105.17345971334848 2
vertex 254.42455087265998 -105.3420201433257 2
vertex 254.46688144767623 -105.49999999999997 2
endloop
endfacet
facet normal 0 0 -1
outer loop
vertex 254.37938524157173 -105.17345971334848 2
vertex 254.46688144767623 -105.49999999999997 2
vertex 254.46961550602444 -105.51020364466636 2
endloop
endfacet
facet normal 0 0 -1
outer loop
vertex 254.37938524157173 -105.17345971334848 2
vertex 254.46961550602444 -105.51020364466636 2
vertex 254.4696155060244 -105.51020364466605 0
endloop
endfacet
facet normal 0 0 -1
outer loop
vertex 254.37938524157173 -105.17345971334848 2
vertex 254.4696155060244 -105.51020364466605 0
vertex 254.46688144767623 -105.49999999999977 0
endloop
endfacet
facet normal 0 0 -1
outer loop
vertex 254.37938524157173 -105.17345971334848 2
vertex 254.46688144767623 -105.49999999999977 0
vertex 254.42455087265998 -105.34202014332556 0
endloop
endfacet
facet normal 0 0 -1
outer loop
vertex 254.37938524157173 -105.17345971334848 2
vertex 254.42455087265998 -105.34202014332556 0
vertex 254.37943574043376 -105.17364817766709 0
endloop
endfacet
facet normal 0 0 -1
outer loop
vertex 254.37938524157173 -105.17345971334848 2
vertex 254.37943574043376 -105.17364817766709 0
vertex 254.3793852415719 -105.1734597133489 0
endloop
endfacet
facet normal 0 0 -1
outer loop
vertex 254.23205080756892 -104.8575000000001 2
vertex 254.29849964885602 -105.00000000000013 2
vertex 254.37938524157173 -105.17345971334848 2
endloop
endfacet
facet normal 0 0 -1
outer loop
vertex 254.23205080756892 -104.8575000000001 2
vertex 254.37938524157173 -105.17345971334848 2
vertex 254.3793852415719 -105.1734597133489 0
endloop
endfacet
facet normal 0 0 -1
outer loop
vertex 254.23205080756892 -104.8575000000001 2
vertex 254.3793852415719 -105.1734597133489 0
vertex 254.298499648856 -105.00000000000011 0
endloop
endfacet
facet normal 0 0 -1
outer loop
vertex 254.23205080756892 -104.8575000000001 2
vertex 254.298499648856 -105.00000000000011 0
vertex 254.23205080756884 -104.85749999999997 0
endloop
endfacet
facet normal 0.8191520442890001 0.5735764363510342 0
outer loop
vertex 254.0320888862379 -104.57192478062687 2
vertex 254.23205080756892 -104.8575000000001 2
vertex 254.23205080756884 -104.85749999999997 0
endloop
endfacet
facet normal 0.8191520442890001 0.5735764363510342 0
outer loop
vertex 254.0320888862379 -104.57192478062687 2
vertex 254.23205080756884 -104.85749999999997 0
vertex 254.03208888623791 -104.5719247806269 0
endloop
endfacet
facet normal 0.7071067811865688 0.7071067811865261 0
outer loop
vertex 253.78557521937307 -104.32541111376203 2
vertex 254.0320888862379 -104.57192478062687 2
vertex 254.03208888623791 -104.5719247806269 0
endloop
endfacet
facet normal 0.7071067811865688 0.7071067811865261 0
outer loop
vertex 253.78557521937307 -104.32541111376203 2
vertex 254.03208888623791 -104.5719247806269 0
vertex 253.78557521937307 -104.32541111376204 0
endloop
endfacet
facet normal 0.5735764363510599 0.819152044288982 0
outer loop
vertex 253.50000000000006 -104.12544919243115 2
vertex 253.78557521937307 -104.32541111376203 2
vertex 253.78557521937307 -104.32541111376204 0
endloop
endfacet
facet normal 0.5735764363510599 0.819152044288982 0
outer loop
vertex 253.50000000000006 -104.12544919243115 2
vertex 253.78557521937307 -104.32541111376204 0
vertex 253.50000000000003 -104.12544919243113 0
endloop
endfacet
facet normal 0.422618261740677 0.9063077870366605 0
outer loop
vertex 253.18404028665134 -103.97811475842819 2
vertex 253.50000000000006 -104.12544919243115 2
vertex 253.50000000000003 -104.12544919243113 0
endloop
endfacet
facet normal 0.422618261740677 0.9063077870366605 0
outer loop
vertex 253.18404028665134 -103.97811475842819 2
vertex 253.50000000000003 -104.12544919243113 0
vertex 253.1840402866513 -103.97811475842818 0
endloop
endfacet
facet normal 0.2588190451025271 0.9659258262890666 0
outer loop
vertex 252.84729635533387 -103.88788449397559 2
vertex 253.18404028665134 -103.97811475842819 2
vertex 253.1840402866513 -103.97811475842818 0
endloop
endfacet
facet normal 0.2588190451025271 0.9659258262890666 0
outer loop
vertex 252.84729635533387 -103.88788449397559 2
vertex 253.1840402866513 -103.97811475842818 0
vertex 252.847296355334 -103.88788449397562 0
endloop
endfacet
facet normal 0.08715574274766881 0.9961946980917447 0
outer loop
vertex 252.5 -103.8575 2
vertex 252.84729635533387 -103.88788449397559 2
vertex 252.847296355334 -103.88788449397562 0
endloop
endfacet
facet normal 0.08715574274766881 0.9961946980917447 0
outer loop
vertex 252.5 -103.8575 2
vertex 252.847296355334 -103.88788449397562 0
vertex 252.49999999999983 -103.8575 0
endloop
endfacet
facet normal 0 1 0
outer loop
vertex 252.5 -103.8575 2
vertex 252.49999999999983 -103.8575 0
vertex 234.5 -103.8575 0
endloop
endfacet
facet normal 0 1 0
outer loop
vertex 252.5 -103.8575 2
vertex 234.5 -103.8575 0
vertex 234.50000000000003 -103.8575 2
endloop
endfacet
facet normal 0.08715574274766881 0.9961946980917447 0
outer loop
vertex 234.15270364466616 -103.82711550602441 2
vertex 234.50000000000003 -103.8575 2
vertex 234.5 -103.8575 0
endloop
endfacet
facet normal 0.08715574274766881 0.9961946980917447 0
outer loop
vertex 234.15270364466616 -103.82711550602441 2
vertex 234.5 -103.8575 0
vertex 234.15270364466613 -103.82711550602441 0
endloop
endfacet
facet normal 0.2588190451025059 0.9659258262890723 0
outer loop
vertex 233.81595971334863 -103.73688524157181 2
vertex 234.15270364466616 -103.82711550602441 2
vertex 234.15270364466613 -103.82711550602441 0
endloop
endfacet
facet normal 0.2588190451025059 0.9659258262890723 0
outer loop
vertex 233.81595971334863 -103.73688524157181 2
vertex 234.15270364466613 -103.82711550602441 0
vertex 233.81595971334858 -103.73688524157178 0
endloop
endfacet
facet normal 0.4226182617407002 0.9063077870366497 0
outer loop
vertex 233.50000000000003 -103.5895508075689 2
vertex 233.81595971334863 -103.73688524157181 2
vertex 233.81595971334858 -103.73688524157178 0
endloop
endfacet
facet normal 0.4226182617407002 0.9063077870366497 0
outer loop
vertex 233.50000000000003 -103.5895508075689 2
vertex 233.81595971334858 -103.73688524157178 0
vertex 233.50000000000006 -103.58955080756893 0
endloop
endfacet
facet normal 0.573576436351068 0.8191520442889765 0
outer loop
vertex 233.21442478062698 -103.389588886238 2
vertex 233.50000000000003 -103.5895508075689 2
vertex 233.50000000000006 -103.58955080756893 0
endloop
endfacet
facet normal 0.573576436351068 0.8191520442889765 0
outer loop
vertex 233.21442478062698 -103.389588886238 2
vertex 233.50000000000006 -103.58955080756893 0
vertex 233.21442478062704 -103.38958888623804 0
endloop
endfacet
facet normal 0.7071067811865618 0.7071067811865334 0
outer loop
vertex 232.96791111376206 -103.14307521937307 2
vertex 233.21442478062698 -103.389588886238 2
vertex 233.21442478062704 -103.38958888623804 0
endloop
endfacet
facet normal 0.7071067811865618 0.7071067811865334 0
outer loop
vertex 232.96791111376206 -103.14307521937307 2
vertex 233.21442478062704 -103.38958888623804 0
vertex 232.9679111137621 -103.1430752193731 0
endloop
endfacet
facet normal 0.8191520442889821 0.5735764363510599 0
outer loop
vertex 232.76794919243113 -102.8575 2
vertex 232.96791111376206 -103.14307521937307 2
vertex 232.9679111137621 -103.1430752193731 0
endloop
endfacet
facet normal 0.8191520442889821 0.5735764363510599 0
outer loop
vertex 232.76794919243113 -102.8575 2
vertex 232.9679111137621 -103.1430752193731 0
vertex 232.76794919243105 -102.85749999999983 0
endloop
endfacet
facet normal 0.9063077870366524 0.4226182617406946 0
outer loop
vertex 232.62061475842813 -102.54154028665123 2
vertex 232.76794919243113 -102.8575 2
vertex 232.76794919243105 -102.85749999999983 0
endloop
endfacet
facet normal 0.9063077870366524 0.4226182617406946 0
outer loop
vertex 232.62061475842813 -102.54154028665123 2
vertex 232.76794919243105 -102.85749999999983 0
vertex 232.62061475842816 -102.54154028665128 0
endloop
endfacet
facet normal 0 0 -1
outer loop
vertex 232.53038449397556 -102.20479635533381 2
vertex 232.6114936911098 -102.5075 2
vertex 232.62061475842813 -102.54154028665123 2
endloop
endfacet
facet normal 0 0 -1
outer loop
vertex 232.53038449397556 -102.20479635533381 2
vertex 232.62061475842813 -102.54154028665123 2
vertex 232.62061475842816 -102.54154028665128 0
endloop
endfacet
facet normal 0 0 -1
outer loop
vertex 232.53038449397556 -102.20479635533381 2
vertex 232.62061475842816 -102.54154028665128 0
vertex 232.6114936911098 -102.5075 0
endloop
endfacet
facet normal 0 0 -1
outer loop
vertex 232.53038449397556 -102.20479635533381 2
vertex 232.6114936911098 -102.5075 0
vertex 232.53038449397556 -102.20479635533378 0
endloop
endfacet
facet normal 0.9961946980917434 0.08715574274768315 0
outer loop
vertex 232.5 -101.85750000000024 2
vertex 232.53038449397556 -102.20479635533381 2
vertex 232.53038449397556 -102.20479635533378 0
endloop
endfacet
facet normal 0.9961946980917434 0.08715574274768315 0
outer loop
vertex 232.5 -101.85750000000024 2
vertex 232.53038449397556 -102.20479635533378 0
vertex 232.5 -101.85750000000026 0
endloop
endfacet
facet normal 1 0 0
outer loop
vertex 232.5 -97.5075 0
vertex 232.5 -95.85749999999989 0
vertex 232.5 -95.85749999999993 2
endloop
endfacet
facet normal 1 0 0
outer loop
vertex 232.5 -97.5075 0
vertex 232.5 -95.85749999999993 2
vertex 232.5 -97.5075 2
endloop
endfacet
facet normal 1 0 0
outer loop
vertex 232.5 -97.5075 0
vertex 232.5 -97.5075 2
vertex 232.5 -101.85750000000024 2
endloop
endfacet
facet normal 1 0 0
outer loop
vertex 232.5 -97.5075 0
vertex 232.5 -101.85750000000024 2
vertex 232.5 -101.85750000000026 0
endloop
endfacet
facet normal 0.9961946980917409 0.08715574274771135 0
outer loop
vertex 232.48480775301223 -95.68385182233318 2
vertex 232.5 -95.85749999999993 2
vertex 232.5 -95.85749999999989 0
endloop
endfacet
facet normal 0.9961946980917409 0.08715574274771135 0
outer loop
vertex 232.48480775301223 -95.68385182233318 2
vertex 232.5 -95.85749999999989 0
vertex 232.48480775301223 -95.6838518223332 0
endloop
endfacet
facet normal 0.9659258262890627 0.25881904510254217 0
outer loop
vertex 232.43969262078593 -95.5154798566744 2
vertex 232.48480775301223 -95.68385182233318 2
vertex 232.48480775301223 -95.6838518223332 0
endloop
endfacet
facet normal 0.9659258262890627 0.25881904510254217 0
outer loop
vertex 232.43969262078593 -95.5154798566744 2
vertex 232.48480775301223 -95.6838518223332 0
vertex 232.4396926207859 -95.51547985667432 0
endloop
endfacet
facet normal 0.9063077870366657 0.42261826174066586 0
outer loop
vertex 232.36602540378445 -95.3575 2
vertex 232.43969262078593 -95.5154798566744 2
vertex 232.4396926207859 -95.51547985667432 0
endloop
endfacet
facet normal 0.9063077870366657 0.42261826174066586 0
outer loop
vertex 232.36602540378445 -95.3575 2
vertex 232.4396926207859 -95.51547985667432 0
vertex 232.36602540378448 -95.35750000000003 0
endloop
endfacet
facet normal 0.8191520442889413 0.5735764363511181 0
outer loop
vertex 232.26604444311891 -95.21471239031338 2
vertex 232.36602540378445 -95.3575 2
vertex 232.36602540378448 -95.35750000000003 0
endloop
endfacet
facet normal 0.8191520442889413 0.5735764363511181 0
outer loop
vertex 232.26604444311891 -95.21471239031338 2
vertex 232.36602540378448 -95.35750000000003 0
vertex 232.26604444311894 -95.21471239031342 0
endloop
endfacet
facet normal 0.7071067811865618 0.7071067811865334 0
outer loop
vertex 232.1427876096866 -95.09145555688107 2
vertex 232.26604444311891 -95.21471239031338 2
vertex 232.26604444311894 -95.21471239031342 0
endloop
endfacet
facet normal 0.7071067811865618 0.7071067811865334 0
outer loop
vertex 232.1427876096866 -95.09145555688107 2
vertex 232.26604444311894 -95.21471239031342 0
vertex 232.14278760968648 -95.09145555688097 0
endloop
endfacet
facet normal 0.5735764363510745 0.819152044288972 0
outer loop
vertex 231.99999999999997 -94.99147459621555 2
vertex 232.1427876096866 -95.09145555688107 2
vertex 232.14278760968648 -95.09145555688097 0
endloop
endfacet
facet normal 0.5735764363510745 0.819152044288972 0
outer loop
vertex 231.99999999999997 -94.99147459621555 2
vertex 232.14278760968648 -95.09145555688097 0
vertex 232.00000000000009 -94.99147459621561 0
endloop
endfacet
facet normal 0.4226182617406895 0.9063077870366545 0
outer loop
vertex 231.84202014332564 -94.91780737921408 2
vertex 231.99999999999997 -94.99147459621555 2
vertex 232.00000000000009 -94.99147459621561 0
endloop
endfacet
facet normal 0.4226182617406895 0.9063077870366545 0
outer loop
vertex 231.84202014332564 -94.91780737921408 2
vertex 232.00000000000009 -94.99147459621561 0
vertex 231.84202014332564 -94.9178073792141 0
endloop
endfacet
facet normal 0.2588190451025057 0.9659258262890724 0
outer loop
vertex 231.67364817766688 -94.87269224698778 2
vertex 231.84202014332564 -94.91780737921408 2
vertex 231.84202014332564 -94.9178073792141 0
endloop
endfacet
facet normal 0.2588190451025057 0.9659258262890724 0
outer loop
vertex 231.67364817766688 -94.87269224698778 2
vertex 231.84202014332564 -94.9178073792141 0
vertex 231.6736481776669 -94.8726922469878 0
endloop
endfacet
facet normal 0.08715574274766881 0.9961946980917447 0
outer loop
vertex 231.5000000000001 -94.8575 2
vertex 231.67364817766688 -94.87269224698778 2
vertex 231.6736481776669 -94.8726922469878 0
endloop
endfacet
facet normal 0.08715574274766881 0.9961946980917447 0
outer loop
vertex 231.5000000000001 -94.8575 2
vertex 231.6736481776669 -94.8726922469878 0
vertex 231.49999999999997 -94.8575 0
endloop
endfacet
facet normal 0 1 0
outer loop
vertex 231.5000000000001 -94.8575 2
vertex 231.49999999999997 -94.8575 0
vertex 215.50000000000014 -94.8575 0
endloop
endfacet
facet normal 0 1 0
outer loop
vertex 231.5000000000001 -94.8575 2
vertex 215.50000000000014 -94.8575 0
vertex 215.5 -94.8575 2
endloop
endfacet
facet normal 0.087155742747683 0.9961946980917434 0
outer loop
vertex 215.32635182233307 -94.84230775301221 2
vertex 215.5 -94.8575 2
vertex 215.50000000000014 -94.8575 0
endloop
endfacet
facet normal 0.087155742747683 0.9961946980917434 0
outer loop
vertex 215.32635182233307 -94.84230775301221 2
vertex 215.50000000000014 -94.8575 0
vertex 215.32635182233298 -94.8423077530122 0
endloop
endfacet
facet normal 0.25881904510251297 0.9659258262890704 0
outer loop
vertex 215.15797985667442 -94.79719262078594 2
vertex 215.32635182233307 -94.84230775301221 2
vertex 215.32635182233298 -94.8423077530122 0
endloop
endfacet
facet normal 0.25881904510251297 0.9659258262890704 0
outer loop
vertex 215.15797985667442 -94.79719262078594 2
vertex 215.32635182233298 -94.8423077530122 0
vertex 215.15797985667433 -94.79719262078592 0
endloop
endfacet
facet normal 0.4226182617407341 0.906307787036634 0
outer loop
vertex 215 -94.72352540378444 2
vertex 215.15797985667442 -94.79719262078594 2
vertex 215.15797985667433 -94.79719262078592 0
endloop
endfacet
facet normal 0.4226182617407341 0.906307787036634 0
outer loop
vertex 215 -94.72352540378444 2
vertex 215.15797985667433 -94.79719262078592 0
vertex 215.0000000000001 -94.7235254037845 0
endloop
endfacet
facet normal 0 0 -1
outer loop
vertex 214.85721239031346 -94.62354444311897 2
vertex 214.89499484114037 -94.65 2
vertex 215 -94.72352540378444 2
endloop
endfacet
facet normal 0 0 -1
outer loop
vertex 214.85721239031346 -94.62354444311897 2
vertex 215 -94.72352540378444 2
vertex 215.0000000000001 -94.7235254037845 0
endloop
endfacet
facet normal 0 0 -1
outer loop
vertex 214.85721239031346 -94.62354444311897 2
vertex 215.0000000000001 -94.7235254037845 0
vertex 214.89499484114037 -94.65 0
endloop
endfacet
facet normal 0 0 -1
outer loop
vertex 214.85721239031346 -94.62354444311897 2
vertex 214.89499484114037 -94.65 0
vertex 214.85721239031344 -94.62354444311894 0
endloop
endfacet
facet normal 0.7071067811865404 0.7071067811865546 0
outer loop
vertex 214.73395555688114 -94.50028760968665 2
vertex 214.85721239031346 -94.62354444311897 2
vertex 214.85721239031344 -94.62354444311894 0
endloop
endfacet
facet normal 0.7071067811865404 0.7071067811865546 0
outer loop
vertex 214.73395555688114 -94.50028760968665 2
vertex 214.85721239031344 -94.62354444311894 0
vertex 214.7339555568811 -94.50028760968664 0
endloop
endfacet
facet normal 0.8191520442889414 0.5735764363511181 0
outer loop
vertex 214.63397459621544 -94.3574999999998 2
vertex 214.73395555688114 -94.50028760968665 2
vertex 214.7339555568811 -94.50028760968664 0
endloop
endfacet
facet normal 0.8191520442889414 0.5735764363511181 0
outer loop
vertex 214.63397459621544 -94.3574999999998 2
vertex 214.7339555568811 -94.50028760968664 0
vertex 214.63397459621547 -94.35749999999987 0
endloop
endfacet
facet normal 0.9063077870366791 0.42261826174063705 0
outer loop
vertex 214.56030737921407 -94.19952014332563 2
vertex 214.63397459621544 -94.3574999999998 2
vertex 214.63397459621547 -94.35749999999987 0
endloop
endfacet
facet normal 0.9063077870366791 0.42261826174063705 0
outer loop
vertex 214.56030737921407 -94.19952014332563 2
vertex 214.63397459621547 -94.35749999999987 0
vertex 214.5603073792141 -94.19952014332569 0
endloop
endfacet
facet normal 0.965925826289063 0.25881904510254033 0
outer loop
vertex 214.51519224698774 -94.03114817766685 2
vertex 214.56030737921407 -94.19952014332563 2
vertex 214.5603073792141 -94.19952014332569 0
endloop
endfacet
facet normal 0.965925826289063 0.25881904510254033 0
outer loop
vertex 214.51519224698774 -94.03114817766685 2
vertex 214.5603073792141 -94.19952014332569 0
vertex 214.51519224698777 -94.03114817766686 0
endloop
endfacet
facet normal 0.9961946980917434 0.08715574274768315 0
outer loop
vertex 214.5 -93.85750000000041 2
vertex 214.51519224698774 -94.03114817766685 2
vertex 214.51519224698777 -94.03114817766686 0
endloop
endfacet
facet normal 0.9961946980917434 0.08715574274768315 0
outer loop
vertex 214.5 -93.85750000000041 2
vertex 214.51519224698777 -94.03114817766686 0
vertex 214.5 -93.85750000000024 0
endloop
endfacet
facet normal 1 0 0
outer loop
vertex 214.5 -92.99999999999976 0
vertex 214.5 -92.99999999999996 2
vertex 214.5 -93.85750000000041 2
endloop
endfacet
facet normal 1 0 0
outer loop
vertex 214.5 -92.99999999999976 0
vertex 214.5 -93.85750000000041 2
vertex 214.5 -93.85750000000024 0
endloop
endfacet
facet normal 0.9961946980917434 0.08715574274768315 0
outer loop
vertex 214.48480775301218 -92.82635182233304 2
vertex 214.5 -92.99999999999996 2
vertex 214.5 -92.99999999999976 0
endloop
endfacet
facet normal 0.9961946980917434 0.08715574274768315 0
outer loop
vertex 214.48480775301218 -92.82635182233304 2
vertex 214.5 -92.99999999999976 0
vertex 214.4848077530122 -92.82635182233314 0
endloop
endfacet
facet normal 0.9659258262890627 0.25881904510254217 0
outer loop
vertex 214.4396926207859 -92.6579798566744 2
vertex 214.48480775301218 -92.82635182233304 2
vertex 214.4848077530122 -92.82635182233314 0
endloop
endfacet
facet normal 0.9659258262890627 0.25881904510254217 0
outer loop
vertex 214.4396926207859 -92.6579798566744 2
vertex 214.4848077530122 -92.82635182233314 0
vertex 214.43969262078582 -92.65797985667432 0
endloop
endfacet
facet normal 0.9063077870366791 0.42261826174063705 0
outer loop
vertex 214.36602540378445 -92.50000000000014 2
vertex 214.4396926207859 -92.6579798566744 2
vertex 214.43969262078582 -92.65797985667432 0
endloop
endfacet
facet normal 0.9063077870366791 0.42261826174063705 0
outer loop
vertex 214.36602540378445 -92.50000000000014 2
vertex 214.43969262078582 -92.65797985667432 0
vertex 214.3660254037845 -92.5 0
endloop
endfacet
facet normal 0.8191520442889414 0.5735764363511181 0
outer loop
vertex 214.26604444311903 -92.35721239031324 2
vertex 214.36602540378445 -92.50000000000014 2
vertex 214.3660254037845 -92.5 0
endloop
endfacet
facet normal 0.8191520442889414 0.5735764363511181 0
outer loop
vertex 214.26604444311903 -92.35721239031324 2
vertex 214.3660254037845 -92.5 0
vertex 214.26604444311894 -92.35721239031339 0
endloop
endfacet
facet normal 0.7071067811865405 0.7071067811865547 0
outer loop
vertex 214.1427876096865 -92.23395555688106 2
vertex 214.26604444311903 -92.35721239031324 2
vertex 214.26604444311894 -92.35721239031339 0
endloop
endfacet
facet normal 0.7071067811865405 0.7071067811865547 0
outer loop
vertex 214.1427876096865 -92.23395555688106 2
vertex 214.26604444311894 -92.35721239031339 0
vertex 214.14278760968656 -92.23395555688107 0
endloop
endfacet
facet normal 0.573576436351068 0.8191520442889765 0
outer loop
vertex 214.00000000000009 -92.13397459621562 2
vertex 214.1427876096865 -92.23395555688106 2
vertex 214.14278760968656 -92.23395555688107 0
endloop
endfacet
facet normal 0.573576436351068 0.8191520442889765 0
outer loop
vertex 214.00000000000009 -92.13397459621562 2
vertex 214.14278760968656 -92.23395555688107 0
vertex 214.00000000000003 -92.13397459621555 0
endloop
endfacet
facet normal 0.42261826174072326 0.906307787036639 0
outer loop
vertex 213.84202014332564 -92.06030737921412 2
vertex 214.00000000000009 -92.13397459621562 2
vertex 214.00000000000003 -92.13397459621555 0
endloop
endfacet
facet normal 0.42261826174072326 0.906307787036639 0
outer loop
vertex 213.84202014332564 -92.06030737921412 2
vertex 214.00000000000003 -92.13397459621555 0
vertex 213.8420201433256 -92.06030737921412 0
endloop
endfacet
facet normal 0.25881904510251275 0.9659258262890704 0
outer loop
vertex 213.67364817766685 -92.01519224698777 2
vertex 213.84202014332564 -92.06030737921412 2
vertex 213.8420201433256 -92.06030737921412 0
endloop
endfacet
facet normal 0.25881904510251275 0.9659258262890704 0
outer loop
vertex 213.67364817766685 -92.01519224698777 2
vertex 213.8420201433256 -92.06030737921412 0
vertex 213.67364817766688 -92.01519224698777 0
endloop
endfacet
facet normal 0.08715574274765456 0.996194698091746 0
outer loop
vertex 213.50000000000023 -92 2
vertex 213.67364817766685 -92.01519224698777 2
vertex 213.67364817766688 -92.01519224698777 0
endloop
endfacet
facet normal 0.08715574274765456 0.996194698091746 0
outer loop
vertex 213.50000000000023 -92 2
vertex 213.67364817766688 -92.01519224698777 0
vertex 213.5000000000001 -92 0
endloop
endfacet
facet normal 0 1 0
outer loop
vertex 174.49999999999991 -92 2
vertex 174.49999999999994 -92 0
vertex 158.49999999999991 -92 0
endloop
endfacet
facet normal 0 1 0
outer loop
vertex 174.49999999999991 -92 2
vertex 158.49999999999991 -92 0
vertex 158.49999999999991 -92 2
endloop
endfacet
facet normal 0 1 0
outer loop
vertex 213.50000000000023 -92 2
vertex 213.5000000000001 -92 0
vertex 197.50000000000003 -92 0
endloop
endfacet
facet normal 0 1 0
outer loop
vertex 213.50000000000023 -92 2
vertex 197.50000000000003 -92 0
vertex 197.49999999999994 -92 2
endloop
endfacet
facet normal 0.08715574274766881 0.9961946980917447 0
outer loop
vertex 197.32635182233284 -91.98480775301219 2
vertex 197.49999999999994 -92 2
vertex 197.50000000000003 -92 0
endloop
endfacet
facet normal 0.08715574274766881 0.9961946980917447 0
outer loop
vertex 197.32635182233284 -91.98480775301219 2
vertex 197.50000000000003 -92 0
vertex 197.32635182233304 -91.9848077530122 0
endloop
endfacet
facet normal 0.2588190451025413 0.9659258262890629 0
outer loop
vertex 197.15797985667453 -91.93969262078595 2
vertex 197.32635182233284 -91.98480775301219 2
vertex 197.32635182233304 -91.9848077530122 0
endloop
endfacet
facet normal 0.2588190451025413 0.9659258262890629 0
outer loop
vertex 197.15797985667453 -91.93969262078595 2
vertex 197.32635182233304 -91.9848077530122 0
vertex 197.1579798566743 -91.93969262078593 0
endloop
endfacet
facet normal 0.4226182617407234 0.9063077870366388 0
outer loop
vertex 196.9999999999996 -91.86602540378432 2
vertex 197.15797985667453 -91.93969262078595 2
vertex 197.1579798566743 -91.93969262078593 0
endloop
endfacet
facet normal 0.4226182617407234 0.9063077870366388 0
outer loop
vertex 196.9999999999996 -91.86602540378432 2
vertex 197.1579798566743 -91.93969262078593 0
vertex 197.00000000000006 -91.86602540378439 0
endloop
endfacet
facet normal 0.5735764363510616 0.8191520442889809 0
outer loop
vertex 196.8572123903138 -91.76604444311909 2
vertex 196.9999999999996 -91.86602540378432 2
vertex 197.00000000000006 -91.86602540378439 0
endloop
endfacet
facet normal 0.5735764363510616 0.8191520442889809 0
outer loop
vertex 196.8572123903138 -91.76604444311909 2
vertex 197.00000000000006 -91.86602540378439 0
vertex 196.8572123903135 -91.7660444431191 0
endloop
endfacet
facet normal 0.7071067811865476 0.7071067811865476 0
outer loop
vertex 196.73395555688117 -91.64278760968669 2
vertex 196.8572123903138 -91.76604444311909 2
vertex 196.8572123903135 -91.7660444431191 0
endloop
endfacet
facet normal 0.7071067811865476 0.7071067811865476 0
outer loop
vertex 196.73395555688117 -91.64278760968669 2
vertex 196.8572123903135 -91.7660444431191 0
vertex 196.73395555688109 -91.64278760968665 0
endloop
endfacet
facet normal 0.8191520442889414 0.5735764363511181 0
outer loop
vertex 196.63397459621532 -91.49999999999987 2
vertex 196.73395555688117 -91.64278760968669 2
vertex 196.73395555688109 -91.64278760968665 0
endloop
endfacet
facet normal 0.8191520442889414 0.5735764363511181 0
outer loop
vertex 196.63397459621532 -91.49999999999987 2
vertex 196.73395555688109 -91.64278760968665 0
vertex 196.6339745962155 -91.49999999999974 0
endloop
endfacet
facet normal 0.9063077870366791 0.42261826174063705 0
outer loop
vertex 196.56030737921412 -91.3420201433256 2
vertex 196.63397459621532 -91.49999999999987 2
vertex 196.6339745962155 -91.49999999999974 0
endloop
endfacet
facet normal 0.9063077870366791 0.42261826174063705 0
outer loop
vertex 196.56030737921412 -91.3420201433256 2
vertex 196.6339745962155 -91.49999999999974 0
vertex 196.56030737921412 -91.34202014332566 0
endloop
endfacet
facet normal 0.9659258262890627 0.25881904510254217 0
outer loop
vertex 196.51519224698782 -91.17364817766693 2
vertex 196.56030737921412 -91.3420201433256 2
vertex 196.56030737921412 -91.34202014332566 0
endloop
endfacet
facet normal 0.9659258262890627 0.25881904510254217 0
outer loop
vertex 196.51519224698782 -91.17364817766693 2
vertex 196.56030737921412 -91.34202014332566 0
vertex 196.5151922469878 -91.17364817766703 0
endloop
endfacet
facet normal 0.9961946980917434 0.087155742747683 0
outer loop
vertex 196.5 -90.99999999999974 2
vertex 196.51519224698782 -91.17364817766693 2
vertex 196.5151922469878 -91.17364817766703 0
endloop
endfacet
facet normal 0.9961946980917434 0.087155742747683 0
outer loop
vertex 196.5 -90.99999999999974 2
vertex 196.5151922469878 -91.17364817766703 0
vertex 196.5 -90.99999999999979 0
endloop
endfacet
facet normal 1 0 0
outer loop
vertex 196.5 -89.8875 0
vertex 196.5 -88.23749999999977 0
vertex 196.5 -88.2375 2
endloop
endfacet
facet normal 1 0 0
outer loop
vertex 196.5 -89.8875 0
vertex 196.5 -88.2375 2
vertex 196.5 -89.8875 2
endloop
endfacet
facet normal 1 0 0
outer loop
vertex 196.5 -89.8875 0
vertex 196.5 -89.8875 2
vertex 196.5 -90.99999999999974 2
endloop
endfacet
facet normal 1 0 0
outer loop
vertex 196.5 -89.8875 0
vertex 196.5 -90.99999999999974 2
vertex 196.5 -90.99999999999979 0
endloop
endfacet
facet normal 0.9961946980917434 0.087155742747683 0
outer loop
vertex 196.4848077530122 -88.06385182233308 2
vertex 196.5 -88.2375 2
vertex 196.5 -88.23749999999977 0
endloop
endfacet
facet normal 0.9961946980917434 0.087155742747683 0
outer loop
vertex 196.4848077530122 -88.06385182233308 2
vertex 196.5 -88.23749999999977 0
vertex 196.48480775301223 -88.06385182233315 0
endloop
endfacet
facet normal 0.965925826289063 0.25881904510254033 0
outer loop
vertex 196.43969262078588 -87.8954798566744 2
vertex 196.4848077530122 -88.06385182233308 2
vertex 196.48480775301223 -88.06385182233315 0
endloop
endfacet
facet normal 0.965925826289063 0.25881904510254033 0
outer loop
vertex 196.43969262078588 -87.8954798566744 2
vertex 196.48480775301223 -88.06385182233315 0
vertex 196.43969262078596 -87.89547985667434 0
endloop
endfacet
facet normal 0.9063077870366791 0.42261826174063705 0
outer loop
vertex 196.36602540378445 -87.73750000000004 2
vertex 196.43969262078588 -87.8954798566744 2
vertex 196.43969262078596 -87.89547985667434 0
endloop
endfacet
facet normal 0.9063077870366791 0.42261826174063705 0
outer loop
vertex 196.36602540378445 -87.73750000000004 2
vertex 196.43969262078596 -87.89547985667434 0
vertex 196.3660254037844 -87.73750000000017 0
endloop
endfacet
facet normal 0.8191520442889414 0.5735764363511181 0
outer loop
vertex 196.26604444311897 -87.59471239031339 2
vertex 196.36602540378445 -87.73750000000004 2
vertex 196.3660254037844 -87.73750000000017 0
endloop
endfacet
facet normal 0.8191520442889414 0.5735764363511181 0
outer loop
vertex 196.26604444311897 -87.59471239031339 2
vertex 196.3660254037844 -87.73750000000017 0
vertex 196.2660444431189 -87.59471239031343 0
endloop
endfacet
facet normal 0.7071067811865476 0.7071067811865476 0
outer loop
vertex 196.14278760968654 -87.47145555688088 2
vertex 196.26604444311897 -87.59471239031339 2
vertex 196.2660444431189 -87.59471239031343 0
endloop
endfacet
facet normal 0.7071067811865476 0.7071067811865476 0
outer loop
vertex 196.14278760968654 -87.47145555688088 2
vertex 196.2660444431189 -87.59471239031343 0
vertex 196.1427876096866 -87.47145555688088 0
endloop
endfacet
facet normal 0.5735764363510616 0.8191520442889809 0
outer loop
vertex 195.99999999999997 -87.37147459621563 2
vertex 196.14278760968654 -87.47145555688088 2
vertex 196.1427876096866 -87.47145555688088 0
endloop
endfacet
facet normal 0.5735764363510616 0.8191520442889809 0
outer loop
vertex 195.99999999999997 -87.37147459621563 2
vertex 196.1427876096866 -87.47145555688088 0
vertex 196.00000000000009 -87.37147459621555 0
endloop
endfacet
facet normal 0.42261826174070105 0.9063077870366492 0
outer loop
vertex 195.84202014332567 -87.2978073792141 2
vertex 195.99999999999997 -87.37147459621563 2
vertex 196.00000000000009 -87.37147459621555 0
endloop
endfacet
facet normal 0.42261826174070105 0.9063077870366492 0
outer loop
vertex 195.84202014332567 -87.2978073792141 2
vertex 196.00000000000009 -87.37147459621555 0
vertex 195.8420201433256 -87.29780737921412 0
endloop
endfacet
facet normal 0.25881904510251275 0.9659258262890704 0
outer loop
vertex 195.67364817766676 -87.25269224698779 2
vertex 195.84202014332567 -87.2978073792141 2
vertex 195.8420201433256 -87.29780737921412 0
endloop
endfacet
facet normal 0.25881904510251275 0.9659258262890704 0
outer loop
vertex 195.67364817766676 -87.25269224698779 2
vertex 195.8420201433256 -87.29780737921412 0
vertex 195.6736481776668 -87.25269224698776 0
endloop
endfacet
facet normal 0.08715574274768298 0.9961946980917433 0
outer loop
vertex 195.50000000000014 -87.2375 2
vertex 195.67364817766676 -87.25269224698779 2
vertex 195.6736481776668 -87.25269224698776 0
endloop
endfacet
facet normal 0.08715574274768298 0.9961946980917433 0
outer loop
vertex 195.50000000000014 -87.2375 2
vertex 195.6736481776668 -87.25269224698776 0
vertex 195.50000000000034 -87.2375 0
endloop
endfacet
facet normal 0 1 0
outer loop
vertex 195.50000000000014 -87.2375 2
vertex 195.50000000000034 -87.2375 0
vertex 176.49999999999986 -87.2375 0
endloop
endfacet
facet normal 0 1 0
outer loop
vertex 195.50000000000014 -87.2375 2
vertex 176.49999999999986 -87.2375 0
vertex 176.5 -87.2375 2
endloop
endfacet
facet normal -0.08715574274766874 0.9961946980917448 0
outer loop
vertex 176.32635182233312 -87.25269224698779 2
vertex 176.5 -87.2375 2
vertex 176.49999999999986 -87.2375 0
endloop
endfacet
facet normal -0.08715574274766874 0.9961946980917448 0
outer loop
vertex 176.32635182233312 -87.25269224698779 2
vertex 176.49999999999986 -87.2375 0
vertex 176.32635182233318 -87.25269224698776 0
endloop
endfacet
facet normal -0.2588190451025271 0.9659258262890666 0
outer loop
vertex 176.1579798566743 -87.2978073792141 2
vertex 176.32635182233312 -87.25269224698779 2
vertex 176.32635182233318 -87.25269224698776 0
endloop
endfacet
facet normal -0.2588190451025271 0.9659258262890666 0
outer loop
vertex 176.1579798566743 -87.2978073792141 2
vertex 176.32635182233318 -87.25269224698776 0
vertex 176.15797985667422 -87.29780737921412 0
endloop
endfacet
facet normal -0.42261826174069467 0.9063077870366524 0
outer loop
vertex 175.99999999999983 -87.37147459621563 2
vertex 176.1579798566743 -87.2978073792141 2
vertex 176.15797985667422 -87.29780737921412 0
endloop
endfacet
facet normal -0.42261826174069467 0.9063077870366524 0
outer loop
vertex 175.99999999999983 -87.37147459621563 2
vertex 176.15797985667422 -87.29780737921412 0
vertex 175.99999999999997 -87.37147459621555 0
endloop
endfacet
facet normal -0.5735764363510599 0.819152044288982 0
outer loop
vertex 175.8572123903136 -87.47145555688088 2
vertex 175.99999999999983 -87.37147459621563 2
vertex 175.99999999999997 -87.37147459621555 0
endloop
endfacet
facet normal -0.5735764363510599 0.819152044288982 0
outer loop
vertex 175.8572123903136 -87.47145555688088 2
vertex 175.99999999999997 -87.37147459621555 0
vertex 175.85721239031363 -87.47145555688088 0
endloop
endfacet
facet normal -0.7071067811865476 0.7071067811865476 0
outer loop
vertex 175.73395555688109 -87.59471239031339 2
vertex 175.8572123903136 -87.47145555688088 2
vertex 175.85721239031363 -87.47145555688088 0
endloop
endfacet
facet normal -0.7071067811865476 0.7071067811865476 0
outer loop
vertex 175.73395555688109 -87.59471239031339 2
vertex 175.85721239031363 -87.47145555688088 0
vertex 175.73395555688109 -87.59471239031343 0
endloop
endfacet
facet normal -0.8191520442889414 0.5735764363511181 0
outer loop
vertex 175.63397459621552 -87.73750000000004 2
vertex 175.73395555688109 -87.59471239031339 2
vertex 175.73395555688109 -87.59471239031343 0
endloop
endfacet
facet normal -0.8191520442889414 0.5735764363511181 0
outer loop
vertex 175.63397459621552 -87.73750000000004 2
vertex 175.73395555688109 -87.59471239031343 0
vertex 175.63397459621547 -87.73750000000017 0
endloop
endfacet
facet normal -0.9063077870366791 0.42261826174063705 0
outer loop
vertex 175.56030737921407 -87.8954798566744 2
vertex 175.63397459621552 -87.73750000000004 2
vertex 175.63397459621547 -87.73750000000017 0
endloop
endfacet
facet normal -0.9063077870366791 0.42261826174063705 0
outer loop
vertex 175.56030737921407 -87.8954798566744 2
vertex 175.63397459621547 -87.73750000000017 0
vertex 175.5603073792141 -87.89547985667434 0
endloop
endfacet
facet normal -0.9659258262890631 0.2588190451025404 0
outer loop
vertex 175.5151922469878 -88.06385182233308 2
vertex 175.56030737921407 -87.8954798566744 2
vertex 175.5603073792141 -87.89547985667434 0
endloop
endfacet
facet normal -0.9659258262890631 0.2588190451025404 0
outer loop
vertex 175.5151922469878 -88.06385182233308 2
vertex 175.5603073792141 -87.89547985667434 0
vertex 175.51519224698777 -88.06385182233315 0
endloop
endfacet
facet normal -0.9961946980917434 0.087155742747683 0
outer loop
vertex 175.5 -88.2375 2
vertex 175.5151922469878 -88.06385182233308 2
vertex 175.51519224698777 -88.06385182233315 0
endloop
endfacet
facet normal -0.9961946980917434 0.087155742747683 0
outer loop
vertex 175.5 -88.2375 2
vertex 175.51519224698777 -88.06385182233315 0
vertex 175.5 -88.23749999999977 0
endloop
endfacet
facet normal -1 0 0
outer loop
vertex 175.5 -89.8875 2
vertex 175.5 -88.2375 2
vertex 175.5 -88.23749999999977 0
endloop
endfacet
facet normal -1 0 0
outer loop
vertex 175.5 -89.8875 2
vertex 175.5 -88.23749999999977 0
vertex 175.5 -89.8875 0
endloop
endfacet
facet normal -1 0 0
outer loop
vertex 175.5 -89.8875 2
vertex 175.5 -89.8875 0
vertex 175.5 -90.99999999999979 0
endloop
endfacet
facet normal -1 0 0
outer loop
vertex 175.5 -89.8875 2
vertex 175.5 -90.99999999999979 0
vertex 175.5 -90.99999999999974 2
endloop
endfacet
facet normal -0.9961946980917433 0.087155742747683 0
outer loop
vertex 175.48480775301218 -91.17364817766693 2
vertex 175.5 -90.99999999999974 2
vertex 175.5 -90.99999999999979 0
endloop
endfacet
facet normal -0.9961946980917433 0.087155742747683 0
outer loop
vertex 175.48480775301218 -91.17364817766693 2
vertex 175.5 -90.99999999999979 0
vertex 175.48480775301218 -91.17364817766703 0
endloop
endfacet
facet normal -0.9659258262890631 0.2588190451025404 0
outer loop
vertex 175.43969262078593 -91.3420201433256 2
vertex 175.48480775301218 -91.17364817766693 2
vertex 175.48480775301218 -91.17364817766703 0
endloop
endfacet
facet normal -0.9659258262890631 0.2588190451025404 0
outer loop
vertex 175.43969262078593 -91.3420201433256 2
vertex 175.48480775301218 -91.17364817766703 0
vertex 175.4396926207859 -91.34202014332566 0
endloop
endfacet
facet normal -0.9063077870366791 0.42261826174063705 0
outer loop
vertex 175.3660254037845 -91.49999999999987 2
vertex 175.43969262078593 -91.3420201433256 2
vertex 175.4396926207859 -91.34202014332566 0
endloop
endfacet
facet normal -0.9063077870366791 0.42261826174063705 0
outer loop
vertex 175.3660254037845 -91.49999999999987 2
vertex 175.4396926207859 -91.34202014332566 0
vertex 175.36602540378456 -91.49999999999974 0
endloop
endfacet
facet normal -0.8191520442889414 0.5735764363511181 0
outer loop
vertex 175.26604444311883 -91.64278760968669 2
vertex 175.3660254037845 -91.49999999999987 2
vertex 175.36602540378456 -91.49999999999974 0
endloop
endfacet
facet normal -0.8191520442889414 0.5735764363511181 0
outer loop
vertex 175.26604444311883 -91.64278760968669 2
vertex 175.36602540378456 -91.49999999999974 0
vertex 175.26604444311883 -91.64278760968665 0
endloop
endfacet
facet normal -0.7071067811865476 0.7071067811865476 0
outer loop
vertex 175.14278760968642 -91.76604444311909 2
vertex 175.26604444311883 -91.64278760968669 2
vertex 175.26604444311883 -91.64278760968665 0
endloop
endfacet
facet normal -0.7071067811865476 0.7071067811865476 0
outer loop
vertex 175.14278760968642 -91.76604444311909 2
vertex 175.26604444311883 -91.64278760968665 0
vertex 175.1427876096864 -91.7660444431191 0
endloop
endfacet
facet normal -0.5735764363510599 0.819152044288982 0
outer loop
vertex 175.00000000000023 -91.86602540378432 2
vertex 175.14278760968642 -91.76604444311909 2
vertex 175.1427876096864 -91.7660444431191 0
endloop
endfacet
facet normal -0.5735764363510599 0.819152044288982 0
outer loop
vertex 175.00000000000023 -91.86602540378432 2
vertex 175.1427876096864 -91.7660444431191 0
vertex 175.00000000000009 -91.86602540378439 0
endloop
endfacet
facet normal -0.42261826174069467 0.9063077870366523 0
outer loop
vertex 174.84202014332558 -91.93969262078595 2
vertex 175.00000000000023 -91.86602540378432 2
vertex 175.00000000000009 -91.86602540378439 0
endloop
endfacet
facet normal -0.42261826174069467 0.9063077870366523 0
outer loop
vertex 174.84202014332558 -91.93969262078595 2
vertex 175.00000000000009 -91.86602540378439 0
vertex 174.8420201433256 -91.93969262078593 0
endloop
endfacet
facet normal -0.25881904510254217 0.9659258262890627 0
outer loop
vertex 174.67364817766708 -91.98480775301219 2
vertex 174.84202014332558 -91.93969262078595 2
vertex 174.8420201433256 -91.93969262078593 0
endloop
endfacet
facet normal -0.25881904510254217 0.9659258262890627 0
outer loop
vertex 174.67364817766708 -91.98480775301219 2
vertex 174.8420201433256 -91.93969262078593 0
vertex 174.67364817766696 -91.9848077530122 0
endloop
endfacet
facet normal -0.08715574274765463 0.9961946980917459 0
outer loop
vertex 174.49999999999991 -92 2
vertex 174.67364817766708 -91.98480775301219 2
vertex 174.67364817766696 -91.9848077530122 0
endloop
endfacet
facet normal -0.08715574274765463 0.9961946980917459 0
outer loop
vertex 174.49999999999991 -92 2
vertex 174.67364817766696 -91.9848077530122 0
vertex 174.49999999999994 -92 0
endloop
endfacet
facet normal -0.087155742747683 0.9961946980917434 0
outer loop
vertex 158.32635182233324 -92.01519224698777 2
vertex 158.49999999999991 -92 2
vertex 158.49999999999991 -92 0
endloop
endfacet
facet normal -0.087155742747683 0.9961946980917434 0
outer loop
vertex 158.32635182233324 -92.01519224698777 2
vertex 158.49999999999991 -92 0
vertex 158.32635182233324 -92.01519224698777 0
endloop
endfacet
facet normal -0.2588190451025271 0.9659258262890666 0
outer loop
vertex 158.1579798566743 -92.06030737921412 2
vertex 158.32635182233324 -92.01519224698777 2
vertex 158.32635182233324 -92.01519224698777 0
endloop
endfacet
facet normal -0.2588190451025271 0.9659258262890666 0
outer loop
vertex 158.1579798566743 -92.06030737921412 2
vertex 158.32635182233324 -92.01519224698777 0
vertex 158.15797985667427 -92.06030737921412 0
endloop
endfacet
facet normal -0.42261826174069467 0.9063077870366524 0
outer loop
vertex 157.99999999999991 -92.13397459621562 2
vertex 158.1579798566743 -92.06030737921412 2
vertex 158.15797985667427 -92.06030737921412 0
endloop
endfacet
facet normal -0.42261826174069467 0.9063077870366524 0
outer loop
vertex 157.99999999999991 -92.13397459621562 2
vertex 158.15797985667427 -92.06030737921412 0
vertex 158.00000000000003 -92.13397459621555 0
endloop
endfacet
facet normal -0.5735764363510599 0.819152044288982 0
outer loop
vertex 157.8572123903134 -92.23395555688106 2
vertex 157.99999999999991 -92.13397459621562 2
vertex 158.00000000000003 -92.13397459621555 0
endloop
endfacet
facet normal -0.5735764363510599 0.819152044288982 0
outer loop
vertex 157.8572123903134 -92.23395555688106 2
vertex 158.00000000000003 -92.13397459621555 0
vertex 157.8572123903134 -92.23395555688107 0
endloop
endfacet
facet normal -0.7071067811865547 0.7071067811865405 0
outer loop
vertex 157.73395555688123 -92.35721239031324 2
vertex 157.8572123903134 -92.23395555688106 2
vertex 157.8572123903134 -92.23395555688107 0
endloop
endfacet
facet normal -0.7071067811865547 0.7071067811865405 0
outer loop
vertex 157.73395555688123 -92.35721239031324 2
vertex 157.8572123903134 -92.23395555688107 0
vertex 157.73395555688109 -92.35721239031339 0
endloop
endfacet
facet normal -0.8191520442889414 0.5735764363511181 0
outer loop
vertex 157.6339745962155 -92.50000000000014 2
vertex 157.73395555688123 -92.35721239031324 2
vertex 157.73395555688109 -92.35721239031339 0
endloop
endfacet
facet normal -0.8191520442889414 0.5735764363511181 0
outer loop
vertex 157.6339745962155 -92.50000000000014 2
vertex 157.73395555688109 -92.35721239031339 0
vertex 157.63397459621555 -92.5 0
endloop
endfacet
facet normal -0.9063077870366791 0.42261826174063705 0
outer loop
vertex 157.56030737921407 -92.6579798566744 2
vertex 157.6339745962155 -92.50000000000014 2
vertex 157.63397459621555 -92.5 0
endloop
endfacet
facet normal -0.9063077870366791 0.42261826174063705 0
outer loop
vertex 157.56030737921407 -92.6579798566744 2
vertex 157.63397459621555 -92.5 0
vertex 157.5603073792141 -92.65797985667432 0
endloop
endfacet
facet normal -0.9659258262890631 0.2588190451025404 0
outer loop
vertex 157.5151922469878 -92.82635182233304 2
vertex 157.56030737921407 -92.6579798566744 2
vertex 157.5603073792141 -92.65797985667432 0
endloop
endfacet
facet normal -0.9659258262890631 0.2588190451025404 0
outer loop
vertex 157.5151922469878 -92.82635182233304 2
vertex 157.5603073792141 -92.65797985667432 0
vertex 157.51519224698777 -92.82635182233314 0
endloop
endfacet
facet normal -0.9961946980917459 0.08715574274765463 0
outer loop
vertex 157.5 -92.99999999999996 2
vertex 157.5151922469878 -92.82635182233304 2
vertex 157.51519224698777 -92.82635182233314 0
endloop
endfacet
facet normal -0.9961946980917459 0.08715574274765463 0
outer loop
vertex 157.5 -92.99999999999996 2
vertex 157.51519224698777 -92.82635182233314 0
vertex 157.5 -92.99999999999976 0
endloop
endfacet
facet normal -1 0 0
outer loop
vertex 157.5 -103.8575 2
vertex 157.5 -103.82711550602441 2
vertex 157.5 -103.73688524157181 2
endloop
endfacet
facet normal -1 0 0
outer loop
vertex 157.5 -103.8575 2
vertex 157.5 -103.73688524157181 2
vertex 157.5 -103.5895508075689 2
endloop
endfacet
facet normal -1 0 0
outer loop
vertex 157.5 -103.8575 2
vertex 157.5 -103.5895508075689 2
vertex 157.5 -103.389588886238 2
endloop
endfacet
facet normal -1 0 0
outer loop
vertex 157.5 -103.8575 2
vertex 157.5 -103.389588886238 2
vertex 157.5 -103.14307521937307 2
endloop
endfacet
facet normal -1 0 0
outer loop
vertex 157.5 -103.8575 2
vertex 157.5 -103.14307521937307 2
vertex 157.5 -102.8575 2
endloop
endfacet
facet normal -1 0 0
outer loop
vertex 157.5 -103.8575 2
vertex 157.5 -102.8575 2
vertex 157.5 -102.54154028665123 2
endloop
endfacet
facet normal -1 0 0
outer loop
vertex 157.5 -103.8575 2
vertex 157.5 -102.54154028665123 2
vertex 157.5 -102.5075 2
endloop
endfacet
facet normal -1 0 0
outer loop
vertex 157.5 -103.8575 2
vertex 157.5 -102.5075 2
vertex 157.5 -99.65 2
endloop
endfacet
facet normal -1 0 0
outer loop
vertex 157.5 -103.8575 2
vertex 157.5 -99.65 2
vertex 157.5 -94.65 2
endloop
endfacet
facet normal -1 0 0
outer loop
vertex 157.5 -103.8575 2
vertex 157.5 -94.65 2
vertex 157.5 -92.99999999999996 2
endloop
endfacet
facet normal -1 0 0
outer loop
vertex 157.5 -103.8575 2
vertex 157.5 -92.99999999999996 2
vertex 157.5 -92.99999999999976 0
endloop
endfacet
facet normal -1 0 0
outer loop
vertex 157.5 -103.8575 2
vertex 157.5 -92.99999999999976 0
vertex 157.5 -94.65 0
endloop
endfacet
facet normal -1 0 0
outer loop
vertex 157.5 -103.8575 2
vertex 157.5 -94.65 0
vertex 157.5 -99.65 0
endloop
endfacet
facet normal -1 0 0
outer loop
vertex 157.5 -103.8575 2
vertex 157.5 -99.65 0
vertex 157.5 -102.5075 0
endloop
endfacet
facet normal -1 0 0
outer loop
vertex 157.5 -103.8575 2
vertex 157.5 -102.5075 0
vertex 157.5 -102.54154028665128 0
endloop
endfacet
facet normal -1 0 0
outer loop
vertex 157.5 -103.8575 2
vertex 157.5 -102.54154028665128 0
vertex 157.5 -102.85749999999983 0
endloop
endfacet
facet normal -1 0 0
outer loop
vertex 157.5 -103.8575 2
vertex 157.5 -102.85749999999983 0
vertex 157.5 -103.1430752193731 0
endloop
endfacet
facet normal -1 0 0
outer loop
vertex 157.5 -103.8575 2
vertex 157.5 -103.1430752193731 0
vertex 157.5 -103.38958888623804 0
endloop
endfacet
facet normal -1 0 0
outer loop
vertex 157.5 -103.8575 2
vertex 157.5 -103.38958888623804 0
vertex 157.5 -103.58955080756893 0
endloop
endfacet
facet normal -1 0 0
outer loop
vertex 157.5 -103.8575 2
vertex 157.5 -103.58955080756893 0
vertex 157.5 -103.73688524157178 0
endloop
endfacet
facet normal -1 0 0
outer loop
vertex 157.5 -103.8575 2
vertex 157.5 -103.73688524157178 0
vertex 157.5 -103.82711550602441 0
endloop
endfacet
facet normal -1 0 0
outer loop
vertex 157.5 -103.8575 2
vertex 157.5 -103.82711550602441 0
vertex 157.5 -103.8575 0
endloop
endfacet
facet normal -1 0 0
outer loop
vertex 157.5 -103.8575 2
vertex 157.5 -103.8575 0
vertex 157.5 -105.00000000000011 0
endloop
endfacet
facet normal -1 0 0
outer loop
vertex 157.5 -103.8575 2
vertex 157.5 -105.00000000000011 0
vertex 157.5 -105.00000000000013 2
endloop
endfacet
facet normal -0.9961946980917434 0.087155742747683 0
outer loop
vertex 157.4848077530122 -105.17364817766698 2
vertex 157.5 -105.00000000000013 2
vertex 157.5 -105.00000000000011 0
endloop
endfacet
facet normal -0.9961946980917434 0.087155742747683 0
outer loop
vertex 157.4848077530122 -105.17364817766698 2
vertex 157.5 -105.00000000000011 0
vertex 157.4848077530122 -105.17364817766709 0
endloop
endfacet
facet normal -0.9659258262890631 0.2588190451025404 0
outer loop
vertex 157.4396926207859 -105.3420201433257 2
vertex 157.4848077530122 -105.17364817766698 2
vertex 157.4848077530122 -105.17364817766709 0
endloop
endfacet
facet normal -0.9659258262890631 0.2588190451025404 0
outer loop
vertex 157.4396926207859 -105.3420201433257 2
vertex 157.4848077530122 -105.17364817766709 0
vertex 157.439692620786 -105.34202014332556 0
endloop
endfacet
facet normal -0.9063077870366791 0.42261826174063705 0
outer loop
vertex 157.36602540378448 -105.49999999999997 2
vertex 157.4396926207859 -105.3420201433257 2
vertex 157.439692620786 -105.34202014332556 0
endloop
endfacet
facet normal -0.9063077870366791 0.42261826174063705 0
outer loop
vertex 157.36602540378448 -105.49999999999997 2
vertex 157.439692620786 -105.34202014332556 0
vertex 157.3660254037846 -105.49999999999977 0
endloop
endfacet
facet normal -0.8191520442889414 0.5735764363511181 0
outer loop
vertex 157.266044443119 -105.6427876096865 2
vertex 157.36602540378448 -105.49999999999997 2
vertex 157.3660254037846 -105.49999999999977 0
endloop
endfacet
facet normal -0.8191520442889414 0.5735764363511181 0
outer loop
vertex 157.266044443119 -105.6427876096865 2
vertex 157.3660254037846 -105.49999999999977 0
vertex 157.26604444311886 -105.64278760968666 0
endloop
endfacet
facet normal -0.7071067811865476 0.7071067811865476 0
outer loop
vertex 157.1427876096865 -105.766044443119 2
vertex 157.266044443119 -105.6427876096865 2
vertex 157.26604444311886 -105.64278760968666 0
endloop
endfacet
facet normal -0.7071067811865476 0.7071067811865476 0
outer loop
vertex 157.1427876096865 -105.766044443119 2
vertex 157.26604444311886 -105.64278760968666 0
vertex 157.14278760968662 -105.7660444431189 0
endloop
endfacet
facet normal -0.5735764363510599 0.819152044288982 0
outer loop
vertex 157.00000000000006 -105.8660254037844 2
vertex 157.1427876096865 -105.766044443119 2
vertex 157.14278760968662 -105.7660444431189 0
endloop
endfacet
facet normal -0.5735764363510599 0.819152044288982 0
outer loop
vertex 157.00000000000006 -105.8660254037844 2
vertex 157.14278760968662 -105.7660444431189 0
vertex 156.99999999999991 -105.86602540378448 0
endloop
endfacet
facet normal -0.42261826174069467 0.9063077870366524 0
outer loop
vertex 156.84202014332567 -105.9396926207859 2
vertex 157.00000000000006 -105.8660254037844 2
vertex 156.99999999999991 -105.86602540378448 0
endloop
endfacet
facet normal -0.42261826174069467 0.9063077870366524 0
outer loop
vertex 156.84202014332567 -105.9396926207859 2
vertex 156.99999999999991 -105.86602540378448 0
vertex 156.84202014332567 -105.9396926207859 0
endloop
endfacet
facet normal -0.2588190451025404 0.9659258262890631 0
outer loop
vertex 156.67364817766693 -105.9848077530122 2
vertex 156.84202014332567 -105.9396926207859 2
vertex 156.84202014332567 -105.9396926207859 0
endloop
endfacet
facet normal -0.2588190451025404 0.9659258262890631 0
outer loop
vertex 156.67364817766693 -105.9848077530122 2
vertex 156.84202014332567 -105.9396926207859 0
vertex 156.673648177667 -105.98480775301219 0
endloop
endfacet
facet normal -0.08715574274766874 0.9961946980917448 0
outer loop
vertex 156.5 -106 2
vertex 156.67364817766693 -105.9848077530122 2
vertex 156.673648177667 -105.98480775301219 0
endloop
endfacet
facet normal -0.08715574274766874 0.9961946980917448 0
outer loop
vertex 156.5 -106 2
vertex 156.673648177667 -105.98480775301219 0
vertex 156.4999999999999 -106 0
endloop
endfacet
facet normal 0 1 0
outer loop
vertex 156.5 -106 2
vertex 156.4999999999999 -106 0
vertex 140.50000000000003 -106 0
endloop
endfacet
facet normal 0 1 0
outer loop
vertex 156.5 -106 2
vertex 140.50000000000003 -106 0
vertex 140.49999999999994 -106 2
endloop
endfacet
facet normal -0.087155742747683 0.9961946980917434 0
outer loop
vertex 140.32635182233312 -106.01519224698778 2
vertex 140.49999999999994 -106 2
vertex 140.50000000000003 -106 0
endloop
endfacet
facet normal -0.087155742747683 0.9961946980917434 0
outer loop
vertex 140.32635182233312 -106.01519224698778 2
vertex 140.50000000000003 -106 0
vertex 140.32635182233304 -106.0151922469878 0
endloop
endfacet
facet normal -0.25881904510254033 0.965925826289063 0
outer loop
vertex 140.15797985667442 -106.06030737921408 2
vertex 140.32635182233312 -106.01519224698778 2
vertex 140.32635182233304 -106.0151922469878 0
endloop
endfacet
facet normal -0.25881904510254033 0.965925826289063 0
outer loop
vertex 140.15797985667442 -106.06030737921408 2
vertex 140.32635182233304 -106.0151922469878 0
vertex 140.1579798566744 -106.06030737921407 0
endloop
endfacet
facet normal -0.42261826174069467 0.9063077870366523 0
outer loop
vertex 140.00000000000009 -106.13397459621555 2
vertex 140.15797985667442 -106.06030737921408 2
vertex 140.1579798566744 -106.06030737921407 0
endloop
endfacet
facet normal -0.42261826174069467 0.9063077870366523 0
outer loop
vertex 140.00000000000009 -106.13397459621555 2
vertex 140.1579798566744 -106.06030737921407 0
vertex 140.00000000000014 -106.1339745962155 0
endloop
endfacet
facet normal -0.5735764363510599 0.819152044288982 0
outer loop
vertex 139.8572123903134 -106.23395555688111 2
vertex 140.00000000000009 -106.13397459621555 2
vertex 140.00000000000014 -106.1339745962155 0
endloop
endfacet
facet normal -0.5735764363510599 0.819152044288982 0
outer loop
vertex 139.8572123903134 -106.23395555688111 2
vertex 140.00000000000014 -106.1339745962155 0
vertex 139.8572123903134 -106.2339555568811 0
endloop
endfacet
facet normal -0.7071067811865405 0.7071067811865547 0
outer loop
vertex 139.73395555688094 -106.35721239031356 2
vertex 139.8572123903134 -106.23395555688111 2
vertex 139.8572123903134 -106.2339555568811 0
endloop
endfacet
facet normal -0.7071067811865405 0.7071067811865547 0
outer loop
vertex 139.73395555688094 -106.35721239031356 2
vertex 139.8572123903134 -106.2339555568811 0
vertex 139.73395555688097 -106.35721239031353 0
endloop
endfacet
facet normal -0.8191520442889414 0.5735764363511181 0
outer loop
vertex 139.6339745962156 -106.49999999999991 2
vertex 139.73395555688094 -106.35721239031356 2
vertex 139.73395555688097 -106.35721239031353 0
endloop
endfacet
facet normal -0.8191520442889414 0.5735764363511181 0
outer loop
vertex 139.6339745962156 -106.49999999999991 2
vertex 139.73395555688097 -106.35721239031353 0
vertex 139.63397459621555 -106.5 0
endloop
endfacet
facet normal -0.9063077870366791 0.42261826174063705 0
outer loop
vertex 139.56030737921398 -106.65797985667459 2
vertex 139.6339745962156 -106.49999999999991 2
vertex 139.63397459621555 -106.5 0
endloop
endfacet
facet normal -0.9063077870366791 0.42261826174063705 0
outer loop
vertex 139.56030737921398 -106.65797985667459 2
vertex 139.63397459621555 -106.5 0
vertex 139.56030737921404 -106.65797985667447 0
endloop
endfacet
facet normal -0.9659258262890627 0.25881904510254217 0
outer loop
vertex 139.51519224698782 -106.82635182233284 2
vertex 139.56030737921398 -106.65797985667459 2
vertex 139.56030737921404 -106.65797985667447 0
endloop
endfacet
facet normal -0.9659258262890627 0.25881904510254217 0
outer loop
vertex 139.51519224698782 -106.82635182233284 2
vertex 139.56030737921404 -106.65797985667447 0
vertex 139.51519224698785 -106.82635182233278 0
endloop
endfacet
facet normal 0 0 1
outer loop
vertex 139.5 -107.00000000000014 2
vertex 139.5098424746467 -106.8875 2
vertex 139.51519224698782 -106.82635182233284 2
endloop
endfacet
facet normal 0 0 1
outer loop
vertex 139.5 -107.00000000000014 2
vertex 139.51519224698782 -106.82635182233284 2
vertex 139.51519224698785 -106.82635182233278 0
endloop
endfacet
facet normal 0 0 1
outer loop
vertex 139.5 -107.00000000000014 2
vertex 139.51519224698785 -106.82635182233278 0
vertex 139.5098424746467 -106.8875 0
endloop
endfacet
facet normal 0 0 1
outer loop
vertex 139.5 -107.00000000000014 2
vertex 139.5098424746467 -106.8875 0
vertex 139.5 -107.00000000000026 0
endloop
endfacet
facet normal -1 0 0
outer loop
vertex 139.5 -158.8914997 2
vertex 139.5 -155.7856712 2
vertex 139.5 -154.605 2
endloop
endfacet
facet normal -1 0 0
outer loop
vertex 139.5 -158.8914997 2
vertex 139.5 -154.605 2
vertex 139.5 -153.49999999999997 2
endloop
endfacet
facet normal -1 0 0
outer loop
vertex 139.5 -158.8914997 2
vertex 139.5 -153.49999999999997 2
vertex 139.5 -153.47117792060482 2
endloop
endfacet
facet normal -1 0 0
outer loop
vertex 139.5 -158.8914997 2
vertex 139.5 -153.47117792060482 2
vertex 139.5 -153.3858192987669 2
endloop
endfacet
facet normal -1 0 0
outer loop
vertex 139.5 -158.8914997 2
vertex 139.5 -153.3858192987669 2
vertex 139.5 -153.24720441845386 2
endloop
endfacet
facet normal -1 0 0
outer loop
vertex 139.5 -158.8914997 2
vertex 139.5 -153.24720441845386 2
vertex 139.5 -153.06066017177977 2
endloop
endfacet
facet normal -1 0 0
outer loop
vertex 139.5 -158.8914997 2
vertex 139.5 -153.06066017177977 2
vertex 139.5 -152.8333553495295 2
endloop
endfacet
facet normal -1 0 0
outer loop
vertex 139.5 -158.8914997 2
vertex 139.5 -152.8333553495295 2
vertex 139.5 -152.5740251485476 2
endloop
endfacet
facet normal -1 0 0
outer loop
vertex 139.5 -158.8914997 2
vertex 139.5 -152.5740251485476 2
vertex 139.5 -152.2926354830242 2
endloop
endfacet
facet normal -1 0 0
outer loop
vertex 139.5 -158.8914997 2
vertex 139.5 -152.2926354830242 2
vertex 139.5 -152.0000000000001 2
endloop
endfacet
facet normal -1 0 0
outer loop
vertex 139.5 -158.8914997 2
vertex 139.5 -152.0000000000001 2
vertex 139.5 -151.7073645169757 2
endloop
endfacet
facet normal -1 0 0
outer loop
vertex 139.5 -158.8914997 2
vertex 139.5 -151.7073645169757 2
vertex 139.5 -151.42597485145234 2
endloop
endfacet
facet normal -1 0 0
outer loop
vertex 139.5 -158.8914997 2
vertex 139.5 -151.42597485145234 2
vertex 139.5 -151.16664465047057 2
endloop
endfacet
facet normal -1 0 0
outer loop
vertex 139.5 -158.8914997 2
vertex 139.5 -151.16664465047057 2
vertex 139.5 -150.93933982822014 2
endloop
endfacet
facet normal -1 0 0
outer loop
vertex 139.5 -158.8914997 2
vertex 139.5 -150.93933982822014 2
vertex 139.5 -150.75279558154625 2
endloop
endfacet
facet normal -1 0 0
outer loop
vertex 139.5 -158.8914997 2
vertex 139.5 -150.75279558154625 2
vertex 139.5 -150.61418070123298 2
endloop
endfacet
facet normal -1 0 0
outer loop
vertex 139.5 -158.8914997 2
vertex 139.5 -150.61418070123298 2
vertex 139.5 -150.52882207939518 2
endloop
endfacet
facet normal -1 0 0
outer loop
vertex 139.5 -158.8914997 2
vertex 139.5 -150.52882207939518 2
vertex 139.5 -150.5 2
endloop
endfacet
facet normal -1 0 0
outer loop
vertex 139.5 -158.8914997 2
vertex 139.5 -150.5 2
vertex 139.5 -149.605 2
endloop
endfacet
facet normal -1 0 0
outer loop
vertex 139.5 -158.8914997 2
vertex 139.5 -149.605 2
vertex 139.5 -147.65 2
endloop
endfacet
facet normal -1 0 0
outer loop
vertex 139.5 -158.8914997 2
vertex 139.5 -147.65 2
vertex 139.5 -142.65 2
endloop
endfacet
facet normal -1 0 0
outer loop
vertex 139.5 -158.8914997 2
vertex 139.5 -142.65 2
vertex 139.5 -136.5075 2
endloop
endfacet
facet normal -1 0 0
outer loop
vertex 139.5 -158.8914997 2
vertex 139.5 -136.5075 2
vertex 139.5 -133.65 2
endloop
endfacet
facet normal -1 0 0
outer loop
vertex 139.5 -158.8914997 2
vertex 139.5 -133.65 2
vertex 139.5 -130.65 2
endloop
endfacet
facet normal -1 0 0
outer loop
vertex 139.5 -158.8914997 2
vertex 139.5 -130.65 2
vertex 139.5 -125.65 2
endloop
endfacet
facet normal -1 0 0
outer loop
vertex 139.5 -158.8914997 2
vertex 139.5 -125.65 2
vertex 139.5 -123.8875 2
endloop
endfacet
facet normal -1 0 0
outer loop
vertex 139.5 -158.8914997 2
vertex 139.5 -123.8875 2
vertex 139.5 -119.5075 2
endloop
endfacet
facet normal -1 0 0
outer loop
vertex 139.5 -158.8914997 2
vertex 139.5 -119.5075 2
vertex 139.5 -116.65 2
endloop
endfacet
facet normal -1 0 0
outer loop
vertex 139.5 -158.8914997 2
vertex 139.5 -116.65 2
vertex 139.5 -113.65 2
endloop
endfacet
facet normal -1 0 0
outer loop
vertex 139.5 -158.8914997 2
vertex 139.5 -113.65 2
vertex 139.5 -108.65 2
endloop
endfacet
facet normal -1 0 0
outer loop
vertex 139.5 -158.8914997 2
vertex 139.5 -108.65 2
vertex 139.5 -108.53333330000014 2
endloop
endfacet
facet normal -1 0 0
outer loop
vertex 139.5 -158.8914997 2
vertex 139.5 -108.53333330000014 2
vertex 139.5 -108.24069781697585 2
endloop
endfacet
facet normal -1 0 0
outer loop
vertex 139.5 -158.8914997 2
vertex 139.5 -108.24069781697585 2
vertex 139.5 -107.95930815145223 2
endloop
endfacet
facet normal -1 0 0
outer loop
vertex 139.5 -158.8914997 2
vertex 139.5 -107.95930815145223 2
vertex 139.5 -107.6999779504707 2
endloop
endfacet
facet normal -1 0 0
outer loop
vertex 139.5 -158.8914997 2
vertex 139.5 -107.6999779504707 2
vertex 139.5 -107.47267312822014 2
endloop
endfacet
facet normal -1 0 0
outer loop
vertex 139.5 -158.8914997 2
vertex 139.5 -107.47267312822014 2
vertex 139.5 -107.28612888154619 2
endloop
endfacet
facet normal -1 0 0
outer loop
vertex 139.5 -158.8914997 2
vertex 139.5 -107.28612888154619 2
vertex 139.5 -107.14751400123306 2
endloop
endfacet
facet normal -1 0 0
outer loop
vertex 139.5 -158.8914997 2
vertex 139.5 -107.14751400123306 2
vertex 139.5 -107.06215537939514 2
endloop
endfacet
facet normal -1 0 0
outer loop
vertex 139.5 -158.8914997 2
vertex 139.5 -107.06215537939514 2
vertex 139.5 -107.0333333 2
endloop
endfacet
facet normal -1 0 0
outer loop
vertex 139.5 -158.8914997 2
vertex 139.5 -107.0333333 2
vertex 139.5 -107.00000000000014 2
endloop
endfacet
facet normal -1 0 0
outer loop
vertex 139.5 -158.8914997 2
vertex 139.5 -107.00000000000014 2
vertex 139.5 -107.00000000000026 0
endloop
endfacet
facet normal -1 0 0
outer loop
vertex 139.5 -158.8914997 2
vertex 139.5 -107.00000000000026 0
vertex 139.5 -107.0333333 0
endloop
endfacet
facet normal -1 0 0
outer loop
vertex 139.5 -158.8914997 2
vertex 139.5 -107.0333333 0
vertex 139.5 -107.06215537939515 0
endloop
endfacet
facet normal -1 0 0
outer loop
vertex 139.5 -158.8914997 2
vertex 139.5 -107.06215537939515 0
vertex 139.5 -107.14751400123309 0
endloop
endfacet
facet normal -1 0 0
outer loop
vertex 139.5 -158.8914997 2
vertex 139.5 -107.14751400123309 0
vertex 139.5 -107.28612888154619 0
endloop
endfacet
facet normal -1 0 0
outer loop
vertex 139.5 -158.8914997 2
vertex 139.5 -107.28612888154619 0
vertex 139.5 -107.47267312822017 0
endloop
endfacet
facet normal -1 0 0
outer loop
vertex 139.5 -158.8914997 2
vertex 139.5 -107.47267312822017 0
vertex 139.5 -107.69997795047053 0
endloop
endfacet
facet normal -1 0 0
outer loop
vertex 139.5 -158.8914997 2
vertex 139.5 -107.69997795047053 0
vertex 139.5 -107.95930815145223 0
endloop
endfacet
facet normal -1 0 0
outer loop
vertex 139.5 -158.8914997 2
vertex 139.5 -107.95930815145223 0
vertex 139.5 -108.24069781697602 0
endloop
endfacet
facet normal -1 0 0
outer loop
vertex 139.5 -158.8914997 2
vertex 139.5 -108.24069781697602 0
vertex 139.5 -108.5333333000001 0
endloop
endfacet
facet normal -1 0 0
outer loop
vertex 139.5 -158.8914997 2
vertex 139.5 -108.5333333000001 0
vertex 139.5 -108.65 0
endloop
endfacet
facet normal -1 0 0
outer loop
vertex 139.5 -158.8914997 2
vertex 139.5 -108.65 0
vertex 139.5 -113.65 0
endloop
endfacet
facet normal -1 0 0
outer loop
vertex 139.5 -158.8914997 2
vertex 139.5 -113.65 0
vertex 139.5 -116.65 0
endloop
endfacet
facet normal -1 0 0
outer loop
vertex 139.5 -158.8914997 2
vertex 139.5 -116.65 0
vertex 139.5 -119.5075 0
endloop
endfacet
facet normal -1 0 0
outer loop
vertex 139.5 -158.8914997 2
vertex 139.5 -119.5075 0
vertex 139.5 -123.8875 0
endloop
endfacet
facet normal -1 0 0
outer loop
vertex 139.5 -158.8914997 2
vertex 139.5 -123.8875 0
vertex 139.5 -125.65 0
endloop
endfacet
facet normal -1 0 0
outer loop
vertex 139.5 -158.8914997 2
vertex 139.5 -125.65 0
vertex 139.5 -130.65 0
endloop
endfacet
facet normal -1 0 0
outer loop
vertex 139.5 -158.8914997 2
vertex 139.5 -130.65 0
vertex 139.5 -133.65 0
endloop
endfacet
facet normal -1 0 0
outer loop
vertex 139.5 -158.8914997 2
vertex 139.5 -133.65 0
vertex 139.5 -136.5075 0
endloop
endfacet
facet normal -1 0 0
outer loop
vertex 139.5 -158.8914997 2
vertex 139.5 -136.5075 0
vertex 139.5 -142.65 0
endloop
endfacet
facet normal -1 0 0
outer loop
vertex 139.5 -158.8914997 2
vertex 139.5 -142.65 0
vertex 139.5 -147.65 0
endloop
endfacet
facet normal -1 0 0
outer loop
vertex 139.5 -158.8914997 2
vertex 139.5 -147.65 0
vertex 139.5 -149.605 0
endloop
endfacet
facet normal -1 0 0
outer loop
vertex 139.5 -158.8914997 2
vertex 139.5 -149.605 0
vertex 139.5 -150.5 0
endloop
endfacet
facet normal -1 0 0
outer loop
vertex 139.5 -158.8914997 2
vertex 139.5 -150.5 0
vertex 139.5 -150.52882207939516 0
endloop
endfacet
facet normal -1 0 0
outer loop
vertex 139.5 -158.8914997 2
vertex 139.5 -150.52882207939516 0
vertex 139.5 -150.61418070123304 0
endloop
endfacet
facet normal -1 0 0
outer loop
vertex 139.5 -158.8914997 2
vertex 139.5 -150.61418070123304 0
vertex 139.5 -150.75279558154622 0
endloop
endfacet
facet normal -1 0 0
outer loop
vertex 139.5 -158.8914997 2
vertex 139.5 -150.75279558154622 0
vertex 139.5 -150.9393398282202 0
endloop
endfacet
facet normal -1 0 0
outer loop
vertex 139.5 -158.8914997 2
vertex 139.5 -150.9393398282202 0
vertex 139.5 -151.1666446504706 0
endloop
endfacet
facet normal -1 0 0
outer loop
vertex 139.5 -158.8914997 2
vertex 139.5 -151.1666446504706 0
vertex 139.5 -151.42597485145248 0
endloop
endfacet
facet normal -1 0 0
outer loop
vertex 139.5 -158.8914997 2
vertex 139.5 -151.42597485145248 0
vertex 139.5 -151.70736451697573 0
endloop
endfacet
facet normal -1 0 0
outer loop
vertex 139.5 -158.8914997 2
vertex 139.5 -151.70736451697573 0
vertex 139.5 -152.00000000000006 0
endloop
endfacet
facet normal -1 0 0
outer loop
vertex 139.5 -158.8914997 2
vertex 139.5 -152.00000000000006 0
vertex 139.5 -152.29263548302413 0
endloop
endfacet
facet normal -1 0 0
outer loop
vertex 139.5 -158.8914997 2
vertex 139.5 -152.29263548302413 0
vertex 139.5 -152.5740251485476 0
endloop
endfacet
facet normal -1 0 0
outer loop
vertex 139.5 -158.8914997 2
vertex 139.5 -152.5740251485476 0
vertex 139.5 -152.83335534952943 0
endloop
endfacet
facet normal -1 0 0
outer loop
vertex 139.5 -158.8914997 2
vertex 139.5 -152.83335534952943 0
vertex 139.5 -153.06066017177983 0
endloop
endfacet
facet normal -1 0 0
outer loop
vertex 139.5 -158.8914997 2
vertex 139.5 -153.06066017177983 0
vertex 139.5 -153.2472044184538 0
endloop
endfacet
facet normal -1 0 0
outer loop
vertex 139.5 -158.8914997 2
vertex 139.5 -153.2472044184538 0
vertex 139.5 -153.38581929876696 0
endloop
endfacet
facet normal -1 0 0
outer loop
vertex 139.5 -158.8914997 2
vertex 139.5 -153.38581929876696 0
vertex 139.5 -153.47117792060484 0
endloop
endfacet
facet normal -1 0 0
outer loop
vertex 139.5 -158.8914997 2
vertex 139.5 -153.47117792060484 0
vertex 139.5 -153.5 0
endloop
endfacet
facet normal -1 0 0
outer loop
vertex 139.5 -158.8914997 2
vertex 139.5 -153.5 0
vertex 139.5 -154.605 0
endloop
endfacet
facet normal -1 0 0
outer loop
vertex 139.5 -158.8914997 2
vertex 139.5 -154.605 0
vertex 139.5 -155.78567119999997 0
endloop
endfacet
facet normal -1 0 0
outer loop
vertex 139.5 -158.8914997 2
vertex 139.5 -155.78567119999997 0
vertex 139.5 -158.8914997 0
endloop
endfacet
facet normal -1 0 0
outer loop
vertex 139.5 -158.8914997 2
vertex 139.5 -158.8914997 0
vertex 139.5 -159.00000000000006 0
endloop
endfacet
facet normal -1 0 0
outer loop
vertex 139.5 -158.8914997 2
vertex 139.5 -159.00000000000006 0
vertex 139.5 -159.00000000000003 2
endloop
endfacet
facet normal -0.9961946980917434 -0.087155742747683 0
outer loop
vertex 139.5151922469878 -159.17364817766708 2
vertex 139.5 -159.00000000000003 2
vertex 139.5 -159.00000000000006 0
endloop
endfacet
facet normal -0.9961946980917434 -0.087155742747683 0
outer loop
vertex 139.5151922469878 -159.17364817766708 2
vertex 139.5 -159.00000000000006 0
vertex 139.5151922469878 -159.17364817766708 0
endloop
endfacet
facet normal -0.9659258262890629 -0.2588190451025413 0
outer loop
vertex 139.56030737921398 -159.3420201433254 2
vertex 139.5151922469878 -159.17364817766708 2
vertex 139.5151922469878 -159.17364817766708 0
endloop
endfacet
facet normal -0.9659258262890629 -0.2588190451025413 0
outer loop
vertex 139.56030737921398 -159.3420201433254 2
vertex 139.5151922469878 -159.17364817766708 0
vertex 139.560307379214 -159.34202014332547 0
endloop
endfacet
facet normal -0.9063077870366657 -0.42261826174066586 0
outer loop
vertex 139.63397459621555 -159.49999999999997 2
vertex 139.56030737921398 -159.3420201433254 2
vertex 139.560307379214 -159.34202014332547 0
endloop
endfacet
facet normal -0.9063077870366657 -0.42261826174066586 0
outer loop
vertex 139.63397459621555 -159.49999999999997 2
vertex 139.560307379214 -159.34202014332547 0
vertex 139.63397459621558 -159.50000000000006 0
endloop
endfacet
facet normal -0.8191520442889318 -0.5735764363511319 0
outer loop
vertex 139.73395555688106 -159.64278760968654 2
vertex 139.63397459621555 -159.49999999999997 2
vertex 139.63397459621558 -159.50000000000006 0
endloop
endfacet
facet normal -0.8191520442889318 -0.5735764363511319 0
outer loop
vertex 139.73395555688106 -159.64278760968654 2
vertex 139.63397459621558 -159.50000000000006 0
vertex 139.73395555688103 -159.64278760968654 0
endloop
endfacet
facet normal -0.7071067811865476 -0.7071067811865476 0
outer loop
vertex 139.85721239031346 -159.76604444311894 2
vertex 139.73395555688106 -159.64278760968654 2
vertex 139.73395555688103 -159.64278760968654 0
endloop
endfacet
facet normal -0.7071067811865476 -0.7071067811865476 0
outer loop
vertex 139.85721239031346 -159.76604444311894 2
vertex 139.73395555688103 -159.64278760968654 0
vertex 139.8572123903134 -159.76604444311891 0
endloop
endfacet
facet normal -0.5735764363511117 -0.8191520442889458 0
outer loop
vertex 140.00000000000023 -159.8660254037846 2
vertex 139.85721239031346 -159.76604444311894 2
vertex 139.8572123903134 -159.76604444311891 0
endloop
endfacet
facet normal -0.5735764363511117 -0.8191520442889458 0
outer loop
vertex 140.00000000000023 -159.8660254037846 2
vertex 139.8572123903134 -159.76604444311891 0
vertex 140.00000000000017 -159.86602540378453 0
endloop
endfacet
facet normal -0.42261826174063977 -0.9063077870366778 0
outer loop
vertex 140.1579798566742 -159.93969262078588 2
vertex 140.00000000000023 -159.8660254037846 2
vertex 140.00000000000017 -159.86602540378453 0
endloop
endfacet
facet normal -0.42261826174063977 -0.9063077870366778 0
outer loop
vertex 140.1579798566742 -159.93969262078588 2
vertex 140.00000000000017 -159.86602540378453 0
vertex 140.1579798566744 -159.93969262078593 0
endloop
endfacet
facet normal -0.25881904510251297 -0.9659258262890704 0
outer loop
vertex 140.32635182233312 -159.98480775301223 2
vertex 140.1579798566742 -159.93969262078588 2
vertex 140.1579798566744 -159.93969262078593 0
endloop
endfacet
facet normal -0.25881904510251297 -0.9659258262890704 0
outer loop
vertex 140.32635182233312 -159.98480775301223 2
vertex 140.1579798566744 -159.93969262078593 0
vertex 140.3263518223331 -159.9848077530122 0
endloop
endfacet
facet normal -0.08715574274771136 -0.9961946980917409 0
outer loop
vertex 140.49999999999977 -160 2
vertex 140.32635182233312 -159.98480775301223 2
vertex 140.3263518223331 -159.9848077530122 0
endloop
endfacet
facet normal -0.08715574274771136 -0.9961946980917409 0
outer loop
vertex 140.49999999999977 -160 2
vertex 140.3263518223331 -159.9848077530122 0
vertex 140.49999999999983 -160 0
endloop
endfacet
facet normal 0 1 0
outer loop
vertex 156 -147.65 2
vertex 156 -147.65 0
vertex 144 -147.65 0
endloop
endfacet
facet normal 0 1 0
outer loop
vertex 156 -147.65 2
vertex 144 -147.65 0
vertex 144 -147.65 2
endloop
endfacet
facet normal -1 0 0
outer loop
vertex 156 -142.65 2
vertex 156 -142.65 0
vertex 156 -147.65 0
endloop
endfacet
facet normal -1 0 0
outer loop
vertex 156 -142.65 2
vertex 156 -147.65 0
vertex 156 -147.65 2
endloop
endfacet
facet normal -1 0 0
outer loop
vertex 156 -128.65 2
vertex 156 -125.65 2
vertex 156 -125.65 0
endloop
endfacet
facet normal -1 0 0
outer loop
vertex 156 -128.65 2
vertex 156 -125.65 0
vertex 156 -128.65 0
endloop
endfacet
facet normal -1 0 0
outer loop
vertex 156 -128.65 2
vertex 156 -128.65 0
vertex 156 -130.65 0
endloop
endfacet
facet normal -1 0 0
outer loop
vertex 156 -128.65 2
vertex 156 -130.65 0
vertex 156 -130.65 2
endloop
endfacet
facet normal -1 0 0
outer loop
vertex 156 -111.65 2
vertex 156 -110.03333329999998 2
vertex 156 -110.00451122060483 2
endloop
endfacet
facet normal -1 0 0
outer loop
vertex 156 -111.65 2
vertex 156 -110.00451122060483 2
vertex 156 -109.91915259876693 2
endloop
endfacet
facet normal -1 0 0
outer loop
vertex 156 -111.65 2
vertex 156 -109.91915259876693 2
vertex 156 -109.78053771845386 2
endloop
endfacet
facet normal -1 0 0
outer loop
vertex 156 -111.65 2
vertex 156 -109.78053771845386 2
vertex 156 -109.59399347177977 2
endloop
endfacet
facet normal -1 0 0
outer loop
vertex 156 -111.65 2
vertex 156 -109.59399347177977 2
vertex 156 -109.36668864952944 2
endloop
endfacet
facet normal -1 0 0
outer loop
vertex 156 -111.65 2
vertex 156 -109.36668864952944 2
vertex 156 -109.10735844854756 2
endloop
endfacet
facet normal -1 0 0
outer loop
vertex 156 -111.65 2
vertex 156 -109.10735844854756 2
vertex 156 -108.8259687830244 2
endloop
endfacet
facet normal -1 0 0
outer loop
vertex 156 -111.65 2
vertex 156 -108.8259687830244 2
vertex 156 -108.65 2
endloop
endfacet
facet normal -1 0 0
outer loop
vertex 156 -111.65 2
vertex 156 -108.65 2
vertex 156 -108.65 0
endloop
endfacet
facet normal -1 0 0
outer loop
vertex 156 -111.65 2
vertex 156 -108.65 0
vertex 156 -108.82596878302415 0
endloop
endfacet
facet normal -1 0 0
outer loop
vertex 156 -111.65 2
vertex 156 -108.82596878302415 0
vertex 156 -109.10735844854752 0
endloop
endfacet
facet normal -1 0 0
outer loop
vertex 156 -111.65 2
vertex 156 -109.10735844854752 0
vertex 156 -109.36668864952942 0
endloop
endfacet
facet normal -1 0 0
outer loop
vertex 156 -111.65 2
vertex 156 -109.36668864952942 0
vertex 156 -109.59399347177984 0
endloop
endfacet
facet normal -1 0 0
outer loop
vertex 156 -111.65 2
vertex 156 -109.59399347177984 0
vertex 156 -109.78053771845377 0
endloop
endfacet
facet normal -1 0 0
outer loop
vertex 156 -111.65 2
vertex 156 -109.78053771845377 0
vertex 156 -109.91915259876694 0
endloop
endfacet
facet normal -1 0 0
outer loop
vertex 156 -111.65 2
vertex 156 -109.91915259876694 0
vertex 156 -110.00451122060484 0
endloop
endfacet
facet normal -1 0 0
outer loop
vertex 156 -111.65 2
vertex 156 -110.00451122060484 0
vertex 156 -110.0333333 0
endloop
endfacet
facet normal -1 0 0
outer loop
vertex 156 -111.65 2
vertex 156 -110.0333333 0
vertex 156 -111.65 0
endloop
endfacet
facet normal -1 0 0
outer loop
vertex 156 -111.65 2
vertex 156 -111.65 0
vertex 156 -113.65 0
endloop
endfacet
facet normal -1 0 0
outer loop
vertex 156 -111.65 2
vertex 156 -113.65 0
vertex 156 -113.65 2
endloop
endfacet
facet normal 0 -1 0
outer loop
vertex 156 -142.65 0
vertex 156 -142.65 2
vertex 144 -142.65 2
endloop
endfacet
facet normal 0 -1 0
outer loop
vertex 156 -142.65 0
vertex 144 -142.65 2
vertex 144 -142.65 0
endloop
endfacet
facet normal 1 0 0
outer loop
vertex 144 -142.65 0
vertex 144 -142.65 2
vertex 144 -147.65 2
endloop
endfacet
facet normal 1 0 0
outer loop
vertex 144 -142.65 0
vertex 144 -147.65 2
vertex 144 -147.65 0
endloop
endfacet
facet normal 1 0 0
outer loop
vertex 144 -125.65 0
vertex 144 -125.65 2
vertex 144 -130.65 2
endloop
endfacet
facet normal 1 0 0
outer loop
vertex 144 -125.65 0
vertex 144 -130.65 2
vertex 144 -130.65 0
endloop
endfacet
facet normal 1 0 0
outer loop
vertex 144 -108.65 0
vertex 144 -108.65 2
vertex 144 -113.65 2
endloop
endfacet
facet normal 1 0 0
outer loop
vertex 144 -108.65 0
vertex 144 -113.65 2
vertex 144 -113.65 0
endloop
endfacet
facet normal 0 1 0
outer loop
vertex 156 -130.65 2
vertex 156 -130.65 0
vertex 144 -130.65 0
endloop
endfacet
facet normal 0 1 0
outer loop
vertex 156 -130.65 2
vertex 144 -130.65 0
vertex 144 -130.65 2
endloop
endfacet
facet normal 0 -1 0
outer loop
vertex 156 -125.65 0
vertex 156 -125.65 2
vertex 144 -125.65 2
endloop
endfacet
facet normal 0 -1 0
outer loop
vertex 156 -125.65 0
vertex 144 -125.65 2
vertex 144 -125.65 0
endloop
endfacet
facet normal 0 1 0
outer loop
vertex 156 -113.65 2
vertex 156 -113.65 0
vertex 144 -113.65 0
endloop
endfacet
facet normal 0 1 0
outer loop
vertex 156 -113.65 2
vertex 144 -113.65 0
vertex 144 -113.65 2
endloop
endfacet
facet normal 0 -1 0
outer loop
vertex 156 -108.65 0
vertex 156 -108.65 2
vertex 144 -108.65 2
endloop
endfacet
facet normal 0 -1 0
outer loop
vertex 156 -108.65 0
vertex 144 -108.65 2
vertex 144 -108.65 0
endloop
endfacet
facet normal 0 1 0
outer loop
vertex 174 -133.65 2
vertex 174 -133.65 0
vertex 162 -133.65 0
endloop
endfacet
facet normal 0 1 0
outer loop
vertex 174 -133.65 2
vertex 162 -133.65 0
vertex 162 -133.65 2
endloop
endfacet
facet normal 0 1 0
outer loop
vertex 210 -133.65 2
vertex 210 -133.65 0
vertex 198 -133.65 0
endloop
endfacet
facet normal 0 1 0
outer loop
vertex 210 -133.65 2
vertex 198 -133.65 0
vertex 198 -133.65 2
endloop
endfacet
facet normal -1 0 0
outer loop
vertex 174 -128.8875 2
vertex 174 -128.65 2
vertex 174 -128.65 0
endloop
endfacet
facet normal -1 0 0
outer loop
vertex 174 -128.8875 2
vertex 174 -128.65 0
vertex 174 -128.8875 0
endloop
endfacet
facet normal -1 0 0
outer loop
vertex 174 -128.8875 2
vertex 174 -128.8875 0
vertex 174 -133.65 0
endloop
endfacet
facet normal -1 0 0
outer loop
vertex 174 -128.8875 2
vertex 174 -133.65 0
vertex 174 -133.65 2
endloop
endfacet
facet normal -1 0 0
outer loop
vertex 174 -111.8875 2
vertex 174 -111.65 2
vertex 174 -111.65 0
endloop
endfacet
facet normal -1 0 0
outer loop
vertex 174 -111.8875 2
vertex 174 -111.65 0
vertex 174 -111.8875 0
endloop
endfacet
facet normal -1 0 0
outer loop
vertex 174 -111.8875 2
vertex 174 -111.8875 0
vertex 174 -116.65 0
endloop
endfacet
facet normal -1 0 0
outer loop
vertex 174 -111.8875 2
vertex 174 -116.65 0
vertex 174 -116.65 2
endloop
endfacet
facet normal -1 0 0
outer loop
vertex 174 -94.8875 2
vertex 174 -94.65 2
vertex 174 -94.65 0
endloop
endfacet
facet normal -1 0 0
outer loop
vertex 174 -94.8875 2
vertex 174 -94.65 0
vertex 174 -94.8875 0
endloop
endfacet
facet normal -1 0 0
outer loop
vertex 174 -94.8875 2
vertex 174 -94.8875 0
vertex 174 -99.65 0
endloop
endfacet
facet normal -1 0 0
outer loop
vertex 174 -94.8875 2
vertex 174 -99.65 0
vertex 174 -99.65 2
endloop
endfacet
facet normal 0 -1 0
outer loop
vertex 174 -128.65 0
vertex 174 -128.65 2
vertex 162 -128.65 2
endloop
endfacet
facet normal 0 -1 0
outer loop
vertex 174 -128.65 0
vertex 162 -128.65 2
vertex 162 -128.65 0
endloop
endfacet
facet normal 0 -1 0
outer loop
vertex 210 -128.65 0
vertex 210 -128.65 2
vertex 198 -128.65 2
endloop
endfacet
facet normal 0 -1 0
outer loop
vertex 210 -128.65 0
vertex 198 -128.65 2
vertex 198 -128.65 0
endloop
endfacet
facet normal 1 0 0
outer loop
vertex 162 -130.65 0
vertex 162 -128.65 0
vertex 162 -128.65 2
endloop
endfacet
facet normal 1 0 0
outer loop
vertex 162 -130.65 0
vertex 162 -128.65 2
vertex 162 -130.65 2
endloop
endfacet
facet normal 1 0 0
outer loop
vertex 162 -130.65 0
vertex 162 -130.65 2
vertex 162 -133.65 2
endloop
endfacet
facet normal 1 0 0
outer loop
vertex 162 -130.65 0
vertex 162 -133.65 2
vertex 162 -133.65 0
endloop
endfacet
facet normal 1 0 0
outer loop
vertex 162 -113.65 0
vertex 162 -111.65 0
vertex 162 -111.65 2
endloop
endfacet
facet normal 1 0 0
outer loop
vertex 162 -113.65 0
vertex 162 -111.65 2
vertex 162 -113.65 2
endloop
endfacet
facet normal 1 0 0
outer loop
vertex 162 -113.65 0
vertex 162 -113.65 2
vertex 162 -116.65 2
endloop
endfacet
facet normal 1 0 0
outer loop
vertex 162 -113.65 0
vertex 162 -116.65 2
vertex 162 -116.65 0
endloop
endfacet
facet normal 1 0 0
outer loop
vertex 162 -94.65 0
vertex 162 -94.65 2
vertex 162 -99.65 2
endloop
endfacet
facet normal 1 0 0
outer loop
vertex 162 -94.65 0
vertex 162 -99.65 2
vertex 162 -99.65 0
endloop
endfacet
facet normal 0 1 0
outer loop
vertex 174 -116.65 2
vertex 174 -116.65 0
vertex 162 -116.65 0
endloop
endfacet
facet normal 0 1 0
outer loop
vertex 174 -116.65 2
vertex 162 -116.65 0
vertex 162 -116.65 2
endloop
endfacet
facet normal 0 1 0
outer loop
vertex 210 -116.65 2
vertex 210 -116.65 0
vertex 198 -116.65 0
endloop
endfacet
facet normal 0 1 0
outer loop
vertex 210 -116.65 2
vertex 198 -116.65 0
vertex 198 -116.65 2
endloop
endfacet
facet normal 0 -1 0
outer loop
vertex 174 -111.65 0
vertex 174 -111.65 2
vertex 162 -111.65 2
endloop
endfacet
facet normal 0 -1 0
outer loop
vertex 174 -111.65 0
vertex 162 -111.65 2
vertex 162 -111.65 0
endloop
endfacet
facet normal 0 -1 0
outer loop
vertex 210 -111.65 0
vertex 210 -111.65 2
vertex 198 -111.65 2
endloop
endfacet
facet normal 0 -1 0
outer loop
vertex 210 -111.65 0
vertex 198 -111.65 2
vertex 198 -111.65 0
endloop
endfacet
facet normal 0 1 0
outer loop
vertex 174 -99.65 2
vertex 174 -99.65 0
vertex 162 -99.65 0
endloop
endfacet
facet normal 0 1 0
outer loop
vertex 174 -99.65 2
vertex 162 -99.65 0
vertex 162 -99.65 2
endloop
endfacet
facet normal 0 1 0
outer loop
vertex 210 -99.65 2
vertex 210 -99.65 0
vertex 198 -99.65 0
endloop
endfacet
facet normal 0 1 0
outer loop
vertex 210 -99.65 2
vertex 198 -99.65 0
vertex 198 -99.65 2
endloop
endfacet
facet normal 0 -1 0
outer loop
vertex 174 -94.65 0
vertex 174 -94.65 2
vertex 162 -94.65 2
endloop
endfacet
facet normal 0 -1 0
outer loop
vertex 174 -94.65 0
vertex 162 -94.65 2
vertex 162 -94.65 0
endloop
endfacet
facet normal 0 -1 0
outer loop
vertex 210 -94.65 0
vertex 210 -94.65 2
vertex 198 -94.65 2
endloop
endfacet
facet normal 0 -1 0
outer loop
vertex 210 -94.65 0
vertex 198 -94.65 2
vertex 198 -94.65 0
endloop
endfacet
facet normal 0 1 0
outer loop
vertex 192 -128.8875 2
vertex 192 -128.8875 0
vertex 180 -128.8875 0
endloop
endfacet
facet normal 0 1 0
outer loop
vertex 192 -128.8875 2
vertex 180 -128.8875 0
vertex 180 -128.8875 2
endloop
endfacet
facet normal -1 0 0
outer loop
vertex 192 -128.65 2
vertex 192 -123.8875 2
vertex 192 -123.8875 0
endloop
endfacet
facet normal -1 0 0
outer loop
vertex 192 -128.65 2
vertex 192 -123.8875 0
vertex 192 -128.65 0
endloop
endfacet
facet normal -1 0 0
outer loop
vertex 192 -128.65 2
vertex 192 -128.65 0
vertex 192 -128.8875 0
endloop
endfacet
facet normal -1 0 0
outer loop
vertex 192 -128.65 2
vertex 192 -128.8875 0
vertex 192 -128.8875 2
endloop
endfacet
facet normal -1 0 0
outer loop
vertex 192 -111.65 2
vertex 192 -106.8875 2
vertex 192 -106.8875 0
endloop
endfacet
facet normal -1 0 0
outer loop
vertex 192 -111.65 2
vertex 192 -106.8875 0
vertex 192 -111.65 0
endloop
endfacet
facet normal -1 0 0
outer loop
vertex 192 -111.65 2
vertex 192 -111.65 0
vertex 192 -111.8875 0
endloop
endfacet
facet normal -1 0 0
outer loop
vertex 192 -111.65 2
vertex 192 -111.8875 0
vertex 192 -111.8875 2
endloop
endfacet
facet normal -1 0 0
outer loop
vertex 192 -94.65 2
vertex 192 -94.62354444311897 2
vertex 192 -94.50028760968665 2
endloop
endfacet
facet normal -1 0 0
outer loop
vertex 192 -94.65 2
vertex 192 -94.50028760968665 2
vertex 192 -94.3574999999998 2
endloop
endfacet
facet normal -1 0 0
outer loop
vertex 192 -94.65 2
vertex 192 -94.3574999999998 2
vertex 192 -94.19952014332563 2
endloop
endfacet
facet normal -1 0 0
outer loop
vertex 192 -94.65 2
vertex 192 -94.19952014332563 2
vertex 192 -94.03114817766685 2
endloop
endfacet
facet normal -1 0 0
outer loop
vertex 192 -94.65 2
vertex 192 -94.03114817766685 2
vertex 192 -93.85750000000041 2
endloop
endfacet
facet normal -1 0 0
outer loop
vertex 192 -94.65 2
vertex 192 -93.85750000000041 2
vertex 192 -92 2
endloop
endfacet
facet normal -1 0 0
outer loop
vertex 192 -94.65 2
vertex 192 -92 2
vertex 192 -91.98480775301219 2
endloop
endfacet
facet normal -1 0 0
outer loop
vertex 192 -94.65 2
vertex 192 -91.98480775301219 2
vertex 192 -91.93969262078595 2
endloop
endfacet
facet normal -1 0 0
outer loop
vertex 192 -94.65 2
vertex 192 -91.93969262078595 2
vertex 192 -91.86602540378432 2
endloop
endfacet
facet normal -1 0 0
outer loop
vertex 192 -94.65 2
vertex 192 -91.86602540378432 2
vertex 192 -91.76604444311909 2
endloop
endfacet
facet normal -1 0 0
outer loop
vertex 192 -94.65 2
vertex 192 -91.76604444311909 2
vertex 192 -91.64278760968669 2
endloop
endfacet
facet normal -1 0 0
outer loop
vertex 192 -94.65 2
vertex 192 -91.64278760968669 2
vertex 192 -91.49999999999987 2
endloop
endfacet
facet normal -1 0 0
outer loop
vertex 192 -94.65 2
vertex 192 -91.49999999999987 2
vertex 192 -91.3420201433256 2
endloop
endfacet
facet normal -1 0 0
outer loop
vertex 192 -94.65 2
vertex 192 -91.3420201433256 2
vertex 192 -91.17364817766693 2
endloop
endfacet
facet normal -1 0 0
outer loop
vertex 192 -94.65 2
vertex 192 -91.17364817766693 2
vertex 192 -90.99999999999974 2
endloop
endfacet
facet normal -1 0 0
outer loop
vertex 192 -94.65 2
vertex 192 -90.99999999999974 2
vertex 192 -89.8875 2
endloop
endfacet
facet normal -1 0 0
outer loop
vertex 192 -94.65 2
vertex 192 -89.8875 2
vertex 192 -89.8875 0
endloop
endfacet
facet normal -1 0 0
outer loop
vertex 192 -94.65 2
vertex 192 -89.8875 0
vertex 192 -90.99999999999979 0
endloop
endfacet
facet normal -1 0 0
outer loop
vertex 192 -94.65 2
vertex 192 -90.99999999999979 0
vertex 192 -91.17364817766703 0
endloop
endfacet
facet normal -1 0 0
outer loop
vertex 192 -94.65 2
vertex 192 -91.17364817766703 0
vertex 192 -91.34202014332566 0
endloop
endfacet
facet normal -1 0 0
outer loop
vertex 192 -94.65 2
vertex 192 -91.34202014332566 0
vertex 192 -91.49999999999974 0
endloop
endfacet
facet normal -1 0 0
outer loop
vertex 192 -94.65 2
vertex 192 -91.49999999999974 0
vertex 192 -91.64278760968665 0
endloop
endfacet
facet normal -1 0 0
outer loop
vertex 192 -94.65 2
vertex 192 -91.64278760968665 0
vertex 192 -91.7660444431191 0
endloop
endfacet
facet normal -1 0 0
outer loop
vertex 192 -94.65 2
vertex 192 -91.7660444431191 0
vertex 192 -91.86602540378439 0
endloop
endfacet
facet normal -1 0 0
outer loop
vertex 192 -94.65 2
vertex 192 -91.86602540378439 0
vertex 192 -91.93969262078593 0
endloop
endfacet
facet normal -1 0 0
outer loop
vertex 192 -94.65 2
vertex 192 -91.93969262078593 0
vertex 192 -91.9848077530122 0
endloop
endfacet
facet normal -1 0 0
outer loop
vertex 192 -94.65 2
vertex 192 -91.9848077530122 0
vertex 192 -92 0
endloop
endfacet
facet normal -1 0 0
outer loop
vertex 192 -94.65 2
vertex 192 -92 0
vertex 192 -93.85750000000024 0
endloop
endfacet
facet normal -1 0 0
outer loop
vertex 192 -94.65 2
vertex 192 -93.85750000000024 0
vertex 192 -94.03114817766686 0
endloop
endfacet
facet normal -1 0 0
outer loop
vertex 192 -94.65 2
vertex 192 -94.03114817766686 0
vertex 192 -94.19952014332569 0
endloop
endfacet
facet normal -1 0 0
outer loop
vertex 192 -94.65 2
vertex 192 -94.19952014332569 0
vertex 192 -94.35749999999987 0
endloop
endfacet
facet normal -1 0 0
outer loop
vertex 192 -94.65 2
vertex 192 -94.35749999999987 0
vertex 192 -94.50028760968664 0
endloop
endfacet
facet normal -1 0 0
outer loop
vertex 192 -94.65 2
vertex 192 -94.50028760968664 0
vertex 192 -94.62354444311894 0
endloop
endfacet
facet normal -1 0 0
outer loop
vertex 192 -94.65 2
vertex 192 -94.62354444311894 0
vertex 192 -94.65 0
endloop
endfacet
facet normal -1 0 0
outer loop
vertex 192 -94.65 2
vertex 192 -94.65 0
vertex 192 -94.8875 0
endloop
endfacet
facet normal -1 0 0
outer loop
vertex 192 -94.65 2
vertex 192 -94.8875 0
vertex 192 -94.8875 2
endloop
endfacet
facet normal 0 -1 0
outer loop
vertex 192 -123.8875 0
vertex 192 -123.8875 2
vertex 180 -123.8875 2
endloop
endfacet
facet normal 0 -1 0
outer loop
vertex 192 -123.8875 0
vertex 180 -123.8875 2
vertex 180 -123.8875 0
endloop
endfacet
facet normal 1 0 0
outer loop
vertex 180 -128.65 0
vertex 180 -125.65 0
vertex 180 -123.8875 0
endloop
endfacet
facet normal 1 0 0
outer loop
vertex 180 -128.65 0
vertex 180 -123.8875 0
vertex 180 -123.8875 2
endloop
endfacet
facet normal 1 0 0
outer loop
vertex 180 -128.65 0
vertex 180 -123.8875 2
vertex 180 -125.65 2
endloop
endfacet
facet normal 1 0 0
outer loop
vertex 180 -128.65 0
vertex 180 -125.65 2
vertex 180 -128.65 2
endloop
endfacet
facet normal 1 0 0
outer loop
vertex 180 -128.65 0
vertex 180 -128.65 2
vertex 180 -128.8875 2
endloop
endfacet
facet normal 1 0 0
outer loop
vertex 180 -128.65 0
vertex 180 -128.8875 2
vertex 180 -128.8875 0
endloop
endfacet
facet normal 1 0 0
outer loop
vertex 180 -111.65 0
vertex 180 -110.0333333 0
vertex 180 -110.00451122060484 0
endloop
endfacet
facet normal 1 0 0
outer loop
vertex 180 -111.65 0
vertex 180 -110.00451122060484 0
vertex 180 -109.91915259876694 0
endloop
endfacet
facet normal 1 0 0
outer loop
vertex 180 -111.65 0
vertex 180 -109.91915259876694 0
vertex 180 -109.78053771845377 0
endloop
endfacet
facet normal 1 0 0
outer loop
vertex 180 -111.65 0
vertex 180 -109.78053771845377 0
vertex 180 -109.59399347177984 0
endloop
endfacet
facet normal 1 0 0
outer loop
vertex 180 -111.65 0
vertex 180 -109.59399347177984 0
vertex 180 -109.36668864952942 0
endloop
endfacet
facet normal 1 0 0
outer loop
vertex 180 -111.65 0
vertex 180 -109.36668864952942 0
vertex 180 -109.10735844854752 0
endloop
endfacet
facet normal 1 0 0
outer loop
vertex 180 -111.65 0
vertex 180 -109.10735844854752 0
vertex 180 -108.82596878302415 0
endloop
endfacet
facet normal 1 0 0
outer loop
vertex 180 -111.65 0
vertex 180 -108.82596878302415 0
vertex 180 -108.5333333000001 0
endloop
endfacet
facet normal 1 0 0
outer loop
vertex 180 -111.65 0
vertex 180 -108.5333333000001 0
vertex 180 -108.24069781697602 0
endloop
endfacet
facet normal 1 0 0
outer loop
vertex 180 -111.65 0
vertex 180 -108.24069781697602 0
vertex 180 -107.95930815145223 0
endloop
endfacet
facet normal 1 0 0
outer loop
vertex 180 -111.65 0
vertex 180 -107.95930815145223 0
vertex 180 -107.69997795047053 0
endloop
endfacet
facet normal 1 0 0
outer loop
vertex 180 -111.65 0
vertex 180 -107.69997795047053 0
vertex 180 -107.47267312822017 0
endloop
endfacet
facet normal 1 0 0
outer loop
vertex 180 -111.65 0
vertex 180 -107.47267312822017 0
vertex 180 -107.28612888154619 0
endloop
endfacet
facet normal 1 0 0
outer loop
vertex 180 -111.65 0
vertex 180 -107.28612888154619 0
vertex 180 -107.14751400123309 0
endloop
endfacet
facet normal 1 0 0
outer loop
vertex 180 -111.65 0
vertex 180 -107.14751400123309 0
vertex 180 -107.06215537939515 0
endloop
endfacet
facet normal 1 0 0
outer loop
vertex 180 -111.65 0
vertex 180 -107.06215537939515 0
vertex 180 -107.0333333 0
endloop
endfacet
facet normal 1 0 0
outer loop
vertex 180 -111.65 0
vertex 180 -107.0333333 0
vertex 180 -106.8875 0
endloop
endfacet
facet normal 1 0 0
outer loop
vertex 180 -111.65 0
vertex 180 -106.8875 0
vertex 180 -106.8875 2
endloop
endfacet
facet normal 1 0 0
outer loop
vertex 180 -111.65 0
vertex 180 -106.8875 2
vertex 180 -107.0333333 2
endloop
endfacet
facet normal 1 0 0
outer loop
vertex 180 -111.65 0
vertex 180 -107.0333333 2
vertex 180 -107.06215537939514 2
endloop
endfacet
facet normal 1 0 0
outer loop
vertex 180 -111.65 0
vertex 180 -107.06215537939514 2
vertex 180 -107.14751400123306 2
endloop
endfacet
facet normal 1 0 0
outer loop
vertex 180 -111.65 0
vertex 180 -107.14751400123306 2
vertex 180 -107.28612888154619 2
endloop
endfacet
facet normal 1 0 0
outer loop
vertex 180 -111.65 0
vertex 180 -107.28612888154619 2
vertex 180 -107.47267312822014 2
endloop
endfacet
facet normal 1 0 0
outer loop
vertex 180 -111.65 0
vertex 180 -107.47267312822014 2
vertex 180 -107.6999779504707 2
endloop
endfacet
facet normal 1 0 0
outer loop
vertex 180 -111.65 0
vertex 180 -107.6999779504707 2
vertex 180 -107.95930815145223 2
endloop
endfacet
facet normal 1 0 0
outer loop
vertex 180 -111.65 0
vertex 180 -107.95930815145223 2
vertex 180 -108.24069781697585 2
endloop
endfacet
facet normal 1 0 0
outer loop
vertex 180 -111.65 0
vertex 180 -108.24069781697585 2
vertex 180 -108.53333330000014 2
endloop
endfacet
facet normal 1 0 0
outer loop
vertex 180 -111.65 0
vertex 180 -108.53333330000014 2
vertex 180 -108.8259687830244 2
endloop
endfacet
facet normal 1 0 0
outer loop
vertex 180 -111.65 0
vertex 180 -108.8259687830244 2
vertex 180 -109.10735844854756 2
endloop
endfacet
facet normal 1 0 0
outer loop
vertex 180 -111.65 0
vertex 180 -109.10735844854756 2
vertex 180 -109.36668864952944 2
endloop
endfacet
facet normal 1 0 0
outer loop
vertex 180 -111.65 0
vertex 180 -109.36668864952944 2
vertex 180 -109.59399347177977 2
endloop
endfacet
facet normal 1 0 0
outer loop
vertex 180 -111.65 0
vertex 180 -109.59399347177977 2
vertex 180 -109.78053771845386 2
endloop
endfacet
facet normal 1 0 0
outer loop
vertex 180 -111.65 0
vertex 180 -109.78053771845386 2
vertex 180 -109.91915259876693 2
endloop
endfacet
facet normal 1 0 0
outer loop
vertex 180 -111.65 0
vertex 180 -109.91915259876693 2
vertex 180 -110.00451122060483 2
endloop
endfacet
facet normal 1 0 0
outer loop
vertex 180 -111.65 0
vertex 180 -110.00451122060483 2
vertex 180 -110.03333329999998 2
endloop
endfacet
facet normal 1 0 0
outer loop
vertex 180 -111.65 0
vertex 180 -110.03333329999998 2
vertex 180 -111.65 2
endloop
endfacet
facet normal 1 0 0
outer loop
vertex 180 -111.65 0
vertex 180 -111.65 2
vertex 180 -111.8875 2
endloop
endfacet
facet normal 1 0 0
outer loop
vertex 180 -111.65 0
vertex 180 -111.8875 2
vertex 180 -111.8875 0
endloop
endfacet
facet normal 1 0 0
outer loop
vertex 180 -94.65 0
vertex 180 -92 0
vertex 180 -91.9848077530122 0
endloop
endfacet
facet normal 1 0 0
outer loop
vertex 180 -94.65 0
vertex 180 -91.9848077530122 0
vertex 180 -91.93969262078593 0
endloop
endfacet
facet normal 1 0 0
outer loop
vertex 180 -94.65 0
vertex 180 -91.93969262078593 0
vertex 180 -91.86602540378439 0
endloop
endfacet
facet normal 1 0 0
outer loop
vertex 180 -94.65 0
vertex 180 -91.86602540378439 0
vertex 180 -91.7660444431191 0
endloop
endfacet
facet normal 1 0 0
outer loop
vertex 180 -94.65 0
vertex 180 -91.7660444431191 0
vertex 180 -91.64278760968665 0
endloop
endfacet
facet normal 1 0 0
outer loop
vertex 180 -94.65 0
vertex 180 -91.64278760968665 0
vertex 180 -91.49999999999974 0
endloop
endfacet
facet normal 1 0 0
outer loop
vertex 180 -94.65 0
vertex 180 -91.49999999999974 0
vertex 180 -91.34202014332566 0
endloop
endfacet
facet normal 1 0 0
outer loop
vertex 180 -94.65 0
vertex 180 -91.34202014332566 0
vertex 180 -91.17364817766703 0
endloop
endfacet
facet normal 1 0 0
outer loop
vertex 180 -94.65 0
vertex 180 -91.17364817766703 0
vertex 180 -90.99999999999979 0
endloop
endfacet
facet normal 1 0 0
outer loop
vertex 180 -94.65 0
vertex 180 -90.99999999999979 0
vertex 180 -89.8875 0
endloop
endfacet
facet normal 1 0 0
outer loop
vertex 180 -94.65 0
vertex 180 -89.8875 0
vertex 180 -89.8875 2
endloop
endfacet
facet normal 1 0 0
outer loop
vertex 180 -94.65 0
vertex 180 -89.8875 2
vertex 180 -90.99999999999974 2
endloop
endfacet
facet normal 1 0 0
outer loop
vertex 180 -94.65 0
vertex 180 -90.99999999999974 2
vertex 180 -91.17364817766693 2
endloop
endfacet
facet normal 1 0 0
outer loop
vertex 180 -94.65 0
vertex 180 -91.17364817766693 2
vertex 180 -91.3420201433256 2
endloop
endfacet
facet normal 1 0 0
outer loop
vertex 180 -94.65 0
vertex 180 -91.3420201433256 2
vertex 180 -91.49999999999987 2
endloop
endfacet
facet normal 1 0 0
outer loop
vertex 180 -94.65 0
vertex 180 -91.49999999999987 2
vertex 180 -91.64278760968669 2
endloop
endfacet
facet normal 1 0 0
outer loop
vertex 180 -94.65 0
vertex 180 -91.64278760968669 2
vertex 180 -91.76604444311909 2
endloop
endfacet
facet normal 1 0 0
outer loop
vertex 180 -94.65 0
vertex 180 -91.76604444311909 2
vertex 180 -91.86602540378432 2
endloop
endfacet
facet normal 1 0 0
outer loop
vertex 180 -94.65 0
vertex 180 -91.86602540378432 2
vertex 180 -91.93969262078595 2
endloop
endfacet
facet normal 1 0 0
outer loop
vertex 180 -94.65 0
vertex 180 -91.93969262078595 2
vertex 180 -91.98480775301219 2
endloop
endfacet
facet normal 1 0 0
outer loop
vertex 180 -94.65 0
vertex 180 -91.98480775301219 2
vertex 180 -92 2
endloop
endfacet
facet normal 1 0 0
outer loop
vertex 180 -94.65 0
vertex 180 -92 2
vertex 180 -94.65 2
endloop
endfacet
facet normal 1 0 0
outer loop
vertex 180 -94.65 0
vertex 180 -94.65 2
vertex 180 -94.8875 2
endloop
endfacet
facet normal 1 0 0
outer loop
vertex 180 -94.65 0
vertex 180 -94.8875 2
vertex 180 -94.8875 0
endloop
endfacet
facet normal 0 1 0
outer loop
vertex 192 -111.8875 2
vertex 192 -111.8875 0
vertex 180 -111.8875 0
endloop
endfacet
facet normal 0 1 0
outer loop
vertex 192 -111.8875 2
vertex 180 -111.8875 0
vertex 180 -111.8875 2
endloop
endfacet
facet normal 0 -1 0
outer loop
vertex 192 -106.8875 0
vertex 192 -106.8875 2
vertex 180 -106.8875 2
endloop
endfacet
facet normal 0 -1 0
outer loop
vertex 192 -106.8875 0
vertex 180 -106.8875 2
vertex 180 -106.8875 0
endloop
endfacet
facet normal 0 1 0
outer loop
vertex 192 -94.8875 2
vertex 192 -94.8875 0
vertex 180 -94.8875 0
endloop
endfacet
facet normal 0 1 0
outer loop
vertex 192 -94.8875 2
vertex 180 -94.8875 0
vertex 180 -94.8875 2
endloop
endfacet
facet normal 0 -1 0
outer loop
vertex 192 -89.8875 0
vertex 192 -89.8875 2
vertex 180 -89.8875 2
endloop
endfacet
facet normal 0 -1 0
outer loop
vertex 192 -89.8875 0
vertex 180 -89.8875 2
vertex 180 -89.8875 0
endloop
endfacet
facet normal -1 0 0
outer loop
vertex 210 -131.5075 2
vertex 210 -128.65 2
vertex 210 -128.65 0
endloop
endfacet
facet normal -1 0 0
outer loop
vertex 210 -131.5075 2
vertex 210 -128.65 0
vertex 210 -131.5075 0
endloop
endfacet
facet normal -1 0 0
outer loop
vertex 210 -131.5075 2
vertex 210 -131.5075 0
vertex 210 -133.65 0
endloop
endfacet
facet normal -1 0 0
outer loop
vertex 210 -131.5075 2
vertex 210 -133.65 0
vertex 210 -133.65 2
endloop
endfacet
facet normal -1 0 0
outer loop
vertex 210 -114.5075 2
vertex 210 -111.65 2
vertex 210 -111.65 0
endloop
endfacet
facet normal -1 0 0
outer loop
vertex 210 -114.5075 2
vertex 210 -111.65 0
vertex 210 -114.5075 0
endloop
endfacet
facet normal -1 0 0
outer loop
vertex 210 -114.5075 2
vertex 210 -114.5075 0
vertex 210 -116.65 0
endloop
endfacet
facet normal -1 0 0
outer loop
vertex 210 -114.5075 2
vertex 210 -116.65 0
vertex 210 -116.65 2
endloop
endfacet
facet normal -1 0 0
outer loop
vertex 210 -97.5075 2
vertex 210 -94.8575 2
vertex 210 -94.84230775301221 2
endloop
endfacet
facet normal -1 0 0
outer loop
vertex 210 -97.5075 2
vertex 210 -94.84230775301221 2
vertex 210 -94.79719262078594 2
endloop
endfacet
facet normal -1 0 0
outer loop
vertex 210 -97.5075 2
vertex 210 -94.79719262078594 2
vertex 210 -94.72352540378444 2
endloop
endfacet
facet normal -1 0 0
outer loop
vertex 210 -97.5075 2
vertex 210 -94.72352540378444 2
vertex 210 -94.65 2
endloop
endfacet
facet normal -1 0 0
outer loop
vertex 210 -97.5075 2
vertex 210 -94.65 2
vertex 210 -94.65 0
endloop
endfacet
facet normal -1 0 0
outer loop
vertex 210 -97.5075 2
vertex 210 -94.65 0
vertex 210 -94.7235254037845 0
endloop
endfacet
facet normal -1 0 0
outer loop
vertex 210 -97.5075 2
vertex 210 -94.7235254037845 0
vertex 210 -94.79719262078592 0
endloop
endfacet
facet normal -1 0 0
outer loop
vertex 210 -97.5075 2
vertex 210 -94.79719262078592 0
vertex 210 -94.8423077530122 0
endloop
endfacet
facet normal -1 0 0
outer loop
vertex 210 -97.5075 2
vertex 210 -94.8423077530122 0
vertex 210 -94.8575 0
endloop
endfacet
facet normal -1 0 0
outer loop
vertex 210 -97.5075 2
vertex 210 -94.8575 0
vertex 210 -97.5075 0
endloop
endfacet
facet normal -1 0 0
outer loop
vertex 210 -97.5075 2
vertex 210 -97.5075 0
vertex 210 -99.65 0
endloop
endfacet
facet normal -1 0 0
outer loop
vertex 210 -97.5075 2
vertex 210 -99.65 0
vertex 210 -99.65 2
endloop
endfacet
facet normal 1 0 0
outer loop
vertex 198 -128.8875 0
vertex 198 -128.65 0
vertex 198 -128.65 2
endloop
endfacet
facet normal 1 0 0
outer loop
vertex 198 -128.8875 0
vertex 198 -128.65 2
vertex 198 -128.8875 2
endloop
endfacet
facet normal 1 0 0
outer loop
vertex 198 -128.8875 0
vertex 198 -128.8875 2
vertex 198 -133.65 2
endloop
endfacet
facet normal 1 0 0
outer loop
vertex 198 -128.8875 0
vertex 198 -133.65 2
vertex 198 -133.65 0
endloop
endfacet
facet normal 1 0 0
outer loop
vertex 198 -111.8875 0
vertex 198 -111.65 0
vertex 198 -111.65 2
endloop
endfacet
facet normal 1 0 0
outer loop
vertex 198 -111.8875 0
vertex 198 -111.65 2
vertex 198 -111.8875 2
endloop
endfacet
facet normal 1 0 0
outer loop
vertex 198 -111.8875 0
vertex 198 -111.8875 2
vertex 198 -116.65 2
endloop
endfacet
facet normal 1 0 0
outer loop
vertex 198 -111.8875 0
vertex 198 -116.65 2
vertex 198 -116.65 0
endloop
endfacet
facet normal 1 0 0
outer loop
vertex 198 -94.8875 0
vertex 198 -94.65 0
vertex 198 -94.65 2
endloop
endfacet
facet normal 1 0 0
outer loop
vertex 198 -94.8875 0
vertex 198 -94.65 2
vertex 198 -94.8875 2
endloop
endfacet
facet normal 1 0 0
outer loop
vertex 198 -94.8875 0
vertex 198 -94.8875 2
vertex 198 -99.65 2
endloop
endfacet
facet normal 1 0 0
outer loop
vertex 198 -94.8875 0
vertex 198 -99.65 2
vertex 198 -99.65 0
endloop
endfacet
facet normal 0 1 0
outer loop
vertex 228 -136.5075 2
vertex 228 -136.5075 0
vertex 216 -136.5075 0
endloop
endfacet
facet normal 0 1 0
outer loop
vertex 228 -136.5075 2
vertex 216 -136.5075 0
vertex 216 -136.5075 2
endloop
endfacet
facet normal -1 0 0
outer loop
vertex 228 -131.5075 2
vertex 228 -131.5075 0
vertex 228 -136.5075 0
endloop
endfacet
facet normal -1 0 0
outer loop
vertex 228 -131.5075 2
vertex 228 -136.5075 0
vertex 228 -136.5075 2
endloop
endfacet
facet normal -1 0 0
outer loop
vertex 228 -114.5075 2
vertex 228 -114.5075 0
vertex 228 -119.5075 0
endloop
endfacet
facet normal -1 0 0
outer loop
vertex 228 -114.5075 2
vertex 228 -119.5075 0
vertex 228 -119.5075 2
endloop
endfacet
facet normal -1 0 0
outer loop
vertex 228 -102.20479635533381 2
vertex 228 -101.85750000000024 2
vertex 228 -97.5075 2
endloop
endfacet
facet normal -1 0 0
outer loop
vertex 228 -102.20479635533381 2
vertex 228 -97.5075 2
vertex 228 -97.5075 0
endloop
endfacet
facet normal -1 0 0
outer loop
vertex 228 -102.20479635533381 2
vertex 228 -97.5075 0
vertex 228 -101.85750000000026 0
endloop
endfacet
facet normal -1 0 0
outer loop
vertex 228 -102.20479635533381 2
vertex 228 -101.85750000000026 0
vertex 228 -102.20479635533378 0
endloop
endfacet
facet normal -1 0 0
outer loop
vertex 228 -102.20479635533381 2
vertex 228 -102.20479635533378 0
vertex 228 -102.5075 0
endloop
endfacet
facet normal -1 0 0
outer loop
vertex 228 -102.20479635533381 2
vertex 228 -102.5075 0
vertex 228 -102.5075 2
endloop
endfacet
facet normal 0 -1 0
outer loop
vertex 228 -131.5075 0
vertex 228 -131.5075 2
vertex 216 -131.5075 2
endloop
endfacet
facet normal 0 -1 0
outer loop
vertex 228 -131.5075 0
vertex 216 -131.5075 2
vertex 216 -131.5075 0
endloop
endfacet
facet normal 1 0 0
outer loop
vertex 216 -133.65 0
vertex 216 -131.5075 0
vertex 216 -131.5075 2
endloop
endfacet
facet normal 1 0 0
outer loop
vertex 216 -133.65 0
vertex 216 -131.5075 2
vertex 216 -133.65 2
endloop
endfacet
facet normal 1 0 0
outer loop
vertex 216 -133.65 0
vertex 216 -133.65 2
vertex 216 -136.5075 2
endloop
endfacet
facet normal 1 0 0
outer loop
vertex 216 -133.65 0
vertex 216 -136.5075 2
vertex 216 -136.5075 0
endloop
endfacet
facet normal 1 0 0
outer loop
vertex 216 -116.65 0
vertex 216 -114.5075 0
vertex 216 -114.5075 2
endloop
endfacet
facet normal 1 0 0
outer loop
vertex 216 -116.65 0
vertex 216 -114.5075 2
vertex 216 -116.65 2
endloop
endfacet
facet normal 1 0 0
outer loop
vertex 216 -116.65 0
vertex 216 -116.65 2
vertex 216 -119.5075 2
endloop
endfacet
facet normal 1 0 0
outer loop
vertex 216 -116.65 0
vertex 216 -119.5075 2
vertex 216 -119.5075 0
endloop
endfacet
facet normal 1 0 0
outer loop
vertex 216 -99.65 0
vertex 216 -97.5075 0
vertex 216 -97.5075 2
endloop
endfacet
facet normal 1 0 0
outer loop
vertex 216 -99.65 0
vertex 216 -97.5075 2
vertex 216 -99.65 2
endloop
endfacet
facet normal 1 0 0
outer loop
vertex 216 -99.65 0
vertex 216 -99.65 2
vertex 216 -102.5075 2
endloop
endfacet
facet normal 1 0 0
outer loop
vertex 216 -99.65 0
vertex 216 -102.5075 2
vertex 216 -102.5075 0
endloop
endfacet
facet normal 0 1 0
outer loop
vertex 228 -119.5075 2
vertex 228 -119.5075 0
vertex 216 -119.5075 0
endloop
endfacet
facet normal 0 1 0
outer loop
vertex 228 -119.5075 2
vertex 216 -119.5075 0
vertex 216 -119.5075 2
endloop
endfacet
facet normal 0 -1 0
outer loop
vertex 228 -114.5075 0
vertex 228 -114.5075 2
vertex 216 -114.5075 2
endloop
endfacet
facet normal 0 -1 0
outer loop
vertex 228 -114.5075 0
vertex 216 -114.5075 2
vertex 216 -114.5075 0
endloop
endfacet
facet normal 0 1 0
outer loop
vertex 228 -102.5075 2
vertex 228 -102.5075 0
vertex 216 -102.5075 0
endloop
endfacet
facet normal 0 1 0
outer loop
vertex 228 -102.5075 2
vertex 216 -102.5075 0
vertex 216 -102.5075 2
endloop
endfacet
facet normal 0 -1 0
outer loop
vertex 228 -97.5075 0
vertex 228 -97.5075 2
vertex 216 -97.5075 2
endloop
endfacet
facet normal 0 -1 0
outer loop
vertex 228 -97.5075 0
vertex 216 -97.5075 2
vertex 216 -97.5075 0
endloop
endfacet
facet normal 0 1 0
outer loop
vertex 201 -154.605 2
vertex 201 -154.605 0
vertex 189 -154.605 0
endloop
endfacet
facet normal 0 1 0
outer loop
vertex 201 -154.605 2
vertex 189 -154.605 0
vertex 189 -154.605 2
endloop
endfacet
facet normal -1 0 0
outer loop
vertex 201 -150.9560421 2
vertex 201 -149.605 2
vertex 201 -149.605 0
endloop
endfacet
facet normal -1 0 0
outer loop
vertex 201 -150.9560421 2
vertex 201 -149.605 0
vertex 201 -150.9560421 0
endloop
endfacet
facet normal -1 0 0
outer loop
vertex 201 -150.9560421 2
vertex 201 -150.9560421 0
vertex 201 -154.605 0
endloop
endfacet
facet normal -1 0 0
outer loop
vertex 201 -150.9560421 2
vertex 201 -154.605 0
vertex 201 -154.605 2
endloop
endfacet
facet normal 0 -1 0
outer loop
vertex 201 -149.605 0
vertex 201 -149.605 2
vertex 189 -149.605 2
endloop
endfacet
facet normal 0 -1 0
outer loop
vertex 201 -149.605 0
vertex 189 -149.605 2
vertex 189 -149.605 0
endloop
endfacet
facet normal 1 0 0
outer loop
vertex 189 -153.5 0
vertex 189 -153.47117792060484 0
vertex 189 -153.38581929876696 0
endloop
endfacet
facet normal 1 0 0
outer loop
vertex 189 -153.5 0
vertex 189 -153.38581929876696 0
vertex 189 -153.2472044184538 0
endloop
endfacet
facet normal 1 0 0
outer loop
vertex 189 -153.5 0
vertex 189 -153.2472044184538 0
vertex 189 -153.06066017177983 0
endloop
endfacet
facet normal 1 0 0
outer loop
vertex 189 -153.5 0
vertex 189 -153.06066017177983 0
vertex 189 -152.83335534952943 0
endloop
endfacet
facet normal 1 0 0
outer loop
vertex 189 -153.5 0
vertex 189 -152.83335534952943 0
vertex 189 -152.5740251485476 0
endloop
endfacet
facet normal 1 0 0
outer loop
vertex 189 -153.5 0
vertex 189 -152.5740251485476 0
vertex 189 -152.29263548302413 0
endloop
endfacet
facet normal 1 0 0
outer loop
vertex 189 -153.5 0
vertex 189 -152.29263548302413 0
vertex 189 -152.00000000000006 0
endloop
endfacet
facet normal 1 0 0
outer loop
vertex 189 -153.5 0
vertex 189 -152.00000000000006 0
vertex 189 -151.70736451697573 0
endloop
endfacet
facet normal 1 0 0
outer loop
vertex 189 -153.5 0
vertex 189 -151.70736451697573 0
vertex 189 -151.42597485145248 0
endloop
endfacet
facet normal 1 0 0
outer loop
vertex 189 -153.5 0
vertex 189 -151.42597485145248 0
vertex 189 -151.1666446504706 0
endloop
endfacet
facet normal 1 0 0
outer loop
vertex 189 -153.5 0
vertex 189 -151.1666446504706 0
vertex 189 -150.9393398282202 0
endloop
endfacet
facet normal 1 0 0
outer loop
vertex 189 -153.5 0
vertex 189 -150.9393398282202 0
vertex 189 -150.75279558154622 0
endloop
endfacet
facet normal 1 0 0
outer loop
vertex 189 -153.5 0
vertex 189 -150.75279558154622 0
vertex 189 -150.61418070123304 0
endloop
endfacet
facet normal 1 0 0
outer loop
vertex 189 -153.5 0
vertex 189 -150.61418070123304 0
vertex 189 -150.52882207939516 0
endloop
endfacet
facet normal 1 0 0
outer loop
vertex 189 -153.5 0
vertex 189 -150.52882207939516 0
vertex 189 -150.5 0
endloop
endfacet
facet normal 1 0 0
outer loop
vertex 189 -153.5 0
vertex 189 -150.5 0
vertex 189 -149.605 0
endloop
endfacet
facet normal 1 0 0
outer loop
vertex 189 -153.5 0
vertex 189 -149.605 0
vertex 189 -149.605 2
endloop
endfacet
facet normal 1 0 0
outer loop
vertex 189 -153.5 0
vertex 189 -149.605 2
vertex 189 -150.5 2
endloop
endfacet
facet normal 1 0 0
outer loop
vertex 189 -153.5 0
vertex 189 -150.5 2
vertex 189 -150.52882207939518 2
endloop
endfacet
facet normal 1 0 0
outer loop
vertex 189 -153.5 0
vertex 189 -150.52882207939518 2
vertex 189 -150.61418070123298 2
endloop
endfacet
facet normal 1 0 0
outer loop
vertex 189 -153.5 0
vertex 189 -150.61418070123298 2
vertex 189 -150.75279558154625 2
endloop
endfacet
facet normal 1 0 0
outer loop
vertex 189 -153.5 0
vertex 189 -150.75279558154625 2
vertex 189 -150.93933982822014 2
endloop
endfacet
facet normal 1 0 0
outer loop
vertex 189 -153.5 0
vertex 189 -150.93933982822014 2
vertex 189 -151.16664465047057 2
endloop
endfacet
facet normal 1 0 0
outer loop
vertex 189 -153.5 0
vertex 189 -151.16664465047057 2
vertex 189 -151.42597485145234 2
endloop
endfacet
facet normal 1 0 0
outer loop
vertex 189 -153.5 0
vertex 189 -151.42597485145234 2
vertex 189 -151.7073645169757 2
endloop
endfacet
facet normal 1 0 0
outer loop
vertex 189 -153.5 0
vertex 189 -151.7073645169757 2
vertex 189 -152.0000000000001 2
endloop
endfacet
facet normal 1 0 0
outer loop
vertex 189 -153.5 0
vertex 189 -152.0000000000001 2
vertex 189 -152.2926354830242 2
endloop
endfacet
facet normal 1 0 0
outer loop
vertex 189 -153.5 0
vertex 189 -152.2926354830242 2
vertex 189 -152.5740251485476 2
endloop
endfacet
facet normal 1 0 0
outer loop
vertex 189 -153.5 0
vertex 189 -152.5740251485476 2
vertex 189 -152.8333553495295 2
endloop
endfacet
facet normal 1 0 0
outer loop
vertex 189 -153.5 0
vertex 189 -152.8333553495295 2
vertex 189 -153.06066017177977 2
endloop
endfacet
facet normal 1 0 0
outer loop
vertex 189 -153.5 0
vertex 189 -153.06066017177977 2
vertex 189 -153.24720441845386 2
endloop
endfacet
facet normal 1 0 0
outer loop
vertex 189 -153.5 0
vertex 189 -153.24720441845386 2
vertex 189 -153.3858192987669 2
endloop
endfacet
facet normal 1 0 0
outer loop
vertex 189 -153.5 0
vertex 189 -153.3858192987669 2
vertex 189 -153.47117792060482 2
endloop
endfacet
facet normal 1 0 0
outer loop
vertex 189 -153.5 0
vertex 189 -153.47117792060482 2
vertex 189 -153.49999999999997 2
endloop
endfacet
facet normal 1 0 0
outer loop
vertex 189 -153.5 0
vertex 189 -153.49999999999997 2
vertex 189 -154.605 2
endloop
endfacet
facet normal 1 0 0
outer loop
vertex 189 -153.5 0
vertex 189 -154.605 2
vertex 189 -154.605 0
endloop
endfacet
facet normal 0.2588190422191019 0.9659258270616782 0
outer loop
vertex 209.9680885 -155.7856712 2
vertex 221.5591984 -158.8914997 2
vertex 221.55919839999996 -158.8914997 0
endloop
endfacet
facet normal 0.2588190422191019 0.9659258270616782 0
outer loop
vertex 209.9680885 -155.7856712 2
vertex 221.55919839999996 -158.8914997 0
vertex 209.96808849999996 -155.78567119999997 0
endloop
endfacet
facet normal 0 0 -1
outer loop
vertex 221.5591984 -158.8914997 2
vertex 221.75767703430924 -158.15076740000003 2
vertex 222.29037699738154 -156.1627042 2
endloop
endfacet
facet normal 0 0 -1
outer loop
vertex 221.5591984 -158.8914997 2
vertex 222.29037699738154 -156.1627042 2
vertex 222.29809985077446 -156.13388212060482 2
endloop
endfacet
facet normal 0 0 -1
outer loop
vertex 221.5591984 -158.8914997 2
vertex 222.29809985077446 -156.13388212060482 2
vertex 222.32097162602838 -156.0485234987669 2
endloop
endfacet
facet normal 0 0 -1
outer loop
vertex 221.5591984 -158.8914997 2
vertex 222.32097162602838 -156.0485234987669 2
vertex 222.3581133736469 -155.9099086184538 2
endloop
endfacet
facet normal 0 0 -1
outer loop
vertex 221.5591984 -158.8914997 2
vertex 222.3581133736469 -155.9099086184538 2
vertex 222.40809775709835 -155.72336437177992 2
endloop
endfacet
facet normal 0 0 -1
outer loop
vertex 221.5591984 -158.8914997 2
vertex 222.40809775709835 -155.72336437177992 2
vertex 222.46900390455832 -155.4960595495295 2
endloop
endfacet
facet normal 0 0 -1
outer loop
vertex 221.5591984 -158.8914997 2
vertex 222.46900390455832 -155.4960595495295 2
vertex 222.5384912269365 -155.23672934854764 2
endloop
endfacet
facet normal 0 0 -1
outer loop
vertex 221.5591984 -158.8914997 2
vertex 222.5384912269365 -155.23672934854764 2
vertex 222.61388936540277 -154.95533968302414 2
endloop
endfacet
facet normal 0 0 -1
outer loop
vertex 221.5591984 -158.8914997 2
vertex 222.61388936540277 -154.95533968302414 2
vertex 222.69230081177966 -154.66270419999987 2
endloop
endfacet
facet normal 0 0 -1
outer loop
vertex 221.5591984 -158.8914997 2
vertex 222.69230081177966 -154.66270419999987 2
vertex 222.77071225815646 -154.3700687169758 2
endloop
endfacet
facet normal 0 0 -1
outer loop
vertex 221.5591984 -158.8914997 2
vertex 222.77071225815646 -154.3700687169758 2
vertex 222.84611039662275 -154.0886790514522 2
endloop
endfacet
facet normal 0 0 -1
outer loop
vertex 221.5591984 -158.8914997 2
vertex 222.84611039662275 -154.0886790514522 2
vertex 222.85329369999994 -154.06187059999996 2
endloop
endfacet
facet normal 0 0 -1
outer loop
vertex 221.5591984 -158.8914997 2
vertex 222.85329369999994 -154.06187059999996 2
vertex 222.85329369999997 -154.0618706 0
endloop
endfacet
facet normal 0 0 -1
outer loop
vertex 221.5591984 -158.8914997 2
vertex 222.85329369999997 -154.0618706 0
vertex 222.84611039662278 -154.08867905145226 0
endloop
endfacet
facet normal 0 0 -1
outer loop
vertex 221.5591984 -158.8914997 2
vertex 222.84611039662278 -154.08867905145226 0
vertex 222.7707122581565 -154.37006871697577 0
endloop
endfacet
facet normal 0 0 -1
outer loop
vertex 221.5591984 -158.8914997 2
vertex 222.7707122581565 -154.37006871697577 0
vertex 222.69230081177955 -154.66270420000023 0
endloop
endfacet
facet normal 0 0 -1
outer loop
vertex 221.5591984 -158.8914997 2
vertex 222.69230081177955 -154.66270420000023 0
vertex 222.61388936540274 -154.95533968302425 0
endloop
endfacet
facet normal 0 0 -1
outer loop
vertex 221.5591984 -158.8914997 2
vertex 222.61388936540274 -154.95533968302425 0
vertex 222.53849122693654 -155.23672934854747 0
endloop
endfacet
facet normal 0 0 -1
outer loop
vertex 221.5591984 -158.8914997 2
vertex 222.53849122693654 -155.23672934854747 0
vertex 222.46900390455832 -155.4960595495295 0
endloop
endfacet
facet normal 0 0 -1
outer loop
vertex 221.5591984 -158.8914997 2
vertex 222.46900390455832 -155.4960595495295 0
vertex 222.40809775709837 -155.72336437177984 0
endloop
endfacet
facet normal 0 0 -1
outer loop
vertex 221.5591984 -158.8914997 2
vertex 222.40809775709837 -155.72336437177984 0
vertex 222.35811337364686 -155.9099086184539 0
endloop
endfacet
facet normal 0 0 -1
outer loop
vertex 221.5591984 -158.8914997 2
vertex 222.35811337364686 -155.9099086184539 0
vertex 222.32097162602838 -156.0485234987669 0
endloop
endfacet
facet normal 0 0 -1
outer loop
vertex 221.5591984 -158.8914997 2
vertex 222.32097162602838 -156.0485234987669 0
vertex 222.29809985077446 -156.13388212060488 0
endloop
endfacet
facet normal 0 0 -1
outer loop
vertex 221.5591984 -158.8914997 2
vertex 222.29809985077446 -156.13388212060488 0
vertex 222.29037699738154 -156.1627042 0
endloop
endfacet
facet normal 0 0 -1
outer loop
vertex 221.5591984 -158.8914997 2
vertex 222.29037699738154 -156.1627042 0
vertex 221.7576770343092 -158.15076740000003 0
endloop
endfacet
facet normal 0 0 -1
outer loop
vertex 221.5591984 -158.8914997 2
vertex 221.7576770343092 -158.15076740000003 0
vertex 221.55919839999996 -158.8914997 0
endloop
endfacet
facet normal 0 0 1
outer loop
vertex 222.85329369999994 -154.06187059999996 2
vertex 221.98551070653062 -153.82934885047084 2
vertex 221.13719755095565 -153.60204402821998 2
endloop
endfacet
facet normal 0 0 1
outer loop
vertex 222.85329369999994 -154.06187059999996 2
vertex 221.13719755095565 -153.60204402821998 2
vertex 220.44100493619695 -153.41549978154632 2
endloop
endfacet
facet normal 0 0 1
outer loop
vertex 222.85329369999994 -154.06187059999996 2
vertex 220.44100493619695 -153.41549978154632 2
vertex 219.92368715400556 -153.27688490123302 2
endloop
endfacet
facet normal 0 0 1
outer loop
vertex 222.85329369999994 -154.06187059999996 2
vertex 219.92368715400556 -153.27688490123302 2
vertex 219.6051244366388 -153.19152627939516 2
endloop
endfacet
facet normal 0 0 1
outer loop
vertex 222.85329369999994 -154.06187059999996 2
vertex 219.6051244366388 -153.19152627939516 2
vertex 219.4975589706719 -153.1627042 2
endloop
endfacet
facet normal 0 0 1
outer loop
vertex 222.85329369999994 -154.06187059999996 2
vertex 219.4975589706719 -153.1627042 2
vertex 211.2621838 -150.9560421 2
endloop
endfacet
facet normal 0 0 1
outer loop
vertex 222.85329369999994 -154.06187059999996 2
vertex 211.2621838 -150.9560421 2
vertex 211.26218379999997 -150.9560421 0
endloop
endfacet
facet normal 0 0 1
outer loop
vertex 222.85329369999994 -154.06187059999996 2
vertex 211.26218379999997 -150.9560421 0
vertex 219.4975589706718 -153.1627042 0
endloop
endfacet
facet normal 0 0 1
outer loop
vertex 222.85329369999994 -154.06187059999996 2
vertex 219.4975589706718 -153.1627042 0
vertex 219.6051244366387 -153.19152627939516 0
endloop
endfacet
facet normal 0 0 1
outer loop
vertex 222.85329369999994 -154.06187059999996 2
vertex 219.6051244366387 -153.19152627939516 0
vertex 219.92368715400556 -153.27688490123305 0
endloop
endfacet
facet normal 0 0 1
outer loop
vertex 222.85329369999994 -154.06187059999996 2
vertex 219.92368715400556 -153.27688490123305 0
vertex 220.44100493619663 -153.41549978154626 0
endloop
endfacet
facet normal 0 0 1
outer loop
vertex 222.85329369999994 -154.06187059999996 2
vertex 220.44100493619663 -153.41549978154626 0
vertex 221.13719755095576 -153.60204402822004 0
endloop
endfacet
facet normal 0 0 1
outer loop
vertex 222.85329369999994 -154.06187059999996 2
vertex 221.13719755095576 -153.60204402822004 0
vertex 221.98551070653093 -153.82934885047095 0
endloop
endfacet
facet normal 0 0 1
outer loop
vertex 222.85329369999994 -154.06187059999996 2
vertex 221.98551070653093 -153.82934885047095 0
vertex 222.85329369999997 -154.0618706 0
endloop
endfacet
facet normal 0 0 1
outer loop
vertex 211.2621838 -150.9560421 2
vertex 210.28444841483594 -154.605 2
vertex 209.9680885 -155.7856712 2
endloop
endfacet
facet normal 0 0 1
outer loop
vertex 211.2621838 -150.9560421 2
vertex 209.9680885 -155.7856712 2
vertex 209.96808849999996 -155.78567119999997 0
endloop
endfacet
facet normal 0 0 1
outer loop
vertex 211.2621838 -150.9560421 2
vertex 209.96808849999996 -155.78567119999997 0
vertex 210.28444841483596 -154.605 0
endloop
endfacet
facet normal 0 0 1
outer loop
vertex 211.2621838 -150.9560421 2
vertex 210.28444841483596 -154.605 0
vertex 211.26218379999997 -150.9560421 0
endloop
endfacet
facet normal 0 0 -1
outer loop
vertex 229.86662829999997 -162.4808944 2
vertex 237.61600648376447 -166.955 2
vertex 237.62259794498164 -166.95880558192474 2
endloop
endfacet
facet normal 0 0 -1
outer loop
vertex 229.86662829999997 -162.4808944 2
vertex 237.62259794498164 -166.95880558192474 2
vertex 237.6423125079592 -166.97018779021653 2
endloop
endfacet
facet normal 0 0 -1
outer loop
vertex 229.86662829999997 -162.4808944 2
vertex 237.6423125079592 -166.97018779021653 2
vertex 237.6750087942666 -166.9890650000001 2
endloop
endfacet
facet normal 0 0 -1
outer loop
vertex 229.86662829999997 -162.4808944 2
vertex 237.6750087942666 -166.9890650000001 2
vertex 240.2589331 -168.48089440000004 2
endloop
endfacet
facet normal 0 0 -1
outer loop
vertex 229.86662829999997 -162.4808944 2
vertex 240.2589331 -168.48089440000004 2
vertex 240.25893309999995 -168.48089440000004 0
endloop
endfacet
facet normal 0 0 -1
outer loop
vertex 229.86662829999997 -162.4808944 2
vertex 240.25893309999995 -168.48089440000004 0
vertex 237.67500879426635 -166.98906499999998 0
endloop
endfacet
facet normal 0 0 -1
outer loop
vertex 229.86662829999997 -162.4808944 2
vertex 237.67500879426635 -166.98906499999998 0
vertex 237.64231250795928 -166.9701877902166 0
endloop
endfacet
facet normal 0 0 -1
outer loop
vertex 229.86662829999997 -162.4808944 2
vertex 237.64231250795928 -166.9701877902166 0
vertex 237.62259794498164 -166.95880558192476 0
endloop
endfacet
facet normal 0 0 -1
outer loop
vertex 229.86662829999997 -162.4808944 2
vertex 237.62259794498164 -166.95880558192476 0
vertex 237.61600648376438 -166.955 0
endloop
endfacet
facet normal 0 0 -1
outer loop
vertex 229.86662829999997 -162.4808944 2
vertex 237.61600648376438 -166.955 0
vertex 229.86662829999997 -162.48089440000004 0
endloop
endfacet
facet normal -0.8660254028383261 0.5000000016387153 0
outer loop
vertex 240.2589331 -168.48089440000004 2
vertex 242.7589331 -164.1507674 2
vertex 242.7589331 -164.15076739999998 0
endloop
endfacet
facet normal -0.8660254028383261 0.5000000016387153 0
outer loop
vertex 240.2589331 -168.48089440000004 2
vertex 242.7589331 -164.15076739999998 0
vertex 240.25893309999995 -168.48089440000004 0
endloop
endfacet
facet normal 0 0 -1
outer loop
vertex 242.7589331 -164.1507674 2
vertex 242.74547385284586 -164.14299669999852 2
vertex 242.68146186236737 -164.1060393599029 2
endloop
endfacet
facet normal 0 0 -1
outer loop
vertex 242.7589331 -164.1507674 2
vertex 242.68146186236737 -164.1060393599029 2
vertex 242.61827489998225 -164.06955835000116 2
endloop
endfacet
facet normal 0 0 -1
outer loop
vertex 242.7589331 -164.1507674 2
vertex 242.61827489998225 -164.06955835000116 2
vertex 232.36662830000003 -158.15076740000003 2
endloop
endfacet
facet normal 0 0 -1
outer loop
vertex 242.7589331 -164.1507674 2
vertex 232.36662830000003 -158.15076740000003 2
vertex 232.36662830000003 -158.15076740000003 0
endloop
endfacet
facet normal 0 0 -1
outer loop
vertex 242.7589331 -164.1507674 2
vertex 232.36662830000003 -158.15076740000003 0
vertex 242.6182748999774 -164.06955834999832 0
endloop
endfacet
facet normal 0 0 -1
outer loop
vertex 242.7589331 -164.1507674 2
vertex 242.6182748999774 -164.06955834999832 0
vertex 242.6814618623675 -164.10603935990295 0
endloop
endfacet
facet normal 0 0 -1
outer loop
vertex 242.7589331 -164.1507674 2
vertex 242.6814618623675 -164.10603935990295 0
vertex 242.74547385284873 -164.14299670000014 0
endloop
endfacet
facet normal 0 0 -1
outer loop
vertex 242.7589331 -164.1507674 2
vertex 242.74547385284873 -164.14299670000014 0
vertex 242.7589331 -164.15076739999998 0
endloop
endfacet
facet normal 0 0 -1
outer loop
vertex 232.36662830000003 -158.15076740000003 2
vertex 231.93896630532876 -158.8914997 2
vertex 231.29897335593026 -160 2
endloop
endfacet
facet normal 0 0 -1
outer loop
vertex 232.36662830000003 -158.15076740000003 2
vertex 231.29897335593026 -160 2
vertex 231.2814308600776 -160.0303844939756 2
endloop
endfacet
facet normal 0 0 -1
outer loop
vertex 232.36662830000003 -158.15076740000003 2
vertex 231.2814308600776 -160.0303844939756 2
vertex 231.22933639237917 -160.12061475842822 2
endloop
endfacet
facet normal 0 0 -1
outer loop
vertex 232.36662830000003 -158.15076740000003 2
vertex 231.22933639237917 -160.12061475842822 2
vertex 231.14427281687495 -160.2679491924312 2
endloop
endfacet
facet normal 0 0 -1
outer loop
vertex 232.36662830000003 -158.15076740000003 2
vertex 231.14427281687495 -160.2679491924312 2
vertex 231.02882474726243 -160.467911113762 2
endloop
endfacet
facet normal 0 0 -1
outer loop
vertex 232.36662830000003 -158.15076740000003 2
vertex 231.02882474726243 -160.467911113762 2
vertex 230.88650001471703 -160.714424780627 2
endloop
endfacet
facet normal 0 0 -1
outer loop
vertex 232.36662830000003 -158.15076740000003 2
vertex 230.88650001471703 -160.714424780627 2
vertex 230.72162308421764 -161 2
endloop
endfacet
facet normal 0 0 -1
outer loop
vertex 232.36662830000003 -158.15076740000003 2
vertex 230.72162308421764 -161 2
vertex 230.53920365786558 -161.31595971334863 2
endloop
endfacet
facet normal 0 0 -1
outer loop
vertex 232.36662830000003 -158.15076740000003 2
vertex 230.53920365786558 -161.31595971334863 2
vertex 230.34478445762187 -161.6527036446661 2
endloop
endfacet
facet normal 0 0 -1
outer loop
vertex 232.36662830000003 -158.15076740000003 2
vertex 230.34478445762187 -161.6527036446661 2
vertex 230.14427281250508 -161.99999999999997 2
endloop
endfacet
facet normal 0 0 -1
outer loop
vertex 232.36662830000003 -158.15076740000003 2
vertex 230.14427281250508 -161.99999999999997 2
vertex 229.86662829999997 -162.4808944 2
endloop
endfacet
facet normal 0 0 -1
outer loop
vertex 232.36662830000003 -158.15076740000003 2
vertex 229.86662829999997 -162.4808944 2
vertex 229.86662829999997 -162.48089440000004 0
endloop
endfacet
facet normal 0 0 -1
outer loop
vertex 232.36662830000003 -158.15076740000003 2
vertex 229.86662829999997 -162.48089440000004 0
vertex 230.14427281250502 -162.00000000000006 0
endloop
endfacet
facet normal 0 0 -1
outer loop
vertex 232.36662830000003 -158.15076740000003 2
vertex 230.14427281250502 -162.00000000000006 0
vertex 230.34478445762184 -161.6527036446662 0
endloop
endfacet
facet normal 0 0 -1
outer loop
vertex 232.36662830000003 -158.15076740000003 2
vertex 230.34478445762184 -161.6527036446662 0
vertex 230.5392036578656 -161.3159597133486 0
endloop
endfacet
facet normal 0 0 -1
outer loop
vertex 232.36662830000003 -158.15076740000003 2
vertex 230.5392036578656 -161.3159597133486 0
vertex 230.72162308421758 -161.00000000000014 0
endloop
endfacet
facet normal 0 0 -1
outer loop
vertex 232.36662830000003 -158.15076740000003 2
vertex 230.72162308421758 -161.00000000000014 0
vertex 230.88650001471717 -160.7144247806268 0
endloop
endfacet
facet normal 0 0 -1
outer loop
vertex 232.36662830000003 -158.15076740000003 2
vertex 230.88650001471717 -160.7144247806268 0
vertex 231.0288247472624 -160.46791111376209 0
endloop
endfacet
facet normal 0 0 -1
outer loop
vertex 232.36662830000003 -158.15076740000003 2
vertex 231.0288247472624 -160.46791111376209 0
vertex 231.14427281687497 -160.26794919243116 0
endloop
endfacet
facet normal 0 0 -1
outer loop
vertex 232.36662830000003 -158.15076740000003 2
vertex 231.14427281687497 -160.26794919243116 0
vertex 231.22933639237922 -160.1206147584282 0
endloop
endfacet
facet normal 0 0 -1
outer loop
vertex 232.36662830000003 -158.15076740000003 2
vertex 231.22933639237922 -160.1206147584282 0
vertex 231.28143086007762 -160.0303844939756 0
endloop
endfacet
facet normal 0 0 -1
outer loop
vertex 232.36662830000003 -158.15076740000003 2
vertex 231.28143086007762 -160.0303844939756 0
vertex 231.2989733559302 -160 0
endloop
endfacet
facet normal 0 0 -1
outer loop
vertex 232.36662830000003 -158.15076740000003 2
vertex 231.2989733559302 -160 0
vertex 231.93896630532873 -158.8914997 0
endloop
endfacet
facet normal 0 0 -1
outer loop
vertex 232.36662830000003 -158.15076740000003 2
vertex 231.93896630532873 -158.8914997 0
vertex 232.36662830000003 -158.15076740000003 0
endloop
endfacet
facet normal -0.9951847266721956 0.09801714032957415 0
outer loop
vertex 161.47117792060487 -108.8259687830244 2
vertex 161.5 -108.53333330000014 2
vertex 161.50000000000003 -108.5333333000001 0
endloop
endfacet
facet normal -0.9951847266721956 0.09801714032957415 0
outer loop
vertex 161.47117792060487 -108.8259687830244 2
vertex 161.50000000000003 -108.5333333000001 0
vertex 161.47117792060487 -108.82596878302415 0
endloop
endfacet
facet normal -0.9951847266721984 -0.09801714032954582 0
outer loop
vertex 161.5 -108.53333330000014 2
vertex 161.47117792060484 -108.24069781697585 2
vertex 161.47117792060487 -108.24069781697602 0
endloop
endfacet
facet normal -0.9951847266721984 -0.09801714032954582 0
outer loop
vertex 161.5 -108.53333330000014 2
vertex 161.47117792060487 -108.24069781697602 0
vertex 161.50000000000003 -108.5333333000001 0
endloop
endfacet
facet normal -0.9569403357322048 -0.29028467725447593 0
outer loop
vertex 161.47117792060484 -108.24069781697585 2
vertex 161.38581929876688 -107.95930815145223 2
vertex 161.38581929876685 -107.95930815145223 0
endloop
endfacet
facet normal -0.9569403357322048 -0.29028467725447593 0
outer loop
vertex 161.47117792060484 -108.24069781697585 2
vertex 161.38581929876685 -107.95930815145223 0
vertex 161.47117792060487 -108.24069781697602 0
endloop
endfacet
facet normal -0.881921264348327 -0.4713967368260505 0
outer loop
vertex 161.38581929876688 -107.95930815145223 2
vertex 161.24720441845386 -107.6999779504707 2
vertex 161.24720441845375 -107.69997795047053 0
endloop
endfacet
facet normal -0.881921264348327 -0.4713967368260505 0
outer loop
vertex 161.38581929876688 -107.95930815145223 2
vertex 161.24720441845375 -107.69997795047053 0
vertex 161.38581929876685 -107.95930815145223 0
endloop
endfacet
facet normal -0.7730104533627797 -0.6343932841635935 0
outer loop
vertex 161.24720441845386 -107.6999779504707 2
vertex 161.06066017177977 -107.47267312822014 2
vertex 161.06066017177983 -107.47267312822017 0
endloop
endfacet
facet normal -0.7730104533627797 -0.6343932841635935 0
outer loop
vertex 161.24720441845386 -107.6999779504707 2
vertex 161.06066017177983 -107.47267312822017 0
vertex 161.24720441845375 -107.69997795047053 0
endloop
endfacet
facet normal -0.6343932841636345 -0.7730104533627461 0
outer loop
vertex 161.06066017177977 -107.47267312822014 2
vertex 160.8333553495294 -107.28612888154619 2
vertex 160.83335534952943 -107.28612888154619 0
endloop
endfacet
facet normal -0.6343932841636345 -0.7730104533627461 0
outer loop
vertex 161.06066017177977 -107.47267312822014 2
vertex 160.83335534952943 -107.28612888154619 0
vertex 161.06066017177983 -107.47267312822017 0
endloop
endfacet
facet normal -0.47139673682601535 -0.8819212643483455 0
outer loop
vertex 160.8333553495294 -107.28612888154619 2
vertex 160.5740251485476 -107.14751400123306 2
vertex 160.5740251485477 -107.14751400123309 0
endloop
endfacet
facet normal -0.47139673682601535 -0.8819212643483455 0
outer loop
vertex 160.8333553495294 -107.28612888154619 2
vertex 160.5740251485477 -107.14751400123309 0
vertex 160.83335534952943 -107.28612888154619 0
endloop
endfacet
facet normal -0.2902846772544479 -0.9569403357322133 0
outer loop
vertex 160.5740251485476 -107.14751400123306 2
vertex 160.2926354830241 -107.06215537939514 2
vertex 160.29263548302413 -107.06215537939515 0
endloop
endfacet
facet normal -0.2902846772544479 -0.9569403357322133 0
outer loop
vertex 160.5740251485476 -107.14751400123306 2
vertex 160.29263548302413 -107.06215537939515 0
vertex 160.5740251485477 -107.14751400123309 0
endloop
endfacet
facet normal -0.09801714032956006 -0.9951847266721969 0
outer loop
vertex 160.2926354830241 -107.06215537939514 2
vertex 160.00000000000006 -107.0333333 2
vertex 159.99999999999994 -107.0333333 0
endloop
endfacet
facet normal -0.09801714032956006 -0.9951847266721969 0
outer loop
vertex 160.2926354830241 -107.06215537939514 2
vertex 159.99999999999994 -107.0333333 0
vertex 160.29263548302413 -107.06215537939515 0
endloop
endfacet
facet normal 0.09801714032956006 -0.9951847266721969 0
outer loop
vertex 160.00000000000006 -107.0333333 2
vertex 159.70736451697576 -107.06215537939514 2
vertex 159.7073645169758 -107.06215537939515 0
endloop
endfacet
facet normal 0.09801714032956006 -0.9951847266721969 0
outer loop
vertex 160.00000000000006 -107.0333333 2
vertex 159.7073645169758 -107.06215537939515 0
vertex 159.99999999999994 -107.0333333 0
endloop
endfacet
facet normal 0.2902846772544479 -0.9569403357322133 0
outer loop
vertex 159.70736451697576 -107.06215537939514 2
vertex 159.4259748514524 -107.14751400123306 2
vertex 159.42597485145228 -107.14751400123309 0
endloop
endfacet
facet normal 0.2902846772544479 -0.9569403357322133 0
outer loop
vertex 159.70736451697576 -107.06215537939514 2
vertex 159.42597485145228 -107.14751400123309 0
vertex 159.7073645169758 -107.06215537939515 0
endloop
endfacet
facet normal 0.4713967368259914 -0.8819212643483584 0
outer loop
vertex 159.4259748514524 -107.14751400123306 2
vertex 159.16664465047063 -107.28612888154619 2
vertex 159.1666446504707 -107.28612888154619 0
endloop
endfacet
facet normal 0.4713967368259914 -0.8819212643483584 0
outer loop
vertex 159.4259748514524 -107.14751400123306 2
vertex 159.1666446504707 -107.28612888154619 0
vertex 159.42597485145228 -107.14751400123309 0
endloop
endfacet
facet normal 0.6343932841636518 -0.7730104533627319 0
outer loop
vertex 159.16664465047063 -107.28612888154619 2
vertex 158.9393398282202 -107.47267312822014 2
vertex 158.93933982822008 -107.47267312822017 0
endloop
endfacet
facet normal 0.6343932841636518 -0.7730104533627319 0
outer loop
vertex 159.16664465047063 -107.28612888154619 2
vertex 158.93933982822008 -107.47267312822017 0
vertex 159.1666446504707 -107.28612888154619 0
endloop
endfacet
facet normal 0.7730104533627769 -0.634393284163597 0
outer loop
vertex 158.9393398282202 -107.47267312822014 2
vertex 158.7527955815462 -107.6999779504707 2
vertex 158.7527955815463 -107.69997795047053 0
endloop
endfacet
facet normal 0.7730104533627769 -0.634393284163597 0
outer loop
vertex 158.9393398282202 -107.47267312822014 2
vertex 158.7527955815463 -107.69997795047053 0
vertex 158.93933982822008 -107.47267312822017 0
endloop
endfacet
facet normal 0.8819212643483252 -0.4713967368260534 0
outer loop
vertex 158.7527955815462 -107.6999779504707 2
vertex 158.61418070123307 -107.95930815145223 2
vertex 158.61418070123307 -107.95930815145223 0
endloop
endfacet
facet normal 0.8819212643483252 -0.4713967368260534 0
outer loop
vertex 158.7527955815462 -107.6999779504707 2
vertex 158.61418070123307 -107.95930815145223 0
vertex 158.7527955815463 -107.69997795047053 0
endloop
endfacet
facet normal 0.9569403357322133 -0.2902846772544479 0
outer loop
vertex 158.61418070123307 -107.95930815145223 2
vertex 158.52882207939518 -108.24069781697585 2
vertex 158.52882207939498 -108.24069781697602 0
endloop
endfacet
facet normal 0.9569403357322133 -0.2902846772544479 0
outer loop
vertex 158.61418070123307 -107.95930815145223 2
vertex 158.52882207939498 -108.24069781697602 0
vertex 158.61418070123307 -107.95930815145223 0
endloop
endfacet
facet normal 0.9951847266721956 -0.09801714032957415 0
outer loop
vertex 158.52882207939518 -108.24069781697585 2
vertex 158.50000000000003 -108.53333330000014 2
vertex 158.50000000000003 -108.5333333000001 0
endloop
endfacet
facet normal 0.9951847266721956 -0.09801714032957415 0
outer loop
vertex 158.52882207939518 -108.24069781697585 2
vertex 158.50000000000003 -108.5333333000001 0
vertex 158.52882207939498 -108.24069781697602 0
endloop
endfacet
facet normal 0 0 -1
outer loop
vertex 158.50000000000003 -108.53333330000014 2
vertex 158.51149066700808 -108.65 2
vertex 158.5288220793952 -108.8259687830244 2
endloop
endfacet
facet normal 0 0 -1
outer loop
vertex 158.50000000000003 -108.53333330000014 2
vertex 158.5288220793952 -108.8259687830244 2
vertex 158.52882207939516 -108.82596878302415 0
endloop
endfacet
facet normal 0 0 -1
outer loop
vertex 158.50000000000003 -108.53333330000014 2
vertex 158.52882207939516 -108.82596878302415 0
vertex 158.51149066700805 -108.65 0
endloop
endfacet
facet normal 0 0 -1
outer loop
vertex 158.50000000000003 -108.53333330000014 2
vertex 158.51149066700805 -108.65 0
vertex 158.50000000000003 -108.5333333000001 0
endloop
endfacet
facet normal 0.9569403357322048 0.29028467725447593 0
outer loop
vertex 158.5288220793952 -108.8259687830244 2
vertex 158.61418070123304 -109.10735844854756 2
vertex 158.614180701233 -109.10735844854752 0
endloop
endfacet
facet normal 0.9569403357322048 0.29028467725447593 0
outer loop
vertex 158.5288220793952 -108.8259687830244 2
vertex 158.614180701233 -109.10735844854752 0
vertex 158.52882207939516 -108.82596878302415 0
endloop
endfacet
facet normal 0.8819212643483417 0.4713967368260224 0
outer loop
vertex 158.61418070123304 -109.10735844854756 2
vertex 158.75279558154622 -109.36668864952944 2
vertex 158.75279558154622 -109.36668864952942 0
endloop
endfacet
facet normal 0.8819212643483417 0.4713967368260224 0
outer loop
vertex 158.61418070123304 -109.10735844854756 2
vertex 158.75279558154622 -109.36668864952942 0
vertex 158.614180701233 -109.10735844854752 0
endloop
endfacet
facet normal 0.7730104533627572 0.6343932841636208 0
outer loop
vertex 158.75279558154622 -109.36668864952944 2
vertex 158.93933982822014 -109.59399347177977 2
vertex 158.9393398282202 -109.59399347177984 0
endloop
endfacet
facet normal 0.7730104533627572 0.6343932841636208 0
outer loop
vertex 158.75279558154622 -109.36668864952944 2
vertex 158.9393398282202 -109.59399347177984 0
vertex 158.75279558154622 -109.36668864952942 0
endloop
endfacet
facet normal 0.634393284163652 0.7730104533627317 0
outer loop
vertex 158.93933982822014 -109.59399347177977 2
vertex 159.16664465047066 -109.78053771845386 2
vertex 159.16664465047054 -109.78053771845377 0
endloop
endfacet
facet normal 0.634393284163652 0.7730104533627317 0
outer loop
vertex 158.93933982822014 -109.59399347177977 2
vertex 159.16664465047054 -109.78053771845377 0
vertex 158.9393398282202 -109.59399347177984 0
endloop
endfacet
facet normal 0.47139673682602595 0.88192126434834 0
outer loop
vertex 159.16664465047066 -109.78053771845386 2
vertex 159.42597485145234 -109.91915259876693 2
vertex 159.42597485145242 -109.91915259876694 0
endloop
endfacet
facet normal 0.47139673682602595 0.88192126434834 0
outer loop
vertex 159.16664465047066 -109.78053771845386 2
vertex 159.42597485145242 -109.91915259876694 0
vertex 159.16664465047054 -109.78053771845377 0
endloop
endfacet
facet normal 0.2902846772544479 0.9569403357322133 0
outer loop
vertex 159.42597485145234 -109.91915259876693 2
vertex 159.70736451697576 -110.00451122060483 2
vertex 159.7073645169758 -110.00451122060484 0
endloop
endfacet
facet normal 0.2902846772544479 0.9569403357322133 0
outer loop
vertex 159.42597485145234 -109.91915259876693 2
vertex 159.7073645169758 -110.00451122060484 0
vertex 159.42597485145242 -109.91915259876694 0
endloop
endfacet
facet normal 0.09801714032956006 0.9951847266721969 0
outer loop
vertex 159.70736451697576 -110.00451122060483 2
vertex 159.99999999999994 -110.03333329999998 2
vertex 160 -110.0333333 0
endloop
endfacet
facet normal 0.09801714032956006 0.9951847266721969 0
outer loop
vertex 159.70736451697576 -110.00451122060483 2
vertex 160 -110.0333333 0
vertex 159.7073645169758 -110.00451122060484 0
endloop
endfacet
facet normal -0.0980171403295599 0.9951847266721969 0
outer loop
vertex 159.99999999999994 -110.03333329999998 2
vertex 160.2926354830242 -110.00451122060483 2
vertex 160.2926354830241 -110.00451122060484 0
endloop
endfacet
facet normal -0.0980171403295599 0.9951847266721969 0
outer loop
vertex 159.99999999999994 -110.03333329999998 2
vertex 160.2926354830241 -110.00451122060484 0
vertex 160 -110.0333333 0
endloop
endfacet
facet normal -0.2902846772544479 0.9569403357322133 0
outer loop
vertex 160.2926354830242 -110.00451122060483 2
vertex 160.5740251485476 -109.91915259876693 2
vertex 160.57402514854775 -109.91915259876694 0
endloop
endfacet
facet normal -0.2902846772544479 0.9569403357322133 0
outer loop
vertex 160.2926354830242 -110.00451122060483 2
vertex 160.57402514854775 -109.91915259876694 0
vertex 160.2926354830241 -110.00451122060484 0
endloop
endfacet
facet normal -0.4713967368259914 0.8819212643483584 0
outer loop
vertex 160.5740251485476 -109.91915259876693 2
vertex 160.8333553495293 -109.78053771845386 2
vertex 160.83335534952943 -109.78053771845377 0
endloop
endfacet
facet normal -0.4713967368259914 0.8819212643483584 0
outer loop
vertex 160.5740251485476 -109.91915259876693 2
vertex 160.83335534952943 -109.78053771845377 0
vertex 160.57402514854775 -109.91915259876694 0
endloop
endfacet
facet normal -0.6343932841636518 0.7730104533627319 0
outer loop
vertex 160.8333553495293 -109.78053771845386 2
vertex 161.06066017177997 -109.59399347177977 2
vertex 161.06066017177963 -109.59399347177984 0
endloop
endfacet
facet normal -0.6343932841636518 0.7730104533627319 0
outer loop
vertex 160.8333553495293 -109.78053771845386 2
vertex 161.06066017177963 -109.59399347177984 0
vertex 160.83335534952943 -109.78053771845377 0
endloop
endfacet
facet normal -0.7730104533627572 0.634393284163621 0
outer loop
vertex 161.06066017177997 -109.59399347177977 2
vertex 161.24720441845363 -109.36668864952944 2
vertex 161.2472044184539 -109.36668864952942 0
endloop
endfacet
facet normal -0.7730104533627572 0.634393284163621 0
outer loop
vertex 161.06066017177997 -109.59399347177977 2
vertex 161.2472044184539 -109.36668864952942 0
vertex 161.06066017177963 -109.59399347177984 0
endloop
endfacet
facet normal -0.8819212643483252 0.4713967368260534 0
outer loop
vertex 161.24720441845363 -109.36668864952944 2
vertex 161.38581929876696 -109.10735844854756 2
vertex 161.38581929876693 -109.10735844854752 0
endloop
endfacet
facet normal -0.8819212643483252 0.4713967368260534 0
outer loop
vertex 161.24720441845363 -109.36668864952944 2
vertex 161.38581929876693 -109.10735844854752 0
vertex 161.2472044184539 -109.36668864952942 0
endloop
endfacet
facet normal -0.9569403357322048 0.29028467725447593 0
outer loop
vertex 161.38581929876696 -109.10735844854756 2
vertex 161.47117792060487 -108.8259687830244 2
vertex 161.47117792060487 -108.82596878302415 0
endloop
endfacet
facet normal -0.9569403357322048 0.29028467725447593 0
outer loop
vertex 161.38581929876696 -109.10735844854756 2
vertex 161.47117792060487 -108.82596878302415 0
vertex 161.38581929876693 -109.10735844854752 0
endloop
endfacet
facet normal -0.9951847266721956 0.09801714032957415 0
outer loop
vertex 173.9711779206048 -152.2926354830242 2
vertex 173.99999999999997 -152.0000000000001 2
vertex 174 -152.00000000000006 0
endloop
endfacet
facet normal -0.9951847266721956 0.09801714032957415 0
outer loop
vertex 173.9711779206048 -152.2926354830242 2
vertex 174 -152.00000000000006 0
vertex 173.97117792060484 -152.29263548302413 0
endloop
endfacet
facet normal -0.9951847266721956 -0.09801714032957431 0
outer loop
vertex 173.99999999999997 -152.0000000000001 2
vertex 173.9711779206048 -151.7073645169757 2
vertex 173.97117792060484 -151.70736451697573 0
endloop
endfacet
facet normal -0.9951847266721956 -0.09801714032957431 0
outer loop
vertex 173.99999999999997 -152.0000000000001 2
vertex 173.97117792060484 -151.70736451697573 0
vertex 174 -152.00000000000006 0
endloop
endfacet
facet normal -0.9569403357322133 -0.2902846772544479 0
outer loop
vertex 173.9711779206048 -151.7073645169757 2
vertex 173.8858192987669 -151.42597485145234 2
vertex 173.885819298767 -151.42597485145248 0
endloop
endfacet
facet normal -0.9569403357322133 -0.2902846772544479 0
outer loop
vertex 173.9711779206048 -151.7073645169757 2
vertex 173.885819298767 -151.42597485145248 0
vertex 173.97117792060484 -151.70736451697573 0
endloop
endfacet
facet normal -0.8819212643483417 -0.4713967368260224 0
outer loop
vertex 173.8858192987669 -151.42597485145234 2
vertex 173.74720441845378 -151.16664465047057 2
vertex 173.7472044184538 -151.1666446504706 0
endloop
endfacet
facet normal -0.8819212643483417 -0.4713967368260224 0
outer loop
vertex 173.8858192987669 -151.42597485145234 2
vertex 173.7472044184538 -151.1666446504706 0
vertex 173.885819298767 -151.42597485145248 0
endloop
endfacet
facet normal -0.7730104533627973 -0.634393284163572 0
outer loop
vertex 173.74720441845378 -151.16664465047057 2
vertex 173.5606601717798 -150.93933982822014 2
vertex 173.56066017177983 -150.9393398282202 0
endloop
endfacet
facet normal -0.7730104533627973 -0.634393284163572 0
outer loop
vertex 173.74720441845378 -151.16664465047057 2
vertex 173.56066017177983 -150.9393398282202 0
vertex 173.7472044184538 -151.1666446504706 0
endloop
endfacet
facet normal -0.6343932841635901 -0.7730104533627825 0
outer loop
vertex 173.5606601717798 -150.93933982822014 2
vertex 173.33335534952948 -150.75279558154625 2
vertex 173.33335534952943 -150.75279558154622 0
endloop
endfacet
facet normal -0.6343932841635901 -0.7730104533627825 0
outer loop
vertex 173.5606601717798 -150.93933982822014 2
vertex 173.33335534952943 -150.75279558154622 0
vertex 173.56066017177983 -150.9393398282202 0
endloop
endfacet
facet normal -0.4713967368260365 -0.8819212643483344 0
outer loop
vertex 173.33335534952948 -150.75279558154625 2
vertex 173.07402514854743 -150.61418070123298 2
vertex 173.07402514854755 -150.61418070123304 0
endloop
endfacet
facet normal -0.4713967368260365 -0.8819212643483344 0
outer loop
vertex 173.33335534952948 -150.75279558154625 2
vertex 173.07402514854755 -150.61418070123304 0
vertex 173.33335534952943 -150.75279558154622 0
endloop
endfacet
facet normal -0.2902846772544479 -0.9569403357322133 0
outer loop
vertex 173.07402514854743 -150.61418070123298 2
vertex 172.79263548302436 -150.52882207939518 2
vertex 172.7926354830242 -150.52882207939516 0
endloop
endfacet
facet normal -0.2902846772544479 -0.9569403357322133 0
outer loop
vertex 173.07402514854743 -150.61418070123298 2
vertex 172.7926354830242 -150.52882207939516 0
vertex 173.07402514854755 -150.61418070123304 0
endloop
endfacet
facet normal -0.09801714032957415 -0.9951847266721956 0
outer loop
vertex 172.79263548302436 -150.52882207939518 2
vertex 172.49999999999983 -150.5 2
vertex 172.4999999999999 -150.5 0
endloop
endfacet
facet normal -0.09801714032957415 -0.9951847266721956 0
outer loop
vertex 172.79263548302436 -150.52882207939518 2
vertex 172.4999999999999 -150.5 0
vertex 172.7926354830242 -150.52882207939516 0
endloop
endfacet
facet normal 0.09801714032954582 -0.9951847266721984 0
outer loop
vertex 172.49999999999983 -150.5 2
vertex 172.20736451697582 -150.52882207939518 2
vertex 172.2073645169757 -150.52882207939516 0
endloop
endfacet
facet normal 0.09801714032954582 -0.9951847266721984 0
outer loop
vertex 172.49999999999983 -150.5 2
vertex 172.2073645169757 -150.52882207939516 0
vertex 172.4999999999999 -150.5 0
endloop
endfacet
facet normal 0.2902846772544479 -0.9569403357322133 0
outer loop
vertex 172.20736451697582 -150.52882207939518 2
vertex 171.92597485145248 -150.61418070123298 2
vertex 171.92597485145242 -150.61418070123304 0
endloop
endfacet
facet normal 0.2902846772544479 -0.9569403357322133 0
outer loop
vertex 172.20736451697582 -150.52882207939518 2
vertex 171.92597485145242 -150.61418070123304 0
vertex 172.2073645169757 -150.52882207939516 0
endloop
endfacet
facet normal 0.47139673682604744 -0.8819212643483284 0
outer loop
vertex 171.92597485145248 -150.61418070123298 2
vertex 171.66664465047066 -150.75279558154625 2
vertex 171.66664465047054 -150.75279558154622 0
endloop
endfacet
facet normal 0.47139673682604744 -0.8819212643483284 0
outer loop
vertex 171.92597485145248 -150.61418070123298 2
vertex 171.66664465047054 -150.75279558154622 0
vertex 171.92597485145242 -150.61418070123304 0
endloop
endfacet
facet normal 0.63439328416359 -0.7730104533627825 0
outer loop
vertex 171.66664465047066 -150.75279558154625 2
vertex 171.43933982822023 -150.93933982822014 2
vertex 171.43933982822017 -150.9393398282202 0
endloop
endfacet
facet normal 0.63439328416359 -0.7730104533627825 0
outer loop
vertex 171.66664465047066 -150.75279558154625 2
vertex 171.43933982822017 -150.9393398282202 0
vertex 171.66664465047054 -150.75279558154622 0
endloop
endfacet
facet normal 0.7730104533627825 -0.63439328416359 0
outer loop
vertex 171.43933982822023 -150.93933982822014 2
vertex 171.25279558154617 -151.16664465047057 2
vertex 171.2527955815463 -151.1666446504706 0
endloop
endfacet
facet normal 0.7730104533627825 -0.63439328416359 0
outer loop
vertex 171.43933982822023 -150.93933982822014 2
vertex 171.2527955815463 -151.1666446504706 0
vertex 171.43933982822017 -150.9393398282202 0
endloop
endfacet
facet normal 0.8819212643483284 -0.47139673682604744 0
outer loop
vertex 171.25279558154617 -151.16664465047057 2
vertex 171.114180701233 -151.42597485145234 2
vertex 171.11418070123287 -151.42597485145248 0
endloop
endfacet
facet normal 0.8819212643483284 -0.47139673682604744 0
outer loop
vertex 171.25279558154617 -151.16664465047057 2
vertex 171.11418070123287 -151.42597485145248 0
vertex 171.2527955815463 -151.1666446504706 0
endloop
endfacet
facet normal 0.9569403357322133 -0.2902846772544479 0
outer loop
vertex 171.114180701233 -151.42597485145234 2
vertex 171.02882207939516 -151.7073645169757 2
vertex 171.02882207939518 -151.70736451697573 0
endloop
endfacet
facet normal 0.9569403357322133 -0.2902846772544479 0
outer loop
vertex 171.114180701233 -151.42597485145234 2
vertex 171.02882207939518 -151.70736451697573 0
vertex 171.11418070123287 -151.42597485145248 0
endloop
endfacet
facet normal 0.9951847266721956 -0.09801714032957415 0
outer loop
vertex 171.02882207939516 -151.7073645169757 2
vertex 171 -152.0000000000001 2
vertex 171 -152.00000000000006 0
endloop
endfacet
facet normal 0.9951847266721956 -0.09801714032957415 0
outer loop
vertex 171.02882207939516 -151.7073645169757 2
vertex 171 -152.00000000000006 0
vertex 171.02882207939518 -151.70736451697573 0
endloop
endfacet
facet normal 0.9951847266721956 0.09801714032957415 0
outer loop
vertex 171 -152.0000000000001 2
vertex 171.02882207939516 -152.2926354830242 2
vertex 171.02882207939516 -152.29263548302413 0
endloop
endfacet
facet normal 0.9951847266721956 0.09801714032957415 0
outer loop
vertex 171 -152.0000000000001 2
vertex 171.02882207939516 -152.29263548302413 0
vertex 171 -152.00000000000006 0
endloop
endfacet
facet normal 0.9569403357322217 0.2902846772544199 0
outer loop
vertex 171.02882207939516 -152.2926354830242 2
vertex 171.11418070123307 -152.5740251485476 2
vertex 171.11418070123307 -152.5740251485476 0
endloop
endfacet
facet normal 0.9569403357322217 0.2902846772544199 0
outer loop
vertex 171.02882207939516 -152.2926354830242 2
vertex 171.11418070123307 -152.5740251485476 0
vertex 171.02882207939516 -152.29263548302413 0
endloop
endfacet
facet normal 0.881921264348327 0.4713967368260505 0
outer loop
vertex 171.11418070123307 -152.5740251485476 2
vertex 171.25279558154628 -152.8333553495295 2
vertex 171.25279558154622 -152.83335534952943 0
endloop
endfacet
facet normal 0.881921264348327 0.4713967368260505 0
outer loop
vertex 171.11418070123307 -152.5740251485476 2
vertex 171.25279558154622 -152.83335534952943 0
vertex 171.11418070123307 -152.5740251485476 0
endloop
endfacet
facet normal 0.7730104533627828 0.6343932841635896 0
outer loop
vertex 171.25279558154628 -152.8333553495295 2
vertex 171.4393398282201 -153.06066017177977 2
vertex 171.43933982822017 -153.06066017177983 0
endloop
endfacet
facet normal 0.7730104533627828 0.6343932841635896 0
outer loop
vertex 171.25279558154628 -152.8333553495295 2
vertex 171.43933982822017 -153.06066017177983 0
vertex 171.25279558154622 -152.83335534952943 0
endloop
endfacet
facet normal 0.6343932841635905 0.773010453362782 0
outer loop
vertex 171.4393398282201 -153.06066017177977 2
vertex 171.6666446504707 -153.24720441845386 2
vertex 171.6666446504706 -153.2472044184538 0
endloop
endfacet
facet normal 0.6343932841635905 0.773010453362782 0
outer loop
vertex 171.4393398282201 -153.06066017177977 2
vertex 171.6666446504706 -153.2472044184538 0
vertex 171.43933982822017 -153.06066017177983 0
endloop
endfacet
facet normal 0.4713967368260449 0.8819212643483297 0
outer loop
vertex 171.6666446504707 -153.24720441845386 2
vertex 171.9259748514523 -153.3858192987669 2
vertex 171.92597485145242 -153.38581929876696 0
endloop
endfacet
facet normal 0.4713967368260449 0.8819212643483297 0
outer loop
vertex 171.6666446504707 -153.24720441845386 2
vertex 171.92597485145242 -153.38581929876696 0
vertex 171.6666446504706 -153.2472044184538 0
endloop
endfacet
facet normal 0.2902846772544199 0.9569403357322217 0
outer loop
vertex 171.9259748514523 -153.3858192987669 2
vertex 172.2073645169758 -153.47117792060482 2
vertex 172.20736451697576 -153.47117792060484 0
endloop
endfacet
facet normal 0.2902846772544199 0.9569403357322217 0
outer loop
vertex 171.9259748514523 -153.3858192987669 2
vertex 172.20736451697576 -153.47117792060484 0
vertex 171.92597485145242 -153.38581929876696 0
endloop
endfacet
facet normal 0.09801714032957415 0.9951847266721956 0
outer loop
vertex 172.2073645169758 -153.47117792060482 2
vertex 172.49999999999997 -153.49999999999997 2
vertex 172.49999999999997 -153.5 0
endloop
endfacet
facet normal 0.09801714032957415 0.9951847266721956 0
outer loop
vertex 172.2073645169758 -153.47117792060482 2
vertex 172.49999999999997 -153.5 0
vertex 172.20736451697576 -153.47117792060484 0
endloop
endfacet
facet normal -0.09801714032957415 0.9951847266721956 0
outer loop
vertex 172.49999999999997 -153.49999999999997 2
vertex 172.79263548302424 -153.47117792060482 2
vertex 172.79263548302416 -153.47117792060484 0
endloop
endfacet
facet normal -0.09801714032957415 0.9951847266721956 0
outer loop
vertex 172.49999999999997 -153.49999999999997 2
vertex 172.79263548302416 -153.47117792060484 0
vertex 172.49999999999997 -153.5 0
endloop
endfacet
facet normal -0.2902846772544479 0.9569403357322133 0
outer loop
vertex 172.79263548302424 -153.47117792060482 2
vertex 173.07402514854766 -153.3858192987669 2
vertex 173.07402514854766 -153.38581929876696 0
endloop
endfacet
facet normal -0.2902846772544479 0.9569403357322133 0
outer loop
vertex 172.79263548302424 -153.47117792060482 2
vertex 173.07402514854766 -153.38581929876696 0
vertex 172.79263548302416 -153.47117792060484 0
endloop
endfacet
facet normal -0.47139673682604744 0.8819212643483284 0
outer loop
vertex 173.07402514854766 -153.3858192987669 2
vertex 173.33335534952917 -153.24720441845386 2
vertex 173.3333553495295 -153.2472044184538 0
endloop
endfacet
facet normal -0.47139673682604744 0.8819212643483284 0
outer loop
vertex 173.07402514854766 -153.3858192987669 2
vertex 173.3333553495295 -153.2472044184538 0
vertex 173.07402514854766 -153.38581929876696 0
endloop
endfacet
facet normal -0.63439328416359 0.7730104533627825 0
outer loop
vertex 173.33335534952917 -153.24720441845386 2
vertex 173.56066017178006 -153.06066017177977 2
vertex 173.56066017177974 -153.06066017177983 0
endloop
endfacet
facet normal -0.63439328416359 0.7730104533627825 0
outer loop
vertex 173.33335534952917 -153.24720441845386 2
vertex 173.56066017177974 -153.06066017177983 0
vertex 173.3333553495295 -153.2472044184538 0
endloop
endfacet
facet normal -0.7730104533627965 0.634393284163573 0
outer loop
vertex 173.56066017178006 -153.06066017177977 2
vertex 173.74720441845366 -152.8333553495295 2
vertex 173.74720441845383 -152.83335534952943 0
endloop
endfacet
facet normal -0.7730104533627965 0.634393284163573 0
outer loop
vertex 173.56066017178006 -153.06066017177977 2
vertex 173.74720441845383 -152.83335534952943 0
vertex 173.56066017177974 -153.06066017177983 0
endloop
endfacet
facet normal -0.8819212643483253 0.47139673682605343 0
outer loop
vertex 173.74720441845366 -152.8333553495295 2
vertex 173.88581929876702 -152.5740251485476 2
vertex 173.8858192987669 -152.5740251485476 0
endloop
endfacet
facet normal -0.8819212643483253 0.47139673682605343 0
outer loop
vertex 173.74720441845366 -152.8333553495295 2
vertex 173.8858192987669 -152.5740251485476 0
vertex 173.74720441845383 -152.83335534952943 0
endloop
endfacet
facet normal -0.9569403357322133 0.2902846772544479 0
outer loop
vertex 173.88581929876702 -152.5740251485476 2
vertex 173.9711779206048 -152.2926354830242 2
vertex 173.97117792060484 -152.29263548302413 0
endloop
endfacet
facet normal -0.9569403357322133 0.2902846772544479 0
outer loop
vertex 173.88581929876702 -152.5740251485476 2
vertex 173.97117792060484 -152.29263548302413 0
vertex 173.8858192987669 -152.5740251485476 0
endloop
endfacet
facet normal -0.9951847266721956 0.09801714032957415 0
outer loop
vertex 236.4083360206048 -154.95533968302414 2
vertex 236.43715809999998 -154.66270419999987 2
vertex 236.4371581 -154.66270420000023 0
endloop
endfacet
facet normal -0.9951847266721956 0.09801714032957415 0
outer loop
vertex 236.4083360206048 -154.95533968302414 2
vertex 236.4371581 -154.66270420000023 0
vertex 236.40833602060488 -154.95533968302425 0
endloop
endfacet
facet normal -0.9951847266721956 -0.09801714032957415 0
outer loop
vertex 236.43715809999998 -154.66270419999987 2
vertex 236.40833602060485 -154.3700687169758 2
vertex 236.40833602060485 -154.37006871697577 0
endloop
endfacet
facet normal -0.9951847266721956 -0.09801714032957415 0
outer loop
vertex 236.43715809999998 -154.66270419999987 2
vertex 236.40833602060485 -154.37006871697577 0
vertex 236.4371581 -154.66270420000023 0
endloop
endfacet
facet normal -0.9569403357322133 -0.2902846772544479 0
outer loop
vertex 236.40833602060485 -154.3700687169758 2
vertex 236.32297739876688 -154.0886790514522 2
vertex 236.32297739876694 -154.08867905145226 0
endloop
endfacet
facet normal -0.9569403357322133 -0.2902846772544479 0
outer loop
vertex 236.40833602060485 -154.3700687169758 2
vertex 236.32297739876694 -154.08867905145226 0
vertex 236.40833602060485 -154.37006871697577 0
endloop
endfacet
facet normal -0.8819212643483284 -0.47139673682604744 0
outer loop
vertex 236.32297739876688 -154.0886790514522 2
vertex 236.18436251845395 -153.82934885047084 2
vertex 236.18436251845407 -153.82934885047095 0
endloop
endfacet
facet normal -0.8819212643483284 -0.47139673682604744 0
outer loop
vertex 236.32297739876688 -154.0886790514522 2
vertex 236.18436251845407 -153.82934885047095 0
vertex 236.32297739876694 -154.08867905145226 0
endloop
endfacet
facet normal -0.7730104533627924 -0.634393284163578 0
outer loop
vertex 236.18436251845395 -153.82934885047084 2
vertex 235.99781827177964 -153.60204402821998 2
vertex 235.9978182717797 -153.60204402822004 0
endloop
endfacet
facet normal -0.7730104533627924 -0.634393284163578 0
outer loop
vertex 236.18436251845395 -153.82934885047084 2
vertex 235.9978182717797 -153.60204402822004 0
vertex 236.18436251845407 -153.82934885047095 0
endloop
endfacet
facet normal -0.6343932841635582 -0.7730104533628086 0
outer loop
vertex 235.99781827177964 -153.60204402821998 2
vertex 235.77051344952957 -153.41549978154632 2
vertex 235.7705134495295 -153.41549978154626 0
endloop
endfacet
facet normal -0.6343932841635582 -0.7730104533628086 0
outer loop
vertex 235.99781827177964 -153.60204402821998 2
vertex 235.7705134495295 -153.41549978154626 0
vertex 235.9978182717797 -153.60204402822004 0
endloop
endfacet
facet normal -0.47139673682602595 -0.88192126434834 0
outer loop
vertex 235.77051344952957 -153.41549978154632 2
vertex 235.5111832485475 -153.27688490123302 2
vertex 235.51118324854755 -153.27688490123305 0
endloop
endfacet
facet normal -0.47139673682602595 -0.88192126434834 0
outer loop
vertex 235.77051344952957 -153.41549978154632 2
vertex 235.51118324854755 -153.27688490123305 0
vertex 235.7705134495295 -153.41549978154626 0
endloop
endfacet
facet normal -0.2902846772544479 -0.9569403357322133 0
outer loop
vertex 235.5111832485475 -153.27688490123302 2
vertex 235.22979358302427 -153.19152627939516 2
vertex 235.22979358302422 -153.19152627939516 0
endloop
endfacet
facet normal -0.2902846772544479 -0.9569403357322133 0
outer loop
vertex 235.5111832485475 -153.27688490123302 2
vertex 235.22979358302422 -153.19152627939516 0
vertex 235.51118324854755 -153.27688490123305 0
endloop
endfacet
facet normal -0.09801714032957415 -0.9951847266721956 0
outer loop
vertex 235.22979358302427 -153.19152627939516 2
vertex 234.93715810000003 -153.1627042 2
vertex 234.93715810000003 -153.1627042 0
endloop
endfacet
facet normal -0.09801714032957415 -0.9951847266721956 0
outer loop
vertex 235.22979358302427 -153.19152627939516 2
vertex 234.93715810000003 -153.1627042 0
vertex 235.22979358302422 -153.19152627939516 0
endloop
endfacet
facet normal 0.09801714032957415 -0.9951847266721956 0
outer loop
vertex 234.93715810000003 -153.1627042 2
vertex 234.64452261697593 -153.19152627939516 2
vertex 234.64452261697585 -153.19152627939516 0
endloop
endfacet
facet normal 0.09801714032957415 -0.9951847266721956 0
outer loop
vertex 234.93715810000003 -153.1627042 2
vertex 234.64452261697585 -153.19152627939516 0
vertex 234.93715810000003 -153.1627042 0
endloop
endfacet
facet normal 0.29028467725447593 -0.9569403357322048 0
outer loop
vertex 234.64452261697593 -153.19152627939516 2
vertex 234.3631329514522 -153.27688490123302 2
vertex 234.36313295145257 -153.27688490123305 0
endloop
endfacet
facet normal 0.29028467725447593 -0.9569403357322048 0
outer loop
vertex 234.64452261697593 -153.19152627939516 2
vertex 234.36313295145257 -153.27688490123305 0
vertex 234.64452261697585 -153.19152627939516 0
endloop
endfacet
facet normal 0.47139673682604744 -0.8819212643483284 0
outer loop
vertex 234.3631329514522 -153.27688490123302 2
vertex 234.10380275047058 -153.41549978154632 2
vertex 234.10380275047027 -153.41549978154626 0
endloop
endfacet
facet normal 0.47139673682604744 -0.8819212643483284 0
outer loop
vertex 234.3631329514522 -153.27688490123302 2
vertex 234.10380275047027 -153.41549978154626 0
vertex 234.36313295145257 -153.27688490123305 0
endloop
endfacet
facet normal 0.63439328416359 -0.7730104533627825 0
outer loop
vertex 234.10380275047058 -153.41549978154632 2
vertex 233.8764979282205 -153.60204402821998 2
vertex 233.87649792822063 -153.60204402822004 0
endloop
endfacet
facet normal 0.63439328416359 -0.7730104533627825 0
outer loop
vertex 234.10380275047058 -153.41549978154632 2
vertex 233.87649792822063 -153.60204402822004 0
vertex 234.10380275047027 -153.41549978154626 0
endloop
endfacet
facet normal 0.7730104533627825 -0.63439328416359 0
outer loop
vertex 233.8764979282205 -153.60204402821998 2
vertex 233.68995368154594 -153.82934885047084 2
vertex 233.68995368154594 -153.82934885047095 0
endloop
endfacet
facet normal 0.7730104533627825 -0.63439328416359 0
outer loop
vertex 233.8764979282205 -153.60204402821998 2
vertex 233.68995368154594 -153.82934885047095 0
vertex 233.87649792822063 -153.60204402822004 0
endloop
endfacet
facet normal 0 0 1
outer loop
vertex 233.68995368154594 -153.82934885047084 2
vertex 233.56566821707187 -154.06187059999996 2
vertex 233.55133880123313 -154.0886790514522 2
endloop
endfacet
facet normal 0 0 1
outer loop
vertex 233.68995368154594 -153.82934885047084 2
vertex 233.55133880123313 -154.0886790514522 2
vertex 233.55133880123307 -154.08867905145226 0
endloop
endfacet
facet normal 0 0 1
outer loop
vertex 233.68995368154594 -153.82934885047084 2
vertex 233.55133880123307 -154.08867905145226 0
vertex 233.5656682170719 -154.0618706 0
endloop
endfacet
facet normal 0 0 1
outer loop
vertex 233.68995368154594 -153.82934885047084 2
vertex 233.5656682170719 -154.0618706 0
vertex 233.68995368154594 -153.82934885047095 0
endloop
endfacet
facet normal 0.9569403357322224 -0.2902846772544179 0
outer loop
vertex 233.55133880123313 -154.0886790514522 2
vertex 233.46598017939516 -154.3700687169758 2
vertex 233.46598017939522 -154.37006871697577 0
endloop
endfacet
facet normal 0.9569403357322224 -0.2902846772544179 0
outer loop
vertex 233.55133880123313 -154.0886790514522 2
vertex 233.46598017939522 -154.37006871697577 0
vertex 233.55133880123307 -154.08867905145226 0
endloop
endfacet
facet normal 0.9951847266721956 -0.09801714032957415 0
outer loop
vertex 233.46598017939516 -154.3700687169758 2
vertex 233.4371581 -154.66270419999987 2
vertex 233.43715809999998 -154.66270420000023 0
endloop
endfacet
facet normal 0.9951847266721956 -0.09801714032957415 0
outer loop
vertex 233.46598017939516 -154.3700687169758 2
vertex 233.43715809999998 -154.66270420000023 0
vertex 233.46598017939522 -154.37006871697577 0
endloop
endfacet
facet normal 0.9951847266721927 0.09801714032960263 0
outer loop
vertex 233.4371581 -154.66270419999987 2
vertex 233.46598017939516 -154.95533968302414 2
vertex 233.46598017939513 -154.95533968302425 0
endloop
endfacet
facet normal 0.9951847266721927 0.09801714032960263 0
outer loop
vertex 233.4371581 -154.66270419999987 2
vertex 233.46598017939513 -154.95533968302425 0
vertex 233.43715809999998 -154.66270420000023 0
endloop
endfacet
facet normal 0.9569403357322133 0.2902846772544479 0
outer loop
vertex 233.46598017939516 -154.95533968302414 2
vertex 233.5513388012331 -155.23672934854764 2
vertex 233.55133880123302 -155.23672934854747 0
endloop
endfacet
facet normal 0.9569403357322133 0.2902846772544479 0
outer loop
vertex 233.46598017939516 -154.95533968302414 2
vertex 233.55133880123302 -155.23672934854747 0
vertex 233.46598017939513 -154.95533968302425 0
endloop
endfacet
facet normal 0.881921264348327 0.4713967368260505 0
outer loop
vertex 233.5513388012331 -155.23672934854764 2
vertex 233.68995368154629 -155.4960595495295 2
vertex 233.68995368154629 -155.4960595495295 0
endloop
endfacet
facet normal 0.881921264348327 0.4713967368260505 0
outer loop
vertex 233.5513388012331 -155.23672934854764 2
vertex 233.68995368154629 -155.4960595495295 0
vertex 233.55133880123302 -155.23672934854747 0
endloop
endfacet
facet normal 0.773010453362805 0.6343932841635624 0
outer loop
vertex 233.68995368154629 -155.4960595495295 2
vertex 233.87649792822026 -155.72336437177992 2
vertex 233.87649792822018 -155.72336437177984 0
endloop
endfacet
facet normal 0.773010453362805 0.6343932841635624 0
outer loop
vertex 233.68995368154629 -155.4960595495295 2
vertex 233.87649792822018 -155.72336437177984 0
vertex 233.68995368154629 -155.4960595495295 0
endloop
endfacet
facet normal 0.634393284163572 0.7730104533627973 0
outer loop
vertex 233.87649792822026 -155.72336437177992 2
vertex 234.10380275047058 -155.9099086184538 2
vertex 234.10380275047072 -155.9099086184539 0
endloop
endfacet
facet normal 0.634393284163572 0.7730104533627973 0
outer loop
vertex 233.87649792822026 -155.72336437177992 2
vertex 234.10380275047072 -155.9099086184539 0
vertex 233.87649792822018 -155.72336437177984 0
endloop
endfacet
facet normal 0.4713967368260582 0.8819212643483227 0
outer loop
vertex 234.10380275047058 -155.9099086184538 2
vertex 234.36313295145226 -156.0485234987669 2
vertex 234.3631329514523 -156.0485234987669 0
endloop
endfacet
facet normal 0.4713967368260582 0.8819212643483227 0
outer loop
vertex 234.10380275047058 -155.9099086184538 2
vertex 234.3631329514523 -156.0485234987669 0
vertex 234.10380275047072 -155.9099086184539 0
endloop
endfacet
facet normal 0.2902846772544479 0.9569403357322133 0
outer loop
vertex 234.36313295145226 -156.0485234987669 2
vertex 234.64452261697573 -156.13388212060482 2
vertex 234.6445226169759 -156.13388212060488 0
endloop
endfacet
facet normal 0.2902846772544479 0.9569403357322133 0
outer loop
vertex 234.36313295145226 -156.0485234987669 2
vertex 234.6445226169759 -156.13388212060488 0
vertex 234.3631329514523 -156.0485234987669 0
endloop
endfacet
facet normal 0.09801714032957415 0.9951847266721956 0
outer loop
vertex 234.64452261697573 -156.13388212060482 2
vertex 234.9371581000002 -156.1627042 2
vertex 234.9371580999999 -156.1627042 0
endloop
endfacet
facet normal 0.09801714032957415 0.9951847266721956 0
outer loop
vertex 234.64452261697573 -156.13388212060482 2
vertex 234.9371580999999 -156.1627042 0
vertex 234.6445226169759 -156.13388212060488 0
endloop
endfacet
facet normal -0.09801714032960263 0.9951847266721927 0
outer loop
vertex 234.9371581000002 -156.1627042 2
vertex 235.22979358302462 -156.13388212060482 2
vertex 235.2297935830242 -156.13388212060488 0
endloop
endfacet
facet normal -0.09801714032960263 0.9951847266721927 0
outer loop
vertex 234.9371581000002 -156.1627042 2
vertex 235.2297935830242 -156.13388212060488 0
vertex 234.9371580999999 -156.1627042 0
endloop
endfacet
facet normal -0.2902846772544479 0.9569403357322133 0
outer loop
vertex 235.22979358302462 -156.13388212060482 2
vertex 235.5111832485476 -156.0485234987669 2
vertex 235.51118324854767 -156.0485234987669 0
endloop
endfacet
facet normal -0.2902846772544479 0.9569403357322133 0
outer loop
vertex 235.22979358302462 -156.13388212060482 2
vertex 235.51118324854767 -156.0485234987669 0
vertex 235.2297935830242 -156.13388212060488 0
endloop
endfacet
facet normal -0.4713967368260534 0.8819212643483252 0
outer loop
vertex 235.5111832485476 -156.0485234987669 2
vertex 235.7705134495294 -155.9099086184538 2
vertex 235.77051344952923 -155.9099086184539 0
endloop
endfacet
facet normal -0.4713967368260534 0.8819212643483252 0
outer loop
vertex 235.5111832485476 -156.0485234987669 2
vertex 235.77051344952923 -155.9099086184539 0
vertex 235.51118324854767 -156.0485234987669 0
endloop
endfacet
facet normal -0.63439328416359 0.7730104533627825 0
outer loop
vertex 235.7705134495294 -155.9099086184538 2
vertex 235.99781827177952 -155.72336437177992 2
vertex 235.99781827177983 -155.72336437177984 0
endloop
endfacet
facet normal -0.63439328416359 0.7730104533627825 0
outer loop
vertex 235.7705134495294 -155.9099086184538 2
vertex 235.99781827177983 -155.72336437177984 0
vertex 235.77051344952923 -155.9099086184539 0
endloop
endfacet
facet normal -0.7730104533627825 0.63439328416359 0
outer loop
vertex 235.99781827177952 -155.72336437177992 2
vertex 236.18436251845384 -155.4960595495295 2
vertex 236.1843625184538 -155.4960595495295 0
endloop
endfacet
facet normal -0.7730104533627825 0.63439328416359 0
outer loop
vertex 235.99781827177952 -155.72336437177992 2
vertex 236.1843625184538 -155.4960595495295 0
vertex 235.99781827177983 -155.72336437177984 0
endloop
endfacet
facet normal -0.8819212643483402 0.47139673682602534 0
outer loop
vertex 236.18436251845384 -155.4960595495295 2
vertex 236.322977398767 -155.23672934854764 2
vertex 236.32297739876682 -155.23672934854747 0
endloop
endfacet
facet normal -0.8819212643483402 0.47139673682602534 0
outer loop
vertex 236.18436251845384 -155.4960595495295 2
vertex 236.32297739876682 -155.23672934854747 0
vertex 236.1843625184538 -155.4960595495295 0
endloop
endfacet
facet normal -0.9569403357322224 0.2902846772544179 0
outer loop
vertex 236.322977398767 -155.23672934854764 2
vertex 236.4083360206048 -154.95533968302414 2
vertex 236.40833602060488 -154.95533968302425 0
endloop
endfacet
facet normal -0.9569403357322224 0.2902846772544179 0
outer loop
vertex 236.322977398767 -155.23672934854764 2
vertex 236.40833602060488 -154.95533968302425 0
vertex 236.32297739876682 -155.23672934854747 0
endloop
endfacet
endsolid csg.js
