solid csg.js
facet normal 0 0 -1
outer loop
vertex 195.50000000000034 -87.2375 0
vertex 195.6736481776668 -87.25269224698776 0
vertex 195.8420201433256 -87.29780737921412 0
endloop
endfacet
facet normal 0 0 -1
outer loop
vertex 195.50000000000034 -87.2375 0
vertex 195.8420201433256 -87.29780737921412 0
vertex 196.00000000000009 -87.37147459621555 0
endloop
endfacet
facet normal 0 0 -1
outer loop
vertex 195.50000000000034 -87.2375 0
vertex 196.00000000000009 -87.37147459621555 0
vertex 196.1427876096866 -87.47145555688088 0
endloop
endfacet
facet normal 0 0 -1
outer loop
vertex 195.50000000000034 -87.2375 0
vertex 196.1427876096866 -87.47145555688088 0
vertex 196.2660444431189 -87.59471239031343 0
endloop
endfacet
facet normal 0 0 -1
outer loop
vertex 195.50000000000034 -87.2375 0
vertex 196.2660444431189 -87.59471239031343 0
vertex 196.3660254037844 -87.73750000000017 0
endloop
endfacet
facet normal 0 0 -1
outer loop
vertex 195.50000000000034 -87.2375 0
vertex 196.3660254037844 -87.73750000000017 0
vertex 196.43969262078596 -87.89547985667434 0
endloop
endfacet
facet normal 0 0 -1
outer loop
vertex 195.50000000000034 -87.2375 0
vertex 196.43969262078596 -87.89547985667434 0
vertex 196.48480775301223 -88.06385182233315 0
endloop
endfacet
facet normal 0 0 -1
outer loop
vertex 195.50000000000034 -87.2375 0
vertex 196.48480775301223 -88.06385182233315 0
vertex 196.5 -88.23749999999977 0
endloop
endfacet
facet normal 0 0 -1
outer loop
vertex 195.50000000000034 -87.2375 0
vertex 196.5 -88.23749999999977 0
vertex 196.5 -90.3375 0
endloop
endfacet
facet normal 0 0 -1
outer loop
vertex 195.50000000000034 -87.2375 0
vertex 196.5 -90.3375 0
vertex 192.9 -90.3375 0
endloop
endfacet
facet normal 0 0 -1
outer loop
vertex 195.50000000000034 -87.2375 0
vertex 192.9 -90.3375 0
vertex 179.1 -90.3375 0
endloop
endfacet
facet normal 0 0 -1
outer loop
vertex 195.50000000000034 -87.2375 0
vertex 179.1 -90.3375 0
vertex 175.5 -90.3375 0
endloop
endfacet
facet normal 0 0 -1
outer loop
vertex 195.50000000000034 -87.2375 0
vertex 175.5 -90.3375 0
vertex 175.5 -88.23749999999977 0
endloop
endfacet
facet normal 0 0 -1
outer loop
vertex 195.50000000000034 -87.2375 0
vertex 175.5 -88.23749999999977 0
vertex 175.51519224698777 -88.06385182233315 0
endloop
endfacet
facet normal 0 0 -1
outer loop
vertex 195.50000000000034 -87.2375 0
vertex 175.51519224698777 -88.06385182233315 0
vertex 175.5603073792141 -87.89547985667434 0
endloop
endfacet
facet normal 0 0 -1
outer loop
vertex 195.50000000000034 -87.2375 0
vertex 175.5603073792141 -87.89547985667434 0
vertex 175.63397459621547 -87.73750000000017 0
endloop
endfacet
facet normal 0 0 -1
outer loop
vertex 195.50000000000034 -87.2375 0
vertex 175.63397459621547 -87.73750000000017 0
vertex 175.73395555688109 -87.59471239031343 0
endloop
endfacet
facet normal 0 0 -1
outer loop
vertex 195.50000000000034 -87.2375 0
vertex 175.73395555688109 -87.59471239031343 0
vertex 175.85721239031363 -87.47145555688088 0
endloop
endfacet
facet normal 0 0 -1
outer loop
vertex 195.50000000000034 -87.2375 0
vertex 175.85721239031363 -87.47145555688088 0
vertex 175.99999999999997 -87.37147459621555 0
endloop
endfacet
facet normal 0 0 -1
outer loop
vertex 195.50000000000034 -87.2375 0
vertex 175.99999999999997 -87.37147459621555 0
vertex 176.15797985667422 -87.29780737921412 0
endloop
endfacet
facet normal 0 0 -1
outer loop
vertex 195.50000000000034 -87.2375 0
vertex 176.15797985667422 -87.29780737921412 0
vertex 176.32635182233318 -87.25269224698776 0
endloop
endfacet
facet normal 0 0 -1
outer loop
vertex 195.50000000000034 -87.2375 0
vertex 176.32635182233318 -87.25269224698776 0
vertex 176.49999999999986 -87.2375 0
endloop
endfacet
facet normal 0 0 -1
outer loop
vertex 179.1 -90.3375 0
vertex 179.1 -90.99999999999979 0
vertex 175.5 -90.99999999999979 0
endloop
endfacet
facet normal 0 0 -1
outer loop
vertex 179.1 -90.3375 0
vertex 175.5 -90.99999999999979 0
vertex 175.5 -90.3375 0
endloop
endfacet
facet normal 0 0 -1
outer loop
vertex 196.5 -90.3375 0
vertex 196.5 -90.99999999999979 0
vertex 192.9 -90.99999999999979 0
endloop
endfacet
facet normal 0 0 -1
outer loop
vertex 196.5 -90.3375 0
vertex 192.9 -90.99999999999979 0
vertex 192.9 -90.3375 0
endloop
endfacet
facet normal 0 0 -1
outer loop
vertex 179.1 -90.99999999999979 0
vertex 179.1 -91.17364817766703 0
vertex 175.48480775301218 -91.17364817766703 0
endloop
endfacet
facet normal 0 0 -1
outer loop
vertex 179.1 -90.99999999999979 0
vertex 175.48480775301218 -91.17364817766703 0
vertex 175.5 -90.99999999999979 0
endloop
endfacet
facet normal 0 0 -1
outer loop
vertex 196.5 -90.99999999999979 0
vertex 196.5151922469878 -91.17364817766703 0
vertex 192.9 -91.17364817766703 0
endloop
endfacet
facet normal 0 0 -1
outer loop
vertex 196.5 -90.99999999999979 0
vertex 192.9 -91.17364817766703 0
vertex 192.9 -90.99999999999979 0
endloop
endfacet
facet normal 0 0 -1
outer loop
vertex 179.1 -91.17364817766703 0
vertex 179.1 -91.34202014332566 0
vertex 175.4396926207859 -91.34202014332566 0
endloop
endfacet
facet normal 0 0 -1
outer loop
vertex 179.1 -91.17364817766703 0
vertex 175.4396926207859 -91.34202014332566 0
vertex 175.48480775301218 -91.17364817766703 0
endloop
endfacet
facet normal 0 0 -1
outer loop
vertex 196.5151922469878 -91.17364817766703 0
vertex 196.56030737921412 -91.34202014332566 0
vertex 192.9 -91.34202014332566 0
endloop
endfacet
facet normal 0 0 -1
outer loop
vertex 196.5151922469878 -91.17364817766703 0
vertex 192.9 -91.34202014332566 0
vertex 192.9 -91.17364817766703 0
endloop
endfacet
facet normal 0 0 -1
outer loop
vertex 179.1 -91.34202014332566 0
vertex 179.1 -91.49999999999974 0
vertex 175.36602540378456 -91.49999999999974 0
endloop
endfacet
facet normal 0 0 -1
outer loop
vertex 179.1 -91.34202014332566 0
vertex 175.36602540378456 -91.49999999999974 0
vertex 175.4396926207859 -91.34202014332566 0
endloop
endfacet
facet normal 0 0 -1
outer loop
vertex 196.56030737921412 -91.34202014332566 0
vertex 196.6339745962155 -91.49999999999974 0
vertex 192.9 -91.49999999999974 0
endloop
endfacet
facet normal 0 0 -1
outer loop
vertex 196.56030737921412 -91.34202014332566 0
vertex 192.9 -91.49999999999974 0
vertex 192.9 -91.34202014332566 0
endloop
endfacet
facet normal 0 0 -1
outer loop
vertex 179.1 -91.49999999999974 0
vertex 179.1 -91.64278760968665 0
vertex 175.26604444311883 -91.64278760968665 0
endloop
endfacet
facet normal 0 0 -1
outer loop
vertex 179.1 -91.49999999999974 0
vertex 175.26604444311883 -91.64278760968665 0
vertex 175.36602540378456 -91.49999999999974 0
endloop
endfacet
facet normal 0 0 -1
outer loop
vertex 196.6339745962155 -91.49999999999974 0
vertex 196.73395555688109 -91.64278760968665 0
vertex 192.9 -91.64278760968665 0
endloop
endfacet
facet normal 0 0 -1
outer loop
vertex 196.6339745962155 -91.49999999999974 0
vertex 192.9 -91.64278760968665 0
vertex 192.9 -91.49999999999974 0
endloop
endfacet
facet normal 0 0 -1
outer loop
vertex 179.1 -91.64278760968665 0
vertex 179.1 -91.7660444431191 0
vertex 175.1427876096864 -91.7660444431191 0
endloop
endfacet
facet normal 0 0 -1
outer loop
vertex 179.1 -91.64278760968665 0
vertex 175.1427876096864 -91.7660444431191 0
vertex 175.26604444311883 -91.64278760968665 0
endloop
endfacet
facet normal 0 0 -1
outer loop
vertex 196.73395555688109 -91.64278760968665 0
vertex 196.8572123903135 -91.7660444431191 0
vertex 192.9 -91.7660444431191 0
endloop
endfacet
facet normal 0 0 -1
outer loop
vertex 196.73395555688109 -91.64278760968665 0
vertex 192.9 -91.7660444431191 0
vertex 192.9 -91.64278760968665 0
endloop
endfacet
facet normal 0 0 -1
outer loop
vertex 179.1 -91.7660444431191 0
vertex 179.1 -91.86602540378439 0
vertex 175.00000000000009 -91.86602540378439 0
endloop
endfacet
facet normal 0 0 -1
outer loop
vertex 179.1 -91.7660444431191 0
vertex 175.00000000000009 -91.86602540378439 0
vertex 175.1427876096864 -91.7660444431191 0
endloop
endfacet
facet normal 0 0 -1
outer loop
vertex 196.8572123903135 -91.7660444431191 0
vertex 197.00000000000006 -91.86602540378439 0
vertex 192.9 -91.86602540378439 0
endloop
endfacet
facet normal 0 0 -1
outer loop
vertex 196.8572123903135 -91.7660444431191 0
vertex 192.9 -91.86602540378439 0
vertex 192.9 -91.7660444431191 0
endloop
endfacet
facet normal 0 0 -1
outer loop
vertex 179.1 -91.86602540378439 0
vertex 179.1 -91.93969262078593 0
vertex 174.8420201433256 -91.93969262078593 0
endloop
endfacet
facet normal 0 0 -1
outer loop
vertex 179.1 -91.86602540378439 0
vertex 174.8420201433256 -91.93969262078593 0
vertex 175.00000000000009 -91.86602540378439 0
endloop
endfacet
facet normal 0 0 -1
outer loop
vertex 197.00000000000006 -91.86602540378439 0
vertex 197.1579798566743 -91.93969262078593 0
vertex 192.9 -91.93969262078593 0
endloop
endfacet
facet normal 0 0 -1
outer loop
vertex 197.00000000000006 -91.86602540378439 0
vertex 192.9 -91.93969262078593 0
vertex 192.9 -91.86602540378439 0
endloop
endfacet
facet normal 0 0 -1
outer loop
vertex 179.1 -91.93969262078593 0
vertex 179.1 -91.9848077530122 0
vertex 174.67364817766696 -91.9848077530122 0
endloop
endfacet
facet normal 0 0 -1
outer loop
vertex 179.1 -91.93969262078593 0
vertex 174.67364817766696 -91.9848077530122 0
vertex 174.8420201433256 -91.93969262078593 0
endloop
endfacet
facet normal 0 0 -1
outer loop
vertex 197.1579798566743 -91.93969262078593 0
vertex 197.32635182233304 -91.9848077530122 0
vertex 192.9 -91.9848077530122 0
endloop
endfacet
facet normal 0 0 -1
outer loop
vertex 197.1579798566743 -91.93969262078593 0
vertex 192.9 -91.9848077530122 0
vertex 192.9 -91.93969262078593 0
endloop
endfacet
facet normal 0 0 -1
outer loop
vertex 179.1 -91.9848077530122 0
vertex 179.1 -92 0
vertex 174.49999999999994 -92 0
endloop
endfacet
facet normal 0 0 -1
outer loop
vertex 179.1 -91.9848077530122 0
vertex 174.49999999999994 -92 0
vertex 174.67364817766696 -91.9848077530122 0
endloop
endfacet
facet normal 0 0 -1
outer loop
vertex 197.32635182233304 -91.9848077530122 0
vertex 197.50000000000003 -92 0
vertex 192.9 -92 0
endloop
endfacet
facet normal 0 0 -1
outer loop
vertex 197.32635182233304 -91.9848077530122 0
vertex 192.9 -92 0
vertex 192.9 -91.9848077530122 0
endloop
endfacet
facet normal 0 0 -1
outer loop
vertex 197.50000000000003 -92 0
vertex 213.5000000000001 -92 0
vertex 213.67364817766688 -92.01519224698777 0
endloop
endfacet
facet normal 0 0 -1
outer loop
vertex 197.50000000000003 -92 0
vertex 213.67364817766688 -92.01519224698777 0
vertex 213.8420201433256 -92.06030737921412 0
endloop
endfacet
facet normal 0 0 -1
outer loop
vertex 197.50000000000003 -92 0
vertex 213.8420201433256 -92.06030737921412 0
vertex 214.00000000000003 -92.13397459621555 0
endloop
endfacet
facet normal 0 0 -1
outer loop
vertex 197.50000000000003 -92 0
vertex 214.00000000000003 -92.13397459621555 0
vertex 214.14278760968656 -92.23395555688107 0
endloop
endfacet
facet normal 0 0 -1
outer loop
vertex 197.50000000000003 -92 0
vertex 214.14278760968656 -92.23395555688107 0
vertex 214.26604444311894 -92.35721239031339 0
endloop
endfacet
facet normal 0 0 -1
outer loop
vertex 197.50000000000003 -92 0
vertex 214.26604444311894 -92.35721239031339 0
vertex 214.3660254037845 -92.5 0
endloop
endfacet
facet normal 0 0 -1
outer loop
vertex 197.50000000000003 -92 0
vertex 214.3660254037845 -92.5 0
vertex 214.43969262078582 -92.65797985667432 0
endloop
endfacet
facet normal 0 0 -1
outer loop
vertex 197.50000000000003 -92 0
vertex 214.43969262078582 -92.65797985667432 0
vertex 214.4848077530122 -92.82635182233314 0
endloop
endfacet
facet normal 0 0 -1
outer loop
vertex 197.50000000000003 -92 0
vertex 214.4848077530122 -92.82635182233314 0
vertex 214.5 -92.99999999999976 0
endloop
endfacet
facet normal 0 0 -1
outer loop
vertex 197.50000000000003 -92 0
vertex 214.5 -92.99999999999976 0
vertex 214.5 -93.85750000000024 0
endloop
endfacet
facet normal 0 0 -1
outer loop
vertex 197.50000000000003 -92 0
vertex 214.5 -93.85750000000024 0
vertex 192.9 -93.85750000000024 0
endloop
endfacet
facet normal 0 0 -1
outer loop
vertex 197.50000000000003 -92 0
vertex 192.9 -93.85750000000024 0
vertex 192.9 -92 0
endloop
endfacet
facet normal 0 0 -1
outer loop
vertex 214.5 -93.85750000000024 0
vertex 214.51519224698777 -94.03114817766686 0
vertex 192.9 -94.03114817766686 0
endloop
endfacet
facet normal 0 0 -1
outer loop
vertex 214.5 -93.85750000000024 0
vertex 192.9 -94.03114817766686 0
vertex 192.9 -93.85750000000024 0
endloop
endfacet
facet normal 0 0 -1
outer loop
vertex 214.51519224698777 -94.03114817766686 0
vertex 214.5603073792141 -94.19952014332569 0
vertex 192.9 -94.19952014332569 0
endloop
endfacet
facet normal 0 0 -1
outer loop
vertex 214.51519224698777 -94.03114817766686 0
vertex 192.9 -94.19952014332569 0
vertex 192.9 -94.03114817766686 0
endloop
endfacet
facet normal 0 0 -1
outer loop
vertex 214.5603073792141 -94.19952014332569 0
vertex 214.63397459621547 -94.35749999999987 0
vertex 192.9 -94.35749999999987 0
endloop
endfacet
facet normal 0 0 -1
outer loop
vertex 214.5603073792141 -94.19952014332569 0
vertex 192.9 -94.35749999999987 0
vertex 192.9 -94.19952014332569 0
endloop
endfacet
facet normal 0 0 -1
outer loop
vertex 214.63397459621547 -94.35749999999987 0
vertex 214.7339555568811 -94.50028760968664 0
vertex 192.9 -94.50028760968664 0
endloop
endfacet
facet normal 0 0 -1
outer loop
vertex 214.63397459621547 -94.35749999999987 0
vertex 192.9 -94.50028760968664 0
vertex 192.9 -94.35749999999987 0
endloop
endfacet
facet normal 0 0 -1
outer loop
vertex 214.7339555568811 -94.50028760968664 0
vertex 214.85721239031344 -94.62354444311894 0
vertex 192.9 -94.62354444311894 0
endloop
endfacet
facet normal 0 0 -1
outer loop
vertex 214.7339555568811 -94.50028760968664 0
vertex 192.9 -94.62354444311894 0
vertex 192.9 -94.50028760968664 0
endloop
endfacet
facet normal 0 0 -1
outer loop
vertex 214.85721239031344 -94.62354444311894 0
vertex 215.0000000000001 -94.7235254037845 0
vertex 192.9 -94.7235254037845 0
endloop
endfacet
facet normal 0 0 -1
outer loop
vertex 214.85721239031344 -94.62354444311894 0
vertex 192.9 -94.7235254037845 0
vertex 192.9 -94.62354444311894 0
endloop
endfacet
facet normal 0 0 -1
outer loop
vertex 215.0000000000001 -94.7235254037845 0
vertex 215.15797985667433 -94.79719262078592 0
vertex 192.9 -94.79719262078592 0
endloop
endfacet
facet normal 0 0 -1
outer loop
vertex 215.0000000000001 -94.7235254037845 0
vertex 192.9 -94.79719262078592 0
vertex 192.9 -94.7235254037845 0
endloop
endfacet
facet normal 0 0 -1
outer loop
vertex 215.15797985667433 -94.79719262078592 0
vertex 215.32635182233298 -94.8423077530122 0
vertex 192.9 -94.8423077530122 0
endloop
endfacet
facet normal 0 0 -1
outer loop
vertex 215.15797985667433 -94.79719262078592 0
vertex 192.9 -94.8423077530122 0
vertex 192.9 -94.79719262078592 0
endloop
endfacet
facet normal 0 0 -1
outer loop
vertex 215.32635182233298 -94.8423077530122 0
vertex 215.50000000000014 -94.8575 0
vertex 192.9 -94.8575 0
endloop
endfacet
facet normal 0 0 -1
outer loop
vertex 215.32635182233298 -94.8423077530122 0
vertex 192.9 -94.8575 0
vertex 192.9 -94.8423077530122 0
endloop
endfacet
facet normal 0 0 -1
outer loop
vertex 174.49999999999994 -92 0
vertex 179.1 -92 0
vertex 179.1 -95.1 0
endloop
endfacet
facet normal 0 0 -1
outer loop
vertex 174.49999999999994 -92 0
vertex 179.1 -95.1 0
vertex 174.9 -95.1 0
endloop
endfacet
facet normal 0 0 -1
outer loop
vertex 174.49999999999994 -92 0
vertex 174.9 -95.1 0
vertex 161.1 -95.1 0
endloop
endfacet
facet normal 0 0 -1
outer loop
vertex 174.49999999999994 -92 0
vertex 161.1 -95.1 0
vertex 157.5 -95.1 0
endloop
endfacet
facet normal 0 0 -1
outer loop
vertex 174.49999999999994 -92 0
vertex 157.5 -95.1 0
vertex 157.5 -92.99999999999976 0
endloop
endfacet
facet normal 0 0 -1
outer loop
vertex 174.49999999999994 -92 0
vertex 157.5 -92.99999999999976 0
vertex 157.51519224698777 -92.82635182233314 0
endloop
endfacet
facet normal 0 0 -1
outer loop
vertex 174.49999999999994 -92 0
vertex 157.51519224698777 -92.82635182233314 0
vertex 157.5603073792141 -92.65797985667432 0
endloop
endfacet
facet normal 0 0 -1
outer loop
vertex 174.49999999999994 -92 0
vertex 157.5603073792141 -92.65797985667432 0
vertex 157.63397459621555 -92.5 0
endloop
endfacet
facet normal 0 0 -1
outer loop
vertex 174.49999999999994 -92 0
vertex 157.63397459621555 -92.5 0
vertex 157.73395555688109 -92.35721239031339 0
endloop
endfacet
facet normal 0 0 -1
outer loop
vertex 174.49999999999994 -92 0
vertex 157.73395555688109 -92.35721239031339 0
vertex 157.8572123903134 -92.23395555688107 0
endloop
endfacet
facet normal 0 0 -1
outer loop
vertex 174.49999999999994 -92 0
vertex 157.8572123903134 -92.23395555688107 0
vertex 158.00000000000003 -92.13397459621555 0
endloop
endfacet
facet normal 0 0 -1
outer loop
vertex 174.49999999999994 -92 0
vertex 158.00000000000003 -92.13397459621555 0
vertex 158.15797985667427 -92.06030737921412 0
endloop
endfacet
facet normal 0 0 -1
outer loop
vertex 174.49999999999994 -92 0
vertex 158.15797985667427 -92.06030737921412 0
vertex 158.32635182233324 -92.01519224698777 0
endloop
endfacet
facet normal 0 0 -1
outer loop
vertex 174.49999999999994 -92 0
vertex 158.32635182233324 -92.01519224698777 0
vertex 158.49999999999991 -92 0
endloop
endfacet
facet normal 0 0 -1
outer loop
vertex 215.50000000000014 -94.8575 0
vertex 231.49999999999997 -94.8575 0
vertex 231.6736481776669 -94.8726922469878 0
endloop
endfacet
facet normal 0 0 -1
outer loop
vertex 215.50000000000014 -94.8575 0
vertex 231.6736481776669 -94.8726922469878 0
vertex 231.84202014332564 -94.9178073792141 0
endloop
endfacet
facet normal 0 0 -1
outer loop
vertex 215.50000000000014 -94.8575 0
vertex 231.84202014332564 -94.9178073792141 0
vertex 232.00000000000009 -94.99147459621561 0
endloop
endfacet
facet normal 0 0 -1
outer loop
vertex 215.50000000000014 -94.8575 0
vertex 232.00000000000009 -94.99147459621561 0
vertex 232.14278760968648 -95.09145555688097 0
endloop
endfacet
facet normal 0 0 -1
outer loop
vertex 215.50000000000014 -94.8575 0
vertex 232.14278760968648 -95.09145555688097 0
vertex 232.15133205280551 -95.1 0
endloop
endfacet
facet normal 0 0 -1
outer loop
vertex 215.50000000000014 -94.8575 0
vertex 232.15133205280551 -95.1 0
vertex 210.9 -95.1 0
endloop
endfacet
facet normal 0 0 -1
outer loop
vertex 215.50000000000014 -94.8575 0
vertex 210.9 -95.1 0
vertex 197.1 -95.1 0
endloop
endfacet
facet normal 0 0 -1
outer loop
vertex 215.50000000000014 -94.8575 0
vertex 197.1 -95.1 0
vertex 192.9 -95.1 0
endloop
endfacet
facet normal 0 0 -1
outer loop
vertex 215.50000000000014 -94.8575 0
vertex 192.9 -95.1 0
vertex 192.9 -94.8575 0
endloop
endfacet
facet normal 0 0 -1
outer loop
vertex 232.15133205280551 -95.1 0
vertex 232.26604444311894 -95.21471239031342 0
vertex 232.36602540378448 -95.35750000000003 0
endloop
endfacet
facet normal 0 0 -1
outer loop
vertex 232.15133205280551 -95.1 0
vertex 232.36602540378448 -95.35750000000003 0
vertex 232.4396926207859 -95.51547985667432 0
endloop
endfacet
facet normal 0 0 -1
outer loop
vertex 232.15133205280551 -95.1 0
vertex 232.4396926207859 -95.51547985667432 0
vertex 232.48480775301223 -95.6838518223332 0
endloop
endfacet
facet normal 0 0 -1
outer loop
vertex 232.15133205280551 -95.1 0
vertex 232.48480775301223 -95.6838518223332 0
vertex 232.5 -95.85749999999989 0
endloop
endfacet
facet normal 0 0 -1
outer loop
vertex 232.15133205280551 -95.1 0
vertex 232.5 -95.85749999999989 0
vertex 232.5 -97.9575 0
endloop
endfacet
facet normal 0 0 -1
outer loop
vertex 232.15133205280551 -95.1 0
vertex 232.5 -97.9575 0
vertex 228.9 -97.9575 0
endloop
endfacet
facet normal 0 0 -1
outer loop
vertex 232.15133205280551 -95.1 0
vertex 228.9 -97.9575 0
vertex 215.1 -97.9575 0
endloop
endfacet
facet normal 0 0 -1
outer loop
vertex 232.15133205280551 -95.1 0
vertex 215.1 -97.9575 0
vertex 210.9 -97.9575 0
endloop
endfacet
facet normal 0 0 -1
outer loop
vertex 232.15133205280551 -95.1 0
vertex 210.9 -97.9575 0
vertex 210.9 -95.1 0
endloop
endfacet
facet normal 0 0 -1
outer loop
vertex 232.5 -97.9575 0
vertex 232.5 -101.85750000000026 0
vertex 228.9 -101.85750000000026 0
endloop
endfacet
facet normal 0 0 -1
outer loop
vertex 232.5 -97.9575 0
vertex 228.9 -101.85750000000026 0
vertex 228.9 -97.9575 0
endloop
endfacet
facet normal 0 0 -1
outer loop
vertex 232.5 -101.85750000000026 0
vertex 232.53038449397556 -102.20479635533378 0
vertex 228.9 -102.20479635533378 0
endloop
endfacet
facet normal 0 0 -1
outer loop
vertex 232.5 -101.85750000000026 0
vertex 228.9 -102.20479635533378 0
vertex 228.9 -101.85750000000026 0
endloop
endfacet
facet normal 0 0 -1
outer loop
vertex 232.53038449397556 -102.20479635533378 0
vertex 232.62061475842816 -102.54154028665128 0
vertex 228.9 -102.54154028665128 0
endloop
endfacet
facet normal 0 0 -1
outer loop
vertex 232.53038449397556 -102.20479635533378 0
vertex 228.9 -102.54154028665128 0
vertex 228.9 -102.20479635533378 0
endloop
endfacet
facet normal 0 0 -1
outer loop
vertex 232.62061475842816 -102.54154028665128 0
vertex 232.76794919243105 -102.85749999999983 0
vertex 228.9 -102.85749999999983 0
endloop
endfacet
facet normal 0 0 -1
outer loop
vertex 232.62061475842816 -102.54154028665128 0
vertex 228.9 -102.85749999999983 0
vertex 228.9 -102.54154028665128 0
endloop
endfacet
facet normal 0 0 -1
outer loop
vertex 232.76794919243105 -102.85749999999983 0
vertex 232.9679111137621 -103.1430752193731 0
vertex 228.9 -103.1430752193731 0
endloop
endfacet
facet normal 0 0 -1
outer loop
vertex 232.76794919243105 -102.85749999999983 0
vertex 228.9 -103.1430752193731 0
vertex 228.9 -102.85749999999983 0
endloop
endfacet
facet normal 0 0 -1
outer loop
vertex 232.9679111137621 -103.1430752193731 0
vertex 233.21442478062704 -103.38958888623804 0
vertex 228.9 -103.38958888623804 0
endloop
endfacet
facet normal 0 0 -1
outer loop
vertex 232.9679111137621 -103.1430752193731 0
vertex 228.9 -103.38958888623804 0
vertex 228.9 -103.1430752193731 0
endloop
endfacet
facet normal 0 0 -1
outer loop
vertex 233.21442478062704 -103.38958888623804 0
vertex 233.50000000000006 -103.58955080756893 0
vertex 228.9 -103.58955080756893 0
endloop
endfacet
facet normal 0 0 -1
outer loop
vertex 233.21442478062704 -103.38958888623804 0
vertex 228.9 -103.58955080756893 0
vertex 228.9 -103.38958888623804 0
endloop
endfacet
facet normal 0 0 -1
outer loop
vertex 233.50000000000006 -103.58955080756893 0
vertex 233.81595971334858 -103.73688524157178 0
vertex 228.9 -103.73688524157178 0
endloop
endfacet
facet normal 0 0 -1
outer loop
vertex 233.50000000000006 -103.58955080756893 0
vertex 228.9 -103.73688524157178 0
vertex 228.9 -103.58955080756893 0
endloop
endfacet
facet normal 0 0 -1
outer loop
vertex 233.81595971334858 -103.73688524157178 0
vertex 234.15270364466613 -103.82711550602441 0
vertex 228.9 -103.82711550602441 0
endloop
endfacet
facet normal 0 0 -1
outer loop
vertex 233.81595971334858 -103.73688524157178 0
vertex 228.9 -103.82711550602441 0
vertex 228.9 -103.73688524157178 0
endloop
endfacet
facet normal 0 0 -1
outer loop
vertex 234.15270364466613 -103.82711550602441 0
vertex 234.5 -103.8575 0
vertex 228.9 -103.8575 0
endloop
endfacet
facet normal 0 0 -1
outer loop
vertex 234.15270364466613 -103.82711550602441 0
vertex 228.9 -103.8575 0
vertex 228.9 -103.82711550602441 0
endloop
endfacet
facet normal 0 0 -1
outer loop
vertex 179.1 -95.1 0
vertex 179.1 -104.1375 0
vertex 174.9 -104.1375 0
endloop
endfacet
facet normal 0 0 -1
outer loop
vertex 179.1 -95.1 0
vertex 174.9 -104.1375 0
vertex 174.9 -95.1 0
endloop
endfacet
facet normal 0 0 -1
outer loop
vertex 197.1 -95.1 0
vertex 197.1 -104.1375 0
vertex 192.9 -104.1375 0
endloop
endfacet
facet normal 0 0 -1
outer loop
vertex 197.1 -95.1 0
vertex 192.9 -104.1375 0
vertex 192.9 -95.1 0
endloop
endfacet
facet normal 0 0 -1
outer loop
vertex 161.1 -95.1 0
vertex 161.1 -105.00000000000011 0
vertex 157.5 -105.00000000000011 0
endloop
endfacet
facet normal 0 0 -1
outer loop
vertex 161.1 -95.1 0
vertex 157.5 -105.00000000000011 0
vertex 157.5 -95.1 0
endloop
endfacet
facet normal 0 0 -1
outer loop
vertex 161.1 -105.00000000000011 0
vertex 161.1 -105.17364817766709 0
vertex 157.4848077530122 -105.17364817766709 0
endloop
endfacet
facet normal 0 0 -1
outer loop
vertex 161.1 -105.00000000000011 0
vertex 157.4848077530122 -105.17364817766709 0
vertex 157.5 -105.00000000000011 0
endloop
endfacet
facet normal 0 0 -1
outer loop
vertex 161.1 -105.17364817766709 0
vertex 161.1 -105.34202014332556 0
vertex 157.439692620786 -105.34202014332556 0
endloop
endfacet
facet normal 0 0 -1
outer loop
vertex 161.1 -105.17364817766709 0
vertex 157.439692620786 -105.34202014332556 0
vertex 157.4848077530122 -105.17364817766709 0
endloop
endfacet
facet normal 0 0 -1
outer loop
vertex 161.1 -105.34202014332556 0
vertex 161.1 -105.49999999999977 0
vertex 157.3660254037846 -105.49999999999977 0
endloop
endfacet
facet normal 0 0 -1
outer loop
vertex 161.1 -105.34202014332556 0
vertex 157.3660254037846 -105.49999999999977 0
vertex 157.439692620786 -105.34202014332556 0
endloop
endfacet
facet normal 0 0 -1
outer loop
vertex 161.1 -105.49999999999977 0
vertex 161.1 -105.64278760968666 0
vertex 157.26604444311886 -105.64278760968666 0
endloop
endfacet
facet normal 0 0 -1
outer loop
vertex 161.1 -105.49999999999977 0
vertex 157.26604444311886 -105.64278760968666 0
vertex 157.3660254037846 -105.49999999999977 0
endloop
endfacet
facet normal 0 0 -1
outer loop
vertex 161.1 -105.64278760968666 0
vertex 161.1 -105.7660444431189 0
vertex 157.14278760968662 -105.7660444431189 0
endloop
endfacet
facet normal 0 0 -1
outer loop
vertex 161.1 -105.64278760968666 0
vertex 157.14278760968662 -105.7660444431189 0
vertex 157.26604444311886 -105.64278760968666 0
endloop
endfacet
facet normal 0 0 -1
outer loop
vertex 161.1 -105.7660444431189 0
vertex 161.1 -105.86602540378448 0
vertex 156.99999999999991 -105.86602540378448 0
endloop
endfacet
facet normal 0 0 -1
outer loop
vertex 161.1 -105.7660444431189 0
vertex 156.99999999999991 -105.86602540378448 0
vertex 157.14278760968662 -105.7660444431189 0
endloop
endfacet
facet normal 0 0 -1
outer loop
vertex 161.1 -105.86602540378448 0
vertex 161.1 -105.9396926207859 0
vertex 156.84202014332567 -105.9396926207859 0
endloop
endfacet
facet normal 0 0 -1
outer loop
vertex 161.1 -105.86602540378448 0
vertex 156.84202014332567 -105.9396926207859 0
vertex 156.99999999999991 -105.86602540378448 0
endloop
endfacet
facet normal 0 0 -1
outer loop
vertex 161.1 -105.9396926207859 0
vertex 161.1 -105.98480775301219 0
vertex 156.673648177667 -105.98480775301219 0
endloop
endfacet
facet normal 0 0 -1
outer loop
vertex 161.1 -105.9396926207859 0
vertex 156.673648177667 -105.98480775301219 0
vertex 156.84202014332567 -105.9396926207859 0
endloop
endfacet
facet normal 0 0 -1
outer loop
vertex 161.1 -105.98480775301219 0
vertex 161.1 -106 0
vertex 156.4999999999999 -106 0
endloop
endfacet
facet normal 0 0 -1
outer loop
vertex 161.1 -105.98480775301219 0
vertex 156.4999999999999 -106 0
vertex 156.673648177667 -105.98480775301219 0
endloop
endfacet
facet normal 0 0 -1
outer loop
vertex 156.4999999999999 -106 0
vertex 161.1 -106 0
vertex 161.1 -107.03675411923548 0
endloop
endfacet
facet normal 0 0 -1
outer loop
vertex 156.4999999999999 -106 0
vertex 161.1 -107.03675411923548 0
vertex 160.101467895641 -107.03675411923548 0
endloop
endfacet
facet normal 0 0 -1
outer loop
vertex 156.4999999999999 -106 0
vertex 160.101467895641 -107.03675411923548 0
vertex 139.5 -107.03675411923548 0
endloop
endfacet
facet normal 0 0 -1
outer loop
vertex 156.4999999999999 -106 0
vertex 139.5 -107.03675411923548 0
vertex 139.5 -107.00000000000026 0
endloop
endfacet
facet normal 0 0 -1
outer loop
vertex 156.4999999999999 -106 0
vertex 139.5 -107.00000000000026 0
vertex 139.51519224698785 -106.82635182233278 0
endloop
endfacet
facet normal 0 0 -1
outer loop
vertex 156.4999999999999 -106 0
vertex 139.51519224698785 -106.82635182233278 0
vertex 139.56030737921404 -106.65797985667447 0
endloop
endfacet
facet normal 0 0 -1
outer loop
vertex 156.4999999999999 -106 0
vertex 139.56030737921404 -106.65797985667447 0
vertex 139.63397459621555 -106.5 0
endloop
endfacet
facet normal 0 0 -1
outer loop
vertex 156.4999999999999 -106 0
vertex 139.63397459621555 -106.5 0
vertex 139.73395555688097 -106.35721239031353 0
endloop
endfacet
facet normal 0 0 -1
outer loop
vertex 156.4999999999999 -106 0
vertex 139.73395555688097 -106.35721239031353 0
vertex 139.8572123903134 -106.2339555568811 0
endloop
endfacet
facet normal 0 0 -1
outer loop
vertex 156.4999999999999 -106 0
vertex 139.8572123903134 -106.2339555568811 0
vertex 140.00000000000014 -106.1339745962155 0
endloop
endfacet
facet normal 0 0 -1
outer loop
vertex 156.4999999999999 -106 0
vertex 140.00000000000014 -106.1339745962155 0
vertex 140.1579798566744 -106.06030737921407 0
endloop
endfacet
facet normal 0 0 -1
outer loop
vertex 156.4999999999999 -106 0
vertex 140.1579798566744 -106.06030737921407 0
vertex 140.32635182233304 -106.0151922469878 0
endloop
endfacet
facet normal 0 0 -1
outer loop
vertex 156.4999999999999 -106 0
vertex 140.32635182233304 -106.0151922469878 0
vertex 140.50000000000003 -106 0
endloop
endfacet
facet normal 0 0 -1
outer loop
vertex 160.101467895641 -107.03675411923548 0
vertex 159.81866945333658 -107.04431794051455 0
vertex 139.5 -107.04431794051455 0
endloop
endfacet
facet normal 0 0 -1
outer loop
vertex 160.101467895641 -107.03675411923548 0
vertex 139.5 -107.04431794051455 0
vertex 139.5 -107.03675411923548 0
endloop
endfacet
facet normal 0 0 -1
outer loop
vertex 161.1 -107.03675411923548 0
vertex 161.1 -107.08242285387097 0
vertex 160.38065696605622 -107.08242285387097 0
endloop
endfacet
facet normal 0 0 -1
outer loop
vertex 161.1 -107.03675411923548 0
vertex 160.38065696605622 -107.08242285387097 0
vertex 160.101467895641 -107.03675411923548 0
endloop
endfacet
facet normal 0 0 -1
outer loop
vertex 159.81866945333658 -107.04431794051455 0
vertex 159.5423207383025 -107.10484527369346 0
vertex 139.5 -107.10484527369346 0
endloop
endfacet
facet normal 0 0 -1
outer loop
vertex 159.81866945333658 -107.04431794051455 0
vertex 139.5 -107.10484527369346 0
vertex 139.5 -107.04431794051455 0
endloop
endfacet
facet normal 0 0 -1
outer loop
vertex 161.1 -107.08242285387097 0
vertex 161.1 -107.17969971422063 0
vertex 160.6463059502494 -107.17969971422063 0
endloop
endfacet
facet normal 0 0 -1
outer loop
vertex 161.1 -107.08242285387097 0
vertex 160.6463059502494 -107.17969971422063 0
vertex 160.38065696605622 -107.08242285387097 0
endloop
endfacet
facet normal 0 0 -1
outer loop
vertex 159.5423207383025 -107.10484527369346 0
vertex 159.2822514338477 -107.21618317039838 0
vertex 139.5 -107.21618317039838 0
endloop
endfacet
facet normal 0 0 -1
outer loop
vertex 159.5423207383025 -107.10484527369346 0
vertex 139.5 -107.21618317039838 0
vertex 139.5 -107.10484527369346 0
endloop
endfacet
facet normal 0 0 -1
outer loop
vertex 161.1 -107.17969971422063 0
vertex 161.1 -107.32512457661359 0
vertex 160.8889657527723 -107.32512457661359 0
endloop
endfacet
facet normal 0 0 -1
outer loop
vertex 161.1 -107.17969971422063 0
vertex 160.8889657527723 -107.32512457661359 0
vertex 160.6463059502494 -107.17969971422063 0
endloop
endfacet
facet normal 0 0 -1
outer loop
vertex 179.1 -104.1375 0
vertex 192.9 -104.1375 0
vertex 197.1 -104.1375 0
endloop
endfacet
facet normal 0 0 -1
outer loop
vertex 179.1 -104.1375 0
vertex 197.1 -104.1375 0
vertex 197.1 -107.3375 0
endloop
endfacet
facet normal 0 0 -1
outer loop
vertex 179.1 -104.1375 0
vertex 197.1 -107.3375 0
vertex 192.9 -107.3375 0
endloop
endfacet
facet normal 0 0 -1
outer loop
vertex 179.1 -104.1375 0
vertex 192.9 -107.3375 0
vertex 179.1 -107.3375 0
endloop
endfacet
facet normal 0 0 -1
outer loop
vertex 179.1 -104.1375 0
vertex 179.1 -107.3375 0
vertex 174.9 -107.3375 0
endloop
endfacet
facet normal 0 0 -1
outer loop
vertex 179.1 -104.1375 0
vertex 174.9 -107.3375 0
vertex 174.9 -104.1375 0
endloop
endfacet
facet normal 0 0 -1
outer loop
vertex 159.2822514338477 -107.21618317039838 0
vertex 159.0477121670287 -107.37437135795562 0
vertex 139.5 -107.37437135795562 0
endloop
endfacet
facet normal 0 0 -1
outer loop
vertex 159.2822514338477 -107.21618317039838 0
vertex 139.5 -107.37437135795562 0
vertex 139.5 -107.21618317039838 0
endloop
endfacet
facet normal 0 0 -1
outer loop
vertex 161.1 -107.32512457661359 0
vertex 161.1 -107.51352940000001 0
vertex 160.8889657527723 -107.32512457661359 0
endloop
endfacet
facet normal 0 0 -1
outer loop
vertex 159.0477121670287 -107.37437135795562 0
vertex 158.84704546577956 -107.57378310570857 0
vertex 139.5 -107.57378310570857 0
endloop
endfacet
facet normal 0 0 -1
outer loop
vertex 159.0477121670287 -107.37437135795562 0
vertex 139.5 -107.57378310570857 0
vertex 139.5 -107.37437135795562 0
endloop
endfacet
facet normal 0 0 -1
outer loop
vertex 158.84704546577956 -107.57378310570857 0
vertex 158.6873890320966 -107.80732536700498 0
vertex 139.5 -107.80732536700498 0
endloop
endfacet
facet normal 0 0 -1
outer loop
vertex 158.84704546577956 -107.57378310570857 0
vertex 139.5 -107.80732536700498 0
vertex 139.5 -107.57378310570857 0
endloop
endfacet
facet normal 0 0 -1
outer loop
vertex 158.6873890320966 -107.80732536700498 0
vertex 158.57442179440892 -108.06669107782609 0
vertex 139.5 -108.06669107782609 0
endloop
endfacet
facet normal 0 0 -1
outer loop
vertex 158.6873890320966 -107.80732536700498 0
vertex 139.5 -108.06669107782609 0
vertex 139.5 -107.80732536700498 0
endloop
endfacet
facet normal 0 0 -1
outer loop
vertex 158.57442179440892 -108.06669107782609 0
vertex 158.51216198210517 -108.34265463783579 0
vertex 139.5 -108.34265463783579 0
endloop
endfacet
facet normal 0 0 -1
outer loop
vertex 158.57442179440892 -108.06669107782609 0
vertex 139.5 -108.34265463783579 0
vertex 139.5 -108.06669107782609 0
endloop
endfacet
facet normal 0 0 -1
outer loop
vertex 158.51216198210517 -108.34265463783579 0
vertex 158.50282416246841 -108.62540006363521 0
vertex 139.5 -108.62540006363521 0
endloop
endfacet
facet normal 0 0 -1
outer loop
vertex 158.51216198210517 -108.34265463783579 0
vertex 139.5 -108.62540006363521 0
vertex 139.5 -108.34265463783579 0
endloop
endfacet
facet normal 0 0 -1
outer loop
vertex 179.1 -107.3375 0
vertex 179.1 -108.9 0
vertex 174.9 -108.9 0
endloop
endfacet
facet normal 0 0 -1
outer loop
vertex 179.1 -107.3375 0
vertex 174.9 -108.9 0
vertex 174.9 -107.3375 0
endloop
endfacet
facet normal 0 0 -1
outer loop
vertex 197.1 -107.3375 0
vertex 197.1 -108.9 0
vertex 192.9 -108.9 0
endloop
endfacet
facet normal 0 0 -1
outer loop
vertex 197.1 -107.3375 0
vertex 192.9 -108.9 0
vertex 192.9 -107.3375 0
endloop
endfacet
facet normal 0 0 -1
outer loop
vertex 215.1 -97.9575 0
vertex 215.1 -108.9 0
vertex 210.9 -108.9 0
endloop
endfacet
facet normal 0 0 -1
outer loop
vertex 215.1 -97.9575 0
vertex 210.9 -108.9 0
vertex 210.9 -97.9575 0
endloop
endfacet
facet normal 0 0 -1
outer loop
vertex 179.1 -108.9 0
vertex 161.66377587921667 -108.90000467847655 0
vertex 174.9 -108.9 0
endloop
endfacet
facet normal 0 0 -1
outer loop
vertex 158.50282416246841 -108.62540006363521 0
vertex 158.54674044859965 -108.90487014185263 0
vertex 139.5 -108.90487014185263 0
endloop
endfacet
facet normal 0 0 -1
outer loop
vertex 158.50282416246841 -108.62540006363521 0
vertex 139.5 -108.90487014185263 0
vertex 139.5 -108.62540006363521 0
endloop
endfacet
facet normal 0 0 -1
outer loop
vertex 158.54674044859965 -108.90487014185263 0
vertex 158.61680913466105 -109.1 0
vertex 156.9 -109.1 0
endloop
endfacet
facet normal 0 0 -1
outer loop
vertex 158.54674044859965 -108.90487014185263 0
vertex 156.9 -109.1 0
vertex 143.1 -109.1 0
endloop
endfacet
facet normal 0 0 -1
outer loop
vertex 158.54674044859965 -108.90487014185263 0
vertex 143.1 -109.1 0
vertex 139.5 -109.1 0
endloop
endfacet
facet normal 0 0 -1
outer loop
vertex 158.54674044859965 -108.90487014185263 0
vertex 139.5 -109.1 0
vertex 139.5 -108.90487014185263 0
endloop
endfacet
facet normal 0 0 -1
outer loop
vertex 161.66377587921667 -108.90000467847655 0
vertex 179.1 -108.9 0
vertex 179.1 -109.1665771864312 0
endloop
endfacet
facet normal 0 0 -1
outer loop
vertex 161.66377587921667 -108.90000467847655 0
vertex 179.1 -109.1665771864312 0
vertex 161.35976815967902 -109.1665771864312 0
endloop
endfacet
facet normal 0 0 -1
outer loop
vertex 161.66377587921667 -108.90000467847655 0
vertex 161.35976815967902 -109.1665771864312 0
vertex 161.45448499999998 -108.90000467847655 0
endloop
endfacet
facet normal 0 0 -1
outer loop
vertex 158.61680913466105 -109.1 0
vertex 158.64234890900974 -109.17112416274895 0
vertex 156.9 -109.17112416274895 0
endloop
endfacet
facet normal 0 0 -1
outer loop
vertex 158.61680913466105 -109.1 0
vertex 156.9 -109.17112416274895 0
vertex 156.9 -109.1 0
endloop
endfacet
facet normal 0 0 -1
outer loop
vertex 179.1 -109.1665771864312 0
vertex 179.1 -109.41062473430745 0
vertex 161.2166843914246 -109.41062473430745 0
endloop
endfacet
facet normal 0 0 -1
outer loop
vertex 179.1 -109.1665771864312 0
vertex 161.2166843914246 -109.41062473430745 0
vertex 161.35976815967902 -109.1665771864312 0
endloop
endfacet
facet normal 0 0 -1
outer loop
vertex 158.64234890900974 -109.17112416274895 0
vertex 158.7862485886771 -109.41469150980974 0
vertex 156.9 -109.41469150980974 0
endloop
endfacet
facet normal 0 0 -1
outer loop
vertex 158.64234890900974 -109.17112416274895 0
vertex 156.9 -109.41469150980974 0
vertex 156.9 -109.17112416274895 0
endloop
endfacet
facet normal 0 0 -1
outer loop
vertex 179.1 -109.41062473430745 0
vertex 179.1 -109.62346660810583 0
vertex 161.03032316391042 -109.62346660810583 0
endloop
endfacet
facet normal 0 0 -1
outer loop
vertex 179.1 -109.41062473430745 0
vertex 161.03032316391042 -109.62346660810583 0
vertex 161.2166843914246 -109.41062473430745 0
endloop
endfacet
facet normal 0 0 -1
outer loop
vertex 158.7862485886771 -109.41469150980974 0
vertex 158.97332105451605 -109.62690852818301 0
vertex 156.9 -109.62690852818301 0
endloop
endfacet
facet normal 0 0 -1
outer loop
vertex 158.7862485886771 -109.41469150980974 0
vertex 156.9 -109.62690852818301 0
vertex 156.9 -109.41469150980974 0
endloop
endfacet
facet normal 0 0 -1
outer loop
vertex 179.1 -109.62346660810583 0
vertex 179.1 -109.797532053557 0
vertex 160.80731331869697 -109.797532053557 0
endloop
endfacet
facet normal 0 0 -1
outer loop
vertex 179.1 -109.62346660810583 0
vertex 160.80731331869697 -109.797532053557 0
vertex 161.03032316391042 -109.62346660810583 0
endloop
endfacet
facet normal 0 0 -1
outer loop
vertex 158.97332105451605 -109.62690852818301 0
vertex 159.19691216632444 -109.8002266896169 0
vertex 156.9 -109.8002266896169 0
endloop
endfacet
facet normal 0 0 -1
outer loop
vertex 158.97332105451605 -109.62690852818301 0
vertex 156.9 -109.8002266896169 0
vertex 156.9 -109.62690852818301 0
endloop
endfacet
facet normal 0 0 -1
outer loop
vertex 179.1 -109.797532053557 0
vertex 179.1 -109.9266295882686 0
vertex 160.5555872833054 -109.9266295882686 0
endloop
endfacet
facet normal 0 0 -1
outer loop
vertex 179.1 -109.797532053557 0
vertex 160.5555872833054 -109.9266295882686 0
vertex 160.80731331869697 -109.797532053557 0
endloop
endfacet
facet normal 0 0 -1
outer loop
vertex 159.19691216632444 -109.8002266896169 0
vertex 159.44906882101208 -109.92848109250086 0
vertex 156.9 -109.92848109250086 0
endloop
endfacet
facet normal 0 0 -1
outer loop
vertex 159.19691216632444 -109.8002266896169 0
vertex 156.9 -109.92848109250086 0
vertex 156.9 -109.8002266896169 0
endloop
endfacet
facet normal 0 0 -1
outer loop
vertex 179.1 -109.9266295882686 0
vertex 179.1 -110.00616723184397 0
vertex 160.284098915936 -110.00616723184397 0
endloop
endfacet
facet normal 0 0 -1
outer loop
vertex 179.1 -109.9266295882686 0
vertex 160.284098915936 -110.00616723184397 0
vertex 160.5555872833054 -109.9266295882686 0
endloop
endfacet
facet normal 0 0 -1
outer loop
vertex 159.44906882101208 -109.92848109250086 0
vertex 159.72082184331444 -110.0071097465145 0
vertex 156.9 -110.0071097465145 0
endloop
endfacet
facet normal 0 0 -1
outer loop
vertex 159.44906882101208 -109.92848109250086 0
vertex 156.9 -110.0071097465145 0
vertex 156.9 -109.92848109250086 0
endloop
endfacet
facet normal 0 0 -1
outer loop
vertex 159.72082184331444 -110.0071097465145 0
vertex 160.00250501804138 -110.033315841954 0
vertex 156.9 -110.033315841954 0
endloop
endfacet
facet normal 0 0 -1
outer loop
vertex 159.72082184331444 -110.0071097465145 0
vertex 156.9 -110.033315841954 0
vertex 156.9 -110.0071097465145 0
endloop
endfacet
facet normal 0 0 -1
outer loop
vertex 179.1 -110.00616723184397 0
vertex 179.1 -110.033315841954 0
vertex 160.00250501804138 -110.033315841954 0
endloop
endfacet
facet normal 0 0 -1
outer loop
vertex 179.1 -110.00616723184397 0
vertex 160.00250501804138 -110.033315841954 0
vertex 160.284098915936 -110.00616723184397 0
endloop
endfacet
facet normal 0 0 -1
outer loop
vertex 197.1 -108.9 0
vertex 210.9 -108.9 0
vertex 215.1 -108.9 0
endloop
endfacet
facet normal 0 0 -1
outer loop
vertex 197.1 -108.9 0
vertex 215.1 -108.9 0
vertex 215.1 -111.7575 0
endloop
endfacet
facet normal 0 0 -1
outer loop
vertex 197.1 -108.9 0
vertex 215.1 -111.7575 0
vertex 192.9 -111.7575 0
endloop
endfacet
facet normal 0 0 -1
outer loop
vertex 197.1 -108.9 0
vertex 192.9 -111.7575 0
vertex 192.9 -108.9 0
endloop
endfacet
facet normal 0 0 -1
outer loop
vertex 234.5 -103.8575 0
vertex 252.49999999999983 -103.8575 0
vertex 252.847296355334 -103.88788449397562 0
endloop
endfacet
facet normal 0 0 -1
outer loop
vertex 234.5 -103.8575 0
vertex 252.847296355334 -103.88788449397562 0
vertex 253.1840402866513 -103.97811475842818 0
endloop
endfacet
facet normal 0 0 -1
outer loop
vertex 234.5 -103.8575 0
vertex 253.1840402866513 -103.97811475842818 0
vertex 253.50000000000003 -104.12544919243113 0
endloop
endfacet
facet normal 0 0 -1
outer loop
vertex 234.5 -103.8575 0
vertex 253.50000000000003 -104.12544919243113 0
vertex 253.78557521937307 -104.32541111376204 0
endloop
endfacet
facet normal 0 0 -1
outer loop
vertex 234.5 -103.8575 0
vertex 253.78557521937307 -104.32541111376204 0
vertex 254.03208888623791 -104.5719247806269 0
endloop
endfacet
facet normal 0 0 -1
outer loop
vertex 234.5 -103.8575 0
vertex 254.03208888623791 -104.5719247806269 0
vertex 254.23205080756884 -104.85749999999997 0
endloop
endfacet
facet normal 0 0 -1
outer loop
vertex 234.5 -103.8575 0
vertex 254.23205080756884 -104.85749999999997 0
vertex 254.3793852415719 -105.1734597133489 0
endloop
endfacet
facet normal 0 0 -1
outer loop
vertex 234.5 -103.8575 0
vertex 254.3793852415719 -105.1734597133489 0
vertex 254.4696155060244 -105.51020364466605 0
endloop
endfacet
facet normal 0 0 -1
outer loop
vertex 234.5 -103.8575 0
vertex 254.4696155060244 -105.51020364466605 0
vertex 254.5 -105.8574999999999 0
endloop
endfacet
facet normal 0 0 -1
outer loop
vertex 234.5 -103.8575 0
vertex 254.5 -105.8574999999999 0
vertex 254.50000023640914 -111.7575 0
endloop
endfacet
facet normal 0 0 -1
outer loop
vertex 234.5 -103.8575 0
vertex 254.50000023640914 -111.7575 0
vertex 228.9 -111.7575 0
endloop
endfacet
facet normal 0 0 -1
outer loop
vertex 234.5 -103.8575 0
vertex 228.9 -111.7575 0
vertex 228.9 -103.8575 0
endloop
endfacet
facet normal 0 0 -1
outer loop
vertex 160.00250501804138 -110.033315841954 0
vertex 179.1 -110.033315841954 0
vertex 179.1 -112.1 0
endloop
endfacet
facet normal 0 0 -1
outer loop
vertex 160.00250501804138 -110.033315841954 0
vertex 179.1 -112.1 0
vertex 174.9 -112.1 0
endloop
endfacet
facet normal 0 0 -1
outer loop
vertex 160.00250501804138 -110.033315841954 0
vertex 174.9 -112.1 0
vertex 161.1 -112.1 0
endloop
endfacet
facet normal 0 0 -1
outer loop
vertex 160.00250501804138 -110.033315841954 0
vertex 161.1 -112.1 0
vertex 156.9 -112.1 0
endloop
endfacet
facet normal 0 0 -1
outer loop
vertex 160.00250501804138 -110.033315841954 0
vertex 156.9 -112.1 0
vertex 156.9 -110.033315841954 0
endloop
endfacet
facet normal 0 0 -1
outer loop
vertex 215.1 -111.7575 0
vertex 228.9 -111.7575 0
vertex 254.50000023640914 -111.7575 0
endloop
endfacet
facet normal 0 0 -1
outer loop
vertex 215.1 -111.7575 0
vertex 254.50000023640914 -111.7575 0
vertex 254.50000025013287 -112.1 0
endloop
endfacet
facet normal 0 0 -1
outer loop
vertex 215.1 -111.7575 0
vertex 254.50000025013287 -112.1 0
vertex 210.9 -112.1 0
endloop
endfacet
facet normal 0 0 -1
outer loop
vertex 215.1 -111.7575 0
vertex 210.9 -112.1 0
vertex 197.1 -112.1 0
endloop
endfacet
facet normal 0 0 -1
outer loop
vertex 215.1 -111.7575 0
vertex 197.1 -112.1 0
vertex 192.9 -112.1 0
endloop
endfacet
facet normal 0 0 -1
outer loop
vertex 215.1 -111.7575 0
vertex 192.9 -112.1 0
vertex 192.9 -111.7575 0
endloop
endfacet
facet normal 0 0 -1
outer loop
vertex 254.50000025013287 -112.1 0
vertex 254.500000364631 -114.9575 0
vertex 228.9 -114.9575 0
endloop
endfacet
facet normal 0 0 -1
outer loop
vertex 254.50000025013287 -112.1 0
vertex 228.9 -114.9575 0
vertex 215.1 -114.9575 0
endloop
endfacet
facet normal 0 0 -1
outer loop
vertex 254.50000025013287 -112.1 0
vertex 215.1 -114.9575 0
vertex 210.9 -114.9575 0
endloop
endfacet
facet normal 0 0 -1
outer loop
vertex 254.50000025013287 -112.1 0
vertex 210.9 -114.9575 0
vertex 210.9 -112.1 0
endloop
endfacet
facet normal 0 0 -1
outer loop
vertex 179.1 -112.1 0
vertex 179.1 -121.1375 0
vertex 174.9 -121.1375 0
endloop
endfacet
facet normal 0 0 -1
outer loop
vertex 179.1 -112.1 0
vertex 174.9 -121.1375 0
vertex 174.9 -112.1 0
endloop
endfacet
facet normal 0 0 -1
outer loop
vertex 197.1 -112.1 0
vertex 197.1 -121.1375 0
vertex 192.9 -121.1375 0
endloop
endfacet
facet normal 0 0 -1
outer loop
vertex 197.1 -112.1 0
vertex 192.9 -121.1375 0
vertex 192.9 -112.1 0
endloop
endfacet
facet normal 0 0 -1
outer loop
vertex 143.1 -109.1 0
vertex 143.1 -122.9 0
vertex 139.5 -122.9 0
endloop
endfacet
facet normal 0 0 -1
outer loop
vertex 143.1 -109.1 0
vertex 139.5 -122.9 0
vertex 139.5 -109.1 0
endloop
endfacet
facet normal 0 0 -1
outer loop
vertex 161.1 -112.1 0
vertex 161.1 -122.9 0
vertex 156.9 -122.9 0
endloop
endfacet
facet normal 0 0 -1
outer loop
vertex 161.1 -112.1 0
vertex 156.9 -122.9 0
vertex 156.9 -112.1 0
endloop
endfacet
facet normal 0 0 -1
outer loop
vertex 179.1 -121.1375 0
vertex 192.9 -121.1375 0
vertex 197.1 -121.1375 0
endloop
endfacet
facet normal 0 0 -1
outer loop
vertex 179.1 -121.1375 0
vertex 197.1 -121.1375 0
vertex 197.1 -124.3375 0
endloop
endfacet
facet normal 0 0 -1
outer loop
vertex 179.1 -121.1375 0
vertex 197.1 -124.3375 0
vertex 192.9 -124.3375 0
endloop
endfacet
facet normal 0 0 -1
outer loop
vertex 179.1 -121.1375 0
vertex 192.9 -124.3375 0
vertex 179.1 -124.3375 0
endloop
endfacet
facet normal 0 0 -1
outer loop
vertex 179.1 -121.1375 0
vertex 179.1 -124.3375 0
vertex 174.9 -124.3375 0
endloop
endfacet
facet normal 0 0 -1
outer loop
vertex 179.1 -121.1375 0
vertex 174.9 -124.3375 0
vertex 174.9 -121.1375 0
endloop
endfacet
facet normal 0 0 -1
outer loop
vertex 143.1 -122.9 0
vertex 156.9 -122.9 0
vertex 161.1 -122.9 0
endloop
endfacet
facet normal 0 0 -1
outer loop
vertex 143.1 -122.9 0
vertex 161.1 -122.9 0
vertex 161.1 -125.9 0
endloop
endfacet
facet normal 0 0 -1
outer loop
vertex 143.1 -122.9 0
vertex 161.1 -125.9 0
vertex 139.5 -125.9 0
endloop
endfacet
facet normal 0 0 -1
outer loop
vertex 143.1 -122.9 0
vertex 139.5 -125.9 0
vertex 139.5 -122.9 0
endloop
endfacet
facet normal 0 0 -1
outer loop
vertex 179.1 -124.3375 0
vertex 179.1 -125.9 0
vertex 174.9 -125.9 0
endloop
endfacet
facet normal 0 0 -1
outer loop
vertex 179.1 -124.3375 0
vertex 174.9 -125.9 0
vertex 174.9 -124.3375 0
endloop
endfacet
facet normal 0 0 -1
outer loop
vertex 197.1 -124.3375 0
vertex 197.1 -125.9 0
vertex 192.9 -125.9 0
endloop
endfacet
facet normal 0 0 -1
outer loop
vertex 197.1 -124.3375 0
vertex 192.9 -125.9 0
vertex 192.9 -124.3375 0
endloop
endfacet
facet normal 0 0 -1
outer loop
vertex 215.1 -114.9575 0
vertex 215.1 -125.9 0
vertex 210.9 -125.9 0
endloop
endfacet
facet normal 0 0 -1
outer loop
vertex 215.1 -114.9575 0
vertex 210.9 -125.9 0
vertex 210.9 -114.9575 0
endloop
endfacet
facet normal 0 0 -1
outer loop
vertex 161.1 -125.9 0
vertex 174.9 -125.9 0
vertex 179.1 -125.9 0
endloop
endfacet
facet normal 0 0 -1
outer loop
vertex 161.1 -125.9 0
vertex 179.1 -125.9 0
vertex 179.1 -126.1 0
endloop
endfacet
facet normal 0 0 -1
outer loop
vertex 161.1 -125.9 0
vertex 179.1 -126.1 0
vertex 156.9 -126.1 0
endloop
endfacet
facet normal 0 0 -1
outer loop
vertex 161.1 -125.9 0
vertex 156.9 -126.1 0
vertex 143.1 -126.1 0
endloop
endfacet
facet normal 0 0 -1
outer loop
vertex 161.1 -125.9 0
vertex 143.1 -126.1 0
vertex 139.5 -126.1 0
endloop
endfacet
facet normal 0 0 -1
outer loop
vertex 161.1 -125.9 0
vertex 139.5 -126.1 0
vertex 139.5 -125.9 0
endloop
endfacet
facet normal 0 0 -1
outer loop
vertex 197.1 -125.9 0
vertex 210.9 -125.9 0
vertex 215.1 -125.9 0
endloop
endfacet
facet normal 0 0 -1
outer loop
vertex 197.1 -125.9 0
vertex 215.1 -125.9 0
vertex 215.1 -128.7575 0
endloop
endfacet
facet normal 0 0 -1
outer loop
vertex 197.1 -125.9 0
vertex 215.1 -128.7575 0
vertex 192.9 -128.7575 0
endloop
endfacet
facet normal 0 0 -1
outer loop
vertex 197.1 -125.9 0
vertex 192.9 -128.7575 0
vertex 192.9 -125.9 0
endloop
endfacet
facet normal 0 0 -1
outer loop
vertex 254.500000364631 -114.9575 0
vertex 254.50000091758793 -128.7575 0
vertex 228.9 -128.7575 0
endloop
endfacet
facet normal 0 0 -1
outer loop
vertex 254.500000364631 -114.9575 0
vertex 228.9 -128.7575 0
vertex 228.9 -114.9575 0
endloop
endfacet
facet normal 0 0 -1
outer loop
vertex 179.1 -126.1 0
vertex 179.1 -129.1 0
vertex 174.9 -129.1 0
endloop
endfacet
facet normal 0 0 -1
outer loop
vertex 179.1 -126.1 0
vertex 174.9 -129.1 0
vertex 161.1 -129.1 0
endloop
endfacet
facet normal 0 0 -1
outer loop
vertex 179.1 -126.1 0
vertex 161.1 -129.1 0
vertex 156.9 -129.1 0
endloop
endfacet
facet normal 0 0 -1
outer loop
vertex 179.1 -126.1 0
vertex 156.9 -129.1 0
vertex 156.9 -126.1 0
endloop
endfacet
facet normal 0 0 -1
outer loop
vertex 215.1 -128.7575 0
vertex 228.9 -128.7575 0
vertex 254.50000091758793 -128.7575 0
endloop
endfacet
facet normal 0 0 -1
outer loop
vertex 215.1 -128.7575 0
vertex 254.50000091758793 -128.7575 0
vertex 254.5000009313117 -129.1 0
endloop
endfacet
facet normal 0 0 -1
outer loop
vertex 215.1 -128.7575 0
vertex 254.5000009313117 -129.1 0
vertex 210.9 -129.1 0
endloop
endfacet
facet normal 0 0 -1
outer loop
vertex 215.1 -128.7575 0
vertex 210.9 -129.1 0
vertex 197.1 -129.1 0
endloop
endfacet
facet normal 0 0 -1
outer loop
vertex 215.1 -128.7575 0
vertex 197.1 -129.1 0
vertex 192.9 -129.1 0
endloop
endfacet
facet normal 0 0 -1
outer loop
vertex 215.1 -128.7575 0
vertex 192.9 -129.1 0
vertex 192.9 -128.7575 0
endloop
endfacet
facet normal 0 0 -1
outer loop
vertex 254.5000009313117 -129.1 0
vertex 254.50000104580982 -131.9575 0
vertex 228.9 -131.9575 0
endloop
endfacet
facet normal 0 0 -1
outer loop
vertex 254.5000009313117 -129.1 0
vertex 228.9 -131.9575 0
vertex 215.1 -131.9575 0
endloop
endfacet
facet normal 0 0 -1
outer loop
vertex 254.5000009313117 -129.1 0
vertex 215.1 -131.9575 0
vertex 210.9 -131.9575 0
endloop
endfacet
facet normal 0 0 -1
outer loop
vertex 254.5000009313117 -129.1 0
vertex 210.9 -131.9575 0
vertex 210.9 -129.1 0
endloop
endfacet
facet normal 0 0 -1
outer loop
vertex 179.1 -129.1 0
vertex 179.1 -138.1375 0
vertex 174.9 -138.1375 0
endloop
endfacet
facet normal 0 0 -1
outer loop
vertex 179.1 -129.1 0
vertex 174.9 -138.1375 0
vertex 174.9 -129.1 0
endloop
endfacet
facet normal 0 0 -1
outer loop
vertex 197.1 -129.1 0
vertex 197.1 -138.1375 0
vertex 192.9 -138.1375 0
endloop
endfacet
facet normal 0 0 -1
outer loop
vertex 197.1 -129.1 0
vertex 192.9 -138.1375 0
vertex 192.9 -129.1 0
endloop
endfacet
facet normal 0 0 -1
outer loop
vertex 143.1 -126.1 0
vertex 143.1 -139.9 0
vertex 139.5 -139.9 0
endloop
endfacet
facet normal 0 0 -1
outer loop
vertex 143.1 -126.1 0
vertex 139.5 -139.9 0
vertex 139.5 -126.1 0
endloop
endfacet
facet normal 0 0 -1
outer loop
vertex 161.1 -129.1 0
vertex 161.1 -139.9 0
vertex 156.9 -139.9 0
endloop
endfacet
facet normal 0 0 -1
outer loop
vertex 161.1 -129.1 0
vertex 156.9 -139.9 0
vertex 156.9 -129.1 0
endloop
endfacet
facet normal 0 0 -1
outer loop
vertex 143.1 -139.9 0
vertex 156.9 -139.9 0
vertex 161.1 -139.9 0
endloop
endfacet
facet normal 0 0 -1
outer loop
vertex 143.1 -139.9 0
vertex 161.1 -139.9 0
vertex 161.1 -142.9 0
endloop
endfacet
facet normal 0 0 -1
outer loop
vertex 143.1 -139.9 0
vertex 161.1 -142.9 0
vertex 139.5 -142.9 0
endloop
endfacet
facet normal 0 0 -1
outer loop
vertex 143.1 -139.9 0
vertex 139.5 -142.9 0
vertex 139.5 -139.9 0
endloop
endfacet
facet normal 0 0 -1
outer loop
vertex 179.1 -138.1375 0
vertex 192.9 -138.1375 0
vertex 197.1 -138.1375 0
endloop
endfacet
facet normal 0 0 -1
outer loop
vertex 179.1 -138.1375 0
vertex 197.1 -138.1375 0
vertex 197.1 -142.9 0
endloop
endfacet
facet normal 0 0 -1
outer loop
vertex 179.1 -138.1375 0
vertex 197.1 -142.9 0
vertex 174.9 -142.9 0
endloop
endfacet
facet normal 0 0 -1
outer loop
vertex 179.1 -138.1375 0
vertex 174.9 -142.9 0
vertex 174.9 -138.1375 0
endloop
endfacet
facet normal 0 0 -1
outer loop
vertex 215.1 -131.9575 0
vertex 215.1 -142.9 0
vertex 210.9 -142.9 0
endloop
endfacet
facet normal 0 0 -1
outer loop
vertex 215.1 -131.9575 0
vertex 210.9 -142.9 0
vertex 210.9 -131.9575 0
endloop
endfacet
facet normal 0 0 -1
outer loop
vertex 161.1 -142.9 0
vertex 174.9 -142.9 0
vertex 197.1 -142.9 0
endloop
endfacet
facet normal 0 0 -1
outer loop
vertex 161.1 -142.9 0
vertex 197.1 -142.9 0
vertex 210.9 -142.9 0
endloop
endfacet
facet normal 0 0 -1
outer loop
vertex 161.1 -142.9 0
vertex 210.9 -142.9 0
vertex 215.1 -142.9 0
endloop
endfacet
facet normal 0 0 -1
outer loop
vertex 161.1 -142.9 0
vertex 215.1 -142.9 0
vertex 215.1 -143.1 0
endloop
endfacet
facet normal 0 0 -1
outer loop
vertex 161.1 -142.9 0
vertex 215.1 -143.1 0
vertex 156.9 -143.1 0
endloop
endfacet
facet normal 0 0 -1
outer loop
vertex 161.1 -142.9 0
vertex 156.9 -143.1 0
vertex 143.1 -143.1 0
endloop
endfacet
facet normal 0 0 -1
outer loop
vertex 161.1 -142.9 0
vertex 143.1 -143.1 0
vertex 139.5 -143.1 0
endloop
endfacet
facet normal 0 0 -1
outer loop
vertex 161.1 -142.9 0
vertex 139.5 -143.1 0
vertex 139.5 -142.9 0
endloop
endfacet
facet normal 0 0 -1
outer loop
vertex 215.1 -143.1 0
vertex 215.1 -145.7575 0
vertex 156.9 -145.7575 0
endloop
endfacet
facet normal 0 0 -1
outer loop
vertex 215.1 -143.1 0
vertex 156.9 -145.7575 0
vertex 156.9 -143.1 0
endloop
endfacet
facet normal 0 0 -1
outer loop
vertex 254.50000104580982 -131.9575 0
vertex 254.50000159876674 -145.7575 0
vertex 228.9 -145.7575 0
endloop
endfacet
facet normal 0 0 -1
outer loop
vertex 254.50000104580982 -131.9575 0
vertex 228.9 -145.7575 0
vertex 228.9 -131.9575 0
endloop
endfacet
facet normal 0 0 -1
outer loop
vertex 215.1 -145.7575 0
vertex 228.9 -145.7575 0
vertex 254.50000159876674 -145.7575 0
endloop
endfacet
facet normal 0 0 -1
outer loop
vertex 215.1 -145.7575 0
vertex 254.50000159876674 -145.7575 0
vertex 254.50000177096476 -150.055 0
endloop
endfacet
facet normal 0 0 -1
outer loop
vertex 215.1 -145.7575 0
vertex 254.50000177096476 -150.055 0
vertex 201.9 -150.055 0
endloop
endfacet
facet normal 0 0 -1
outer loop
vertex 215.1 -145.7575 0
vertex 201.9 -150.055 0
vertex 188.1 -150.055 0
endloop
endfacet
facet normal 0 0 -1
outer loop
vertex 215.1 -145.7575 0
vertex 188.1 -150.055 0
vertex 156.9 -150.055 0
endloop
endfacet
facet normal 0 0 -1
outer loop
vertex 215.1 -145.7575 0
vertex 156.9 -150.055 0
vertex 156.9 -145.7575 0
endloop
endfacet
facet normal 0 0 -1
outer loop
vertex 188.1 -150.055 0
vertex 188.1 -150.5 0
vertex 172.4999999999999 -150.5 0
endloop
endfacet
facet normal 0 0 -1
outer loop
vertex 188.1 -150.055 0
vertex 172.4999999999999 -150.5 0
vertex 156.9 -150.5 0
endloop
endfacet
facet normal 0 0 -1
outer loop
vertex 188.1 -150.055 0
vertex 156.9 -150.5 0
vertex 156.9 -150.055 0
endloop
endfacet
facet normal 0 0 -1
outer loop
vertex 172.4999999999999 -150.5 0
vertex 172.2073645169757 -150.52882207939516 0
vertex 156.9 -150.52882207939516 0
endloop
endfacet
facet normal 0 0 -1
outer loop
vertex 172.4999999999999 -150.5 0
vertex 156.9 -150.52882207939516 0
vertex 156.9 -150.5 0
endloop
endfacet
facet normal 0 0 -1
outer loop
vertex 188.1 -150.5 0
vertex 188.1 -150.52882207939516 0
vertex 172.7926354830242 -150.52882207939516 0
endloop
endfacet
facet normal 0 0 -1
outer loop
vertex 188.1 -150.5 0
vertex 172.7926354830242 -150.52882207939516 0
vertex 172.4999999999999 -150.5 0
endloop
endfacet
facet normal 0 0 -1
outer loop
vertex 172.2073645169757 -150.52882207939516 0
vertex 171.92597485145262 -150.61418070123298 0
vertex 156.9 -150.61418070123298 0
endloop
endfacet
facet normal 0 0 -1
outer loop
vertex 172.2073645169757 -150.52882207939516 0
vertex 156.9 -150.61418070123298 0
vertex 156.9 -150.52882207939516 0
endloop
endfacet
facet normal 0 0 -1
outer loop
vertex 188.1 -150.52882207939516 0
vertex 188.1 -150.61418070123298 0
vertex 173.07402514854743 -150.61418070123298 0
endloop
endfacet
facet normal 0 0 -1
outer loop
vertex 188.1 -150.52882207939516 0
vertex 173.07402514854743 -150.61418070123298 0
vertex 172.7926354830242 -150.52882207939516 0
endloop
endfacet
facet normal 0 0 -1
outer loop
vertex 171.92597485145262 -150.61418070123298 0
vertex 171.66664465047035 -150.75279558154628 0
vertex 156.9 -150.75279558154628 0
endloop
endfacet
facet normal 0 0 -1
outer loop
vertex 171.92597485145262 -150.61418070123298 0
vertex 156.9 -150.75279558154628 0
vertex 156.9 -150.61418070123298 0
endloop
endfacet
facet normal 0 0 -1
outer loop
vertex 188.1 -150.61418070123298 0
vertex 188.1 -150.75279558154628 0
vertex 173.3333553495295 -150.75279558154628 0
endloop
endfacet
facet normal 0 0 -1
outer loop
vertex 188.1 -150.61418070123298 0
vertex 173.3333553495295 -150.75279558154628 0
vertex 173.07402514854743 -150.61418070123298 0
endloop
endfacet
facet normal 0 0 -1
outer loop
vertex 171.66664465047035 -150.75279558154628 0
vertex 171.43933982822028 -150.93933982822017 0
vertex 156.9 -150.93933982822017 0
endloop
endfacet
facet normal 0 0 -1
outer loop
vertex 171.66664465047035 -150.75279558154628 0
vertex 156.9 -150.93933982822017 0
vertex 156.9 -150.75279558154628 0
endloop
endfacet
facet normal 0 0 -1
outer loop
vertex 188.1 -150.75279558154628 0
vertex 188.1 -150.93933982822017 0
vertex 173.56066017177983 -150.93933982822017 0
endloop
endfacet
facet normal 0 0 -1
outer loop
vertex 188.1 -150.75279558154628 0
vertex 173.56066017177983 -150.93933982822017 0
vertex 173.3333553495295 -150.75279558154628 0
endloop
endfacet
facet normal 0 0 -1
outer loop
vertex 254.50000177096476 -150.055 0
vertex 254.50000181515207 -151.1577716 0
vertex 210.27638190000002 -151.1577716 0
endloop
endfacet
facet normal 0 0 -1
outer loop
vertex 254.50000177096476 -150.055 0
vertex 210.27638190000002 -151.1577716 0
vertex 201.9 -151.1577716 0
endloop
endfacet
facet normal 0 0 -1
outer loop
vertex 254.50000177096476 -150.055 0
vertex 201.9 -151.1577716 0
vertex 201.9 -150.055 0
endloop
endfacet
facet normal 0 0 -1
outer loop
vertex 171.43933982822028 -150.93933982822017 0
vertex 171.25279558154625 -151.16664465047063 0
vertex 156.9 -151.16664465047063 0
endloop
endfacet
facet normal 0 0 -1
outer loop
vertex 171.43933982822028 -150.93933982822017 0
vertex 156.9 -151.16664465047063 0
vertex 156.9 -150.93933982822017 0
endloop
endfacet
facet normal 0 0 -1
outer loop
vertex 188.1 -150.93933982822017 0
vertex 188.1 -151.16664465047063 0
vertex 173.74720441845383 -151.16664465047063 0
endloop
endfacet
facet normal 0 0 -1
outer loop
vertex 188.1 -150.93933982822017 0
vertex 173.74720441845383 -151.16664465047063 0
vertex 173.56066017177983 -150.93933982822017 0
endloop
endfacet
facet normal 0 0 -1
outer loop
vertex 171.25279558154625 -151.16664465047063 0
vertex 171.1141807012329 -151.42597485145245 0
vertex 156.9 -151.42597485145245 0
endloop
endfacet
facet normal 0 0 -1
outer loop
vertex 171.25279558154625 -151.16664465047063 0
vertex 156.9 -151.42597485145245 0
vertex 156.9 -151.16664465047063 0
endloop
endfacet
facet normal 0 0 -1
outer loop
vertex 188.1 -151.16664465047063 0
vertex 188.1 -151.42597485145245 0
vertex 173.885819298767 -151.42597485145245 0
endloop
endfacet
facet normal 0 0 -1
outer loop
vertex 188.1 -151.16664465047063 0
vertex 173.885819298767 -151.42597485145245 0
vertex 173.74720441845383 -151.16664465047063 0
endloop
endfacet
facet normal 0 0 -1
outer loop
vertex 171.1141807012329 -151.42597485145245 0
vertex 171.02882207939518 -151.70736451697567 0
vertex 156.9 -151.70736451697567 0
endloop
endfacet
facet normal 0 0 -1
outer loop
vertex 171.1141807012329 -151.42597485145245 0
vertex 156.9 -151.70736451697567 0
vertex 156.9 -151.42597485145245 0
endloop
endfacet
facet normal 0 0 -1
outer loop
vertex 188.1 -151.42597485145245 0
vertex 188.1 -151.70736451697567 0
vertex 173.97117792060482 -151.70736451697567 0
endloop
endfacet
facet normal 0 0 -1
outer loop
vertex 188.1 -151.42597485145245 0
vertex 173.97117792060482 -151.70736451697567 0
vertex 173.885819298767 -151.42597485145245 0
endloop
endfacet
facet normal 0 0 -1
outer loop
vertex 171.02882207939518 -151.70736451697567 0
vertex 171 -151.99999999999991 0
vertex 156.9 -151.99999999999991 0
endloop
endfacet
facet normal 0 0 -1
outer loop
vertex 171.02882207939518 -151.70736451697567 0
vertex 156.9 -151.99999999999991 0
vertex 156.9 -151.70736451697567 0
endloop
endfacet
facet normal 0 0 -1
outer loop
vertex 188.1 -151.70736451697567 0
vertex 188.1 -151.99999999999991 0
vertex 173.99999999999997 -151.99999999999991 0
endloop
endfacet
facet normal 0 0 -1
outer loop
vertex 188.1 -151.70736451697567 0
vertex 173.99999999999997 -151.99999999999991 0
vertex 173.97117792060482 -151.70736451697567 0
endloop
endfacet
facet normal 0 0 -1
outer loop
vertex 171 -151.99999999999991 0
vertex 171.0288220793951 -152.29263548302393 0
vertex 156.9 -152.29263548302393 0
endloop
endfacet
facet normal 0 0 -1
outer loop
vertex 171 -151.99999999999991 0
vertex 156.9 -152.29263548302393 0
vertex 156.9 -151.99999999999991 0
endloop
endfacet
facet normal 0 0 -1
outer loop
vertex 188.1 -151.99999999999991 0
vertex 188.1 -152.29263548302393 0
vertex 173.97117792060484 -152.29263548302393 0
endloop
endfacet
facet normal 0 0 -1
outer loop
vertex 188.1 -151.99999999999991 0
vertex 173.97117792060484 -152.29263548302393 0
vertex 173.99999999999997 -151.99999999999991 0
endloop
endfacet
facet normal 0 0 -1
outer loop
vertex 171.0288220793951 -152.29263548302393 0
vertex 171.1141807012331 -152.57402514854763 0
vertex 156.9 -152.57402514854763 0
endloop
endfacet
facet normal 0 0 -1
outer loop
vertex 171.0288220793951 -152.29263548302393 0
vertex 156.9 -152.57402514854763 0
vertex 156.9 -152.29263548302393 0
endloop
endfacet
facet normal 0 0 -1
outer loop
vertex 188.1 -152.29263548302393 0
vertex 188.1 -152.57402514854763 0
vertex 173.8858192987669 -152.57402514854763 0
endloop
endfacet
facet normal 0 0 -1
outer loop
vertex 188.1 -152.29263548302393 0
vertex 173.8858192987669 -152.57402514854763 0
vertex 173.97117792060484 -152.29263548302393 0
endloop
endfacet
facet normal 0 0 -1
outer loop
vertex 171.1141807012331 -152.57402514854763 0
vertex 171.25279558154625 -152.83335534952946 0
vertex 156.9 -152.83335534952946 0
endloop
endfacet
facet normal 0 0 -1
outer loop
vertex 171.1141807012331 -152.57402514854763 0
vertex 156.9 -152.83335534952946 0
vertex 156.9 -152.57402514854763 0
endloop
endfacet
facet normal 0 0 -1
outer loop
vertex 188.1 -152.57402514854763 0
vertex 188.1 -152.83335534952946 0
vertex 173.74720441845383 -152.83335534952946 0
endloop
endfacet
facet normal 0 0 -1
outer loop
vertex 188.1 -152.57402514854763 0
vertex 173.74720441845383 -152.83335534952946 0
vertex 173.8858192987669 -152.57402514854763 0
endloop
endfacet
facet normal 0 0 -1
outer loop
vertex 171.25279558154625 -152.83335534952946 0
vertex 171.43933982822017 -153.0606601717798 0
vertex 156.9 -153.0606601717798 0
endloop
endfacet
facet normal 0 0 -1
outer loop
vertex 171.25279558154625 -152.83335534952946 0
vertex 156.9 -153.0606601717798 0
vertex 156.9 -152.83335534952946 0
endloop
endfacet
facet normal 0 0 -1
outer loop
vertex 188.1 -152.83335534952946 0
vertex 188.1 -153.0606601717798 0
vertex 173.56066017177974 -153.0606601717798 0
endloop
endfacet
facet normal 0 0 -1
outer loop
vertex 188.1 -152.83335534952946 0
vertex 173.56066017177974 -153.0606601717798 0
vertex 173.74720441845383 -152.83335534952946 0
endloop
endfacet
facet normal 0 0 -1
outer loop
vertex 254.50000181515207 -151.1577716 0
vertex 254.50000189548842 -153.1627042 0
vertex 234.9371581 -153.1627042 0
endloop
endfacet
facet normal 0 0 -1
outer loop
vertex 254.50000181515207 -151.1577716 0
vertex 234.9371581 -153.1627042 0
vertex 217.75889227434328 -153.1627042 0
endloop
endfacet
facet normal 0 0 -1
outer loop
vertex 254.50000181515207 -151.1577716 0
vertex 217.75889227434328 -153.1627042 0
vertex 210.27638190000002 -151.1577716 0
endloop
endfacet
facet normal 0 0 -1
outer loop
vertex 234.9371581 -153.1627042 0
vertex 234.64452261697582 -153.19152627939516 0
vertex 217.86645773967834 -153.19152627939516 0
endloop
endfacet
facet normal 0 0 -1
outer loop
vertex 234.9371581 -153.1627042 0
vertex 217.86645773967834 -153.19152627939516 0
vertex 217.75889227434328 -153.1627042 0
endloop
endfacet
facet normal 0 0 -1
outer loop
vertex 254.50000189548842 -153.1627042 0
vertex 254.5000018966433 -153.19152627939516 0
vertex 235.2297935830242 -153.19152627939516 0
endloop
endfacet
facet normal 0 0 -1
outer loop
vertex 254.50000189548842 -153.1627042 0
vertex 235.2297935830242 -153.19152627939516 0
vertex 234.9371581 -153.1627042 0
endloop
endfacet
facet normal 0 0 -1
outer loop
vertex 171.43933982822017 -153.0606601717798 0
vertex 171.66664465047072 -153.24720441845386 0
vertex 156.9 -153.24720441845386 0
endloop
endfacet
facet normal 0 0 -1
outer loop
vertex 171.43933982822017 -153.0606601717798 0
vertex 156.9 -153.24720441845386 0
vertex 156.9 -153.0606601717798 0
endloop
endfacet
facet normal 0 0 -1
outer loop
vertex 188.1 -153.0606601717798 0
vertex 188.1 -153.24720441845386 0
vertex 173.3333553495295 -153.24720441845386 0
endloop
endfacet
facet normal 0 0 -1
outer loop
vertex 188.1 -153.0606601717798 0
vertex 173.3333553495295 -153.24720441845386 0
vertex 173.56066017177974 -153.0606601717798 0
endloop
endfacet
facet normal 0 0 -1
outer loop
vertex 234.64452261697582 -153.19152627939516 0
vertex 234.36313295145254 -153.27688490123305 0
vertex 218.1850204551739 -153.27688490123305 0
endloop
endfacet
facet normal 0 0 -1
outer loop
vertex 234.64452261697582 -153.19152627939516 0
vertex 218.1850204551739 -153.27688490123305 0
vertex 217.86645773967834 -153.19152627939516 0
endloop
endfacet
facet normal 0 0 -1
outer loop
vertex 254.5000018966433 -153.19152627939516 0
vertex 254.5000019 -153.27529844999984 0
vertex 254.4998893612477 -153.27688490123305 0
endloop
endfacet
facet normal 0 0 -1
outer loop
vertex 254.5000018966433 -153.19152627939516 0
vertex 254.4998893612477 -153.27688490123305 0
vertex 235.51118324854752 -153.27688490123305 0
endloop
endfacet
facet normal 0 0 -1
outer loop
vertex 254.5000018966433 -153.19152627939516 0
vertex 235.51118324854752 -153.27688490123305 0
vertex 235.2297935830242 -153.19152627939516 0
endloop
endfacet
facet normal 0 0 -1
outer loop
vertex 171.66664465047072 -153.24720441845386 0
vertex 171.92597485145242 -153.38581929876696 0
vertex 156.9 -153.38581929876696 0
endloop
endfacet
facet normal 0 0 -1
outer loop
vertex 171.66664465047072 -153.24720441845386 0
vertex 156.9 -153.38581929876696 0
vertex 156.9 -153.24720441845386 0
endloop
endfacet
facet normal 0 0 -1
outer loop
vertex 188.1 -153.24720441845386 0
vertex 188.1 -153.38581929876696 0
vertex 173.07402514854758 -153.38581929876696 0
endloop
endfacet
facet normal 0 0 -1
outer loop
vertex 188.1 -153.24720441845386 0
vertex 173.07402514854758 -153.38581929876696 0
vertex 173.3333553495295 -153.24720441845386 0
endloop
endfacet
facet normal 0 0 -1
outer loop
vertex 234.36313295145254 -153.27688490123305 0
vertex 234.10380275047024 -153.41549978154626 0
vertex 218.70233823432616 -153.41549978154626 0
endloop
endfacet
facet normal 0 0 -1
outer loop
vertex 234.36313295145254 -153.27688490123305 0
vertex 218.70233823432616 -153.41549978154626 0
vertex 218.1850204551739 -153.27688490123305 0
endloop
endfacet
facet normal 0 0 -1
outer loop
vertex 254.4998893612477 -153.27688490123305 0
vertex 254.49005637971518 -153.41549978154626 0
vertex 235.77051344952946 -153.41549978154626 0
endloop
endfacet
facet normal 0 0 -1
outer loop
vertex 254.4998893612477 -153.27688490123305 0
vertex 235.77051344952946 -153.41549978154626 0
vertex 235.51118324854752 -153.27688490123305 0
endloop
endfacet
facet normal 0 0 -1
outer loop
vertex 171.92597485145242 -153.38581929876696 0
vertex 172.2073645169758 -153.47117792060484 0
vertex 156.9 -153.47117792060484 0
endloop
endfacet
facet normal 0 0 -1
outer loop
vertex 171.92597485145242 -153.38581929876696 0
vertex 156.9 -153.47117792060484 0
vertex 156.9 -153.38581929876696 0
endloop
endfacet
facet normal 0 0 -1
outer loop
vertex 188.1 -153.38581929876696 0
vertex 188.1 -153.47117792060484 0
vertex 172.79263548302407 -153.47117792060484 0
endloop
endfacet
facet normal 0 0 -1
outer loop
vertex 188.1 -153.38581929876696 0
vertex 172.79263548302407 -153.47117792060484 0
vertex 173.07402514854758 -153.38581929876696 0
endloop
endfacet
facet normal 0 0 -1
outer loop
vertex 172.2073645169758 -153.47117792060484 0
vertex 172.50000000000003 -153.5 0
vertex 156.9 -153.5 0
endloop
endfacet
facet normal 0 0 -1
outer loop
vertex 172.2073645169758 -153.47117792060484 0
vertex 156.9 -153.5 0
vertex 156.9 -153.47117792060484 0
endloop
endfacet
facet normal 0 0 -1
outer loop
vertex 188.1 -153.47117792060484 0
vertex 188.1 -153.5 0
vertex 172.50000000000003 -153.5 0
endloop
endfacet
facet normal 0 0 -1
outer loop
vertex 188.1 -153.47117792060484 0
vertex 172.50000000000003 -153.5 0
vertex 172.79263548302407 -153.47117792060484 0
endloop
endfacet
facet normal 0 0 -1
outer loop
vertex 234.10380275047024 -153.41549978154626 0
vertex 233.87649792822063 -153.60204402822004 0
vertex 219.39853084499575 -153.60204402822004 0
endloop
endfacet
facet normal 0 0 -1
outer loop
vertex 234.10380275047024 -153.41549978154626 0
vertex 219.39853084499575 -153.60204402822004 0
vertex 218.70233823432616 -153.41549978154626 0
endloop
endfacet
facet normal 0 0 -1
outer loop
vertex 254.49005637971518 -153.41549978154626 0
vertex 254.4799743984454 -153.5576247944339 0
vertex 254.47039270898193 -153.60204402822004 0
endloop
endfacet
facet normal 0 0 -1
outer loop
vertex 254.49005637971518 -153.41549978154626 0
vertex 254.47039270898193 -153.60204402822004 0
vertex 235.99781827177966 -153.60204402822004 0
endloop
endfacet
facet normal 0 0 -1
outer loop
vertex 254.49005637971518 -153.41549978154626 0
vertex 235.99781827177966 -153.60204402822004 0
vertex 235.77051344952946 -153.41549978154626 0
endloop
endfacet
facet normal 0 0 -1
outer loop
vertex 233.87649792822063 -153.60204402822004 0
vertex 233.6899536815459 -153.82934885047095 0
vertex 220.2468439955878 -153.82934885047095 0
endloop
endfacet
facet normal 0 0 -1
outer loop
vertex 233.87649792822063 -153.60204402822004 0
vertex 220.2468439955878 -153.82934885047095 0
vertex 219.39853084499575 -153.60204402822004 0
endloop
endfacet
facet normal 0 0 -1
outer loop
vertex 254.47039270898193 -153.60204402822004 0
vertex 254.42136070111698 -153.82934885047095 0
vertex 236.18436251845404 -153.82934885047095 0
endloop
endfacet
facet normal 0 0 -1
outer loop
vertex 254.47039270898193 -153.60204402822004 0
vertex 236.18436251845404 -153.82934885047095 0
vertex 235.99781827177966 -153.60204402822004 0
endloop
endfacet
facet normal 0 0 -1
outer loop
vertex 233.6899536815459 -153.82934885047095 0
vertex 233.55133880123316 -154.08867905145226 0
vertex 221.21467748745837 -154.08867905145226 0
endloop
endfacet
facet normal 0 0 -1
outer loop
vertex 233.6899536815459 -153.82934885047095 0
vertex 221.21467748745837 -154.08867905145226 0
vertex 220.2468439955878 -153.82934885047095 0
endloop
endfacet
facet normal 0 0 -1
outer loop
vertex 254.42136070111698 -153.82934885047095 0
vertex 254.42029336121104 -153.83429687357196 0
vertex 254.32625541488355 -154.08867905145226 0
endloop
endfacet
facet normal 0 0 -1
outer loop
vertex 254.42136070111698 -153.82934885047095 0
vertex 254.32625541488355 -154.08867905145226 0
vertex 236.32297739876694 -154.08867905145226 0
endloop
endfacet
facet normal 0 0 -1
outer loop
vertex 254.42136070111698 -153.82934885047095 0
vertex 236.32297739876694 -154.08867905145226 0
vertex 236.18436251845404 -153.82934885047095 0
endloop
endfacet
facet normal 0 0 -1
outer loop
vertex 233.55133880123316 -154.08867905145226 0
vertex 233.46598017939516 -154.37006871697562 0
vertex 222.2648380222871 -154.37006871697562 0
endloop
endfacet
facet normal 0 0 -1
outer loop
vertex 233.55133880123316 -154.08867905145226 0
vertex 222.2648380222871 -154.37006871697562 0
vertex 221.21467748745837 -154.08867905145226 0
endloop
endfacet
facet normal 0 0 -1
outer loop
vertex 254.32625541488355 -154.08867905145226 0
vertex 254.32215403931238 -154.0997736881478 0
vertex 254.18752379999998 -154.3487369 0
endloop
endfacet
facet normal 0 0 -1
outer loop
vertex 254.32625541488355 -154.08867905145226 0
vertex 254.18752379999998 -154.3487369 0
vertex 254.17395460197935 -154.37006871697562 0
endloop
endfacet
facet normal 0 0 -1
outer loop
vertex 254.32625541488355 -154.08867905145226 0
vertex 254.17395460197935 -154.37006871697562 0
vertex 236.40833602060482 -154.37006871697562 0
endloop
endfacet
facet normal 0 0 -1
outer loop
vertex 254.32625541488355 -154.08867905145226 0
vertex 236.40833602060482 -154.37006871697562 0
vertex 236.32297739876694 -154.08867905145226 0
endloop
endfacet
facet normal 0 0 -1
outer loop
vertex 233.46598017939516 -154.37006871697562 0
vertex 233.43715809999998 -154.66270420000015 0
vertex 223.3569685196574 -154.66270420000015 0
endloop
endfacet
facet normal 0 0 -1
outer loop
vertex 233.46598017939516 -154.37006871697562 0
vertex 223.3569685196574 -154.66270420000015 0
vertex 222.2648380222871 -154.37006871697562 0
endloop
endfacet
facet normal 0 0 -1
outer loop
vertex 254.17395460197935 -154.37006871697562 0
vertex 253.98780877007212 -154.66270420000015 0
vertex 236.4371581 -154.66270420000015 0
endloop
endfacet
facet normal 0 0 -1
outer loop
vertex 254.17395460197935 -154.37006871697562 0
vertex 236.4371581 -154.66270420000015 0
vertex 236.40833602060482 -154.37006871697562 0
endloop
endfacet
facet normal 0 0 -1
outer loop
vertex 233.43715809999998 -154.66270420000015 0
vertex 233.44373439070043 -154.7294744 0
vertex 223.60615830000003 -154.7294744 0
endloop
endfacet
facet normal 0 0 -1
outer loop
vertex 233.43715809999998 -154.66270420000015 0
vertex 223.60615830000003 -154.7294744 0
vertex 223.3569685196574 -154.66270420000015 0
endloop
endfacet
facet normal 0 0 -1
outer loop
vertex 233.44373439070043 -154.7294744 0
vertex 233.46598017939513 -154.95533968302416 0
vertex 223.54563788018262 -154.95533968302416 0
endloop
endfacet
facet normal 0 0 -1
outer loop
vertex 233.44373439070043 -154.7294744 0
vertex 223.54563788018262 -154.95533968302416 0
vertex 223.60615830000003 -154.7294744 0
endloop
endfacet
facet normal 0 0 -1
outer loop
vertex 253.98780877007212 -154.66270420000015 0
vertex 253.80166293816518 -154.95533968302416 0
vertex 236.40833602060485 -154.95533968302416 0
endloop
endfacet
facet normal 0 0 -1
outer loop
vertex 253.98780877007212 -154.66270420000015 0
vertex 236.40833602060485 -154.95533968302416 0
vertex 236.4371581 -154.66270420000015 0
endloop
endfacet
facet normal 0 0 -1
outer loop
vertex 233.46598017939513 -154.95533968302416 0
vertex 233.55133880123307 -155.23672934854764 0
vertex 223.47023974700454 -155.23672934854764 0
endloop
endfacet
facet normal 0 0 -1
outer loop
vertex 233.46598017939513 -154.95533968302416 0
vertex 223.47023974700454 -155.23672934854764 0
vertex 223.54563788018262 -154.95533968302416 0
endloop
endfacet
facet normal 0 0 -1
outer loop
vertex 253.80166293816518 -154.95533968302416 0
vertex 253.62267058618653 -155.23672934854764 0
vertex 236.32297739876688 -155.23672934854764 0
endloop
endfacet
facet normal 0 0 -1
outer loop
vertex 253.80166293816518 -154.95533968302416 0
vertex 236.32297739876688 -155.23672934854764 0
vertex 236.40833602060485 -154.95533968302416 0
endloop
endfacet
facet normal 0 0 -1
outer loop
vertex 233.55133880123307 -155.23672934854764 0
vertex 233.68995368154623 -155.49605954952946 0
vertex 223.4007524295 -155.49605954952946 0
endloop
endfacet
facet normal 0 0 -1
outer loop
vertex 233.55133880123307 -155.23672934854764 0
vertex 223.4007524295 -155.49605954952946 0
vertex 223.47023974700454 -155.23672934854764 0
endloop
endfacet
facet normal 0 0 -1
outer loop
vertex 253.62267058618653 -155.23672934854764 0
vertex 253.45771028984274 -155.49605954952946 0
vertex 236.18436251845375 -155.49605954952946 0
endloop
endfacet
facet normal 0 0 -1
outer loop
vertex 253.62267058618653 -155.23672934854764 0
vertex 236.18436251845375 -155.49605954952946 0
vertex 236.32297739876688 -155.23672934854764 0
endloop
endfacet
facet normal 0 0 -1
outer loop
vertex 233.68995368154623 -155.49605954952946 0
vertex 233.87649792822015 -155.72336437177984 0
vertex 223.3398462863118 -155.72336437177984 0
endloop
endfacet
facet normal 0 0 -1
outer loop
vertex 233.68995368154623 -155.49605954952946 0
vertex 223.3398462863118 -155.72336437177984 0
vertex 223.4007524295 -155.49605954952946 0
endloop
endfacet
facet normal 0 0 -1
outer loop
vertex 253.45771028984274 -155.49605954952946 0
vertex 253.31312138081157 -155.72336437177984 0
vertex 235.99781827177995 -155.72336437177984 0
endloop
endfacet
facet normal 0 0 -1
outer loop
vertex 253.45771028984274 -155.49605954952946 0
vertex 235.99781827177995 -155.72336437177984 0
vertex 236.18436251845375 -155.49605954952946 0
endloop
endfacet
facet normal 0 0 -1
outer loop
vertex 233.87649792822015 -155.72336437177984 0
vertex 234.10380275047058 -155.9099086184538 0
vertex 223.28986190636604 -155.9099086184538 0
endloop
endfacet
facet normal 0 0 -1
outer loop
vertex 233.87649792822015 -155.72336437177984 0
vertex 223.28986190636604 -155.9099086184538 0
vertex 223.3398462863118 -155.72336437177984 0
endloop
endfacet
facet normal 0 0 -1
outer loop
vertex 253.31312138081157 -155.72336437177984 0
vertex 253.1944603297806 -155.9099086184538 0
vertex 235.77051344952912 -155.9099086184538 0
endloop
endfacet
facet normal 0 0 -1
outer loop
vertex 253.31312138081157 -155.72336437177984 0
vertex 235.77051344952912 -155.9099086184538 0
vertex 235.99781827177995 -155.72336437177984 0
endloop
endfacet
facet normal 0 0 -1
outer loop
vertex 234.10380275047058 -155.9099086184538 0
vertex 234.36313295145234 -156.04852349876694 0
vertex 223.25272016135253 -156.04852349876694 0
endloop
endfacet
facet normal 0 0 -1
outer loop
vertex 234.10380275047058 -155.9099086184538 0
vertex 223.25272016135253 -156.04852349876694 0
vertex 223.28986190636604 -155.9099086184538 0
endloop
endfacet
facet normal 0 0 -1
outer loop
vertex 253.1944603297806 -155.9099086184538 0
vertex 253.10628721439514 -156.04852349876694 0
vertex 235.51118324854758 -156.04852349876694 0
endloop
endfacet
facet normal 0 0 -1
outer loop
vertex 253.1944603297806 -155.9099086184538 0
vertex 235.51118324854758 -156.04852349876694 0
vertex 235.77051344952912 -155.9099086184538 0
endloop
endfacet
facet normal 0 0 -1
outer loop
vertex 234.36313295145234 -156.04852349876694 0
vertex 234.64452261697576 -156.13388212060485 0
vertex 223.22984838770276 -156.13388212060485 0
endloop
endfacet
facet normal 0 0 -1
outer loop
vertex 234.36313295145234 -156.04852349876694 0
vertex 223.22984838770276 -156.13388212060485 0
vertex 223.25272016135253 -156.04852349876694 0
endloop
endfacet
facet normal 0 0 -1
outer loop
vertex 253.10628721439514 -156.04852349876694 0
vertex 253.05199047803134 -156.13388212060485 0
vertex 235.2297935830241 -156.13388212060485 0
endloop
endfacet
facet normal 0 0 -1
outer loop
vertex 253.10628721439514 -156.04852349876694 0
vertex 235.2297935830241 -156.13388212060485 0
vertex 235.51118324854758 -156.04852349876694 0
endloop
endfacet
facet normal 0 0 -1
outer loop
vertex 234.64452261697576 -156.13388212060485 0
vertex 234.93715810000006 -156.1627042 0
vertex 223.2221255348515 -156.1627042 0
endloop
endfacet
facet normal 0 0 -1
outer loop
vertex 234.64452261697576 -156.13388212060485 0
vertex 223.2221255348515 -156.1627042 0
vertex 223.22984838770276 -156.13388212060485 0
endloop
endfacet
facet normal 0 0 -1
outer loop
vertex 253.05199047803134 -156.13388212060485 0
vertex 253.03365671381772 -156.1627042 0
vertex 234.93715810000006 -156.1627042 0
endloop
endfacet
facet normal 0 0 -1
outer loop
vertex 253.05199047803134 -156.13388212060485 0
vertex 234.93715810000006 -156.1627042 0
vertex 235.2297935830241 -156.13388212060485 0
endloop
endfacet
facet normal 0 0 -1
outer loop
vertex 143.1 -143.1 0
vertex 143.1 -156.9 0
vertex 139.5 -156.9 0
endloop
endfacet
facet normal 0 0 -1
outer loop
vertex 143.1 -143.1 0
vertex 139.5 -156.9 0
vertex 139.5 -143.1 0
endloop
endfacet
facet normal 0 0 -1
outer loop
vertex 172.50000000000003 -153.5 0
vertex 188.1 -153.5 0
vertex 188.1 -156.9 0
endloop
endfacet
facet normal 0 0 -1
outer loop
vertex 172.50000000000003 -153.5 0
vertex 188.1 -156.9 0
vertex 156.9 -156.9 0
endloop
endfacet
facet normal 0 0 -1
outer loop
vertex 172.50000000000003 -153.5 0
vertex 156.9 -156.9 0
vertex 156.9 -153.5 0
endloop
endfacet
facet normal 0 0 -1
outer loop
vertex 234.93715810000006 -156.1627042 0
vertex 253.03365671381772 -156.1627042 0
vertex 251.80739664809434 -158.09047879999994 0
endloop
endfacet
facet normal 0 0 -1
outer loop
vertex 234.93715810000006 -156.1627042 0
vertex 251.80739664809434 -158.09047879999994 0
vertex 231.36220539999997 -158.09047879999994 0
endloop
endfacet
facet normal 0 0 -1
outer loop
vertex 234.93715810000006 -156.1627042 0
vertex 231.36220539999997 -158.09047879999994 0
vertex 222.70557989072586 -158.09047879999994 0
endloop
endfacet
facet normal 0 0 -1
outer loop
vertex 234.93715810000006 -156.1627042 0
vertex 222.70557989072586 -158.09047879999994 0
vertex 223.2221255348515 -156.1627042 0
endloop
endfacet
facet normal 0 0 -1
outer loop
vertex 143.1 -156.9 0
vertex 156.9 -156.9 0
vertex 188.1 -156.9 0
endloop
endfacet
facet normal 0 0 -1
outer loop
vertex 143.1 -156.9 0
vertex 188.1 -156.9 0
vertex 188.1 -160 0
endloop
endfacet
facet normal 0 0 -1
outer loop
vertex 143.1 -156.9 0
vertex 188.1 -160 0
vertex 182.50000000000003 -160 0
endloop
endfacet
facet normal 0 0 -1
outer loop
vertex 143.1 -156.9 0
vertex 182.50000000000003 -160 0
vertex 140.49999999999983 -160 0
endloop
endfacet
facet normal 0 0 -1
outer loop
vertex 143.1 -156.9 0
vertex 140.49999999999983 -160 0
vertex 140.3263518223331 -159.9848077530122 0
endloop
endfacet
facet normal 0 0 -1
outer loop
vertex 143.1 -156.9 0
vertex 140.3263518223331 -159.9848077530122 0
vertex 140.1579798566744 -159.93969262078593 0
endloop
endfacet
facet normal 0 0 -1
outer loop
vertex 143.1 -156.9 0
vertex 140.1579798566744 -159.93969262078593 0
vertex 140.00000000000017 -159.86602540378453 0
endloop
endfacet
facet normal 0 0 -1
outer loop
vertex 143.1 -156.9 0
vertex 140.00000000000017 -159.86602540378453 0
vertex 139.8572123903134 -159.76604444311891 0
endloop
endfacet
facet normal 0 0 -1
outer loop
vertex 143.1 -156.9 0
vertex 139.8572123903134 -159.76604444311891 0
vertex 139.73395555688103 -159.64278760968654 0
endloop
endfacet
facet normal 0 0 -1
outer loop
vertex 143.1 -156.9 0
vertex 139.73395555688103 -159.64278760968654 0
vertex 139.63397459621558 -159.50000000000006 0
endloop
endfacet
facet normal 0 0 -1
outer loop
vertex 143.1 -156.9 0
vertex 139.63397459621558 -159.50000000000006 0
vertex 139.560307379214 -159.34202014332547 0
endloop
endfacet
facet normal 0 0 -1
outer loop
vertex 143.1 -156.9 0
vertex 139.560307379214 -159.34202014332547 0
vertex 139.5151922469878 -159.17364817766708 0
endloop
endfacet
facet normal 0 0 -1
outer loop
vertex 143.1 -156.9 0
vertex 139.5151922469878 -159.17364817766708 0
vertex 139.5 -159.00000000000006 0
endloop
endfacet
facet normal 0 0 -1
outer loop
vertex 143.1 -156.9 0
vertex 139.5 -159.00000000000006 0
vertex 139.5 -156.9 0
endloop
endfacet
facet normal 0 0 -1
outer loop
vertex 188.1 -160 0
vertex 188.1 -160.0303844939756 0
vertex 182.8472963553339 -160.0303844939756 0
endloop
endfacet
facet normal 0 0 -1
outer loop
vertex 188.1 -160 0
vertex 182.8472963553339 -160.0303844939756 0
vertex 182.50000000000003 -160 0
endloop
endfacet
facet normal 0 0 -1
outer loop
vertex 188.1 -160.0303844939756 0
vertex 188.1 -160.1206147584282 0
vertex 183.18404028665128 -160.1206147584282 0
endloop
endfacet
facet normal 0 0 -1
outer loop
vertex 188.1 -160.0303844939756 0
vertex 183.18404028665128 -160.1206147584282 0
vertex 182.8472963553339 -160.0303844939756 0
endloop
endfacet
facet normal 0 0 -1
outer loop
vertex 188.1 -160.1206147584282 0
vertex 188.1 -160.26794919243116 0
vertex 183.5 -160.26794919243116 0
endloop
endfacet
facet normal 0 0 -1
outer loop
vertex 188.1 -160.1206147584282 0
vertex 183.5 -160.26794919243116 0
vertex 183.18404028665128 -160.1206147584282 0
endloop
endfacet
facet normal 0 0 -1
outer loop
vertex 188.1 -160.26794919243116 0
vertex 188.1 -160.46791111376209 0
vertex 183.7855752193731 -160.46791111376209 0
endloop
endfacet
facet normal 0 0 -1
outer loop
vertex 188.1 -160.26794919243116 0
vertex 183.7855752193731 -160.46791111376209 0
vertex 183.5 -160.26794919243116 0
endloop
endfacet
facet normal 0 0 -1
outer loop
vertex 188.1 -160.46791111376209 0
vertex 188.1 -160.7144247806268 0
vertex 184.03208888623783 -160.7144247806268 0
endloop
endfacet
facet normal 0 0 -1
outer loop
vertex 188.1 -160.46791111376209 0
vertex 184.03208888623783 -160.7144247806268 0
vertex 183.7855752193731 -160.46791111376209 0
endloop
endfacet
facet normal 0 0 -1
outer loop
vertex 188.1 -160.7144247806268 0
vertex 188.1 -161.00000000000014 0
vertex 184.23205080756892 -161.00000000000014 0
endloop
endfacet
facet normal 0 0 -1
outer loop
vertex 188.1 -160.7144247806268 0
vertex 184.23205080756892 -161.00000000000014 0
vertex 184.03208888623783 -160.7144247806268 0
endloop
endfacet
facet normal 0 0 -1
outer loop
vertex 188.1 -161.00000000000014 0
vertex 188.1 -161.3159597133486 0
vertex 184.37938524157178 -161.3159597133486 0
endloop
endfacet
facet normal 0 0 -1
outer loop
vertex 188.1 -161.00000000000014 0
vertex 184.37938524157178 -161.3159597133486 0
vertex 184.23205080756892 -161.00000000000014 0
endloop
endfacet
facet normal 0 0 -1
outer loop
vertex 188.1 -161.3159597133486 0
vertex 188.1 -161.6527036446662 0
vertex 184.4696155060244 -161.6527036446662 0
endloop
endfacet
facet normal 0 0 -1
outer loop
vertex 188.1 -161.3159597133486 0
vertex 184.4696155060244 -161.6527036446662 0
vertex 184.37938524157178 -161.3159597133486 0
endloop
endfacet
facet normal 0 0 -1
outer loop
vertex 188.1 -161.6527036446662 0
vertex 188.1 -162.00000000000006 0
vertex 184.5 -162.00000000000006 0
endloop
endfacet
facet normal 0 0 -1
outer loop
vertex 188.1 -161.6527036446662 0
vertex 184.5 -162.00000000000006 0
vertex 184.4696155060244 -161.6527036446662 0
endloop
endfacet
facet normal 0 0 -1
outer loop
vertex 188.1 -162.00000000000006 0
vertex 188.1 -163.855 0
vertex 184.5 -163.855 0
endloop
endfacet
facet normal 0 0 -1
outer loop
vertex 188.1 -162.00000000000006 0
vertex 184.5 -163.855 0
vertex 184.5 -162.00000000000006 0
endloop
endfacet
facet normal 0 0 -1
outer loop
vertex 210.27638190000002 -151.1577716 0
vertex 206.87416982474574 -163.855 0
vertex 201.9 -163.855 0
endloop
endfacet
facet normal 0 0 -1
outer loop
vertex 210.27638190000002 -151.1577716 0
vertex 201.9 -163.855 0
vertex 201.9 -151.1577716 0
endloop
endfacet
facet normal 0 0 -1
outer loop
vertex 251.80739664809434 -158.09047879999994 0
vertex 248.00409595000104 -164.06955834999832 0
vertex 241.7182749871609 -164.06955834999832 0
endloop
endfacet
facet normal 0 0 -1
outer loop
vertex 251.80739664809434 -158.09047879999994 0
vertex 241.7182749871609 -164.06955834999832 0
vertex 231.36220539999997 -158.09047879999994 0
endloop
endfacet
facet normal 0 0 -1
outer loop
vertex 248.00409595000104 -164.06955834999832 0
vertex 247.9814417129683 -164.10603935990295 0
vertex 241.78146194997402 -164.10603935990295 0
endloop
endfacet
facet normal 0 0 -1
outer loop
vertex 248.00409595000104 -164.06955834999832 0
vertex 241.78146194997402 -164.10603935990295 0
vertex 241.7182749871609 -164.06955834999832 0
endloop
endfacet
facet normal 0 0 -1
outer loop
vertex 247.9814417129683 -164.10603935990295 0
vertex 247.95957189999993 -164.14299670000014 0
vertex 241.8454739408837 -164.14299670000014 0
endloop
endfacet
facet normal 0 0 -1
outer loop
vertex 247.9814417129683 -164.10603935990295 0
vertex 241.8454739408837 -164.14299670000014 0
vertex 241.78146194997402 -164.10603935990295 0
endloop
endfacet
facet normal 0 0 -1
outer loop
vertex 188.1 -163.855 0
vertex 201.9 -163.855 0
vertex 206.87416982474574 -163.855 0
endloop
endfacet
facet normal 0 0 -1
outer loop
vertex 188.1 -163.855 0
vertex 206.87416982474574 -163.855 0
vertex 206.70467910000002 -164.487548 0
endloop
endfacet
facet normal 0 0 -1
outer loop
vertex 188.1 -163.855 0
vertex 206.70467910000002 -164.487548 0
vertex 184.5 -164.487548 0
endloop
endfacet
facet normal 0 0 -1
outer loop
vertex 188.1 -163.855 0
vertex 184.5 -164.487548 0
vertex 184.5 -163.855 0
endloop
endfacet
facet normal 0 0 -1
outer loop
vertex 247.95957189999993 -164.14299670000014 0
vertex 247.4702778489559 -164.9904788 0
vertex 243.31335600000003 -164.9904788 0
endloop
endfacet
facet normal 0 0 -1
outer loop
vertex 247.95957189999993 -164.14299670000014 0
vertex 243.31335600000003 -164.9904788 0
vertex 241.8454739408837 -164.14299670000014 0
endloop
endfacet
facet normal 0 0 -1
outer loop
vertex 206.70467910000002 -164.487548 0
vertex 215.91333538510102 -166.955 0
vertex 203.80420279999973 -166.955 0
endloop
endfacet
facet normal 0 0 -1
outer loop
vertex 206.70467910000002 -164.487548 0
vertex 203.80420279999973 -166.955 0
vertex 185.5000000000001 -166.955 0
endloop
endfacet
facet normal 0 0 -1
outer loop
vertex 206.70467910000002 -164.487548 0
vertex 185.5000000000001 -166.955 0
vertex 185.3263518223331 -166.93980775301222 0
endloop
endfacet
facet normal 0 0 -1
outer loop
vertex 206.70467910000002 -164.487548 0
vertex 185.3263518223331 -166.93980775301222 0
vertex 185.15797985667425 -166.8946926207859 0
endloop
endfacet
facet normal 0 0 -1
outer loop
vertex 206.70467910000002 -164.487548 0
vertex 185.15797985667425 -166.8946926207859 0
vertex 185.00000000000014 -166.82102540378455 0
endloop
endfacet
facet normal 0 0 -1
outer loop
vertex 206.70467910000002 -164.487548 0
vertex 185.00000000000014 -166.82102540378455 0
vertex 184.85721239031346 -166.72104444311898 0
endloop
endfacet
facet normal 0 0 -1
outer loop
vertex 206.70467910000002 -164.487548 0
vertex 184.85721239031346 -166.72104444311898 0
vertex 184.73395555688109 -166.5977876096866 0
endloop
endfacet
facet normal 0 0 -1
outer loop
vertex 206.70467910000002 -164.487548 0
vertex 184.73395555688109 -166.5977876096866 0
vertex 184.63397459621552 -166.45499999999996 0
endloop
endfacet
facet normal 0 0 -1
outer loop
vertex 206.70467910000002 -164.487548 0
vertex 184.63397459621552 -166.45499999999996 0
vertex 184.5603073792141 -166.29702014332568 0
endloop
endfacet
facet normal 0 0 -1
outer loop
vertex 206.70467910000002 -164.487548 0
vertex 184.5603073792141 -166.29702014332568 0
vertex 184.51519224698777 -166.1286481776668 0
endloop
endfacet
facet normal 0 0 -1
outer loop
vertex 206.70467910000002 -164.487548 0
vertex 184.51519224698777 -166.1286481776668 0
vertex 184.5 -165.9550000000003 0
endloop
endfacet
facet normal 0 0 -1
outer loop
vertex 206.70467910000002 -164.487548 0
vertex 184.5 -165.9550000000003 0
vertex 184.5 -164.487548 0
endloop
endfacet
facet normal 0 0 -1
outer loop
vertex 215.91333538510102 -166.955 0
vertex 215.92753801028272 -166.95880558192476 0
vertex 203.89135704512674 -166.95880558192476 0
endloop
endfacet
facet normal 0 0 -1
outer loop
vertex 215.91333538510102 -166.955 0
vertex 203.89135704512674 -166.95880558192476 0
vertex 203.80420279999973 -166.955 0
endloop
endfacet
facet normal 0 0 -1
outer loop
vertex 215.92753801028272 -166.95880558192476 0
vertex 215.97001699018793 -166.9701877902166 0
vertex 203.97784979762494 -166.9701877902166 0
endloop
endfacet
facet normal 0 0 -1
outer loop
vertex 215.92753801028272 -166.95880558192476 0
vertex 203.97784979762494 -166.9701877902166 0
vertex 203.89135704512674 -166.95880558192476 0
endloop
endfacet
facet normal 0 0 -1
outer loop
vertex 215.97001699018793 -166.9701877902166 0
vertex 216.04046769663196 -166.98906499999998 0
vertex 204.0630213999999 -166.98906499999998 0
endloop
endfacet
facet normal 0 0 -1
outer loop
vertex 215.97001699018793 -166.9701877902166 0
vertex 204.0630213999999 -166.98906499999998 0
vertex 203.97784979762494 -166.9701877902166 0
endloop
endfacet
facet normal 0 0 -1
outer loop
vertex 216.04046769663196 -166.98906499999998 0
vertex 220.03445549999998 -168.0592508 0
vertex 208.05700095397154 -168.0592508 0
endloop
endfacet
facet normal 0 0 -1
outer loop
vertex 216.04046769663196 -166.98906499999998 0
vertex 208.05700095397154 -168.0592508 0
vertex 204.0630213999999 -166.98906499999998 0
endloop
endfacet
facet normal 0 0 -1
outer loop
vertex 231.36220539999997 -158.09047879999994 0
vertex 225.60673221568575 -168.0592508 0
vertex 220.03445549999998 -168.0592508 0
endloop
endfacet
facet normal 0 0 -1
outer loop
vertex 231.36220539999997 -158.09047879999994 0
vertex 220.03445549999998 -168.0592508 0
vertex 222.70557989072586 -158.09047879999994 0
endloop
endfacet
facet normal 0 0 -1
outer loop
vertex 220.03445549999998 -168.0592508 0
vertex 225.60673221568575 -168.0592508 0
vertex 224.46220539999993 -170.04162939999995 0
endloop
endfacet
facet normal 0 0 -1
outer loop
vertex 220.03445549999998 -168.0592508 0
vertex 224.46220539999993 -170.04162939999995 0
vertex 215.455323372967 -170.04162939999995 0
endloop
endfacet
facet normal 0 0 -1
outer loop
vertex 220.03445549999998 -168.0592508 0
vertex 215.455323372967 -170.04162939999995 0
vertex 208.05700095397154 -168.0592508 0
endloop
endfacet
facet normal 0 0 -1
outer loop
vertex 224.46220539999993 -170.04162939999995 0
vertex 226.83402745717933 -171.4110014999999 0
vertex 220.56587909999962 -171.4110014999999 0
endloop
endfacet
facet normal 0 0 -1
outer loop
vertex 224.46220539999993 -170.04162939999995 0
vertex 220.56587909999962 -171.4110014999999 0
vertex 215.455323372967 -170.04162939999995 0
endloop
endfacet
facet normal 0 0 -1
outer loop
vertex 226.83402745717933 -171.4110014999999 0
vertex 226.87946325722143 -171.4372338713241 0
vertex 220.64908030711527 -171.4372338713241 0
endloop
endfacet
facet normal 0 0 -1
outer loop
vertex 226.83402745717933 -171.4110014999999 0
vertex 220.64908030711527 -171.4372338713241 0
vertex 220.56587909999962 -171.4110014999999 0
endloop
endfacet
facet normal 0 0 -1
outer loop
vertex 226.87946325722143 -171.4372338713241 0
vertex 226.93728723987584 -171.47061856319766 0
vertex 220.72967810477363 -171.47061856319766 0
endloop
endfacet
facet normal 0 0 -1
outer loop
vertex 226.87946325722143 -171.4372338713241 0
vertex 220.72967810477363 -171.47061856319766 0
vertex 220.64908030711527 -171.4372338713241 0
endloop
endfacet
facet normal 0 0 -1
outer loop
vertex 226.93728723987584 -171.47061856319766 0
vertex 227.0070580342195 -171.51090074999993 0
vertex 220.8070595499999 -171.51090074999993 0
endloop
endfacet
facet normal 0 0 -1
outer loop
vertex 226.93728723987584 -171.47061856319766 0
vertex 220.8070595499999 -171.51090074999993 0
vertex 220.72967810477363 -171.47061856319766 0
endloop
endfacet
facet normal 0 0 -1
outer loop
vertex 227.0070580342195 -171.51090074999993 0
vertex 236.41335600000002 -176.9416294 0
vertex 230.2133566551741 -176.9416294 0
endloop
endfacet
facet normal 0 0 -1
outer loop
vertex 227.0070580342195 -171.51090074999993 0
vertex 230.2133566551741 -176.9416294 0
vertex 220.8070595499999 -171.51090074999993 0
endloop
endfacet
facet normal 0 0 -1
outer loop
vertex 247.4702778489559 -164.9904788 0
vertex 240.57027737494946 -176.9416294 0
vertex 236.41335600000002 -176.9416294 0
endloop
endfacet
facet normal 0 0 -1
outer loop
vertex 247.4702778489559 -164.9904788 0
vertex 236.41335600000002 -176.9416294 0
vertex 243.31335600000003 -164.9904788 0
endloop
endfacet
facet normal 0 0 -1
outer loop
vertex 236.41335600000002 -176.9416294 0
vertex 240.57027737494946 -176.9416294 0
vertex 238.48104600000008 -180.56028404999986 0
endloop
endfacet
facet normal 0 0 -1
outer loop
vertex 236.41335600000002 -176.9416294 0
vertex 238.48104600000008 -180.56028404999986 0
vertex 238.381064653797 -180.7030701250055 0
endloop
endfacet
facet normal 0 0 -1
outer loop
vertex 236.41335600000002 -176.9416294 0
vertex 238.381064653797 -180.7030701250055 0
vertex 238.25780783535933 -180.82632550830542 0
endloop
endfacet
facet normal 0 0 -1
outer loop
vertex 236.41335600000002 -176.9416294 0
vertex 238.25780783535933 -180.82632550830542 0
vertex 238.11502059622748 -180.92630519196507 0
endloop
endfacet
facet normal 0 0 -1
outer loop
vertex 236.41335600000002 -176.9416294 0
vertex 238.11502059622748 -180.92630519196507 0
vertex 237.95704140283596 -180.99997137999955 0
endloop
endfacet
facet normal 0 0 -1
outer loop
vertex 236.41335600000002 -176.9416294 0
vertex 237.95704140283596 -180.99997137999955 0
vertex 237.78867031597943 -181.04508578916722 0
endloop
endfacet
facet normal 0 0 -1
outer loop
vertex 236.41335600000002 -176.9416294 0
vertex 237.78867031597943 -181.04508578916722 0
vertex 237.61502314512023 -181.06027765726904 0
endloop
endfacet
facet normal 0 0 -1
outer loop
vertex 236.41335600000002 -176.9416294 0
vertex 237.61502314512023 -181.06027765726904 0
vertex 237.44137600895866 -181.04508578916722 0
endloop
endfacet
facet normal 0 0 -1
outer loop
vertex 236.41335600000002 -176.9416294 0
vertex 237.44137600895866 -181.04508578916722 0
vertex 237.27300502514106 -180.99997137999955 0
endloop
endfacet
facet normal 0 0 -1
outer loop
vertex 236.41335600000002 -176.9416294 0
vertex 237.27300502514106 -180.99997137999955 0
vertex 237.11502200000012 -180.92630810000003 0
endloop
endfacet
facet normal 0 0 -1
outer loop
vertex 236.41335600000002 -176.9416294 0
vertex 237.11502200000012 -180.92630810000003 0
vertex 230.2133566551741 -176.9416294 0
endloop
endfacet
facet normal 0 0 1
outer loop
vertex 237.78867031597952 -181.04508539256705 1.6
vertex 237.9570414028362 -180.99997137999947 1.6
vertex 238.11502059622717 -180.92630519196524 1.6
endloop
endfacet
facet normal 0 0 1
outer loop
vertex 237.78867031597952 -181.04508539256705 1.6
vertex 238.11502059622717 -180.92630519196524 1.6
vertex 238.2578078353595 -180.8263255083053 1.6
endloop
endfacet
facet normal 0 0 1
outer loop
vertex 237.78867031597952 -181.04508539256705 1.6
vertex 238.2578078353595 -180.8263255083053 1.6
vertex 238.3810646537972 -180.7030701250052 1.6
endloop
endfacet
facet normal 0 0 1
outer loop
vertex 237.78867031597952 -181.04508539256705 1.6
vertex 238.3810646537972 -180.7030701250052 1.6
vertex 238.48104600000048 -180.56028404999924 1.6
endloop
endfacet
facet normal 0 0 1
outer loop
vertex 237.78867031597952 -181.04508539256705 1.6
vertex 238.48104600000048 -180.56028404999924 1.6
vertex 240.57027737494946 -176.9416294 1.6
endloop
endfacet
facet normal 0 0 1
outer loop
vertex 237.78867031597952 -181.04508539256705 1.6
vertex 240.57027737494946 -176.9416294 1.6
vertex 236.41335600000002 -176.9416294 1.6
endloop
endfacet
facet normal 0 0 1
outer loop
vertex 237.78867031597952 -181.04508539256705 1.6
vertex 236.41335600000002 -176.9416294 1.6
vertex 230.21335665517407 -176.9416294 1.6
endloop
endfacet
facet normal 0 0 1
outer loop
vertex 237.78867031597952 -181.04508539256705 1.6
vertex 230.21335665517407 -176.9416294 1.6
vertex 237.115022 -180.9263081 1.6
endloop
endfacet
facet normal 0 0 1
outer loop
vertex 237.78867031597952 -181.04508539256705 1.6
vertex 237.115022 -180.9263081 1.6
vertex 237.273005025141 -180.99997137999947 1.6
endloop
endfacet
facet normal 0 0 1
outer loop
vertex 237.78867031597952 -181.04508539256705 1.6
vertex 237.273005025141 -180.99997137999947 1.6
vertex 237.44137600895863 -181.04508539256705 1.6
endloop
endfacet
facet normal 0 0 1
outer loop
vertex 237.78867031597952 -181.04508539256705 1.6
vertex 237.44137600895863 -181.04508539256705 1.6
vertex 237.61502314511998 -181.06027765726904 1.6
endloop
endfacet
facet normal 0 0 1
outer loop
vertex 236.41335600000002 -176.9416294 1.6
vertex 227.00705803421943 -171.5109007499999 1.6
vertex 220.8070595499999 -171.5109007499999 1.6
endloop
endfacet
facet normal 0 0 1
outer loop
vertex 236.41335600000002 -176.9416294 1.6
vertex 220.8070595499999 -171.5109007499999 1.6
vertex 230.21335665517407 -176.9416294 1.6
endloop
endfacet
facet normal 0 0 1
outer loop
vertex 227.00705803421943 -171.5109007499999 1.6
vertex 226.93728723987576 -171.47061856319763 1.6
vertex 220.72967810477357 -171.47061856319763 1.6
endloop
endfacet
facet normal 0 0 1
outer loop
vertex 227.00705803421943 -171.5109007499999 1.6
vertex 220.72967810477357 -171.47061856319763 1.6
vertex 220.8070595499999 -171.5109007499999 1.6
endloop
endfacet
facet normal 0 0 1
outer loop
vertex 226.93728723987576 -171.47061856319763 1.6
vertex 226.87946325722146 -171.43723387132414 1.6
vertex 220.64908030711536 -171.43723387132414 1.6
endloop
endfacet
facet normal 0 0 1
outer loop
vertex 226.93728723987576 -171.47061856319763 1.6
vertex 220.64908030711536 -171.43723387132414 1.6
vertex 220.72967810477357 -171.47061856319763 1.6
endloop
endfacet
facet normal 0 0 1
outer loop
vertex 226.87946325722146 -171.43723387132414 1.6
vertex 226.83402745717913 -171.41100149999983 1.6
vertex 220.56587909999936 -171.41100149999983 1.6
endloop
endfacet
facet normal 0 0 1
outer loop
vertex 226.87946325722146 -171.43723387132414 1.6
vertex 220.56587909999936 -171.41100149999983 1.6
vertex 220.64908030711536 -171.43723387132414 1.6
endloop
endfacet
facet normal 0 0 1
outer loop
vertex 226.83402745717913 -171.41100149999983 1.6
vertex 224.46220539999996 -170.04162939999998 1.6
vertex 215.45532337296717 -170.04162939999998 1.6
endloop
endfacet
facet normal 0 0 1
outer loop
vertex 226.83402745717913 -171.41100149999983 1.6
vertex 215.45532337296717 -170.04162939999998 1.6
vertex 220.56587909999936 -171.41100149999983 1.6
endloop
endfacet
facet normal 0 0 1
outer loop
vertex 224.46220539999996 -170.04162939999998 1.6
vertex 225.60673221568578 -168.0592508 1.6
vertex 220.03445550000006 -168.0592508 1.6
endloop
endfacet
facet normal 0 0 1
outer loop
vertex 224.46220539999996 -170.04162939999998 1.6
vertex 220.03445550000006 -168.0592508 1.6
vertex 208.0570009539716 -168.0592508 1.6
endloop
endfacet
facet normal 0 0 1
outer loop
vertex 224.46220539999996 -170.04162939999998 1.6
vertex 208.0570009539716 -168.0592508 1.6
vertex 215.45532337296717 -170.04162939999998 1.6
endloop
endfacet
facet normal 0 0 1
outer loop
vertex 220.03445550000006 -168.0592508 1.6
vertex 216.04046769663248 -166.9890650000001 1.6
vertex 204.06302140000037 -166.9890650000001 1.6
endloop
endfacet
facet normal 0 0 1
outer loop
vertex 220.03445550000006 -168.0592508 1.6
vertex 204.06302140000037 -166.9890650000001 1.6
vertex 208.0570009539716 -168.0592508 1.6
endloop
endfacet
facet normal 0 0 1
outer loop
vertex 216.04046769663248 -166.9890650000001 1.6
vertex 215.97001699018767 -166.97018779021653 1.6
vertex 203.97784979762454 -166.97018779021653 1.6
endloop
endfacet
facet normal 0 0 1
outer loop
vertex 216.04046769663248 -166.9890650000001 1.6
vertex 203.97784979762454 -166.97018779021653 1.6
vertex 204.06302140000037 -166.9890650000001 1.6
endloop
endfacet
facet normal 0 0 1
outer loop
vertex 215.97001699018767 -166.97018779021653 1.6
vertex 215.92753801028266 -166.95880558192474 1.6
vertex 203.89135704512648 -166.95880558192474 1.6
endloop
endfacet
facet normal 0 0 1
outer loop
vertex 215.97001699018767 -166.97018779021653 1.6
vertex 203.89135704512648 -166.95880558192474 1.6
vertex 203.97784979762454 -166.97018779021653 1.6
endloop
endfacet
facet normal 0 0 1
outer loop
vertex 215.92753801028266 -166.95880558192474 1.6
vertex 215.91333538510108 -166.955 1.6
vertex 203.80420279999987 -166.955 1.6
endloop
endfacet
facet normal 0 0 1
outer loop
vertex 215.92753801028266 -166.95880558192474 1.6
vertex 203.80420279999987 -166.955 1.6
vertex 203.89135704512648 -166.95880558192474 1.6
endloop
endfacet
facet normal 0 0 1
outer loop
vertex 240.57027737494946 -176.9416294 1.6
vertex 247.47027784895593 -164.99047879999998 1.6
vertex 243.31335600000003 -164.99047879999998 1.6
endloop
endfacet
facet normal 0 0 1
outer loop
vertex 240.57027737494946 -176.9416294 1.6
vertex 243.31335600000003 -164.99047879999998 1.6
vertex 236.41335600000002 -176.9416294 1.6
endloop
endfacet
facet normal 0 0 1
outer loop
vertex 203.80420279999987 -166.955 1.6
vertex 215.91333538510108 -166.955 1.6
vertex 206.70467910000002 -164.487548 1.6
endloop
endfacet
facet normal 0 0 1
outer loop
vertex 203.80420279999987 -166.955 1.6
vertex 206.70467910000002 -164.487548 1.6
vertex 184.5 -164.487548 1.6
endloop
endfacet
facet normal 0 0 1
outer loop
vertex 203.80420279999987 -166.955 1.6
vertex 184.5 -164.487548 1.6
vertex 184.5 -165.95500000000027 1.6
endloop
endfacet
facet normal 0 0 1
outer loop
vertex 203.80420279999987 -166.955 1.6
vertex 184.5 -165.95500000000027 1.6
vertex 184.51519224698777 -166.12864817766686 1.6
endloop
endfacet
facet normal 0 0 1
outer loop
vertex 203.80420279999987 -166.955 1.6
vertex 184.51519224698777 -166.12864817766686 1.6
vertex 184.5603073792141 -166.29702014332568 1.6
endloop
endfacet
facet normal 0 0 1
outer loop
vertex 203.80420279999987 -166.955 1.6
vertex 184.5603073792141 -166.29702014332568 1.6
vertex 184.63397459621552 -166.45499999999998 1.6
endloop
endfacet
facet normal 0 0 1
outer loop
vertex 203.80420279999987 -166.955 1.6
vertex 184.63397459621552 -166.45499999999998 1.6
vertex 184.73395555688094 -166.59778760968646 1.6
endloop
endfacet
facet normal 0 0 1
outer loop
vertex 203.80420279999987 -166.955 1.6
vertex 184.73395555688094 -166.59778760968646 1.6
vertex 184.8572123903135 -166.721044443119 1.6
endloop
endfacet
facet normal 0 0 1
outer loop
vertex 203.80420279999987 -166.955 1.6
vertex 184.8572123903135 -166.721044443119 1.6
vertex 185.00000000000017 -166.82102540378455 1.6
endloop
endfacet
facet normal 0 0 1
outer loop
vertex 203.80420279999987 -166.955 1.6
vertex 185.00000000000017 -166.82102540378455 1.6
vertex 185.1579798566742 -166.89469262078586 1.6
endloop
endfacet
facet normal 0 0 1
outer loop
vertex 203.80420279999987 -166.955 1.6
vertex 185.1579798566742 -166.89469262078586 1.6
vertex 185.32635182233304 -166.9398077530122 1.6
endloop
endfacet
facet normal 0 0 1
outer loop
vertex 203.80420279999987 -166.955 1.6
vertex 185.32635182233304 -166.9398077530122 1.6
vertex 185.5000000000003 -166.955 1.6
endloop
endfacet
facet normal 0 0 1
outer loop
vertex 247.47027784895593 -164.99047879999998 1.6
vertex 247.95957190000087 -164.14299669999852 1.6
vertex 241.8454739408809 -164.14299669999852 1.6
endloop
endfacet
facet normal 0 0 1
outer loop
vertex 247.47027784895593 -164.99047879999998 1.6
vertex 241.8454739408809 -164.14299669999852 1.6
vertex 243.31335600000003 -164.99047879999998 1.6
endloop
endfacet
facet normal 0 0 1
outer loop
vertex 247.95957190000087 -164.14299669999852 1.6
vertex 247.98144171296832 -164.1060393599029 1.6
vertex 241.78146194997393 -164.1060393599029 1.6
endloop
endfacet
facet normal 0 0 1
outer loop
vertex 247.95957190000087 -164.14299669999852 1.6
vertex 241.78146194997393 -164.1060393599029 1.6
vertex 241.8454739408809 -164.14299669999852 1.6
endloop
endfacet
facet normal 0 0 1
outer loop
vertex 247.98144171296832 -164.1060393599029 1.6
vertex 248.00409594999925 -164.06955835000116 1.6
vertex 241.71827498716584 -164.06955835000116 1.6
endloop
endfacet
facet normal 0 0 1
outer loop
vertex 247.98144171296832 -164.1060393599029 1.6
vertex 241.71827498716584 -164.06955835000116 1.6
vertex 241.78146194997393 -164.1060393599029 1.6
endloop
endfacet
facet normal 0 0 1
outer loop
vertex 206.70467910000002 -164.487548 1.6
vertex 206.87416982474574 -163.855 1.6
vertex 201.9 -163.855 1.6
endloop
endfacet
facet normal 0 0 1
outer loop
vertex 206.70467910000002 -164.487548 1.6
vertex 201.9 -163.855 1.6
vertex 188.1 -163.855 1.6
endloop
endfacet
facet normal 0 0 1
outer loop
vertex 206.70467910000002 -164.487548 1.6
vertex 188.1 -163.855 1.6
vertex 184.5 -163.855 1.6
endloop
endfacet
facet normal 0 0 1
outer loop
vertex 206.70467910000002 -164.487548 1.6
vertex 184.5 -163.855 1.6
vertex 184.5 -164.487548 1.6
endloop
endfacet
facet normal 0 0 1
outer loop
vertex 188.1 -163.855 1.6
vertex 188.1 -161.99999999999997 1.6
vertex 184.5 -161.99999999999997 1.6
endloop
endfacet
facet normal 0 0 1
outer loop
vertex 188.1 -163.855 1.6
vertex 184.5 -161.99999999999997 1.6
vertex 184.5 -163.855 1.6
endloop
endfacet
facet normal 0 0 1
outer loop
vertex 188.1 -161.99999999999997 1.6
vertex 188.1 -161.6527036446661 1.6
vertex 184.4696155060244 -161.6527036446661 1.6
endloop
endfacet
facet normal 0 0 1
outer loop
vertex 188.1 -161.99999999999997 1.6
vertex 184.4696155060244 -161.6527036446661 1.6
vertex 184.5 -161.99999999999997 1.6
endloop
endfacet
facet normal 0 0 1
outer loop
vertex 188.1 -161.6527036446661 1.6
vertex 188.1 -161.31595971334863 1.6
vertex 184.3793852415718 -161.31595971334863 1.6
endloop
endfacet
facet normal 0 0 1
outer loop
vertex 188.1 -161.6527036446661 1.6
vertex 184.3793852415718 -161.31595971334863 1.6
vertex 184.4696155060244 -161.6527036446661 1.6
endloop
endfacet
facet normal 0 0 1
outer loop
vertex 188.1 -161.31595971334863 1.6
vertex 188.1 -161 1.6
vertex 184.23205080756887 -161 1.6
endloop
endfacet
facet normal 0 0 1
outer loop
vertex 188.1 -161.31595971334863 1.6
vertex 184.23205080756887 -161 1.6
vertex 184.3793852415718 -161.31595971334863 1.6
endloop
endfacet
facet normal 0 0 1
outer loop
vertex 188.1 -161 1.6
vertex 188.1 -160.714424780627 1.6
vertex 184.032088886238 -160.714424780627 1.6
endloop
endfacet
facet normal 0 0 1
outer loop
vertex 188.1 -161 1.6
vertex 184.032088886238 -160.714424780627 1.6
vertex 184.23205080756887 -161 1.6
endloop
endfacet
facet normal 0 0 1
outer loop
vertex 188.1 -160.714424780627 1.6
vertex 188.1 -160.467911113762 1.6
vertex 183.785575219373 -160.467911113762 1.6
endloop
endfacet
facet normal 0 0 1
outer loop
vertex 188.1 -160.714424780627 1.6
vertex 183.785575219373 -160.467911113762 1.6
vertex 184.032088886238 -160.714424780627 1.6
endloop
endfacet
facet normal 0 0 1
outer loop
vertex 188.1 -160.467911113762 1.6
vertex 188.1 -160.2679491924312 1.6
vertex 183.50000000000009 -160.2679491924312 1.6
endloop
endfacet
facet normal 0 0 1
outer loop
vertex 188.1 -160.467911113762 1.6
vertex 183.50000000000009 -160.2679491924312 1.6
vertex 183.785575219373 -160.467911113762 1.6
endloop
endfacet
facet normal 0 0 1
outer loop
vertex 188.1 -160.2679491924312 1.6
vertex 188.1 -160.12061475842822 1.6
vertex 183.18404028665137 -160.12061475842822 1.6
endloop
endfacet
facet normal 0 0 1
outer loop
vertex 188.1 -160.2679491924312 1.6
vertex 183.18404028665137 -160.12061475842822 1.6
vertex 183.50000000000009 -160.2679491924312 1.6
endloop
endfacet
facet normal 0 0 1
outer loop
vertex 188.1 -160.12061475842822 1.6
vertex 188.1 -160.0303844939756 1.6
vertex 182.84729635533384 -160.0303844939756 1.6
endloop
endfacet
facet normal 0 0 1
outer loop
vertex 188.1 -160.12061475842822 1.6
vertex 182.84729635533384 -160.0303844939756 1.6
vertex 183.18404028665137 -160.12061475842822 1.6
endloop
endfacet
facet normal 0 0 1
outer loop
vertex 188.1 -160.0303844939756 1.6
vertex 188.1 -160 1.6
vertex 182.50000000000006 -160 1.6
endloop
endfacet
facet normal 0 0 1
outer loop
vertex 188.1 -160.0303844939756 1.6
vertex 182.50000000000006 -160 1.6
vertex 182.84729635533384 -160.0303844939756 1.6
endloop
endfacet
facet normal 0 0 1
outer loop
vertex 225.60673221568578 -168.0592508 1.6
vertex 231.36220539999997 -158.09047879999997 1.6
vertex 222.7055798907259 -158.09047879999997 1.6
endloop
endfacet
facet normal 0 0 1
outer loop
vertex 225.60673221568578 -168.0592508 1.6
vertex 222.7055798907259 -158.09047879999997 1.6
vertex 220.03445550000006 -168.0592508 1.6
endloop
endfacet
facet normal 0 0 1
outer loop
vertex 248.00409594999925 -164.06955835000116 1.6
vertex 251.80739664809434 -158.09047879999997 1.6
vertex 231.36220539999997 -158.09047879999997 1.6
endloop
endfacet
facet normal 0 0 1
outer loop
vertex 248.00409594999925 -164.06955835000116 1.6
vertex 231.36220539999997 -158.09047879999997 1.6
vertex 241.71827498716584 -164.06955835000116 1.6
endloop
endfacet
facet normal 0 0 1
outer loop
vertex 182.50000000000006 -160 1.6
vertex 188.1 -160 1.6
vertex 188.1 -156.9 1.6
endloop
endfacet
facet normal 0 0 1
outer loop
vertex 182.50000000000006 -160 1.6
vertex 188.1 -156.9 1.6
vertex 156.9 -156.9 1.6
endloop
endfacet
facet normal 0 0 1
outer loop
vertex 182.50000000000006 -160 1.6
vertex 156.9 -156.9 1.6
vertex 143.1 -156.9 1.6
endloop
endfacet
facet normal 0 0 1
outer loop
vertex 182.50000000000006 -160 1.6
vertex 143.1 -156.9 1.6
vertex 139.5 -156.9 1.6
endloop
endfacet
facet normal 0 0 1
outer loop
vertex 182.50000000000006 -160 1.6
vertex 139.5 -156.9 1.6
vertex 139.5 -159.00000000000003 1.6
endloop
endfacet
facet normal 0 0 1
outer loop
vertex 182.50000000000006 -160 1.6
vertex 139.5 -159.00000000000003 1.6
vertex 139.5151922469878 -159.17364817766708 1.6
endloop
endfacet
facet normal 0 0 1
outer loop
vertex 182.50000000000006 -160 1.6
vertex 139.5151922469878 -159.17364817766708 1.6
vertex 139.56030737921398 -159.3420201433254 1.6
endloop
endfacet
facet normal 0 0 1
outer loop
vertex 182.50000000000006 -160 1.6
vertex 139.56030737921398 -159.3420201433254 1.6
vertex 139.63397459621555 -159.49999999999997 1.6
endloop
endfacet
facet normal 0 0 1
outer loop
vertex 182.50000000000006 -160 1.6
vertex 139.63397459621555 -159.49999999999997 1.6
vertex 139.73395555688106 -159.64278760968654 1.6
endloop
endfacet
facet normal 0 0 1
outer loop
vertex 182.50000000000006 -160 1.6
vertex 139.73395555688106 -159.64278760968654 1.6
vertex 139.85721239031346 -159.76604444311894 1.6
endloop
endfacet
facet normal 0 0 1
outer loop
vertex 182.50000000000006 -160 1.6
vertex 139.85721239031346 -159.76604444311894 1.6
vertex 140.00000000000023 -159.8660254037846 1.6
endloop
endfacet
facet normal 0 0 1
outer loop
vertex 182.50000000000006 -160 1.6
vertex 140.00000000000023 -159.8660254037846 1.6
vertex 140.1579798566742 -159.93969262078588 1.6
endloop
endfacet
facet normal 0 0 1
outer loop
vertex 182.50000000000006 -160 1.6
vertex 140.1579798566742 -159.93969262078588 1.6
vertex 140.32635182233312 -159.98480775301223 1.6
endloop
endfacet
facet normal 0 0 1
outer loop
vertex 182.50000000000006 -160 1.6
vertex 140.32635182233312 -159.98480775301223 1.6
vertex 140.49999999999977 -160 1.6
endloop
endfacet
facet normal 0 0 1
outer loop
vertex 231.36220539999997 -158.09047879999997 1.6
vertex 251.80739664809434 -158.09047879999997 1.6
vertex 253.03365671381775 -156.1627042 1.6
endloop
endfacet
facet normal 0 0 1
outer loop
vertex 231.36220539999997 -158.09047879999997 1.6
vertex 253.03365671381775 -156.1627042 1.6
vertex 234.9371581000002 -156.1627042 1.6
endloop
endfacet
facet normal 0 0 1
outer loop
vertex 231.36220539999997 -158.09047879999997 1.6
vertex 234.9371581000002 -156.1627042 1.6
vertex 223.22212553485153 -156.1627042 1.6
endloop
endfacet
facet normal 0 0 1
outer loop
vertex 231.36220539999997 -158.09047879999997 1.6
vertex 223.22212553485153 -156.1627042 1.6
vertex 222.7055798907259 -158.09047879999997 1.6
endloop
endfacet
facet normal 0 0 1
outer loop
vertex 234.9371581000002 -156.1627042 1.6
vertex 234.64452261697573 -156.13388212060482 1.6
vertex 223.2298483877028 -156.13388212060482 1.6
endloop
endfacet
facet normal 0 0 1
outer loop
vertex 234.9371581000002 -156.1627042 1.6
vertex 223.2298483877028 -156.13388212060482 1.6
vertex 223.22212553485153 -156.1627042 1.6
endloop
endfacet
facet normal 0 0 1
outer loop
vertex 253.03365671381775 -156.1627042 1.6
vertex 253.05199047803137 -156.13388212060482 1.6
vertex 235.22979358302464 -156.13388212060482 1.6
endloop
endfacet
facet normal 0 0 1
outer loop
vertex 253.03365671381775 -156.1627042 1.6
vertex 235.22979358302464 -156.13388212060482 1.6
vertex 234.9371581000002 -156.1627042 1.6
endloop
endfacet
facet normal 0 0 1
outer loop
vertex 234.64452261697573 -156.13388212060482 1.6
vertex 234.36313295145237 -156.04852349876694 1.6
vertex 223.25272016135253 -156.04852349876694 1.6
endloop
endfacet
facet normal 0 0 1
outer loop
vertex 234.64452261697573 -156.13388212060482 1.6
vertex 223.25272016135253 -156.04852349876694 1.6
vertex 223.2298483877028 -156.13388212060482 1.6
endloop
endfacet
facet normal 0 0 1
outer loop
vertex 253.05199047803137 -156.13388212060482 1.6
vertex 253.10628721439514 -156.04852349876694 1.6
vertex 235.51118324854755 -156.04852349876694 1.6
endloop
endfacet
facet normal 0 0 1
outer loop
vertex 253.05199047803137 -156.13388212060482 1.6
vertex 235.51118324854755 -156.04852349876694 1.6
vertex 235.22979358302464 -156.13388212060482 1.6
endloop
endfacet
facet normal 0 0 1
outer loop
vertex 234.36313295145237 -156.04852349876694 1.6
vertex 234.1038027504706 -155.9099086184538 1.6
vertex 223.28986190636607 -155.9099086184538 1.6
endloop
endfacet
facet normal 0 0 1
outer loop
vertex 234.36313295145237 -156.04852349876694 1.6
vertex 223.28986190636607 -155.9099086184538 1.6
vertex 223.25272016135253 -156.04852349876694 1.6
endloop
endfacet
facet normal 0 0 1
outer loop
vertex 253.10628721439514 -156.04852349876694 1.6
vertex 253.19446032978064 -155.9099086184538 1.6
vertex 235.77051344952937 -155.9099086184538 1.6
endloop
endfacet
facet normal 0 0 1
outer loop
vertex 253.10628721439514 -156.04852349876694 1.6
vertex 235.77051344952937 -155.9099086184538 1.6
vertex 235.51118324854755 -156.04852349876694 1.6
endloop
endfacet
facet normal 0 0 1
outer loop
vertex 234.1038027504706 -155.9099086184538 1.6
vertex 233.87649792822023 -155.7233643717799 1.6
vertex 223.33984628631177 -155.7233643717799 1.6
endloop
endfacet
facet normal 0 0 1
outer loop
vertex 234.1038027504706 -155.9099086184538 1.6
vertex 223.33984628631177 -155.7233643717799 1.6
vertex 223.28986190636607 -155.9099086184538 1.6
endloop
endfacet
facet normal 0 0 1
outer loop
vertex 253.19446032978064 -155.9099086184538 1.6
vertex 253.31312138081154 -155.7233643717799 1.6
vertex 235.99781827177964 -155.7233643717799 1.6
endloop
endfacet
facet normal 0 0 1
outer loop
vertex 253.19446032978064 -155.9099086184538 1.6
vertex 235.99781827177964 -155.7233643717799 1.6
vertex 235.77051344952937 -155.9099086184538 1.6
endloop
endfacet
facet normal 0 0 1
outer loop
vertex 233.87649792822023 -155.7233643717799 1.6
vertex 233.68995368154623 -155.49605954952943 1.6
vertex 223.40075242950002 -155.49605954952943 1.6
endloop
endfacet
facet normal 0 0 1
outer loop
vertex 233.87649792822023 -155.7233643717799 1.6
vertex 223.40075242950002 -155.49605954952943 1.6
vertex 223.33984628631177 -155.7233643717799 1.6
endloop
endfacet
facet normal 0 0 1
outer loop
vertex 253.31312138081154 -155.7233643717799 1.6
vertex 253.45771028984277 -155.49605954952943 1.6
vertex 236.18436251845387 -155.49605954952943 1.6
endloop
endfacet
facet normal 0 0 1
outer loop
vertex 253.31312138081154 -155.7233643717799 1.6
vertex 236.18436251845387 -155.49605954952943 1.6
vertex 235.99781827177964 -155.7233643717799 1.6
endloop
endfacet
facet normal 0 0 1
outer loop
vertex 233.68995368154623 -155.49605954952943 1.6
vertex 233.551338801233 -155.23672934854747 1.6
vertex 223.4702397470046 -155.23672934854747 1.6
endloop
endfacet
facet normal 0 0 1
outer loop
vertex 233.68995368154623 -155.49605954952943 1.6
vertex 223.4702397470046 -155.23672934854747 1.6
vertex 223.40075242950002 -155.49605954952943 1.6
endloop
endfacet
facet normal 0 0 1
outer loop
vertex 253.45771028984277 -155.49605954952943 1.6
vertex 253.62267058618664 -155.23672934854747 1.6
vertex 236.32297739876708 -155.23672934854747 1.6
endloop
endfacet
facet normal 0 0 1
outer loop
vertex 253.45771028984277 -155.49605954952943 1.6
vertex 236.32297739876708 -155.23672934854747 1.6
vertex 236.18436251845387 -155.49605954952943 1.6
endloop
endfacet
facet normal 0 0 1
outer loop
vertex 233.551338801233 -155.23672934854747 1.6
vertex 233.46598017939516 -154.95533968302428 1.6
vertex 223.5456378801826 -154.95533968302428 1.6
endloop
endfacet
facet normal 0 0 1
outer loop
vertex 233.551338801233 -155.23672934854747 1.6
vertex 223.5456378801826 -154.95533968302428 1.6
vertex 223.4702397470046 -155.23672934854747 1.6
endloop
endfacet
facet normal 0 0 1
outer loop
vertex 253.62267058618664 -155.23672934854747 1.6
vertex 253.80166293816512 -154.95533968302428 1.6
vertex 236.40833602060488 -154.95533968302428 1.6
endloop
endfacet
facet normal 0 0 1
outer loop
vertex 253.62267058618664 -155.23672934854747 1.6
vertex 236.40833602060488 -154.95533968302428 1.6
vertex 236.32297739876708 -155.23672934854747 1.6
endloop
endfacet
facet normal 0 0 1
outer loop
vertex 233.46598017939516 -154.95533968302428 1.6
vertex 233.44373439070043 -154.7294744 1.6
vertex 223.60615830000003 -154.7294744 1.6
endloop
endfacet
facet normal 0 0 1
outer loop
vertex 233.46598017939516 -154.95533968302428 1.6
vertex 223.60615830000003 -154.7294744 1.6
vertex 223.5456378801826 -154.95533968302428 1.6
endloop
endfacet
facet normal 0 0 1
outer loop
vertex 233.44373439070043 -154.7294744 1.6
vertex 233.4371581 -154.66270420000004 1.6
vertex 223.356968519657 -154.66270420000004 1.6
endloop
endfacet
facet normal 0 0 1
outer loop
vertex 233.44373439070043 -154.7294744 1.6
vertex 223.356968519657 -154.66270420000004 1.6
vertex 223.60615830000003 -154.7294744 1.6
endloop
endfacet
facet normal 0 0 1
outer loop
vertex 253.80166293816512 -154.95533968302428 1.6
vertex 253.98780877007218 -154.66270420000004 1.6
vertex 236.4371581 -154.66270420000004 1.6
endloop
endfacet
facet normal 0 0 1
outer loop
vertex 253.80166293816512 -154.95533968302428 1.6
vertex 236.4371581 -154.66270420000004 1.6
vertex 236.40833602060488 -154.95533968302428 1.6
endloop
endfacet
facet normal 0 0 1
outer loop
vertex 233.4371581 -154.66270420000004 1.6
vertex 233.46598017939513 -154.37006871697574 1.6
vertex 222.26483802228753 -154.37006871697574 1.6
endloop
endfacet
facet normal 0 0 1
outer loop
vertex 233.4371581 -154.66270420000004 1.6
vertex 222.26483802228753 -154.37006871697574 1.6
vertex 223.356968519657 -154.66270420000004 1.6
endloop
endfacet
facet normal 0 0 1
outer loop
vertex 253.98780877007218 -154.66270420000004 1.6
vertex 254.1739546019793 -154.37006871697574 1.6
vertex 236.40833602060485 -154.37006871697574 1.6
endloop
endfacet
facet normal 0 0 1
outer loop
vertex 253.98780877007218 -154.66270420000004 1.6
vertex 236.40833602060485 -154.37006871697574 1.6
vertex 236.4371581 -154.66270420000004 1.6
endloop
endfacet
facet normal 0 0 1
outer loop
vertex 233.46598017939513 -154.37006871697574 1.6
vertex 233.55133880123316 -154.0886790514524 1.6
vertex 221.2146774874589 -154.0886790514524 1.6
endloop
endfacet
facet normal 0 0 1
outer loop
vertex 233.46598017939513 -154.37006871697574 1.6
vertex 221.2146774874589 -154.0886790514524 1.6
vertex 222.26483802228753 -154.37006871697574 1.6
endloop
endfacet
facet normal 0 0 1
outer loop
vertex 254.1739546019793 -154.37006871697574 1.6
vertex 254.18752379999978 -154.34873690000032 1.6
vertex 254.32215403931255 -154.09977368814745 1.6
endloop
endfacet
facet normal 0 0 1
outer loop
vertex 254.1739546019793 -154.37006871697574 1.6
vertex 254.32215403931255 -154.09977368814745 1.6
vertex 254.32625541488355 -154.0886790514524 1.6
endloop
endfacet
facet normal 0 0 1
outer loop
vertex 254.1739546019793 -154.37006871697574 1.6
vertex 254.32625541488355 -154.0886790514524 1.6
vertex 236.32297739876697 -154.0886790514524 1.6
endloop
endfacet
facet normal 0 0 1
outer loop
vertex 254.1739546019793 -154.37006871697574 1.6
vertex 236.32297739876697 -154.0886790514524 1.6
vertex 236.40833602060485 -154.37006871697574 1.6
endloop
endfacet
facet normal 0 0 1
outer loop
vertex 233.55133880123316 -154.0886790514524 1.6
vertex 233.6899536815461 -153.82934885047078 1.6
vertex 220.24684399558717 -153.82934885047078 1.6
endloop
endfacet
facet normal 0 0 1
outer loop
vertex 233.55133880123316 -154.0886790514524 1.6
vertex 220.24684399558717 -153.82934885047078 1.6
vertex 221.2146774874589 -154.0886790514524 1.6
endloop
endfacet
facet normal 0 0 1
outer loop
vertex 254.32625541488355 -154.0886790514524 1.6
vertex 254.42029336121104 -153.83429687357207 1.6
vertex 254.42136070111707 -153.82934885047078 1.6
endloop
endfacet
facet normal 0 0 1
outer loop
vertex 254.32625541488355 -154.0886790514524 1.6
vertex 254.42136070111707 -153.82934885047078 1.6
vertex 236.18436251845392 -153.82934885047078 1.6
endloop
endfacet
facet normal 0 0 1
outer loop
vertex 254.32625541488355 -154.0886790514524 1.6
vertex 236.18436251845392 -153.82934885047078 1.6
vertex 236.32297739876697 -154.0886790514524 1.6
endloop
endfacet
facet normal 0 0 1
outer loop
vertex 233.6899536815461 -153.82934885047078 1.6
vertex 233.87649792822026 -153.6020440282201 1.6
vertex 219.39853084499597 -153.6020440282201 1.6
endloop
endfacet
facet normal 0 0 1
outer loop
vertex 233.6899536815461 -153.82934885047078 1.6
vertex 219.39853084499597 -153.6020440282201 1.6
vertex 220.24684399558717 -153.82934885047078 1.6
endloop
endfacet
facet normal 0 0 1
outer loop
vertex 254.42136070111707 -153.82934885047078 1.6
vertex 254.47039270898193 -153.6020440282201 1.6
vertex 235.99781827177975 -153.6020440282201 1.6
endloop
endfacet
facet normal 0 0 1
outer loop
vertex 254.42136070111707 -153.82934885047078 1.6
vertex 235.99781827177975 -153.6020440282201 1.6
vertex 236.18436251845392 -153.82934885047078 1.6
endloop
endfacet
facet normal 0 0 1
outer loop
vertex 188.1 -156.9 1.6
vertex 188.1 -153.49999999999997 1.6
vertex 172.4999999999999 -153.49999999999997 1.6
endloop
endfacet
facet normal 0 0 1
outer loop
vertex 188.1 -156.9 1.6
vertex 172.4999999999999 -153.49999999999997 1.6
vertex 156.9 -153.49999999999997 1.6
endloop
endfacet
facet normal 0 0 1
outer loop
vertex 188.1 -156.9 1.6
vertex 156.9 -153.49999999999997 1.6
vertex 156.9 -156.9 1.6
endloop
endfacet
facet normal 0 0 1
outer loop
vertex 172.4999999999999 -153.49999999999997 1.6
vertex 172.2073645169757 -153.47117792060482 1.6
vertex 156.9 -153.47117792060482 1.6
endloop
endfacet
facet normal 0 0 1
outer loop
vertex 172.4999999999999 -153.49999999999997 1.6
vertex 156.9 -153.47117792060482 1.6
vertex 156.9 -153.49999999999997 1.6
endloop
endfacet
facet normal 0 0 1
outer loop
vertex 188.1 -153.49999999999997 1.6
vertex 188.1 -153.47117792060482 1.6
vertex 172.7926354830242 -153.47117792060482 1.6
endloop
endfacet
facet normal 0 0 1
outer loop
vertex 188.1 -153.49999999999997 1.6
vertex 172.7926354830242 -153.47117792060482 1.6
vertex 172.4999999999999 -153.49999999999997 1.6
endloop
endfacet
facet normal 0 0 1
outer loop
vertex 233.87649792822026 -153.6020440282201 1.6
vertex 234.1038027504708 -153.4154997815463 1.6
vertex 218.70233823432628 -153.4154997815463 1.6
endloop
endfacet
facet normal 0 0 1
outer loop
vertex 233.87649792822026 -153.6020440282201 1.6
vertex 218.70233823432628 -153.4154997815463 1.6
vertex 219.39853084499597 -153.6020440282201 1.6
endloop
endfacet
facet normal 0 0 1
outer loop
vertex 254.47039270898193 -153.6020440282201 1.6
vertex 254.4799743984454 -153.55762479443402 1.6
vertex 254.49005637971518 -153.4154997815463 1.6
endloop
endfacet
facet normal 0 0 1
outer loop
vertex 254.47039270898193 -153.6020440282201 1.6
vertex 254.49005637971518 -153.4154997815463 1.6
vertex 235.77051344952952 -153.4154997815463 1.6
endloop
endfacet
facet normal 0 0 1
outer loop
vertex 254.47039270898193 -153.6020440282201 1.6
vertex 235.77051344952952 -153.4154997815463 1.6
vertex 235.99781827177975 -153.6020440282201 1.6
endloop
endfacet
facet normal 0 0 1
outer loop
vertex 172.2073645169757 -153.47117792060482 1.6
vertex 171.92597485145234 -153.38581929876693 1.6
vertex 156.9 -153.38581929876693 1.6
endloop
endfacet
facet normal 0 0 1
outer loop
vertex 172.2073645169757 -153.47117792060482 1.6
vertex 156.9 -153.38581929876693 1.6
vertex 156.9 -153.47117792060482 1.6
endloop
endfacet
facet normal 0 0 1
outer loop
vertex 188.1 -153.47117792060482 1.6
vertex 188.1 -153.38581929876693 1.6
vertex 173.0740251485476 -153.38581929876693 1.6
endloop
endfacet
facet normal 0 0 1
outer loop
vertex 188.1 -153.47117792060482 1.6
vertex 173.0740251485476 -153.38581929876693 1.6
vertex 172.7926354830242 -153.47117792060482 1.6
endloop
endfacet
facet normal 0 0 1
outer loop
vertex 234.1038027504708 -153.4154997815463 1.6
vertex 234.36313295145217 -153.27688490123302 1.6
vertex 218.1850204551738 -153.27688490123302 1.6
endloop
endfacet
facet normal 0 0 1
outer loop
vertex 234.1038027504708 -153.4154997815463 1.6
vertex 218.1850204551738 -153.27688490123302 1.6
vertex 218.70233823432628 -153.4154997815463 1.6
endloop
endfacet
facet normal 0 0 1
outer loop
vertex 254.49005637971518 -153.4154997815463 1.6
vertex 254.4998893612477 -153.27688490123302 1.6
vertex 235.5111832485475 -153.27688490123302 1.6
endloop
endfacet
facet normal 0 0 1
outer loop
vertex 254.49005637971518 -153.4154997815463 1.6
vertex 235.5111832485475 -153.27688490123302 1.6
vertex 235.77051344952952 -153.4154997815463 1.6
endloop
endfacet
facet normal 0 0 1
outer loop
vertex 171.92597485145234 -153.38581929876693 1.6
vertex 171.66664465047054 -153.24720441845378 1.6
vertex 156.9 -153.24720441845378 1.6
endloop
endfacet
facet normal 0 0 1
outer loop
vertex 171.92597485145234 -153.38581929876693 1.6
vertex 156.9 -153.24720441845378 1.6
vertex 156.9 -153.38581929876693 1.6
endloop
endfacet
facet normal 0 0 1
outer loop
vertex 188.1 -153.38581929876693 1.6
vertex 188.1 -153.24720441845378 1.6
vertex 173.3333553495294 -153.24720441845378 1.6
endloop
endfacet
facet normal 0 0 1
outer loop
vertex 188.1 -153.38581929876693 1.6
vertex 173.3333553495294 -153.24720441845378 1.6
vertex 173.0740251485476 -153.38581929876693 1.6
endloop
endfacet
facet normal 0 0 1
outer loop
vertex 234.36313295145217 -153.27688490123302 1.6
vertex 234.64452261697573 -153.19152627939516 1.6
vertex 217.86645773967834 -153.19152627939516 1.6
endloop
endfacet
facet normal 0 0 1
outer loop
vertex 234.36313295145217 -153.27688490123302 1.6
vertex 217.86645773967834 -153.19152627939516 1.6
vertex 218.1850204551738 -153.27688490123302 1.6
endloop
endfacet
facet normal 0 0 1
outer loop
vertex 254.4998893612477 -153.27688490123302 1.6
vertex 254.5000019 -153.27529844999987 1.6
vertex 254.5000018966433 -153.19152627939516 1.6
endloop
endfacet
facet normal 0 0 1
outer loop
vertex 254.4998893612477 -153.27688490123302 1.6
vertex 254.5000018966433 -153.19152627939516 1.6
vertex 235.22979358302425 -153.19152627939516 1.6
endloop
endfacet
facet normal 0 0 1
outer loop
vertex 254.4998893612477 -153.27688490123302 1.6
vertex 235.22979358302425 -153.19152627939516 1.6
vertex 235.5111832485475 -153.27688490123302 1.6
endloop
endfacet
facet normal 0 0 1
outer loop
vertex 234.64452261697573 -153.19152627939516 1.6
vertex 234.93715810000015 -153.1627042 1.6
vertex 217.75889227434328 -153.1627042 1.6
endloop
endfacet
facet normal 0 0 1
outer loop
vertex 234.64452261697573 -153.19152627939516 1.6
vertex 217.75889227434328 -153.1627042 1.6
vertex 217.86645773967834 -153.19152627939516 1.6
endloop
endfacet
facet normal 0 0 1
outer loop
vertex 254.5000018966433 -153.19152627939516 1.6
vertex 254.50000189548842 -153.1627042 1.6
vertex 234.93715810000015 -153.1627042 1.6
endloop
endfacet
facet normal 0 0 1
outer loop
vertex 254.5000018966433 -153.19152627939516 1.6
vertex 234.93715810000015 -153.1627042 1.6
vertex 235.22979358302425 -153.19152627939516 1.6
endloop
endfacet
facet normal 0 0 1
outer loop
vertex 171.66664465047054 -153.24720441845378 1.6
vertex 171.43933982822026 -153.06066017177992 1.6
vertex 156.9 -153.06066017177992 1.6
endloop
endfacet
facet normal 0 0 1
outer loop
vertex 171.66664465047054 -153.24720441845378 1.6
vertex 156.9 -153.06066017177992 1.6
vertex 156.9 -153.24720441845378 1.6
endloop
endfacet
facet normal 0 0 1
outer loop
vertex 188.1 -153.24720441845378 1.6
vertex 188.1 -153.06066017177992 1.6
vertex 173.5606601717798 -153.06066017177992 1.6
endloop
endfacet
facet normal 0 0 1
outer loop
vertex 188.1 -153.24720441845378 1.6
vertex 173.5606601717798 -153.06066017177992 1.6
vertex 173.3333553495294 -153.24720441845378 1.6
endloop
endfacet
facet normal 0 0 1
outer loop
vertex 171.43933982822026 -153.06066017177992 1.6
vertex 171.25279558154625 -152.83335534952943 1.6
vertex 156.9 -152.83335534952943 1.6
endloop
endfacet
facet normal 0 0 1
outer loop
vertex 171.43933982822026 -153.06066017177992 1.6
vertex 156.9 -152.83335534952943 1.6
vertex 156.9 -153.06066017177992 1.6
endloop
endfacet
facet normal 0 0 1
outer loop
vertex 188.1 -153.06066017177992 1.6
vertex 188.1 -152.83335534952943 1.6
vertex 173.7472044184538 -152.83335534952943 1.6
endloop
endfacet
facet normal 0 0 1
outer loop
vertex 188.1 -153.06066017177992 1.6
vertex 173.7472044184538 -152.83335534952943 1.6
vertex 173.5606601717798 -153.06066017177992 1.6
endloop
endfacet
facet normal 0 0 1
outer loop
vertex 171.25279558154625 -152.83335534952943 1.6
vertex 171.114180701233 -152.57402514854746 1.6
vertex 156.9 -152.57402514854746 1.6
endloop
endfacet
facet normal 0 0 1
outer loop
vertex 171.25279558154625 -152.83335534952943 1.6
vertex 156.9 -152.57402514854746 1.6
vertex 156.9 -152.83335534952943 1.6
endloop
endfacet
facet normal 0 0 1
outer loop
vertex 188.1 -152.83335534952943 1.6
vertex 188.1 -152.57402514854746 1.6
vertex 173.88581929876707 -152.57402514854746 1.6
endloop
endfacet
facet normal 0 0 1
outer loop
vertex 188.1 -152.83335534952943 1.6
vertex 173.88581929876707 -152.57402514854746 1.6
vertex 173.7472044184538 -152.83335534952943 1.6
endloop
endfacet
facet normal 0 0 1
outer loop
vertex 171.114180701233 -152.57402514854746 1.6
vertex 171.02882207939516 -152.29263548302424 1.6
vertex 156.9 -152.29263548302424 1.6
endloop
endfacet
facet normal 0 0 1
outer loop
vertex 171.114180701233 -152.57402514854746 1.6
vertex 156.9 -152.29263548302424 1.6
vertex 156.9 -152.57402514854746 1.6
endloop
endfacet
facet normal 0 0 1
outer loop
vertex 188.1 -152.57402514854746 1.6
vertex 188.1 -152.29263548302424 1.6
vertex 173.97117792060487 -152.29263548302424 1.6
endloop
endfacet
facet normal 0 0 1
outer loop
vertex 188.1 -152.57402514854746 1.6
vertex 173.97117792060487 -152.29263548302424 1.6
vertex 173.88581929876707 -152.57402514854746 1.6
endloop
endfacet
facet normal 0 0 1
outer loop
vertex 171.02882207939516 -152.29263548302424 1.6
vertex 171 -152 1.6
vertex 156.9 -152 1.6
endloop
endfacet
facet normal 0 0 1
outer loop
vertex 171.02882207939516 -152.29263548302424 1.6
vertex 156.9 -152 1.6
vertex 156.9 -152.29263548302424 1.6
endloop
endfacet
facet normal 0 0 1
outer loop
vertex 188.1 -152.29263548302424 1.6
vertex 188.1 -152 1.6
vertex 174 -152 1.6
endloop
endfacet
facet normal 0 0 1
outer loop
vertex 188.1 -152.29263548302424 1.6
vertex 174 -152 1.6
vertex 173.97117792060487 -152.29263548302424 1.6
endloop
endfacet
facet normal 0 0 1
outer loop
vertex 171 -152 1.6
vertex 171.02882207939516 -151.7073645169758 1.6
vertex 156.9 -151.7073645169758 1.6
endloop
endfacet
facet normal 0 0 1
outer loop
vertex 171 -152 1.6
vertex 156.9 -151.7073645169758 1.6
vertex 156.9 -152 1.6
endloop
endfacet
facet normal 0 0 1
outer loop
vertex 188.1 -152 1.6
vertex 188.1 -151.7073645169758 1.6
vertex 173.97117792060484 -151.7073645169758 1.6
endloop
endfacet
facet normal 0 0 1
outer loop
vertex 188.1 -152 1.6
vertex 173.97117792060484 -151.7073645169758 1.6
vertex 174 -152 1.6
endloop
endfacet
facet normal 0 0 1
outer loop
vertex 171.02882207939516 -151.7073645169758 1.6
vertex 171.11418070123307 -151.42597485145245 1.6
vertex 156.9 -151.42597485145245 1.6
endloop
endfacet
facet normal 0 0 1
outer loop
vertex 171.02882207939516 -151.7073645169758 1.6
vertex 156.9 -151.42597485145245 1.6
vertex 156.9 -151.7073645169758 1.6
endloop
endfacet
facet normal 0 0 1
outer loop
vertex 188.1 -151.7073645169758 1.6
vertex 188.1 -151.42597485145245 1.6
vertex 173.88581929876696 -151.42597485145245 1.6
endloop
endfacet
facet normal 0 0 1
outer loop
vertex 188.1 -151.7073645169758 1.6
vertex 173.88581929876696 -151.42597485145245 1.6
vertex 173.97117792060484 -151.7073645169758 1.6
endloop
endfacet
facet normal 0 0 1
outer loop
vertex 171.11418070123307 -151.42597485145245 1.6
vertex 171.2527955815462 -151.1666446504705 1.6
vertex 156.9 -151.1666446504705 1.6
endloop
endfacet
facet normal 0 0 1
outer loop
vertex 171.11418070123307 -151.42597485145245 1.6
vertex 156.9 -151.1666446504705 1.6
vertex 156.9 -151.42597485145245 1.6
endloop
endfacet
facet normal 0 0 1
outer loop
vertex 188.1 -151.42597485145245 1.6
vertex 188.1 -151.1666446504705 1.6
vertex 173.74720441845372 -151.1666446504705 1.6
endloop
endfacet
facet normal 0 0 1
outer loop
vertex 188.1 -151.42597485145245 1.6
vertex 173.74720441845372 -151.1666446504705 1.6
vertex 173.88581929876696 -151.42597485145245 1.6
endloop
endfacet
facet normal 0 0 1
outer loop
vertex 206.87416982474574 -163.855 1.6
vertex 210.27638190000002 -151.1577716 1.6
vertex 201.9 -151.1577716 1.6
endloop
endfacet
facet normal 0 0 1
outer loop
vertex 206.87416982474574 -163.855 1.6
vertex 201.9 -151.1577716 1.6
vertex 201.9 -163.855 1.6
endloop
endfacet
facet normal 0 0 1
outer loop
vertex 234.93715810000015 -153.1627042 1.6
vertex 254.50000189548842 -153.1627042 1.6
vertex 254.50000181515207 -151.1577716 1.6
endloop
endfacet
facet normal 0 0 1
outer loop
vertex 234.93715810000015 -153.1627042 1.6
vertex 254.50000181515207 -151.1577716 1.6
vertex 210.27638190000002 -151.1577716 1.6
endloop
endfacet
facet normal 0 0 1
outer loop
vertex 234.93715810000015 -153.1627042 1.6
vertex 210.27638190000002 -151.1577716 1.6
vertex 217.75889227434328 -153.1627042 1.6
endloop
endfacet
facet normal 0 0 1
outer loop
vertex 171.2527955815462 -151.1666446504705 1.6
vertex 171.43933982822017 -150.93933982822017 1.6
vertex 156.9 -150.93933982822017 1.6
endloop
endfacet
facet normal 0 0 1
outer loop
vertex 171.2527955815462 -151.1666446504705 1.6
vertex 156.9 -150.93933982822017 1.6
vertex 156.9 -151.1666446504705 1.6
endloop
endfacet
facet normal 0 0 1
outer loop
vertex 188.1 -151.1666446504705 1.6
vertex 188.1 -150.93933982822017 1.6
vertex 173.56066017177983 -150.93933982822017 1.6
endloop
endfacet
facet normal 0 0 1
outer loop
vertex 188.1 -151.1666446504705 1.6
vertex 173.56066017177983 -150.93933982822017 1.6
vertex 173.74720441845372 -151.1666446504705 1.6
endloop
endfacet
facet normal 0 0 1
outer loop
vertex 171.43933982822017 -150.93933982822017 1.6
vertex 171.6666446504706 -150.75279558154628 1.6
vertex 156.9 -150.75279558154628 1.6
endloop
endfacet
facet normal 0 0 1
outer loop
vertex 171.43933982822017 -150.93933982822017 1.6
vertex 156.9 -150.75279558154628 1.6
vertex 156.9 -150.93933982822017 1.6
endloop
endfacet
facet normal 0 0 1
outer loop
vertex 188.1 -150.93933982822017 1.6
vertex 188.1 -150.75279558154628 1.6
vertex 173.33335534952954 -150.75279558154628 1.6
endloop
endfacet
facet normal 0 0 1
outer loop
vertex 188.1 -150.93933982822017 1.6
vertex 173.33335534952954 -150.75279558154628 1.6
vertex 173.56066017177983 -150.93933982822017 1.6
endloop
endfacet
facet normal 0 0 1
outer loop
vertex 171.6666446504706 -150.75279558154628 1.6
vertex 171.92597485145265 -150.614180701233 1.6
vertex 156.9 -150.614180701233 1.6
endloop
endfacet
facet normal 0 0 1
outer loop
vertex 171.6666446504706 -150.75279558154628 1.6
vertex 156.9 -150.614180701233 1.6
vertex 156.9 -150.75279558154628 1.6
endloop
endfacet
facet normal 0 0 1
outer loop
vertex 188.1 -150.75279558154628 1.6
vertex 188.1 -150.614180701233 1.6
vertex 173.0740251485475 -150.614180701233 1.6
endloop
endfacet
facet normal 0 0 1
outer loop
vertex 188.1 -150.75279558154628 1.6
vertex 173.0740251485475 -150.614180701233 1.6
vertex 173.33335534952954 -150.75279558154628 1.6
endloop
endfacet
facet normal 0 0 1
outer loop
vertex 171.92597485145265 -150.614180701233 1.6
vertex 172.20736451697553 -150.5288220793952 1.6
vertex 156.9 -150.5288220793952 1.6
endloop
endfacet
facet normal 0 0 1
outer loop
vertex 171.92597485145265 -150.614180701233 1.6
vertex 156.9 -150.5288220793952 1.6
vertex 156.9 -150.614180701233 1.6
endloop
endfacet
facet normal 0 0 1
outer loop
vertex 188.1 -150.614180701233 1.6
vertex 188.1 -150.5288220793952 1.6
vertex 172.79263548302444 -150.5288220793952 1.6
endloop
endfacet
facet normal 0 0 1
outer loop
vertex 188.1 -150.614180701233 1.6
vertex 172.79263548302444 -150.5288220793952 1.6
vertex 173.0740251485475 -150.614180701233 1.6
endloop
endfacet
facet normal 0 0 1
outer loop
vertex 172.20736451697553 -150.5288220793952 1.6
vertex 172.49999999999986 -150.50000000000003 1.6
vertex 156.9 -150.50000000000003 1.6
endloop
endfacet
facet normal 0 0 1
outer loop
vertex 172.20736451697553 -150.5288220793952 1.6
vertex 156.9 -150.50000000000003 1.6
vertex 156.9 -150.5288220793952 1.6
endloop
endfacet
facet normal 0 0 1
outer loop
vertex 188.1 -150.5288220793952 1.6
vertex 188.1 -150.50000000000003 1.6
vertex 172.49999999999986 -150.50000000000003 1.6
endloop
endfacet
facet normal 0 0 1
outer loop
vertex 188.1 -150.5288220793952 1.6
vertex 172.49999999999986 -150.50000000000003 1.6
vertex 172.79263548302444 -150.5288220793952 1.6
endloop
endfacet
facet normal 0 0 1
outer loop
vertex 172.49999999999986 -150.50000000000003 1.6
vertex 188.1 -150.50000000000003 1.6
vertex 188.1 -150.055 1.6
endloop
endfacet
facet normal 0 0 1
outer loop
vertex 172.49999999999986 -150.50000000000003 1.6
vertex 188.1 -150.055 1.6
vertex 156.9 -150.055 1.6
endloop
endfacet
facet normal 0 0 1
outer loop
vertex 172.49999999999986 -150.50000000000003 1.6
vertex 156.9 -150.055 1.6
vertex 156.9 -150.50000000000003 1.6
endloop
endfacet
facet normal 0 0 1
outer loop
vertex 210.27638190000002 -151.1577716 1.6
vertex 254.50000181515207 -151.1577716 1.6
vertex 254.50000177096476 -150.055 1.6
endloop
endfacet
facet normal 0 0 1
outer loop
vertex 210.27638190000002 -151.1577716 1.6
vertex 254.50000177096476 -150.055 1.6
vertex 201.9 -150.055 1.6
endloop
endfacet
facet normal 0 0 1
outer loop
vertex 210.27638190000002 -151.1577716 1.6
vertex 201.9 -150.055 1.6
vertex 201.9 -151.1577716 1.6
endloop
endfacet
facet normal 0 0 1
outer loop
vertex 188.1 -150.055 1.6
vertex 201.9 -150.055 1.6
vertex 254.50000177096476 -150.055 1.6
endloop
endfacet
facet normal 0 0 1
outer loop
vertex 188.1 -150.055 1.6
vertex 254.50000177096476 -150.055 1.6
vertex 254.50000159876674 -145.7575 1.6
endloop
endfacet
facet normal 0 0 1
outer loop
vertex 188.1 -150.055 1.6
vertex 254.50000159876674 -145.7575 1.6
vertex 228.9 -145.7575 1.6
endloop
endfacet
facet normal 0 0 1
outer loop
vertex 188.1 -150.055 1.6
vertex 228.9 -145.7575 1.6
vertex 215.1 -145.7575 1.6
endloop
endfacet
facet normal 0 0 1
outer loop
vertex 188.1 -150.055 1.6
vertex 215.1 -145.7575 1.6
vertex 156.9 -145.7575 1.6
endloop
endfacet
facet normal 0 0 1
outer loop
vertex 188.1 -150.055 1.6
vertex 156.9 -145.7575 1.6
vertex 156.9 -150.055 1.6
endloop
endfacet
facet normal 0 0 1
outer loop
vertex 143.1 -156.9 1.6
vertex 143.1 -143.1 1.6
vertex 139.5 -143.1 1.6
endloop
endfacet
facet normal 0 0 1
outer loop
vertex 143.1 -156.9 1.6
vertex 139.5 -143.1 1.6
vertex 139.5 -156.9 1.6
endloop
endfacet
facet normal 0 0 1
outer loop
vertex 215.1 -145.7575 1.6
vertex 215.1 -143.1 1.6
vertex 156.9 -143.1 1.6
endloop
endfacet
facet normal 0 0 1
outer loop
vertex 215.1 -145.7575 1.6
vertex 156.9 -143.1 1.6
vertex 156.9 -145.7575 1.6
endloop
endfacet
facet normal 0 0 1
outer loop
vertex 143.1 -143.1 1.6
vertex 156.9 -143.1 1.6
vertex 215.1 -143.1 1.6
endloop
endfacet
facet normal 0 0 1
outer loop
vertex 143.1 -143.1 1.6
vertex 215.1 -143.1 1.6
vertex 215.1 -142.9 1.6
endloop
endfacet
facet normal 0 0 1
outer loop
vertex 143.1 -143.1 1.6
vertex 215.1 -142.9 1.6
vertex 210.9 -142.9 1.6
endloop
endfacet
facet normal 0 0 1
outer loop
vertex 143.1 -143.1 1.6
vertex 210.9 -142.9 1.6
vertex 197.1 -142.9 1.6
endloop
endfacet
facet normal 0 0 1
outer loop
vertex 143.1 -143.1 1.6
vertex 197.1 -142.9 1.6
vertex 174.9 -142.9 1.6
endloop
endfacet
facet normal 0 0 1
outer loop
vertex 143.1 -143.1 1.6
vertex 174.9 -142.9 1.6
vertex 161.1 -142.9 1.6
endloop
endfacet
facet normal 0 0 1
outer loop
vertex 143.1 -143.1 1.6
vertex 161.1 -142.9 1.6
vertex 139.5 -142.9 1.6
endloop
endfacet
facet normal 0 0 1
outer loop
vertex 143.1 -143.1 1.6
vertex 139.5 -142.9 1.6
vertex 139.5 -143.1 1.6
endloop
endfacet
facet normal 0 0 1
outer loop
vertex 161.1 -142.9 1.6
vertex 161.1 -139.9 1.6
vertex 156.9 -139.9 1.6
endloop
endfacet
facet normal 0 0 1
outer loop
vertex 161.1 -142.9 1.6
vertex 156.9 -139.9 1.6
vertex 143.1 -139.9 1.6
endloop
endfacet
facet normal 0 0 1
outer loop
vertex 161.1 -142.9 1.6
vertex 143.1 -139.9 1.6
vertex 139.5 -139.9 1.6
endloop
endfacet
facet normal 0 0 1
outer loop
vertex 161.1 -142.9 1.6
vertex 139.5 -139.9 1.6
vertex 139.5 -142.9 1.6
endloop
endfacet
facet normal 0 0 1
outer loop
vertex 197.1 -142.9 1.6
vertex 197.1 -138.1375 1.6
vertex 192.9 -138.1375 1.6
endloop
endfacet
facet normal 0 0 1
outer loop
vertex 197.1 -142.9 1.6
vertex 192.9 -138.1375 1.6
vertex 179.1 -138.1375 1.6
endloop
endfacet
facet normal 0 0 1
outer loop
vertex 197.1 -142.9 1.6
vertex 179.1 -138.1375 1.6
vertex 174.9 -138.1375 1.6
endloop
endfacet
facet normal 0 0 1
outer loop
vertex 197.1 -142.9 1.6
vertex 174.9 -138.1375 1.6
vertex 174.9 -142.9 1.6
endloop
endfacet
facet normal 0 0 1
outer loop
vertex 215.1 -142.9 1.6
vertex 215.1 -131.9575 1.6
vertex 210.9 -131.9575 1.6
endloop
endfacet
facet normal 0 0 1
outer loop
vertex 215.1 -142.9 1.6
vertex 210.9 -131.9575 1.6
vertex 210.9 -142.9 1.6
endloop
endfacet
facet normal 0 0 1
outer loop
vertex 254.50000159876674 -145.7575 1.6
vertex 254.50000104580982 -131.9575 1.6
vertex 228.9 -131.9575 1.6
endloop
endfacet
facet normal 0 0 1
outer loop
vertex 254.50000159876674 -145.7575 1.6
vertex 228.9 -131.9575 1.6
vertex 228.9 -145.7575 1.6
endloop
endfacet
facet normal 0 0 1
outer loop
vertex 161.1 -139.9 1.6
vertex 161.1 -129.1 1.6
vertex 156.9 -129.1 1.6
endloop
endfacet
facet normal 0 0 1
outer loop
vertex 161.1 -139.9 1.6
vertex 156.9 -129.1 1.6
vertex 156.9 -139.9 1.6
endloop
endfacet
facet normal 0 0 1
outer loop
vertex 179.1 -138.1375 1.6
vertex 179.1 -129.1 1.6
vertex 174.9 -129.1 1.6
endloop
endfacet
facet normal 0 0 1
outer loop
vertex 179.1 -138.1375 1.6
vertex 174.9 -129.1 1.6
vertex 174.9 -138.1375 1.6
endloop
endfacet
facet normal 0 0 1
outer loop
vertex 197.1 -138.1375 1.6
vertex 197.1 -129.1 1.6
vertex 192.9 -129.1 1.6
endloop
endfacet
facet normal 0 0 1
outer loop
vertex 197.1 -138.1375 1.6
vertex 192.9 -129.1 1.6
vertex 192.9 -138.1375 1.6
endloop
endfacet
facet normal 0 0 1
outer loop
vertex 215.1 -131.9575 1.6
vertex 228.9 -131.9575 1.6
vertex 254.50000104580982 -131.9575 1.6
endloop
endfacet
facet normal 0 0 1
outer loop
vertex 215.1 -131.9575 1.6
vertex 254.50000104580982 -131.9575 1.6
vertex 254.5000009313117 -129.1 1.6
endloop
endfacet
facet normal 0 0 1
outer loop
vertex 215.1 -131.9575 1.6
vertex 254.5000009313117 -129.1 1.6
vertex 210.9 -129.1 1.6
endloop
endfacet
facet normal 0 0 1
outer loop
vertex 215.1 -131.9575 1.6
vertex 210.9 -129.1 1.6
vertex 210.9 -131.9575 1.6
endloop
endfacet
facet normal 0 0 1
outer loop
vertex 197.1 -129.1 1.6
vertex 210.9 -129.1 1.6
vertex 254.5000009313117 -129.1 1.6
endloop
endfacet
facet normal 0 0 1
outer loop
vertex 197.1 -129.1 1.6
vertex 254.5000009313117 -129.1 1.6
vertex 254.50000091758793 -128.7575 1.6
endloop
endfacet
facet normal 0 0 1
outer loop
vertex 197.1 -129.1 1.6
vertex 254.50000091758793 -128.7575 1.6
vertex 228.9 -128.7575 1.6
endloop
endfacet
facet normal 0 0 1
outer loop
vertex 197.1 -129.1 1.6
vertex 228.9 -128.7575 1.6
vertex 215.1 -128.7575 1.6
endloop
endfacet
facet normal 0 0 1
outer loop
vertex 197.1 -129.1 1.6
vertex 215.1 -128.7575 1.6
vertex 192.9 -128.7575 1.6
endloop
endfacet
facet normal 0 0 1
outer loop
vertex 197.1 -129.1 1.6
vertex 192.9 -128.7575 1.6
vertex 192.9 -129.1 1.6
endloop
endfacet
facet normal 0 0 1
outer loop
vertex 143.1 -139.9 1.6
vertex 143.1 -126.1 1.6
vertex 139.5 -126.1 1.6
endloop
endfacet
facet normal 0 0 1
outer loop
vertex 143.1 -139.9 1.6
vertex 139.5 -126.1 1.6
vertex 139.5 -139.9 1.6
endloop
endfacet
facet normal 0 0 1
outer loop
vertex 161.1 -129.1 1.6
vertex 174.9 -129.1 1.6
vertex 179.1 -129.1 1.6
endloop
endfacet
facet normal 0 0 1
outer loop
vertex 161.1 -129.1 1.6
vertex 179.1 -129.1 1.6
vertex 179.1 -126.1 1.6
endloop
endfacet
facet normal 0 0 1
outer loop
vertex 161.1 -129.1 1.6
vertex 179.1 -126.1 1.6
vertex 156.9 -126.1 1.6
endloop
endfacet
facet normal 0 0 1
outer loop
vertex 161.1 -129.1 1.6
vertex 156.9 -126.1 1.6
vertex 156.9 -129.1 1.6
endloop
endfacet
facet normal 0 0 1
outer loop
vertex 143.1 -126.1 1.6
vertex 156.9 -126.1 1.6
vertex 179.1 -126.1 1.6
endloop
endfacet
facet normal 0 0 1
outer loop
vertex 143.1 -126.1 1.6
vertex 179.1 -126.1 1.6
vertex 179.1 -125.9 1.6
endloop
endfacet
facet normal 0 0 1
outer loop
vertex 143.1 -126.1 1.6
vertex 179.1 -125.9 1.6
vertex 174.9 -125.9 1.6
endloop
endfacet
facet normal 0 0 1
outer loop
vertex 143.1 -126.1 1.6
vertex 174.9 -125.9 1.6
vertex 161.1 -125.9 1.6
endloop
endfacet
facet normal 0 0 1
outer loop
vertex 143.1 -126.1 1.6
vertex 161.1 -125.9 1.6
vertex 139.5 -125.9 1.6
endloop
endfacet
facet normal 0 0 1
outer loop
vertex 143.1 -126.1 1.6
vertex 139.5 -125.9 1.6
vertex 139.5 -126.1 1.6
endloop
endfacet
facet normal 0 0 1
outer loop
vertex 215.1 -128.7575 1.6
vertex 215.1 -125.9 1.6
vertex 210.9 -125.9 1.6
endloop
endfacet
facet normal 0 0 1
outer loop
vertex 215.1 -128.7575 1.6
vertex 210.9 -125.9 1.6
vertex 197.1 -125.9 1.6
endloop
endfacet
facet normal 0 0 1
outer loop
vertex 215.1 -128.7575 1.6
vertex 197.1 -125.9 1.6
vertex 192.9 -125.9 1.6
endloop
endfacet
facet normal 0 0 1
outer loop
vertex 215.1 -128.7575 1.6
vertex 192.9 -125.9 1.6
vertex 192.9 -128.7575 1.6
endloop
endfacet
facet normal 0 0 1
outer loop
vertex 179.1 -125.9 1.6
vertex 179.1 -124.3375 1.6
vertex 174.9 -124.3375 1.6
endloop
endfacet
facet normal 0 0 1
outer loop
vertex 179.1 -125.9 1.6
vertex 174.9 -124.3375 1.6
vertex 174.9 -125.9 1.6
endloop
endfacet
facet normal 0 0 1
outer loop
vertex 197.1 -125.9 1.6
vertex 197.1 -124.3375 1.6
vertex 192.9 -124.3375 1.6
endloop
endfacet
facet normal 0 0 1
outer loop
vertex 197.1 -125.9 1.6
vertex 192.9 -124.3375 1.6
vertex 192.9 -125.9 1.6
endloop
endfacet
facet normal 0 0 1
outer loop
vertex 161.1 -125.9 1.6
vertex 161.1 -122.9 1.6
vertex 156.9 -122.9 1.6
endloop
endfacet
facet normal 0 0 1
outer loop
vertex 161.1 -125.9 1.6
vertex 156.9 -122.9 1.6
vertex 143.1 -122.9 1.6
endloop
endfacet
facet normal 0 0 1
outer loop
vertex 161.1 -125.9 1.6
vertex 143.1 -122.9 1.6
vertex 139.5 -122.9 1.6
endloop
endfacet
facet normal 0 0 1
outer loop
vertex 161.1 -125.9 1.6
vertex 139.5 -122.9 1.6
vertex 139.5 -125.9 1.6
endloop
endfacet
facet normal 0 0 1
outer loop
vertex 179.1 -124.3375 1.6
vertex 192.9 -124.3375 1.6
vertex 197.1 -124.3375 1.6
endloop
endfacet
facet normal 0 0 1
outer loop
vertex 179.1 -124.3375 1.6
vertex 197.1 -124.3375 1.6
vertex 197.1 -121.1375 1.6
endloop
endfacet
facet normal 0 0 1
outer loop
vertex 179.1 -124.3375 1.6
vertex 197.1 -121.1375 1.6
vertex 192.9 -121.1375 1.6
endloop
endfacet
facet normal 0 0 1
outer loop
vertex 179.1 -124.3375 1.6
vertex 192.9 -121.1375 1.6
vertex 179.1 -121.1375 1.6
endloop
endfacet
facet normal 0 0 1
outer loop
vertex 179.1 -124.3375 1.6
vertex 179.1 -121.1375 1.6
vertex 174.9 -121.1375 1.6
endloop
endfacet
facet normal 0 0 1
outer loop
vertex 179.1 -124.3375 1.6
vertex 174.9 -121.1375 1.6
vertex 174.9 -124.3375 1.6
endloop
endfacet
facet normal 0 0 1
outer loop
vertex 215.1 -125.9 1.6
vertex 215.1 -114.9575 1.6
vertex 210.9 -114.9575 1.6
endloop
endfacet
facet normal 0 0 1
outer loop
vertex 215.1 -125.9 1.6
vertex 210.9 -114.9575 1.6
vertex 210.9 -125.9 1.6
endloop
endfacet
facet normal 0 0 1
outer loop
vertex 254.50000091758793 -128.7575 1.6
vertex 254.500000364631 -114.9575 1.6
vertex 228.9 -114.9575 1.6
endloop
endfacet
facet normal 0 0 1
outer loop
vertex 254.50000091758793 -128.7575 1.6
vertex 228.9 -114.9575 1.6
vertex 228.9 -128.7575 1.6
endloop
endfacet
facet normal 0 0 1
outer loop
vertex 161.1 -122.9 1.6
vertex 161.1 -112.1 1.6
vertex 156.9 -112.1 1.6
endloop
endfacet
facet normal 0 0 1
outer loop
vertex 161.1 -122.9 1.6
vertex 156.9 -112.1 1.6
vertex 156.9 -122.9 1.6
endloop
endfacet
facet normal 0 0 1
outer loop
vertex 179.1 -121.1375 1.6
vertex 179.1 -112.1 1.6
vertex 174.9 -112.1 1.6
endloop
endfacet
facet normal 0 0 1
outer loop
vertex 179.1 -121.1375 1.6
vertex 174.9 -112.1 1.6
vertex 174.9 -121.1375 1.6
endloop
endfacet
facet normal 0 0 1
outer loop
vertex 197.1 -121.1375 1.6
vertex 197.1 -112.1 1.6
vertex 192.9 -112.1 1.6
endloop
endfacet
facet normal 0 0 1
outer loop
vertex 197.1 -121.1375 1.6
vertex 192.9 -112.1 1.6
vertex 192.9 -121.1375 1.6
endloop
endfacet
facet normal 0 0 1
outer loop
vertex 215.1 -114.9575 1.6
vertex 228.9 -114.9575 1.6
vertex 254.500000364631 -114.9575 1.6
endloop
endfacet
facet normal 0 0 1
outer loop
vertex 215.1 -114.9575 1.6
vertex 254.500000364631 -114.9575 1.6
vertex 254.50000025013287 -112.1 1.6
endloop
endfacet
facet normal 0 0 1
outer loop
vertex 215.1 -114.9575 1.6
vertex 254.50000025013287 -112.1 1.6
vertex 210.9 -112.1 1.6
endloop
endfacet
facet normal 0 0 1
outer loop
vertex 215.1 -114.9575 1.6
vertex 210.9 -112.1 1.6
vertex 210.9 -114.9575 1.6
endloop
endfacet
facet normal 0 0 1
outer loop
vertex 197.1 -112.1 1.6
vertex 210.9 -112.1 1.6
vertex 254.50000025013287 -112.1 1.6
endloop
endfacet
facet normal 0 0 1
outer loop
vertex 197.1 -112.1 1.6
vertex 254.50000025013287 -112.1 1.6
vertex 254.50000023640914 -111.7575 1.6
endloop
endfacet
facet normal 0 0 1
outer loop
vertex 197.1 -112.1 1.6
vertex 254.50000023640914 -111.7575 1.6
vertex 228.9 -111.7575 1.6
endloop
endfacet
facet normal 0 0 1
outer loop
vertex 197.1 -112.1 1.6
vertex 228.9 -111.7575 1.6
vertex 215.1 -111.7575 1.6
endloop
endfacet
facet normal 0 0 1
outer loop
vertex 197.1 -112.1 1.6
vertex 215.1 -111.7575 1.6
vertex 192.9 -111.7575 1.6
endloop
endfacet
facet normal 0 0 1
outer loop
vertex 197.1 -112.1 1.6
vertex 192.9 -111.7575 1.6
vertex 192.9 -112.1 1.6
endloop
endfacet
facet normal 0 0 1
outer loop
vertex 161.1 -112.1 1.6
vertex 174.9 -112.1 1.6
vertex 179.1 -112.1 1.6
endloop
endfacet
facet normal 0 0 1
outer loop
vertex 161.1 -112.1 1.6
vertex 179.1 -112.1 1.6
vertex 179.1 -110.03331584195399 1.6
endloop
endfacet
facet normal 0 0 1
outer loop
vertex 161.1 -112.1 1.6
vertex 179.1 -110.03331584195399 1.6
vertex 160.0025050180413 -110.03331584195399 1.6
endloop
endfacet
facet normal 0 0 1
outer loop
vertex 161.1 -112.1 1.6
vertex 160.0025050180413 -110.03331584195399 1.6
vertex 156.9 -110.03331584195399 1.6
endloop
endfacet
facet normal 0 0 1
outer loop
vertex 161.1 -112.1 1.6
vertex 156.9 -110.03331584195399 1.6
vertex 156.9 -112.1 1.6
endloop
endfacet
facet normal 0 0 1
outer loop
vertex 160.0025050180413 -110.03331584195399 1.6
vertex 159.72082184331435 -110.00710974651449 1.6
vertex 156.9 -110.00710974651449 1.6
endloop
endfacet
facet normal 0 0 1
outer loop
vertex 160.0025050180413 -110.03331584195399 1.6
vertex 156.9 -110.00710974651449 1.6
vertex 156.9 -110.03331584195399 1.6
endloop
endfacet
facet normal 0 0 1
outer loop
vertex 179.1 -110.03331584195399 1.6
vertex 179.1 -110.00616723184396 1.6
vertex 160.28409891593608 -110.00616723184396 1.6
endloop
endfacet
facet normal 0 0 1
outer loop
vertex 179.1 -110.03331584195399 1.6
vertex 160.28409891593608 -110.00616723184396 1.6
vertex 160.0025050180413 -110.03331584195399 1.6
endloop
endfacet
facet normal 0 0 1
outer loop
vertex 159.72082184331435 -110.00710974651449 1.6
vertex 159.44906882101213 -109.92848109250089 1.6
vertex 156.9 -109.92848109250089 1.6
endloop
endfacet
facet normal 0 0 1
outer loop
vertex 159.72082184331435 -110.00710974651449 1.6
vertex 156.9 -109.92848109250089 1.6
vertex 156.9 -110.00710974651449 1.6
endloop
endfacet
facet normal 0 0 1
outer loop
vertex 179.1 -110.00616723184396 1.6
vertex 179.1 -109.92662958826863 1.6
vertex 160.55558728330539 -109.92662958826863 1.6
endloop
endfacet
facet normal 0 0 1
outer loop
vertex 179.1 -110.00616723184396 1.6
vertex 160.55558728330539 -109.92662958826863 1.6
vertex 160.28409891593608 -110.00616723184396 1.6
endloop
endfacet
facet normal 0 0 1
outer loop
vertex 159.44906882101213 -109.92848109250089 1.6
vertex 159.1969121663244 -109.80022668961689 1.6
vertex 156.9 -109.80022668961689 1.6
endloop
endfacet
facet normal 0 0 1
outer loop
vertex 159.44906882101213 -109.92848109250089 1.6
vertex 156.9 -109.80022668961689 1.6
vertex 156.9 -109.92848109250089 1.6
endloop
endfacet
facet normal 0 0 1
outer loop
vertex 179.1 -109.92662958826863 1.6
vertex 179.1 -109.79753205355703 1.6
vertex 160.80731331869694 -109.79753205355703 1.6
endloop
endfacet
facet normal 0 0 1
outer loop
vertex 179.1 -109.92662958826863 1.6
vertex 160.80731331869694 -109.79753205355703 1.6
vertex 160.55558728330539 -109.92662958826863 1.6
endloop
endfacet
facet normal 0 0 1
outer loop
vertex 159.1969121663244 -109.80022668961689 1.6
vertex 158.97332105451608 -109.62690852818305 1.6
vertex 156.9 -109.62690852818305 1.6
endloop
endfacet
facet normal 0 0 1
outer loop
vertex 159.1969121663244 -109.80022668961689 1.6
vertex 156.9 -109.62690852818305 1.6
vertex 156.9 -109.80022668961689 1.6
endloop
endfacet
facet normal 0 0 1
outer loop
vertex 179.1 -109.79753205355703 1.6
vertex 179.1 -109.62346660810582 1.6
vertex 161.03032316391042 -109.62346660810582 1.6
endloop
endfacet
facet normal 0 0 1
outer loop
vertex 179.1 -109.79753205355703 1.6
vertex 161.03032316391042 -109.62346660810582 1.6
vertex 160.80731331869694 -109.79753205355703 1.6
endloop
endfacet
facet normal 0 0 1
outer loop
vertex 158.97332105451608 -109.62690852818305 1.6
vertex 158.78624858867704 -109.41469150980967 1.6
vertex 156.9 -109.41469150980967 1.6
endloop
endfacet
facet normal 0 0 1
outer loop
vertex 158.97332105451608 -109.62690852818305 1.6
vertex 156.9 -109.41469150980967 1.6
vertex 156.9 -109.62690852818305 1.6
endloop
endfacet
facet normal 0 0 1
outer loop
vertex 179.1 -109.62346660810582 1.6
vertex 179.1 -109.41062473430759 1.6
vertex 161.2166845889277 -109.41062473430759 1.6
endloop
endfacet
facet normal 0 0 1
outer loop
vertex 179.1 -109.62346660810582 1.6
vertex 161.2166845889277 -109.41062473430759 1.6
vertex 161.03032316391042 -109.62346660810582 1.6
endloop
endfacet
facet normal 0 0 1
outer loop
vertex 158.78624858867704 -109.41469150980967 1.6
vertex 158.64234890900977 -109.17112416274904 1.6
vertex 156.9 -109.17112416274904 1.6
endloop
endfacet
facet normal 0 0 1
outer loop
vertex 158.78624858867704 -109.41469150980967 1.6
vertex 156.9 -109.17112416274904 1.6
vertex 156.9 -109.41469150980967 1.6
endloop
endfacet
facet normal 0 0 1
outer loop
vertex 179.1 -109.41062473430759 1.6
vertex 179.1 -109.16657718643111 1.6
vertex 161.35976845060492 -109.16657718643111 1.6
endloop
endfacet
facet normal 0 0 1
outer loop
vertex 179.1 -109.41062473430759 1.6
vertex 161.35976845060492 -109.16657718643111 1.6
vertex 161.2166845889277 -109.41062473430759 1.6
endloop
endfacet
facet normal 0 0 1
outer loop
vertex 143.1 -122.9 1.6
vertex 143.1 -109.1 1.6
vertex 139.5 -109.1 1.6
endloop
endfacet
facet normal 0 0 1
outer loop
vertex 143.1 -122.9 1.6
vertex 139.5 -109.1 1.6
vertex 139.5 -122.9 1.6
endloop
endfacet
facet normal 0 0 1
outer loop
vertex 158.64234890900977 -109.17112416274904 1.6
vertex 158.61680913466108 -109.1 1.6
vertex 156.9 -109.1 1.6
endloop
endfacet
facet normal 0 0 1
outer loop
vertex 158.64234890900977 -109.17112416274904 1.6
vertex 156.9 -109.1 1.6
vertex 156.9 -109.17112416274904 1.6
endloop
endfacet
facet normal 0 0 1
outer loop
vertex 143.1 -109.1 1.6
vertex 156.9 -109.1 1.6
vertex 158.61680913466108 -109.1 1.6
endloop
endfacet
facet normal 0 0 1
outer loop
vertex 143.1 -109.1 1.6
vertex 158.61680913466108 -109.1 1.6
vertex 158.54674050603813 -108.90487014185251 1.6
endloop
endfacet
facet normal 0 0 1
outer loop
vertex 143.1 -109.1 1.6
vertex 158.54674050603813 -108.90487014185251 1.6
vertex 139.5 -108.90487014185251 1.6
endloop
endfacet
facet normal 0 0 1
outer loop
vertex 143.1 -109.1 1.6
vertex 139.5 -108.90487014185251 1.6
vertex 139.5 -109.1 1.6
endloop
endfacet
facet normal 0 0 1
outer loop
vertex 179.1 -109.16657718643111 1.6
vertex 179.1 -108.90000571669533 1.6
vertex 161.66377587921667 -108.90000571669533 1.6
endloop
endfacet
facet normal 0 0 1
outer loop
vertex 179.1 -109.16657718643111 1.6
vertex 161.66377587921667 -108.90000571669533 1.6
vertex 161.45448499999995 -108.90000571669533 1.6
endloop
endfacet
facet normal 0 0 1
outer loop
vertex 179.1 -109.16657718643111 1.6
vertex 161.45448499999995 -108.90000571669533 1.6
vertex 161.35976845060492 -109.16657718643111 1.6
endloop
endfacet
facet normal 0 0 1
outer loop
vertex 179.1 -108.90000571669533 1.6
vertex 174.9 -108.90000000000002 1.6
vertex 161.66377587921667 -108.90000571669533 1.6
endloop
endfacet
facet normal 0 0 1
outer loop
vertex 215.1 -111.7575 1.6
vertex 215.1 -108.90000000000002 1.6
vertex 210.9 -108.90000000000002 1.6
endloop
endfacet
facet normal 0 0 1
outer loop
vertex 215.1 -111.7575 1.6
vertex 210.9 -108.90000000000002 1.6
vertex 197.1 -108.90000000000002 1.6
endloop
endfacet
facet normal 0 0 1
outer loop
vertex 215.1 -111.7575 1.6
vertex 197.1 -108.90000000000002 1.6
vertex 192.9 -108.90000000000002 1.6
endloop
endfacet
facet normal 0 0 1
outer loop
vertex 215.1 -111.7575 1.6
vertex 192.9 -108.90000000000002 1.6
vertex 192.9 -111.7575 1.6
endloop
endfacet
facet normal 0 0 1
outer loop
vertex 158.54674050603813 -108.90487014185251 1.6
vertex 158.50282415664853 -108.62540006363525 1.6
vertex 139.5 -108.62540006363525 1.6
endloop
endfacet
facet normal 0 0 1
outer loop
vertex 158.54674050603813 -108.90487014185251 1.6
vertex 139.5 -108.62540006363525 1.6
vertex 139.5 -108.90487014185251 1.6
endloop
endfacet
facet normal 0 0 1
outer loop
vertex 158.50282415664853 -108.62540006363525 1.6
vertex 158.5121619589548 -108.34265463783579 1.6
vertex 139.5 -108.34265463783579 1.6
endloop
endfacet
facet normal 0 0 1
outer loop
vertex 158.50282415664853 -108.62540006363525 1.6
vertex 139.5 -108.34265463783579 1.6
vertex 139.5 -108.62540006363525 1.6
endloop
endfacet
facet normal 0 0 1
outer loop
vertex 158.5121619589548 -108.34265463783579 1.6
vertex 158.57442176869694 -108.06669107782595 1.6
vertex 139.5 -108.06669107782595 1.6
endloop
endfacet
facet normal 0 0 1
outer loop
vertex 158.5121619589548 -108.34265463783579 1.6
vertex 139.5 -108.06669107782595 1.6
vertex 139.5 -108.34265463783579 1.6
endloop
endfacet
facet normal 0 0 1
outer loop
vertex 158.57442176869694 -108.06669107782595 1.6
vertex 158.68738901356383 -107.80732536700515 1.6
vertex 139.5 -107.80732536700515 1.6
endloop
endfacet
facet normal 0 0 1
outer loop
vertex 158.57442176869694 -108.06669107782595 1.6
vertex 139.5 -107.80732536700515 1.6
vertex 139.5 -108.06669107782595 1.6
endloop
endfacet
facet normal 0 0 1
outer loop
vertex 158.68738901356383 -107.80732536700515 1.6
vertex 158.84704546520598 -107.57378310570853 1.6
vertex 139.5 -107.57378310570853 1.6
endloop
endfacet
facet normal 0 0 1
outer loop
vertex 158.68738901356383 -107.80732536700515 1.6
vertex 139.5 -107.57378310570853 1.6
vertex 139.5 -107.80732536700515 1.6
endloop
endfacet
facet normal 0 0 1
outer loop
vertex 158.84704546520598 -107.57378310570853 1.6
vertex 159.04771216702875 -107.37437135795557 1.6
vertex 139.5 -107.37437135795557 1.6
endloop
endfacet
facet normal 0 0 1
outer loop
vertex 158.84704546520598 -107.57378310570853 1.6
vertex 139.5 -107.37437135795557 1.6
vertex 139.5 -107.57378310570853 1.6
endloop
endfacet
facet normal 0 0 1
outer loop
vertex 179.1 -108.90000571669533 1.6
vertex 179.1 -107.3375 1.6
vertex 174.9 -107.3375 1.6
endloop
endfacet
facet normal 0 0 1
outer loop
vertex 179.1 -108.90000571669533 1.6
vertex 174.9 -107.3375 1.6
vertex 174.9 -108.90000000000002 1.6
endloop
endfacet
facet normal 0 0 1
outer loop
vertex 197.1 -108.90000000000002 1.6
vertex 197.1 -107.3375 1.6
vertex 192.9 -107.3375 1.6
endloop
endfacet
facet normal 0 0 1
outer loop
vertex 197.1 -108.90000000000002 1.6
vertex 192.9 -107.3375 1.6
vertex 192.9 -108.90000000000002 1.6
endloop
endfacet
facet normal 0 0 1
outer loop
vertex 161.1 -107.32512457661358 1.6
vertex 160.88896575277226 -107.32512457661358 1.6
vertex 161.1 -107.51352940000001 1.6
endloop
endfacet
facet normal 0 0 1
outer loop
vertex 159.04771216702875 -107.37437135795557 1.6
vertex 159.28225143384776 -107.21618317039834 1.6
vertex 139.5 -107.21618317039834 1.6
endloop
endfacet
facet normal 0 0 1
outer loop
vertex 159.04771216702875 -107.37437135795557 1.6
vertex 139.5 -107.21618317039834 1.6
vertex 139.5 -107.37437135795557 1.6
endloop
endfacet
facet normal 0 0 1
outer loop
vertex 161.1 -107.32512457661358 1.6
vertex 161.1 -107.17969971422066 1.6
vertex 160.64630595024946 -107.17969971422066 1.6
endloop
endfacet
facet normal 0 0 1
outer loop
vertex 161.1 -107.32512457661358 1.6
vertex 160.64630595024946 -107.17969971422066 1.6
vertex 160.88896575277226 -107.32512457661358 1.6
endloop
endfacet
facet normal 0 0 1
outer loop
vertex 159.28225143384776 -107.21618317039834 1.6
vertex 159.54232073830246 -107.10484527369346 1.6
vertex 139.5 -107.10484527369346 1.6
endloop
endfacet
facet normal 0 0 1
outer loop
vertex 159.28225143384776 -107.21618317039834 1.6
vertex 139.5 -107.10484527369346 1.6
vertex 139.5 -107.21618317039834 1.6
endloop
endfacet
facet normal 0 0 1
outer loop
vertex 161.1 -107.17969971422066 1.6
vertex 161.1 -107.08242285387092 1.6
vertex 160.38065696605605 -107.08242285387092 1.6
endloop
endfacet
facet normal 0 0 1
outer loop
vertex 161.1 -107.17969971422066 1.6
vertex 160.38065696605605 -107.08242285387092 1.6
vertex 160.64630595024946 -107.17969971422066 1.6
endloop
endfacet
facet normal 0 0 1
outer loop
vertex 159.54232073830246 -107.10484527369346 1.6
vertex 159.81866945333627 -107.04431794051456 1.6
vertex 139.5 -107.04431794051456 1.6
endloop
endfacet
facet normal 0 0 1
outer loop
vertex 159.54232073830246 -107.10484527369346 1.6
vertex 139.5 -107.04431794051456 1.6
vertex 139.5 -107.10484527369346 1.6
endloop
endfacet
facet normal 0 0 1
outer loop
vertex 159.81866945333627 -107.04431794051456 1.6
vertex 160.1014678956411 -107.03675411923548 1.6
vertex 139.5 -107.03675411923548 1.6
endloop
endfacet
facet normal 0 0 1
outer loop
vertex 159.81866945333627 -107.04431794051456 1.6
vertex 139.5 -107.03675411923548 1.6
vertex 139.5 -107.04431794051456 1.6
endloop
endfacet
facet normal 0 0 1
outer loop
vertex 161.1 -107.08242285387092 1.6
vertex 161.1 -107.03675411923548 1.6
vertex 160.1014678956411 -107.03675411923548 1.6
endloop
endfacet
facet normal 0 0 1
outer loop
vertex 161.1 -107.08242285387092 1.6
vertex 160.1014678956411 -107.03675411923548 1.6
vertex 160.38065696605605 -107.08242285387092 1.6
endloop
endfacet
facet normal 0 0 1
outer loop
vertex 160.1014678956411 -107.03675411923548 1.6
vertex 161.1 -107.03675411923548 1.6
vertex 161.1 -106 1.6
endloop
endfacet
facet normal 0 0 1
outer loop
vertex 160.1014678956411 -107.03675411923548 1.6
vertex 161.1 -106 1.6
vertex 156.5 -106 1.6
endloop
endfacet
facet normal 0 0 1
outer loop
vertex 160.1014678956411 -107.03675411923548 1.6
vertex 156.5 -106 1.6
vertex 140.49999999999994 -106 1.6
endloop
endfacet
facet normal 0 0 1
outer loop
vertex 160.1014678956411 -107.03675411923548 1.6
vertex 140.49999999999994 -106 1.6
vertex 140.32635182233312 -106.01519224698778 1.6
endloop
endfacet
facet normal 0 0 1
outer loop
vertex 160.1014678956411 -107.03675411923548 1.6
vertex 140.32635182233312 -106.01519224698778 1.6
vertex 140.15797985667442 -106.06030737921408 1.6
endloop
endfacet
facet normal 0 0 1
outer loop
vertex 160.1014678956411 -107.03675411923548 1.6
vertex 140.15797985667442 -106.06030737921408 1.6
vertex 140.00000000000009 -106.13397459621555 1.6
endloop
endfacet
facet normal 0 0 1
outer loop
vertex 160.1014678956411 -107.03675411923548 1.6
vertex 140.00000000000009 -106.13397459621555 1.6
vertex 139.8572123903134 -106.23395555688111 1.6
endloop
endfacet
facet normal 0 0 1
outer loop
vertex 160.1014678956411 -107.03675411923548 1.6
vertex 139.8572123903134 -106.23395555688111 1.6
vertex 139.73395555688094 -106.35721239031356 1.6
endloop
endfacet
facet normal 0 0 1
outer loop
vertex 160.1014678956411 -107.03675411923548 1.6
vertex 139.73395555688094 -106.35721239031356 1.6
vertex 139.6339745962156 -106.49999999999991 1.6
endloop
endfacet
facet normal 0 0 1
outer loop
vertex 160.1014678956411 -107.03675411923548 1.6
vertex 139.6339745962156 -106.49999999999991 1.6
vertex 139.56030737921398 -106.65797985667459 1.6
endloop
endfacet
facet normal 0 0 1
outer loop
vertex 160.1014678956411 -107.03675411923548 1.6
vertex 139.56030737921398 -106.65797985667459 1.6
vertex 139.51519224698782 -106.82635182233284 1.6
endloop
endfacet
facet normal 0 0 1
outer loop
vertex 160.1014678956411 -107.03675411923548 1.6
vertex 139.51519224698782 -106.82635182233284 1.6
vertex 139.5 -107.00000000000014 1.6
endloop
endfacet
facet normal 0 0 1
outer loop
vertex 160.1014678956411 -107.03675411923548 1.6
vertex 139.5 -107.00000000000014 1.6
vertex 139.5 -107.03675411923548 1.6
endloop
endfacet
facet normal 0 0 1
outer loop
vertex 161.1 -106 1.6
vertex 161.1 -105.9848077530122 1.6
vertex 156.67364817766693 -105.9848077530122 1.6
endloop
endfacet
facet normal 0 0 1
outer loop
vertex 161.1 -106 1.6
vertex 156.67364817766693 -105.9848077530122 1.6
vertex 156.5 -106 1.6
endloop
endfacet
facet normal 0 0 1
outer loop
vertex 161.1 -105.9848077530122 1.6
vertex 161.1 -105.9396926207859 1.6
vertex 156.84202014332567 -105.9396926207859 1.6
endloop
endfacet
facet normal 0 0 1
outer loop
vertex 161.1 -105.9848077530122 1.6
vertex 156.84202014332567 -105.9396926207859 1.6
vertex 156.67364817766693 -105.9848077530122 1.6
endloop
endfacet
facet normal 0 0 1
outer loop
vertex 161.1 -105.9396926207859 1.6
vertex 161.1 -105.8660254037844 1.6
vertex 157.00000000000006 -105.8660254037844 1.6
endloop
endfacet
facet normal 0 0 1
outer loop
vertex 161.1 -105.9396926207859 1.6
vertex 157.00000000000006 -105.8660254037844 1.6
vertex 156.84202014332567 -105.9396926207859 1.6
endloop
endfacet
facet normal 0 0 1
outer loop
vertex 161.1 -105.8660254037844 1.6
vertex 161.1 -105.766044443119 1.6
vertex 157.1427876096865 -105.766044443119 1.6
endloop
endfacet
facet normal 0 0 1
outer loop
vertex 161.1 -105.8660254037844 1.6
vertex 157.1427876096865 -105.766044443119 1.6
vertex 157.00000000000006 -105.8660254037844 1.6
endloop
endfacet
facet normal 0 0 1
outer loop
vertex 161.1 -105.766044443119 1.6
vertex 161.1 -105.6427876096865 1.6
vertex 157.266044443119 -105.6427876096865 1.6
endloop
endfacet
facet normal 0 0 1
outer loop
vertex 161.1 -105.766044443119 1.6
vertex 157.266044443119 -105.6427876096865 1.6
vertex 157.1427876096865 -105.766044443119 1.6
endloop
endfacet
facet normal 0 0 1
outer loop
vertex 161.1 -105.6427876096865 1.6
vertex 161.1 -105.49999999999997 1.6
vertex 157.36602540378448 -105.49999999999997 1.6
endloop
endfacet
facet normal 0 0 1
outer loop
vertex 161.1 -105.6427876096865 1.6
vertex 157.36602540378448 -105.49999999999997 1.6
vertex 157.266044443119 -105.6427876096865 1.6
endloop
endfacet
facet normal 0 0 1
outer loop
vertex 161.1 -105.49999999999997 1.6
vertex 161.1 -105.3420201433257 1.6
vertex 157.4396926207859 -105.3420201433257 1.6
endloop
endfacet
facet normal 0 0 1
outer loop
vertex 161.1 -105.49999999999997 1.6
vertex 157.4396926207859 -105.3420201433257 1.6
vertex 157.36602540378448 -105.49999999999997 1.6
endloop
endfacet
facet normal 0 0 1
outer loop
vertex 161.1 -105.3420201433257 1.6
vertex 161.1 -105.17364817766698 1.6
vertex 157.4848077530122 -105.17364817766698 1.6
endloop
endfacet
facet normal 0 0 1
outer loop
vertex 161.1 -105.3420201433257 1.6
vertex 157.4848077530122 -105.17364817766698 1.6
vertex 157.4396926207859 -105.3420201433257 1.6
endloop
endfacet
facet normal 0 0 1
outer loop
vertex 161.1 -105.17364817766698 1.6
vertex 161.1 -105.00000000000013 1.6
vertex 157.5 -105.00000000000013 1.6
endloop
endfacet
facet normal 0 0 1
outer loop
vertex 161.1 -105.17364817766698 1.6
vertex 157.5 -105.00000000000013 1.6
vertex 157.4848077530122 -105.17364817766698 1.6
endloop
endfacet
facet normal 0 0 1
outer loop
vertex 179.1 -107.3375 1.6
vertex 192.9 -107.3375 1.6
vertex 197.1 -107.3375 1.6
endloop
endfacet
facet normal 0 0 1
outer loop
vertex 179.1 -107.3375 1.6
vertex 197.1 -107.3375 1.6
vertex 197.1 -104.1375 1.6
endloop
endfacet
facet normal 0 0 1
outer loop
vertex 179.1 -107.3375 1.6
vertex 197.1 -104.1375 1.6
vertex 192.9 -104.1375 1.6
endloop
endfacet
facet normal 0 0 1
outer loop
vertex 179.1 -107.3375 1.6
vertex 192.9 -104.1375 1.6
vertex 179.1 -104.1375 1.6
endloop
endfacet
facet normal 0 0 1
outer loop
vertex 179.1 -107.3375 1.6
vertex 179.1 -104.1375 1.6
vertex 174.9 -104.1375 1.6
endloop
endfacet
facet normal 0 0 1
outer loop
vertex 179.1 -107.3375 1.6
vertex 174.9 -104.1375 1.6
vertex 174.9 -107.3375 1.6
endloop
endfacet
facet normal 0 0 1
outer loop
vertex 254.50000023640914 -111.7575 1.6
vertex 254.5 -105.85749999999985 1.6
vertex 254.46961550602444 -105.51020364466636 1.6
endloop
endfacet
facet normal 0 0 1
outer loop
vertex 254.50000023640914 -111.7575 1.6
vertex 254.46961550602444 -105.51020364466636 1.6
vertex 254.37938524157173 -105.17345971334848 1.6
endloop
endfacet
facet normal 0 0 1
outer loop
vertex 254.50000023640914 -111.7575 1.6
vertex 254.37938524157173 -105.17345971334848 1.6
vertex 254.23205080756892 -104.8575000000001 1.6
endloop
endfacet
facet normal 0 0 1
outer loop
vertex 254.50000023640914 -111.7575 1.6
vertex 254.23205080756892 -104.8575000000001 1.6
vertex 254.0320888862379 -104.57192478062687 1.6
endloop
endfacet
facet normal 0 0 1
outer loop
vertex 254.50000023640914 -111.7575 1.6
vertex 254.0320888862379 -104.57192478062687 1.6
vertex 253.78557521937307 -104.32541111376203 1.6
endloop
endfacet
facet normal 0 0 1
outer loop
vertex 254.50000023640914 -111.7575 1.6
vertex 253.78557521937307 -104.32541111376203 1.6
vertex 253.50000000000006 -104.12544919243115 1.6
endloop
endfacet
facet normal 0 0 1
outer loop
vertex 254.50000023640914 -111.7575 1.6
vertex 253.50000000000006 -104.12544919243115 1.6
vertex 253.18404028665134 -103.97811475842819 1.6
endloop
endfacet
facet normal 0 0 1
outer loop
vertex 254.50000023640914 -111.7575 1.6
vertex 253.18404028665134 -103.97811475842819 1.6
vertex 252.84729635533387 -103.88788449397559 1.6
endloop
endfacet
facet normal 0 0 1
outer loop
vertex 254.50000023640914 -111.7575 1.6
vertex 252.84729635533387 -103.88788449397559 1.6
vertex 252.5 -103.8575 1.6
endloop
endfacet
facet normal 0 0 1
outer loop
vertex 254.50000023640914 -111.7575 1.6
vertex 252.5 -103.8575 1.6
vertex 234.50000000000003 -103.8575 1.6
endloop
endfacet
facet normal 0 0 1
outer loop
vertex 254.50000023640914 -111.7575 1.6
vertex 234.50000000000003 -103.8575 1.6
vertex 228.9 -103.8575 1.6
endloop
endfacet
facet normal 0 0 1
outer loop
vertex 254.50000023640914 -111.7575 1.6
vertex 228.9 -103.8575 1.6
vertex 228.9 -111.7575 1.6
endloop
endfacet
facet normal 0 0 1
outer loop
vertex 234.50000000000003 -103.8575 1.6
vertex 234.15270364466616 -103.82711550602441 1.6
vertex 228.9 -103.82711550602441 1.6
endloop
endfacet
facet normal 0 0 1
outer loop
vertex 234.50000000000003 -103.8575 1.6
vertex 228.9 -103.82711550602441 1.6
vertex 228.9 -103.8575 1.6
endloop
endfacet
facet normal 0 0 1
outer loop
vertex 234.15270364466616 -103.82711550602441 1.6
vertex 233.81595971334863 -103.73688524157181 1.6
vertex 228.9 -103.73688524157181 1.6
endloop
endfacet
facet normal 0 0 1
outer loop
vertex 234.15270364466616 -103.82711550602441 1.6
vertex 228.9 -103.73688524157181 1.6
vertex 228.9 -103.82711550602441 1.6
endloop
endfacet
facet normal 0 0 1
outer loop
vertex 233.81595971334863 -103.73688524157181 1.6
vertex 233.50000000000003 -103.5895508075689 1.6
vertex 228.9 -103.5895508075689 1.6
endloop
endfacet
facet normal 0 0 1
outer loop
vertex 233.81595971334863 -103.73688524157181 1.6
vertex 228.9 -103.5895508075689 1.6
vertex 228.9 -103.73688524157181 1.6
endloop
endfacet
facet normal 0 0 1
outer loop
vertex 233.50000000000003 -103.5895508075689 1.6
vertex 233.21442478062698 -103.389588886238 1.6
vertex 228.9 -103.389588886238 1.6
endloop
endfacet
facet normal 0 0 1
outer loop
vertex 233.50000000000003 -103.5895508075689 1.6
vertex 228.9 -103.389588886238 1.6
vertex 228.9 -103.5895508075689 1.6
endloop
endfacet
facet normal 0 0 1
outer loop
vertex 233.21442478062698 -103.389588886238 1.6
vertex 232.96791111376206 -103.14307521937307 1.6
vertex 228.9 -103.14307521937307 1.6
endloop
endfacet
facet normal 0 0 1
outer loop
vertex 233.21442478062698 -103.389588886238 1.6
vertex 228.9 -103.14307521937307 1.6
vertex 228.9 -103.389588886238 1.6
endloop
endfacet
facet normal 0 0 1
outer loop
vertex 232.96791111376206 -103.14307521937307 1.6
vertex 232.76794919243113 -102.8575 1.6
vertex 228.9 -102.8575 1.6
endloop
endfacet
facet normal 0 0 1
outer loop
vertex 232.96791111376206 -103.14307521937307 1.6
vertex 228.9 -102.8575 1.6
vertex 228.9 -103.14307521937307 1.6
endloop
endfacet
facet normal 0 0 1
outer loop
vertex 232.76794919243113 -102.8575 1.6
vertex 232.62061475842813 -102.54154028665123 1.6
vertex 228.9 -102.54154028665123 1.6
endloop
endfacet
facet normal 0 0 1
outer loop
vertex 232.76794919243113 -102.8575 1.6
vertex 228.9 -102.54154028665123 1.6
vertex 228.9 -102.8575 1.6
endloop
endfacet
facet normal 0 0 1
outer loop
vertex 232.62061475842813 -102.54154028665123 1.6
vertex 232.53038449397556 -102.20479635533381 1.6
vertex 228.9 -102.20479635533381 1.6
endloop
endfacet
facet normal 0 0 1
outer loop
vertex 232.62061475842813 -102.54154028665123 1.6
vertex 228.9 -102.20479635533381 1.6
vertex 228.9 -102.54154028665123 1.6
endloop
endfacet
facet normal 0 0 1
outer loop
vertex 232.53038449397556 -102.20479635533381 1.6
vertex 232.5 -101.85750000000024 1.6
vertex 228.9 -101.85750000000024 1.6
endloop
endfacet
facet normal 0 0 1
outer loop
vertex 232.53038449397556 -102.20479635533381 1.6
vertex 228.9 -101.85750000000024 1.6
vertex 228.9 -102.20479635533381 1.6
endloop
endfacet
facet normal 0 0 1
outer loop
vertex 215.1 -108.90000000000002 1.6
vertex 215.1 -97.9575 1.6
vertex 210.9 -97.9575 1.6
endloop
endfacet
facet normal 0 0 1
outer loop
vertex 215.1 -108.90000000000002 1.6
vertex 210.9 -97.9575 1.6
vertex 210.9 -108.90000000000002 1.6
endloop
endfacet
facet normal 0 0 1
outer loop
vertex 232.5 -101.85750000000024 1.6
vertex 232.5 -97.9575 1.6
vertex 228.9 -97.9575 1.6
endloop
endfacet
facet normal 0 0 1
outer loop
vertex 232.5 -101.85750000000024 1.6
vertex 228.9 -97.9575 1.6
vertex 228.9 -101.85750000000024 1.6
endloop
endfacet
facet normal 0 0 1
outer loop
vertex 161.1 -105.00000000000013 1.6
vertex 161.1 -95.1 1.6
vertex 157.5 -95.1 1.6
endloop
endfacet
facet normal 0 0 1
outer loop
vertex 161.1 -105.00000000000013 1.6
vertex 157.5 -95.1 1.6
vertex 157.5 -105.00000000000013 1.6
endloop
endfacet
facet normal 0 0 1
outer loop
vertex 179.1 -104.1375 1.6
vertex 179.1 -95.1 1.6
vertex 174.9 -95.1 1.6
endloop
endfacet
facet normal 0 0 1
outer loop
vertex 179.1 -104.1375 1.6
vertex 174.9 -95.1 1.6
vertex 174.9 -104.1375 1.6
endloop
endfacet
facet normal 0 0 1
outer loop
vertex 197.1 -104.1375 1.6
vertex 197.1 -95.1 1.6
vertex 192.9 -95.1 1.6
endloop
endfacet
facet normal 0 0 1
outer loop
vertex 197.1 -104.1375 1.6
vertex 192.9 -95.1 1.6
vertex 192.9 -104.1375 1.6
endloop
endfacet
facet normal 0 0 1
outer loop
vertex 215.1 -97.9575 1.6
vertex 228.9 -97.9575 1.6
vertex 232.5 -97.9575 1.6
endloop
endfacet
facet normal 0 0 1
outer loop
vertex 215.1 -97.9575 1.6
vertex 232.5 -97.9575 1.6
vertex 232.5 -95.85749999999993 1.6
endloop
endfacet
facet normal 0 0 1
outer loop
vertex 215.1 -97.9575 1.6
vertex 232.5 -95.85749999999993 1.6
vertex 232.48480775301223 -95.68385182233318 1.6
endloop
endfacet
facet normal 0 0 1
outer loop
vertex 215.1 -97.9575 1.6
vertex 232.48480775301223 -95.68385182233318 1.6
vertex 232.43969262078593 -95.5154798566744 1.6
endloop
endfacet
facet normal 0 0 1
outer loop
vertex 215.1 -97.9575 1.6
vertex 232.43969262078593 -95.5154798566744 1.6
vertex 232.36602540378445 -95.3575 1.6
endloop
endfacet
facet normal 0 0 1
outer loop
vertex 215.1 -97.9575 1.6
vertex 232.36602540378445 -95.3575 1.6
vertex 232.26604444311891 -95.21471239031338 1.6
endloop
endfacet
facet normal 0 0 1
outer loop
vertex 215.1 -97.9575 1.6
vertex 232.26604444311891 -95.21471239031338 1.6
vertex 232.15133205280551 -95.1 1.6
endloop
endfacet
facet normal 0 0 1
outer loop
vertex 215.1 -97.9575 1.6
vertex 232.15133205280551 -95.1 1.6
vertex 210.9 -95.1 1.6
endloop
endfacet
facet normal 0 0 1
outer loop
vertex 215.1 -97.9575 1.6
vertex 210.9 -95.1 1.6
vertex 210.9 -97.9575 1.6
endloop
endfacet
facet normal 0 0 1
outer loop
vertex 197.1 -95.1 1.6
vertex 210.9 -95.1 1.6
vertex 232.15133205280551 -95.1 1.6
endloop
endfacet
facet normal 0 0 1
outer loop
vertex 197.1 -95.1 1.6
vertex 232.15133205280551 -95.1 1.6
vertex 232.1427876096866 -95.09145555688107 1.6
endloop
endfacet
facet normal 0 0 1
outer loop
vertex 197.1 -95.1 1.6
vertex 232.1427876096866 -95.09145555688107 1.6
vertex 231.99999999999997 -94.99147459621555 1.6
endloop
endfacet
facet normal 0 0 1
outer loop
vertex 197.1 -95.1 1.6
vertex 231.99999999999997 -94.99147459621555 1.6
vertex 231.84202014332564 -94.91780737921408 1.6
endloop
endfacet
facet normal 0 0 1
outer loop
vertex 197.1 -95.1 1.6
vertex 231.84202014332564 -94.91780737921408 1.6
vertex 231.67364817766688 -94.87269224698778 1.6
endloop
endfacet
facet normal 0 0 1
outer loop
vertex 197.1 -95.1 1.6
vertex 231.67364817766688 -94.87269224698778 1.6
vertex 231.5000000000001 -94.8575 1.6
endloop
endfacet
facet normal 0 0 1
outer loop
vertex 197.1 -95.1 1.6
vertex 231.5000000000001 -94.8575 1.6
vertex 215.5 -94.8575 1.6
endloop
endfacet
facet normal 0 0 1
outer loop
vertex 197.1 -95.1 1.6
vertex 215.5 -94.8575 1.6
vertex 192.9 -94.8575 1.6
endloop
endfacet
facet normal 0 0 1
outer loop
vertex 197.1 -95.1 1.6
vertex 192.9 -94.8575 1.6
vertex 192.9 -95.1 1.6
endloop
endfacet
facet normal 0 0 1
outer loop
vertex 215.5 -94.8575 1.6
vertex 215.32635182233307 -94.84230775301221 1.6
vertex 192.9 -94.84230775301221 1.6
endloop
endfacet
facet normal 0 0 1
outer loop
vertex 215.5 -94.8575 1.6
vertex 192.9 -94.84230775301221 1.6
vertex 192.9 -94.8575 1.6
endloop
endfacet
facet normal 0 0 1
outer loop
vertex 215.32635182233307 -94.84230775301221 1.6
vertex 215.15797985667442 -94.79719262078594 1.6
vertex 192.9 -94.79719262078594 1.6
endloop
endfacet
facet normal 0 0 1
outer loop
vertex 215.32635182233307 -94.84230775301221 1.6
vertex 192.9 -94.79719262078594 1.6
vertex 192.9 -94.84230775301221 1.6
endloop
endfacet
facet normal 0 0 1
outer loop
vertex 215.15797985667442 -94.79719262078594 1.6
vertex 215 -94.72352540378444 1.6
vertex 192.9 -94.72352540378444 1.6
endloop
endfacet
facet normal 0 0 1
outer loop
vertex 215.15797985667442 -94.79719262078594 1.6
vertex 192.9 -94.72352540378444 1.6
vertex 192.9 -94.79719262078594 1.6
endloop
endfacet
facet normal 0 0 1
outer loop
vertex 215 -94.72352540378444 1.6
vertex 214.85721239031346 -94.62354444311897 1.6
vertex 192.9 -94.62354444311897 1.6
endloop
endfacet
facet normal 0 0 1
outer loop
vertex 215 -94.72352540378444 1.6
vertex 192.9 -94.62354444311897 1.6
vertex 192.9 -94.72352540378444 1.6
endloop
endfacet
facet normal 0 0 1
outer loop
vertex 214.85721239031346 -94.62354444311897 1.6
vertex 214.73395555688114 -94.50028760968665 1.6
vertex 192.9 -94.50028760968665 1.6
endloop
endfacet
facet normal 0 0 1
outer loop
vertex 214.85721239031346 -94.62354444311897 1.6
vertex 192.9 -94.50028760968665 1.6
vertex 192.9 -94.62354444311897 1.6
endloop
endfacet
facet normal 0 0 1
outer loop
vertex 214.73395555688114 -94.50028760968665 1.6
vertex 214.63397459621544 -94.3574999999998 1.6
vertex 192.9 -94.3574999999998 1.6
endloop
endfacet
facet normal 0 0 1
outer loop
vertex 214.73395555688114 -94.50028760968665 1.6
vertex 192.9 -94.3574999999998 1.6
vertex 192.9 -94.50028760968665 1.6
endloop
endfacet
facet normal 0 0 1
outer loop
vertex 214.63397459621544 -94.3574999999998 1.6
vertex 214.56030737921407 -94.19952014332563 1.6
vertex 192.9 -94.19952014332563 1.6
endloop
endfacet
facet normal 0 0 1
outer loop
vertex 214.63397459621544 -94.3574999999998 1.6
vertex 192.9 -94.19952014332563 1.6
vertex 192.9 -94.3574999999998 1.6
endloop
endfacet
facet normal 0 0 1
outer loop
vertex 214.56030737921407 -94.19952014332563 1.6
vertex 214.51519224698774 -94.03114817766685 1.6
vertex 192.9 -94.03114817766685 1.6
endloop
endfacet
facet normal 0 0 1
outer loop
vertex 214.56030737921407 -94.19952014332563 1.6
vertex 192.9 -94.03114817766685 1.6
vertex 192.9 -94.19952014332563 1.6
endloop
endfacet
facet normal 0 0 1
outer loop
vertex 214.51519224698774 -94.03114817766685 1.6
vertex 214.5 -93.85750000000041 1.6
vertex 192.9 -93.85750000000041 1.6
endloop
endfacet
facet normal 0 0 1
outer loop
vertex 214.51519224698774 -94.03114817766685 1.6
vertex 192.9 -93.85750000000041 1.6
vertex 192.9 -94.03114817766685 1.6
endloop
endfacet
facet normal 0 0 1
outer loop
vertex 161.1 -95.1 1.6
vertex 174.9 -95.1 1.6
vertex 179.1 -95.1 1.6
endloop
endfacet
facet normal 0 0 1
outer loop
vertex 161.1 -95.1 1.6
vertex 179.1 -95.1 1.6
vertex 179.1 -92 1.6
endloop
endfacet
facet normal 0 0 1
outer loop
vertex 161.1 -95.1 1.6
vertex 179.1 -92 1.6
vertex 174.49999999999991 -92 1.6
endloop
endfacet
facet normal 0 0 1
outer loop
vertex 161.1 -95.1 1.6
vertex 174.49999999999991 -92 1.6
vertex 158.49999999999991 -92 1.6
endloop
endfacet
facet normal 0 0 1
outer loop
vertex 161.1 -95.1 1.6
vertex 158.49999999999991 -92 1.6
vertex 158.32635182233324 -92.01519224698777 1.6
endloop
endfacet
facet normal 0 0 1
outer loop
vertex 161.1 -95.1 1.6
vertex 158.32635182233324 -92.01519224698777 1.6
vertex 158.1579798566743 -92.06030737921412 1.6
endloop
endfacet
facet normal 0 0 1
outer loop
vertex 161.1 -95.1 1.6
vertex 158.1579798566743 -92.06030737921412 1.6
vertex 157.99999999999991 -92.13397459621562 1.6
endloop
endfacet
facet normal 0 0 1
outer loop
vertex 161.1 -95.1 1.6
vertex 157.99999999999991 -92.13397459621562 1.6
vertex 157.8572123903134 -92.23395555688106 1.6
endloop
endfacet
facet normal 0 0 1
outer loop
vertex 161.1 -95.1 1.6
vertex 157.8572123903134 -92.23395555688106 1.6
vertex 157.73395555688123 -92.35721239031324 1.6
endloop
endfacet
facet normal 0 0 1
outer loop
vertex 161.1 -95.1 1.6
vertex 157.73395555688123 -92.35721239031324 1.6
vertex 157.6339745962155 -92.50000000000014 1.6
endloop
endfacet
facet normal 0 0 1
outer loop
vertex 161.1 -95.1 1.6
vertex 157.6339745962155 -92.50000000000014 1.6
vertex 157.56030737921407 -92.6579798566744 1.6
endloop
endfacet
facet normal 0 0 1
outer loop
vertex 161.1 -95.1 1.6
vertex 157.56030737921407 -92.6579798566744 1.6
vertex 157.5151922469878 -92.82635182233304 1.6
endloop
endfacet
facet normal 0 0 1
outer loop
vertex 161.1 -95.1 1.6
vertex 157.5151922469878 -92.82635182233304 1.6
vertex 157.5 -92.99999999999996 1.6
endloop
endfacet
facet normal 0 0 1
outer loop
vertex 161.1 -95.1 1.6
vertex 157.5 -92.99999999999996 1.6
vertex 157.5 -95.1 1.6
endloop
endfacet
facet normal 0 0 1
outer loop
vertex 214.5 -93.85750000000041 1.6
vertex 214.5 -92.99999999999996 1.6
vertex 214.48480775301218 -92.82635182233304 1.6
endloop
endfacet
facet normal 0 0 1
outer loop
vertex 214.5 -93.85750000000041 1.6
vertex 214.48480775301218 -92.82635182233304 1.6
vertex 214.4396926207859 -92.6579798566744 1.6
endloop
endfacet
facet normal 0 0 1
outer loop
vertex 214.5 -93.85750000000041 1.6
vertex 214.4396926207859 -92.6579798566744 1.6
vertex 214.36602540378445 -92.50000000000014 1.6
endloop
endfacet
facet normal 0 0 1
outer loop
vertex 214.5 -93.85750000000041 1.6
vertex 214.36602540378445 -92.50000000000014 1.6
vertex 214.26604444311903 -92.35721239031324 1.6
endloop
endfacet
facet normal 0 0 1
outer loop
vertex 214.5 -93.85750000000041 1.6
vertex 214.26604444311903 -92.35721239031324 1.6
vertex 214.1427876096865 -92.23395555688106 1.6
endloop
endfacet
facet normal 0 0 1
outer loop
vertex 214.5 -93.85750000000041 1.6
vertex 214.1427876096865 -92.23395555688106 1.6
vertex 214.00000000000009 -92.13397459621562 1.6
endloop
endfacet
facet normal 0 0 1
outer loop
vertex 214.5 -93.85750000000041 1.6
vertex 214.00000000000009 -92.13397459621562 1.6
vertex 213.84202014332564 -92.06030737921412 1.6
endloop
endfacet
facet normal 0 0 1
outer loop
vertex 214.5 -93.85750000000041 1.6
vertex 213.84202014332564 -92.06030737921412 1.6
vertex 213.67364817766685 -92.01519224698777 1.6
endloop
endfacet
facet normal 0 0 1
outer loop
vertex 214.5 -93.85750000000041 1.6
vertex 213.67364817766685 -92.01519224698777 1.6
vertex 213.50000000000023 -92 1.6
endloop
endfacet
facet normal 0 0 1
outer loop
vertex 214.5 -93.85750000000041 1.6
vertex 213.50000000000023 -92 1.6
vertex 197.49999999999994 -92 1.6
endloop
endfacet
facet normal 0 0 1
outer loop
vertex 214.5 -93.85750000000041 1.6
vertex 197.49999999999994 -92 1.6
vertex 192.9 -92 1.6
endloop
endfacet
facet normal 0 0 1
outer loop
vertex 214.5 -93.85750000000041 1.6
vertex 192.9 -92 1.6
vertex 192.9 -93.85750000000041 1.6
endloop
endfacet
facet normal 0 0 1
outer loop
vertex 179.1 -92 1.6
vertex 179.1 -91.98480775301219 1.6
vertex 174.67364817766708 -91.98480775301219 1.6
endloop
endfacet
facet normal 0 0 1
outer loop
vertex 179.1 -92 1.6
vertex 174.67364817766708 -91.98480775301219 1.6
vertex 174.49999999999991 -92 1.6
endloop
endfacet
facet normal 0 0 1
outer loop
vertex 197.49999999999994 -92 1.6
vertex 197.32635182233284 -91.98480775301219 1.6
vertex 192.9 -91.98480775301219 1.6
endloop
endfacet
facet normal 0 0 1
outer loop
vertex 197.49999999999994 -92 1.6
vertex 192.9 -91.98480775301219 1.6
vertex 192.9 -92 1.6
endloop
endfacet
facet normal 0 0 1
outer loop
vertex 179.1 -91.98480775301219 1.6
vertex 179.1 -91.93969262078595 1.6
vertex 174.84202014332558 -91.93969262078595 1.6
endloop
endfacet
facet normal 0 0 1
outer loop
vertex 179.1 -91.98480775301219 1.6
vertex 174.84202014332558 -91.93969262078595 1.6
vertex 174.67364817766708 -91.98480775301219 1.6
endloop
endfacet
facet normal 0 0 1
outer loop
vertex 197.32635182233284 -91.98480775301219 1.6
vertex 197.15797985667453 -91.93969262078595 1.6
vertex 192.9 -91.93969262078595 1.6
endloop
endfacet
facet normal 0 0 1
outer loop
vertex 197.32635182233284 -91.98480775301219 1.6
vertex 192.9 -91.93969262078595 1.6
vertex 192.9 -91.98480775301219 1.6
endloop
endfacet
facet normal 0 0 1
outer loop
vertex 179.1 -91.93969262078595 1.6
vertex 179.1 -91.86602540378432 1.6
vertex 175.00000000000023 -91.86602540378432 1.6
endloop
endfacet
facet normal 0 0 1
outer loop
vertex 179.1 -91.93969262078595 1.6
vertex 175.00000000000023 -91.86602540378432 1.6
vertex 174.84202014332558 -91.93969262078595 1.6
endloop
endfacet
facet normal 0 0 1
outer loop
vertex 197.15797985667453 -91.93969262078595 1.6
vertex 196.9999999999996 -91.86602540378432 1.6
vertex 192.9 -91.86602540378432 1.6
endloop
endfacet
facet normal 0 0 1
outer loop
vertex 197.15797985667453 -91.93969262078595 1.6
vertex 192.9 -91.86602540378432 1.6
vertex 192.9 -91.93969262078595 1.6
endloop
endfacet
facet normal 0 0 1
outer loop
vertex 179.1 -91.86602540378432 1.6
vertex 179.1 -91.76604444311909 1.6
vertex 175.14278760968642 -91.76604444311909 1.6
endloop
endfacet
facet normal 0 0 1
outer loop
vertex 179.1 -91.86602540378432 1.6
vertex 175.14278760968642 -91.76604444311909 1.6
vertex 175.00000000000023 -91.86602540378432 1.6
endloop
endfacet
facet normal 0 0 1
outer loop
vertex 196.9999999999996 -91.86602540378432 1.6
vertex 196.8572123903138 -91.76604444311909 1.6
vertex 192.9 -91.76604444311909 1.6
endloop
endfacet
facet normal 0 0 1
outer loop
vertex 196.9999999999996 -91.86602540378432 1.6
vertex 192.9 -91.76604444311909 1.6
vertex 192.9 -91.86602540378432 1.6
endloop
endfacet
facet normal 0 0 1
outer loop
vertex 179.1 -91.76604444311909 1.6
vertex 179.1 -91.64278760968669 1.6
vertex 175.26604444311883 -91.64278760968669 1.6
endloop
endfacet
facet normal 0 0 1
outer loop
vertex 179.1 -91.76604444311909 1.6
vertex 175.26604444311883 -91.64278760968669 1.6
vertex 175.14278760968642 -91.76604444311909 1.6
endloop
endfacet
facet normal 0 0 1
outer loop
vertex 196.8572123903138 -91.76604444311909 1.6
vertex 196.73395555688117 -91.64278760968669 1.6
vertex 192.9 -91.64278760968669 1.6
endloop
endfacet
facet normal 0 0 1
outer loop
vertex 196.8572123903138 -91.76604444311909 1.6
vertex 192.9 -91.64278760968669 1.6
vertex 192.9 -91.76604444311909 1.6
endloop
endfacet
facet normal 0 0 1
outer loop
vertex 179.1 -91.64278760968669 1.6
vertex 179.1 -91.49999999999987 1.6
vertex 175.3660254037845 -91.49999999999987 1.6
endloop
endfacet
facet normal 0 0 1
outer loop
vertex 179.1 -91.64278760968669 1.6
vertex 175.3660254037845 -91.49999999999987 1.6
vertex 175.26604444311883 -91.64278760968669 1.6
endloop
endfacet
facet normal 0 0 1
outer loop
vertex 196.73395555688117 -91.64278760968669 1.6
vertex 196.63397459621532 -91.49999999999987 1.6
vertex 192.9 -91.49999999999987 1.6
endloop
endfacet
facet normal 0 0 1
outer loop
vertex 196.73395555688117 -91.64278760968669 1.6
vertex 192.9 -91.49999999999987 1.6
vertex 192.9 -91.64278760968669 1.6
endloop
endfacet
facet normal 0 0 1
outer loop
vertex 179.1 -91.49999999999987 1.6
vertex 179.1 -91.3420201433256 1.6
vertex 175.43969262078593 -91.3420201433256 1.6
endloop
endfacet
facet normal 0 0 1
outer loop
vertex 179.1 -91.49999999999987 1.6
vertex 175.43969262078593 -91.3420201433256 1.6
vertex 175.3660254037845 -91.49999999999987 1.6
endloop
endfacet
facet normal 0 0 1
outer loop
vertex 196.63397459621532 -91.49999999999987 1.6
vertex 196.56030737921412 -91.3420201433256 1.6
vertex 192.9 -91.3420201433256 1.6
endloop
endfacet
facet normal 0 0 1
outer loop
vertex 196.63397459621532 -91.49999999999987 1.6
vertex 192.9 -91.3420201433256 1.6
vertex 192.9 -91.49999999999987 1.6
endloop
endfacet
facet normal 0 0 1
outer loop
vertex 179.1 -91.3420201433256 1.6
vertex 179.1 -91.17364817766693 1.6
vertex 175.48480775301218 -91.17364817766693 1.6
endloop
endfacet
facet normal 0 0 1
outer loop
vertex 179.1 -91.3420201433256 1.6
vertex 175.48480775301218 -91.17364817766693 1.6
vertex 175.43969262078593 -91.3420201433256 1.6
endloop
endfacet
facet normal 0 0 1
outer loop
vertex 196.56030737921412 -91.3420201433256 1.6
vertex 196.51519224698782 -91.17364817766693 1.6
vertex 192.9 -91.17364817766693 1.6
endloop
endfacet
facet normal 0 0 1
outer loop
vertex 196.56030737921412 -91.3420201433256 1.6
vertex 192.9 -91.17364817766693 1.6
vertex 192.9 -91.3420201433256 1.6
endloop
endfacet
facet normal 0 0 1
outer loop
vertex 179.1 -91.17364817766693 1.6
vertex 179.1 -90.99999999999974 1.6
vertex 175.5 -90.99999999999974 1.6
endloop
endfacet
facet normal 0 0 1
outer loop
vertex 179.1 -91.17364817766693 1.6
vertex 175.5 -90.99999999999974 1.6
vertex 175.48480775301218 -91.17364817766693 1.6
endloop
endfacet
facet normal 0 0 1
outer loop
vertex 196.51519224698782 -91.17364817766693 1.6
vertex 196.5 -90.99999999999974 1.6
vertex 192.9 -90.99999999999974 1.6
endloop
endfacet
facet normal 0 0 1
outer loop
vertex 196.51519224698782 -91.17364817766693 1.6
vertex 192.9 -90.99999999999974 1.6
vertex 192.9 -91.17364817766693 1.6
endloop
endfacet
facet normal 0 0 1
outer loop
vertex 179.1 -90.99999999999974 1.6
vertex 179.1 -90.3375 1.6
vertex 175.5 -90.3375 1.6
endloop
endfacet
facet normal 0 0 1
outer loop
vertex 179.1 -90.99999999999974 1.6
vertex 175.5 -90.3375 1.6
vertex 175.5 -90.99999999999974 1.6
endloop
endfacet
facet normal 0 0 1
outer loop
vertex 196.5 -90.99999999999974 1.6
vertex 196.5 -90.3375 1.6
vertex 192.9 -90.3375 1.6
endloop
endfacet
facet normal 0 0 1
outer loop
vertex 196.5 -90.99999999999974 1.6
vertex 192.9 -90.3375 1.6
vertex 192.9 -90.99999999999974 1.6
endloop
endfacet
facet normal 0 0 1
outer loop
vertex 179.1 -90.3375 1.6
vertex 192.9 -90.3375 1.6
vertex 196.5 -90.3375 1.6
endloop
endfacet
facet normal 0 0 1
outer loop
vertex 179.1 -90.3375 1.6
vertex 196.5 -90.3375 1.6
vertex 196.5 -88.2375 1.6
endloop
endfacet
facet normal 0 0 1
outer loop
vertex 179.1 -90.3375 1.6
vertex 196.5 -88.2375 1.6
vertex 196.4848077530122 -88.06385182233308 1.6
endloop
endfacet
facet normal 0 0 1
outer loop
vertex 179.1 -90.3375 1.6
vertex 196.4848077530122 -88.06385182233308 1.6
vertex 196.43969262078588 -87.8954798566744 1.6
endloop
endfacet
facet normal 0 0 1
outer loop
vertex 179.1 -90.3375 1.6
vertex 196.43969262078588 -87.8954798566744 1.6
vertex 196.36602540378445 -87.73750000000004 1.6
endloop
endfacet
facet normal 0 0 1
outer loop
vertex 179.1 -90.3375 1.6
vertex 196.36602540378445 -87.73750000000004 1.6
vertex 196.26604444311897 -87.59471239031339 1.6
endloop
endfacet
facet normal 0 0 1
outer loop
vertex 179.1 -90.3375 1.6
vertex 196.26604444311897 -87.59471239031339 1.6
vertex 196.14278760968654 -87.47145555688088 1.6
endloop
endfacet
facet normal 0 0 1
outer loop
vertex 179.1 -90.3375 1.6
vertex 196.14278760968654 -87.47145555688088 1.6
vertex 195.99999999999997 -87.37147459621563 1.6
endloop
endfacet
facet normal 0 0 1
outer loop
vertex 179.1 -90.3375 1.6
vertex 195.99999999999997 -87.37147459621563 1.6
vertex 195.84202014332567 -87.2978073792141 1.6
endloop
endfacet
facet normal 0 0 1
outer loop
vertex 179.1 -90.3375 1.6
vertex 195.84202014332567 -87.2978073792141 1.6
vertex 195.67364817766676 -87.25269224698779 1.6
endloop
endfacet
facet normal 0 0 1
outer loop
vertex 179.1 -90.3375 1.6
vertex 195.67364817766676 -87.25269224698779 1.6
vertex 195.50000000000014 -87.2375 1.6
endloop
endfacet
facet normal 0 0 1
outer loop
vertex 179.1 -90.3375 1.6
vertex 195.50000000000014 -87.2375 1.6
vertex 176.5 -87.2375 1.6
endloop
endfacet
facet normal 0 0 1
outer loop
vertex 179.1 -90.3375 1.6
vertex 176.5 -87.2375 1.6
vertex 176.32635182233312 -87.25269224698779 1.6
endloop
endfacet
facet normal 0 0 1
outer loop
vertex 179.1 -90.3375 1.6
vertex 176.32635182233312 -87.25269224698779 1.6
vertex 176.1579798566743 -87.2978073792141 1.6
endloop
endfacet
facet normal 0 0 1
outer loop
vertex 179.1 -90.3375 1.6
vertex 176.1579798566743 -87.2978073792141 1.6
vertex 175.99999999999983 -87.37147459621563 1.6
endloop
endfacet
facet normal 0 0 1
outer loop
vertex 179.1 -90.3375 1.6
vertex 175.99999999999983 -87.37147459621563 1.6
vertex 175.8572123903136 -87.47145555688088 1.6
endloop
endfacet
facet normal 0 0 1
outer loop
vertex 179.1 -90.3375 1.6
vertex 175.8572123903136 -87.47145555688088 1.6
vertex 175.73395555688109 -87.59471239031339 1.6
endloop
endfacet
facet normal 0 0 1
outer loop
vertex 179.1 -90.3375 1.6
vertex 175.73395555688109 -87.59471239031339 1.6
vertex 175.63397459621552 -87.73750000000004 1.6
endloop
endfacet
facet normal 0 0 1
outer loop
vertex 179.1 -90.3375 1.6
vertex 175.63397459621552 -87.73750000000004 1.6
vertex 175.56030737921407 -87.8954798566744 1.6
endloop
endfacet
facet normal 0 0 1
outer loop
vertex 179.1 -90.3375 1.6
vertex 175.56030737921407 -87.8954798566744 1.6
vertex 175.5151922469878 -88.06385182233308 1.6
endloop
endfacet
facet normal 0 0 1
outer loop
vertex 179.1 -90.3375 1.6
vertex 175.5151922469878 -88.06385182233308 1.6
vertex 175.5 -88.2375 1.6
endloop
endfacet
facet normal 0 0 1
outer loop
vertex 179.1 -90.3375 1.6
vertex 175.5 -88.2375 1.6
vertex 175.5 -90.3375 1.6
endloop
endfacet
facet normal 0 -1 0
outer loop
vertex 182.50000000000003 -160 0
vertex 182.50000000000006 -160 1.6
vertex 140.49999999999977 -160 1.6
endloop
endfacet
facet normal 0 -1 0
outer loop
vertex 182.50000000000003 -160 0
vertex 140.49999999999977 -160 1.6
vertex 140.49999999999983 -160 0
endloop
endfacet
facet normal -0.087155742747683 -0.9961946980917434 0
outer loop
vertex 182.84729635533384 -160.0303844939756 1.6
vertex 182.50000000000006 -160 1.6
vertex 182.50000000000003 -160 0
endloop
endfacet
facet normal -0.087155742747683 -0.9961946980917434 0
outer loop
vertex 182.84729635533384 -160.0303844939756 1.6
vertex 182.50000000000003 -160 0
vertex 182.8472963553339 -160.0303844939756 0
endloop
endfacet
facet normal -0.25881904510251297 -0.9659258262890704 0
outer loop
vertex 183.18404028665137 -160.12061475842822 1.6
vertex 182.84729635533384 -160.0303844939756 1.6
vertex 182.8472963553339 -160.0303844939756 0
endloop
endfacet
facet normal -0.25881904510251297 -0.9659258262890704 0
outer loop
vertex 183.18404028665137 -160.12061475842822 1.6
vertex 182.8472963553339 -160.0303844939756 0
vertex 183.18404028665128 -160.1206147584282 0
endloop
endfacet
facet normal -0.4226182617407234 -0.9063077870366388 0
outer loop
vertex 183.50000000000009 -160.2679491924312 1.6
vertex 183.18404028665137 -160.12061475842822 1.6
vertex 183.18404028665128 -160.1206147584282 0
endloop
endfacet
facet normal -0.4226182617407234 -0.9063077870366388 0
outer loop
vertex 183.50000000000009 -160.2679491924312 1.6
vertex 183.18404028665128 -160.1206147584282 0
vertex 183.5 -160.26794919243116 0
endloop
endfacet
facet normal -0.5735764363510608 -0.8191520442889816 0
outer loop
vertex 183.785575219373 -160.467911113762 1.6
vertex 183.50000000000009 -160.2679491924312 1.6
vertex 183.5 -160.26794919243116 0
endloop
endfacet
facet normal -0.5735764363510608 -0.8191520442889816 0
outer loop
vertex 183.785575219373 -160.467911113762 1.6
vertex 183.5 -160.26794919243116 0
vertex 183.7855752193731 -160.46791111376209 0
endloop
endfacet
facet normal -0.7071067811865476 -0.7071067811865476 0
outer loop
vertex 184.032088886238 -160.714424780627 1.6
vertex 183.785575219373 -160.467911113762 1.6
vertex 183.7855752193731 -160.46791111376209 0
endloop
endfacet
facet normal -0.7071067811865476 -0.7071067811865476 0
outer loop
vertex 184.032088886238 -160.714424780627 1.6
vertex 183.7855752193731 -160.46791111376209 0
vertex 184.03208888623783 -160.7144247806268 0
endloop
endfacet
facet normal -0.8191520442889821 -0.5735764363510599 0
outer loop
vertex 184.23205080756887 -161 1.6
vertex 184.032088886238 -160.714424780627 1.6
vertex 184.03208888623783 -160.7144247806268 0
endloop
endfacet
facet normal -0.8191520442889821 -0.5735764363510599 0
outer loop
vertex 184.23205080756887 -161 1.6
vertex 184.03208888623783 -160.7144247806268 0
vertex 184.23205080756892 -161.00000000000014 0
endloop
endfacet
facet normal -0.9063077870366388 -0.4226182617407234 0
outer loop
vertex 184.3793852415718 -161.31595971334863 1.6
vertex 184.23205080756887 -161 1.6
vertex 184.23205080756892 -161.00000000000014 0
endloop
endfacet
facet normal -0.9063077870366388 -0.4226182617407234 0
outer loop
vertex 184.3793852415718 -161.31595971334863 1.6
vertex 184.23205080756892 -161.00000000000014 0
vertex 184.37938524157178 -161.3159597133486 0
endloop
endfacet
facet normal -0.965925826289063 -0.25881904510254033 0
outer loop
vertex 184.4696155060244 -161.6527036446661 1.6
vertex 184.3793852415718 -161.31595971334863 1.6
vertex 184.37938524157178 -161.3159597133486 0
endloop
endfacet
facet normal -0.965925826289063 -0.25881904510254033 0
outer loop
vertex 184.4696155060244 -161.6527036446661 1.6
vertex 184.37938524157178 -161.3159597133486 0
vertex 184.4696155060244 -161.6527036446662 0
endloop
endfacet
facet normal -0.9961946980917433 -0.08715574274768298 0
outer loop
vertex 184.5 -161.99999999999997 1.6
vertex 184.4696155060244 -161.6527036446661 1.6
vertex 184.4696155060244 -161.6527036446662 0
endloop
endfacet
facet normal -0.9961946980917433 -0.08715574274768298 0
outer loop
vertex 184.5 -161.99999999999997 1.6
vertex 184.4696155060244 -161.6527036446662 0
vertex 184.5 -162.00000000000006 0
endloop
endfacet
facet normal -1 0 0
outer loop
vertex 184.5 -164.487548 1.6
vertex 184.5 -163.855 1.6
vertex 184.5 -161.99999999999997 1.6
endloop
endfacet
facet normal -1 0 0
outer loop
vertex 184.5 -164.487548 1.6
vertex 184.5 -161.99999999999997 1.6
vertex 184.5 -162.00000000000006 0
endloop
endfacet
facet normal -1 0 0
outer loop
vertex 184.5 -164.487548 1.6
vertex 184.5 -162.00000000000006 0
vertex 184.5 -163.855 0
endloop
endfacet
facet normal -1 0 0
outer loop
vertex 184.5 -164.487548 1.6
vertex 184.5 -163.855 0
vertex 184.5 -164.487548 0
endloop
endfacet
facet normal -1 0 0
outer loop
vertex 184.5 -164.487548 1.6
vertex 184.5 -164.487548 0
vertex 184.5 -165.9550000000003 0
endloop
endfacet
facet normal -1 0 0
outer loop
vertex 184.5 -164.487548 1.6
vertex 184.5 -165.9550000000003 0
vertex 184.5 -165.95500000000027 1.6
endloop
endfacet
facet normal -0.9961946980917409 -0.08715574274771136 0
outer loop
vertex 184.51519224698777 -166.12864817766686 1.6
vertex 184.5 -165.95500000000027 1.6
vertex 184.5 -165.9550000000003 0
endloop
endfacet
facet normal -0.9961946980917409 -0.08715574274771136 0
outer loop
vertex 184.51519224698777 -166.12864817766686 1.6
vertex 184.5 -165.9550000000003 0
vertex 184.51519224698777 -166.1286481776668 0
endloop
endfacet
facet normal -0.965925826289063 -0.25881904510254033 0
outer loop
vertex 184.5603073792141 -166.29702014332568 1.6
vertex 184.51519224698777 -166.12864817766686 1.6
vertex 184.51519224698777 -166.1286481776668 0
endloop
endfacet
facet normal -0.965925826289063 -0.25881904510254033 0
outer loop
vertex 184.5603073792141 -166.29702014332568 1.6
vertex 184.51519224698777 -166.1286481776668 0
vertex 184.5603073792141 -166.29702014332568 0
endloop
endfacet
facet normal -0.9063077870366791 -0.42261826174063705 0
outer loop
vertex 184.63397459621552 -166.45499999999998 1.6
vertex 184.5603073792141 -166.29702014332568 1.6
vertex 184.5603073792141 -166.29702014332568 0
endloop
endfacet
facet normal -0.9063077870366791 -0.42261826174063705 0
outer loop
vertex 184.63397459621552 -166.45499999999998 1.6
vertex 184.5603073792141 -166.29702014332568 0
vertex 184.63397459621552 -166.45499999999996 0
endloop
endfacet
facet normal -0.8191520442889617 -0.5735764363510889 0
outer loop
vertex 184.73395555688094 -166.59778760968646 1.6
vertex 184.63397459621552 -166.45499999999998 1.6
vertex 184.63397459621552 -166.45499999999996 0
endloop
endfacet
facet normal -0.8191520442889617 -0.5735764363510889 0
outer loop
vertex 184.73395555688094 -166.59778760968646 1.6
vertex 184.63397459621552 -166.45499999999996 0
vertex 184.73395555688109 -166.5977876096866 0
endloop
endfacet
facet normal -0.7071067811865618 -0.7071067811865334 0
outer loop
vertex 184.8572123903135 -166.721044443119 1.6
vertex 184.73395555688094 -166.59778760968646 1.6
vertex 184.73395555688109 -166.5977876096866 0
endloop
endfacet
facet normal -0.7071067811865618 -0.7071067811865334 0
outer loop
vertex 184.8572123903135 -166.721044443119 1.6
vertex 184.73395555688109 -166.5977876096866 0
vertex 184.85721239031346 -166.72104444311898 0
endloop
endfacet
facet normal -0.5735764363510931 -0.819152044288959 0
outer loop
vertex 185.00000000000017 -166.82102540378455 1.6
vertex 184.8572123903135 -166.721044443119 1.6
vertex 184.85721239031346 -166.72104444311898 0
endloop
endfacet
facet normal -0.5735764363510931 -0.819152044288959 0
outer loop
vertex 185.00000000000017 -166.82102540378455 1.6
vertex 184.85721239031346 -166.72104444311898 0
vertex 185.00000000000014 -166.82102540378455 0
endloop
endfacet
facet normal -0.42261826174063843 -0.9063077870366785 0
outer loop
vertex 185.1579798566742 -166.89469262078586 1.6
vertex 185.00000000000017 -166.82102540378455 1.6
vertex 185.00000000000014 -166.82102540378455 0
endloop
endfacet
facet normal -0.42261826174063843 -0.9063077870366785 0
outer loop
vertex 185.1579798566742 -166.89469262078586 1.6
vertex 185.00000000000014 -166.82102540378455 0
vertex 185.15797985667425 -166.8946926207859 0
endloop
endfacet
facet normal -0.2588190451025263 -0.965925826289067 0
outer loop
vertex 185.32635182233304 -166.9398077530122 1.6
vertex 185.1579798566742 -166.89469262078586 1.6
vertex 185.15797985667425 -166.8946926207859 0
endloop
endfacet
facet normal -0.2588190451025263 -0.965925826289067 0
outer loop
vertex 185.32635182233304 -166.9398077530122 1.6
vertex 185.15797985667425 -166.8946926207859 0
vertex 185.3263518223331 -166.93980775301222 0
endloop
endfacet
facet normal -0.087155742747683 -0.9961946980917433 0
outer loop
vertex 185.5000000000003 -166.955 1.6
vertex 185.32635182233304 -166.9398077530122 1.6
vertex 185.3263518223331 -166.93980775301222 0
endloop
endfacet
facet normal -0.087155742747683 -0.9961946980917433 0
outer loop
vertex 185.5000000000003 -166.955 1.6
vertex 185.3263518223331 -166.93980775301222 0
vertex 185.5000000000001 -166.955 0
endloop
endfacet
facet normal 0 -1 0
outer loop
vertex 203.80420279999973 -166.955 0
vertex 203.80420279999987 -166.955 1.6
vertex 185.5000000000003 -166.955 1.6
endloop
endfacet
facet normal 0 -1 0
outer loop
vertex 203.80420279999973 -166.955 0
vertex 185.5000000000003 -166.955 1.6
vertex 185.5000000000001 -166.955 0
endloop
endfacet
facet normal -0.043623339193857205 -0.9990480490334676 0
outer loop
vertex 203.89135704512648 -166.95880558192474 1.6
vertex 203.80420279999987 -166.955 1.6
vertex 203.80420279999973 -166.955 0
endloop
endfacet
facet normal -0.043623339193857205 -0.9990480490334676 0
outer loop
vertex 203.89135704512648 -166.95880558192474 1.6
vertex 203.80420279999973 -166.955 0
vertex 203.89135704512674 -166.95880558192476 0
endloop
endfacet
facet normal -0.13047234898880342 -0.9914519484822973 0
outer loop
vertex 203.97784979762454 -166.97018779021653 1.6
vertex 203.89135704512648 -166.95880558192474 1.6
vertex 203.89135704512674 -166.95880558192476 0
endloop
endfacet
facet normal -0.13047234898880342 -0.9914519484822973 0
outer loop
vertex 203.97784979762454 -166.97018779021653 1.6
vertex 203.89135704512674 -166.95880558192476 0
vertex 203.97784979762494 -166.9701877902166 0
endloop
endfacet
facet normal -0.21638629689834923 -0.9763078256956765 0
outer loop
vertex 204.06302140000037 -166.9890650000001 1.6
vertex 203.97784979762454 -166.97018779021653 1.6
vertex 203.97784979762494 -166.9701877902166 0
endloop
endfacet
facet normal -0.21638629689834923 -0.9763078256956765 0
outer loop
vertex 204.06302140000037 -166.9890650000001 1.6
vertex 203.97784979762494 -166.9701877902166 0
vertex 204.0630213999999 -166.98906499999998 0
endloop
endfacet
facet normal 0 0 1
outer loop
vertex 220.56587909999936 -171.41100149999983 1.6
vertex 215.45532337296717 -170.04162939999998 1.6
vertex 208.0570009539716 -168.0592508 1.6
endloop
endfacet
facet normal 0 0 1
outer loop
vertex 220.56587909999936 -171.41100149999983 1.6
vertex 208.0570009539716 -168.0592508 1.6
vertex 204.06302140000037 -166.9890650000001 1.6
endloop
endfacet
facet normal 0 0 1
outer loop
vertex 220.56587909999936 -171.41100149999983 1.6
vertex 204.06302140000037 -166.9890650000001 1.6
vertex 204.0630213999999 -166.98906499999998 0
endloop
endfacet
facet normal 0 0 1
outer loop
vertex 220.56587909999936 -171.41100149999983 1.6
vertex 204.0630213999999 -166.98906499999998 0
vertex 208.05700095397154 -168.0592508 0
endloop
endfacet
facet normal 0 0 1
outer loop
vertex 220.56587909999936 -171.41100149999983 1.6
vertex 208.05700095397154 -168.0592508 0
vertex 215.455323372967 -170.04162939999995 0
endloop
endfacet
facet normal 0 0 1
outer loop
vertex 220.56587909999936 -171.41100149999983 1.6
vertex 215.455323372967 -170.04162939999995 0
vertex 220.56587909999962 -171.4110014999999 0
endloop
endfacet
facet normal -0.30069674411834 -0.9537198058531812 0
outer loop
vertex 220.64908030711536 -171.43723387132414 1.6
vertex 220.56587909999936 -171.41100149999983 1.6
vertex 220.56587909999962 -171.4110014999999 0
endloop
endfacet
facet normal -0.30069674411834 -0.9537198058531812 0
outer loop
vertex 220.64908030711536 -171.43723387132414 1.6
vertex 220.56587909999962 -171.4110014999999 0
vertex 220.64908030711527 -171.4372338713241 0
endloop
endfacet
facet normal -0.3826833441715677 -0.9238795690422348 0
outer loop
vertex 220.72967810477357 -171.47061856319763 1.6
vertex 220.64908030711536 -171.43723387132414 1.6
vertex 220.64908030711527 -171.4372338713241 0
endloop
endfacet
facet normal -0.3826833441715677 -0.9238795690422348 0
outer loop
vertex 220.72967810477357 -171.47061856319763 1.6
vertex 220.64908030711527 -171.4372338713241 0
vertex 220.72967810477363 -171.47061856319766 0
endloop
endfacet
facet normal -0.46174821724878307 -0.8870110393155041 0
outer loop
vertex 220.8070595499999 -171.5109007499999 1.6
vertex 220.72967810477357 -171.47061856319763 1.6
vertex 220.72967810477363 -171.47061856319766 0
endloop
endfacet
facet normal -0.46174821724878307 -0.8870110393155041 0
outer loop
vertex 220.8070595499999 -171.5109007499999 1.6
vertex 220.72967810477363 -171.47061856319766 0
vertex 220.8070595499999 -171.51090074999993 0
endloop
endfacet
facet normal 0 0 -1
outer loop
vertex 237.115022 -180.9263081 1.6
vertex 230.21335665517407 -176.9416294 1.6
vertex 220.8070595499999 -171.5109007499999 1.6
endloop
endfacet
facet normal 0 0 -1
outer loop
vertex 237.115022 -180.9263081 1.6
vertex 220.8070595499999 -171.5109007499999 1.6
vertex 220.8070595499999 -171.51090074999993 0
endloop
endfacet
facet normal 0 0 -1
outer loop
vertex 237.115022 -180.9263081 1.6
vertex 220.8070595499999 -171.51090074999993 0
vertex 230.2133566551741 -176.9416294 0
endloop
endfacet
facet normal 0 0 -1
outer loop
vertex 237.115022 -180.9263081 1.6
vertex 230.2133566551741 -176.9416294 0
vertex 237.11502200000012 -180.92630810000003 0
endloop
endfacet
facet normal -0.4225890664952269 -0.9063214004307151 0
outer loop
vertex 237.273005025141 -180.99997137999947 1.6
vertex 237.115022 -180.9263081 1.6
vertex 237.11502200000012 -180.92630810000003 0
endloop
endfacet
facet normal -0.4225890664952269 -0.9063214004307151 0
outer loop
vertex 237.273005025141 -180.99997137999947 1.6
vertex 237.11502200000012 -180.92630810000003 0
vertex 237.27300502514106 -180.99997137999955 0
endloop
endfacet
facet normal -0.2588186413824756 -0.9659259344654381 0
outer loop
vertex 237.44137600895863 -181.04508539256705 1.6
vertex 237.273005025141 -180.99997137999947 1.6
vertex 237.27300502514106 -180.99997137999955 0
endloop
endfacet
facet normal -0.2588186413824756 -0.9659259344654381 0
outer loop
vertex 237.44137600895863 -181.04508539256705 1.6
vertex 237.27300502514106 -180.99997137999955 0
vertex 237.44137600895866 -181.04508578916722 0
endloop
endfacet
facet normal -0.08715636237445784 -0.9961946438812308 0
outer loop
vertex 237.61502314511998 -181.06027765726904 1.6
vertex 237.44137600895863 -181.04508539256705 1.6
vertex 237.44137600895866 -181.04508578916722 0
endloop
endfacet
facet normal -0.08715636237445784 -0.9961946438812308 0
outer loop
vertex 237.61502314511998 -181.06027765726904 1.6
vertex 237.44137600895866 -181.04508578916722 0
vertex 237.61502314512023 -181.06027765726904 0
endloop
endfacet
facet normal 0.08715408712245677 -0.9961948429387955 0
outer loop
vertex 237.78867031597952 -181.04508539256705 1.6
vertex 237.61502314511998 -181.06027765726904 1.6
vertex 237.61502314512023 -181.06027765726904 0
endloop
endfacet
facet normal 0.08715408712245677 -0.9961948429387955 0
outer loop
vertex 237.78867031597952 -181.04508539256705 1.6
vertex 237.61502314512023 -181.06027765726904 0
vertex 237.78867031597943 -181.04508578916722 0
endloop
endfacet
facet normal 0.25881643526190506 -0.9659265255899748 0
outer loop
vertex 237.9570414028362 -180.99997137999947 1.6
vertex 237.78867031597952 -181.04508539256705 1.6
vertex 237.78867031597943 -181.04508578916722 0
endloop
endfacet
facet normal 0.25881643526190506 -0.9659265255899748 0
outer loop
vertex 237.9570414028362 -180.99997137999947 1.6
vertex 237.78867031597943 -181.04508578916722 0
vertex 237.95704140283596 -180.99997137999955 0
endloop
endfacet
facet normal 0.42261487046053337 -0.9063093684088378 0
outer loop
vertex 238.11502059622717 -180.92630519196524 1.6
vertex 237.9570414028362 -180.99997137999947 1.6
vertex 237.95704140283596 -180.99997137999955 0
endloop
endfacet
facet normal 0.42261487046053337 -0.9063093684088378 0
outer loop
vertex 238.11502059622717 -180.92630519196524 1.6
vertex 237.95704140283596 -180.99997137999955 0
vertex 238.11502059622748 -180.92630519196507 0
endloop
endfacet
facet normal 0.5735725193101469 -0.8191547870165999 0
outer loop
vertex 238.2578078353595 -180.8263255083053 1.6
vertex 238.11502059622717 -180.92630519196524 1.6
vertex 238.11502059622748 -180.92630519196507 0
endloop
endfacet
facet normal 0.5735725193101469 -0.8191547870165999 0
outer loop
vertex 238.2578078353595 -180.8263255083053 1.6
vertex 238.11502059622748 -180.92630519196507 0
vertex 238.25780783535933 -180.82632550830542 0
endloop
endfacet
facet normal 0.7071026645604714 -0.7071108977886578 0
outer loop
vertex 238.3810646537972 -180.7030701250052 1.6
vertex 238.2578078353595 -180.8263255083053 1.6
vertex 238.25780783535933 -180.82632550830542 0
endloop
endfacet
facet normal 0.7071026645604714 -0.7071108977886578 0
outer loop
vertex 238.3810646537972 -180.7030701250052 1.6
vertex 238.25780783535933 -180.82632550830542 0
vertex 238.381064653797 -180.7030701250055 0
endloop
endfacet
facet normal 0.8191481085447229 -0.5735820571353353 0
outer loop
vertex 238.48104600000048 -180.56028404999924 1.6
vertex 238.3810646537972 -180.7030701250052 1.6
vertex 238.381064653797 -180.7030701250055 0
endloop
endfacet
facet normal 0.8191481085447229 -0.5735820571353353 0
outer loop
vertex 238.48104600000048 -180.56028404999924 1.6
vertex 238.381064653797 -180.7030701250055 0
vertex 238.48104600000008 -180.56028404999986 0
endloop
endfacet
facet normal 0 0 1
outer loop
vertex 247.95957190000087 -164.14299669999852 1.6
vertex 247.47027784895593 -164.99047879999998 1.6
vertex 240.57027737494946 -176.9416294 1.6
endloop
endfacet
facet normal 0 0 1
outer loop
vertex 247.95957190000087 -164.14299669999852 1.6
vertex 240.57027737494946 -176.9416294 1.6
vertex 238.48104600000048 -180.56028404999924 1.6
endloop
endfacet
facet normal 0 0 1
outer loop
vertex 247.95957190000087 -164.14299669999852 1.6
vertex 238.48104600000048 -180.56028404999924 1.6
vertex 238.48104600000008 -180.56028404999986 0
endloop
endfacet
facet normal 0 0 1
outer loop
vertex 247.95957190000087 -164.14299669999852 1.6
vertex 238.48104600000008 -180.56028404999986 0
vertex 240.57027737494946 -176.9416294 0
endloop
endfacet
facet normal 0 0 1
outer loop
vertex 247.95957190000087 -164.14299669999852 1.6
vertex 240.57027737494946 -176.9416294 0
vertex 247.4702778489559 -164.9904788 0
endloop
endfacet
facet normal 0 0 1
outer loop
vertex 247.95957190000087 -164.14299669999852 1.6
vertex 247.4702778489559 -164.9904788 0
vertex 247.95957189999993 -164.14299670000014 0
endloop
endfacet
facet normal 0.8606062656399692 -0.5092709058460209 0
outer loop
vertex 247.98144171296832 -164.1060393599029 1.6
vertex 247.95957190000087 -164.14299669999852 1.6
vertex 247.95957189999993 -164.14299670000014 0
endloop
endfacet
facet normal 0.8606062656399692 -0.5092709058460209 0
outer loop
vertex 247.98144171296832 -164.1060393599029 1.6
vertex 247.95957189999993 -164.14299670000014 0
vertex 247.9814417129683 -164.10603935990295 0
endloop
endfacet
facet normal 0.8495269202318484 -0.527545269907134 0
outer loop
vertex 248.00409594999925 -164.06955835000116 1.6
vertex 247.98144171296832 -164.1060393599029 1.6
vertex 247.9814417129683 -164.10603935990295 0
endloop
endfacet
facet normal 0.8495269202318484 -0.527545269907134 0
outer loop
vertex 248.00409594999925 -164.06955835000116 1.6
vertex 247.9814417129683 -164.10603935990295 0
vertex 248.00409595000104 -164.06955834999832 0
endloop
endfacet
facet normal 0 0 -1
outer loop
vertex 254.18752379999978 -154.34873690000032 1.6
vertex 254.1739546019793 -154.37006871697574 1.6
vertex 253.98780877007218 -154.66270420000004 1.6
endloop
endfacet
facet normal 0 0 -1
outer loop
vertex 254.18752379999978 -154.34873690000032 1.6
vertex 253.98780877007218 -154.66270420000004 1.6
vertex 253.80166293816512 -154.95533968302428 1.6
endloop
endfacet
facet normal 0 0 -1
outer loop
vertex 254.18752379999978 -154.34873690000032 1.6
vertex 253.80166293816512 -154.95533968302428 1.6
vertex 253.62267058618664 -155.23672934854747 1.6
endloop
endfacet
facet normal 0 0 -1
outer loop
vertex 254.18752379999978 -154.34873690000032 1.6
vertex 253.62267058618664 -155.23672934854747 1.6
vertex 253.45771028984277 -155.49605954952943 1.6
endloop
endfacet
facet normal 0 0 -1
outer loop
vertex 254.18752379999978 -154.34873690000032 1.6
vertex 253.45771028984277 -155.49605954952943 1.6
vertex 253.31312138081154 -155.7233643717799 1.6
endloop
endfacet
facet normal 0 0 -1
outer loop
vertex 254.18752379999978 -154.34873690000032 1.6
vertex 253.31312138081154 -155.7233643717799 1.6
vertex 253.19446032978064 -155.9099086184538 1.6
endloop
endfacet
facet normal 0 0 -1
outer loop
vertex 254.18752379999978 -154.34873690000032 1.6
vertex 253.19446032978064 -155.9099086184538 1.6
vertex 253.10628721439514 -156.04852349876694 1.6
endloop
endfacet
facet normal 0 0 -1
outer loop
vertex 254.18752379999978 -154.34873690000032 1.6
vertex 253.10628721439514 -156.04852349876694 1.6
vertex 253.05199047803137 -156.13388212060482 1.6
endloop
endfacet
facet normal 0 0 -1
outer loop
vertex 254.18752379999978 -154.34873690000032 1.6
vertex 253.05199047803137 -156.13388212060482 1.6
vertex 253.03365671381775 -156.1627042 1.6
endloop
endfacet
facet normal 0 0 -1
outer loop
vertex 254.18752379999978 -154.34873690000032 1.6
vertex 253.03365671381775 -156.1627042 1.6
vertex 251.80739664809434 -158.09047879999997 1.6
endloop
endfacet
facet normal 0 0 -1
outer loop
vertex 254.18752379999978 -154.34873690000032 1.6
vertex 251.80739664809434 -158.09047879999997 1.6
vertex 248.00409594999925 -164.06955835000116 1.6
endloop
endfacet
facet normal 0 0 -1
outer loop
vertex 254.18752379999978 -154.34873690000032 1.6
vertex 248.00409594999925 -164.06955835000116 1.6
vertex 248.00409595000104 -164.06955834999832 0
endloop
endfacet
facet normal 0 0 -1
outer loop
vertex 254.18752379999978 -154.34873690000032 1.6
vertex 248.00409595000104 -164.06955834999832 0
vertex 251.80739664809434 -158.09047879999994 0
endloop
endfacet
facet normal 0 0 -1
outer loop
vertex 254.18752379999978 -154.34873690000032 1.6
vertex 251.80739664809434 -158.09047879999994 0
vertex 253.03365671381772 -156.1627042 0
endloop
endfacet
facet normal 0 0 -1
outer loop
vertex 254.18752379999978 -154.34873690000032 1.6
vertex 253.03365671381772 -156.1627042 0
vertex 253.05199047803134 -156.13388212060485 0
endloop
endfacet
facet normal 0 0 -1
outer loop
vertex 254.18752379999978 -154.34873690000032 1.6
vertex 253.05199047803134 -156.13388212060485 0
vertex 253.10628721439514 -156.04852349876694 0
endloop
endfacet
facet normal 0 0 -1
outer loop
vertex 254.18752379999978 -154.34873690000032 1.6
vertex 253.10628721439514 -156.04852349876694 0
vertex 253.1944603297806 -155.9099086184538 0
endloop
endfacet
facet normal 0 0 -1
outer loop
vertex 254.18752379999978 -154.34873690000032 1.6
vertex 253.1944603297806 -155.9099086184538 0
vertex 253.31312138081157 -155.72336437177984 0
endloop
endfacet
facet normal 0 0 -1
outer loop
vertex 254.18752379999978 -154.34873690000032 1.6
vertex 253.31312138081157 -155.72336437177984 0
vertex 253.45771028984274 -155.49605954952946 0
endloop
endfacet
facet normal 0 0 -1
outer loop
vertex 254.18752379999978 -154.34873690000032 1.6
vertex 253.45771028984274 -155.49605954952946 0
vertex 253.62267058618653 -155.23672934854764 0
endloop
endfacet
facet normal 0 0 -1
outer loop
vertex 254.18752379999978 -154.34873690000032 1.6
vertex 253.62267058618653 -155.23672934854764 0
vertex 253.80166293816518 -154.95533968302416 0
endloop
endfacet
facet normal 0 0 -1
outer loop
vertex 254.18752379999978 -154.34873690000032 1.6
vertex 253.80166293816518 -154.95533968302416 0
vertex 253.98780877007212 -154.66270420000015 0
endloop
endfacet
facet normal 0 0 -1
outer loop
vertex 254.18752379999978 -154.34873690000032 1.6
vertex 253.98780877007212 -154.66270420000015 0
vertex 254.17395460197935 -154.37006871697562 0
endloop
endfacet
facet normal 0 0 -1
outer loop
vertex 254.18752379999978 -154.34873690000032 1.6
vertex 254.17395460197935 -154.37006871697562 0
vertex 254.18752379999998 -154.3487369 0
endloop
endfacet
facet normal 0.8796244284287327 -0.47566886056523117 0
outer loop
vertex 254.32215403931255 -154.09977368814745 1.6
vertex 254.18752379999978 -154.34873690000032 1.6
vertex 254.18752379999998 -154.3487369 0
endloop
endfacet
facet normal 0.8796244284287327 -0.47566886056523117 0
outer loop
vertex 254.32215403931255 -154.09977368814745 1.6
vertex 254.18752379999998 -154.3487369 0
vertex 254.32215403931238 -154.0997736881478 0
endloop
endfacet
facet normal 0 0 -1
outer loop
vertex 254.42029336121104 -153.83429687357207 1.6
vertex 254.32625541488355 -154.0886790514524 1.6
vertex 254.32215403931255 -154.09977368814745 1.6
endloop
endfacet
facet normal 0 0 -1
outer loop
vertex 254.42029336121104 -153.83429687357207 1.6
vertex 254.32215403931255 -154.09977368814745 1.6
vertex 254.32215403931238 -154.0997736881478 0
endloop
endfacet
facet normal 0 0 -1
outer loop
vertex 254.42029336121104 -153.83429687357207 1.6
vertex 254.32215403931238 -154.0997736881478 0
vertex 254.32625541488355 -154.08867905145226 0
endloop
endfacet
facet normal 0 0 -1
outer loop
vertex 254.42029336121104 -153.83429687357207 1.6
vertex 254.32625541488355 -154.08867905145226 0
vertex 254.42029336121104 -153.83429687357196 0
endloop
endfacet
facet normal 0 0 1
outer loop
vertex 254.4799743984454 -153.55762479443402 1.6
vertex 254.47039270898193 -153.6020440282201 1.6
vertex 254.42136070111707 -153.82934885047078 1.6
endloop
endfacet
facet normal 0 0 1
outer loop
vertex 254.4799743984454 -153.55762479443402 1.6
vertex 254.42136070111707 -153.82934885047078 1.6
vertex 254.42029336121104 -153.83429687357207 1.6
endloop
endfacet
facet normal 0 0 1
outer loop
vertex 254.4799743984454 -153.55762479443402 1.6
vertex 254.42029336121104 -153.83429687357207 1.6
vertex 254.42029336121104 -153.83429687357196 0
endloop
endfacet
facet normal 0 0 1
outer loop
vertex 254.4799743984454 -153.55762479443402 1.6
vertex 254.42029336121104 -153.83429687357196 0
vertex 254.42136070111698 -153.82934885047095 0
endloop
endfacet
facet normal 0 0 1
outer loop
vertex 254.4799743984454 -153.55762479443402 1.6
vertex 254.42136070111698 -153.82934885047095 0
vertex 254.47039270898193 -153.60204402822004 0
endloop
endfacet
facet normal 0 0 1
outer loop
vertex 254.4799743984454 -153.55762479443402 1.6
vertex 254.47039270898193 -153.60204402822004 0
vertex 254.4799743984454 -153.5576247944339 0
endloop
endfacet
facet normal 0 0 1
outer loop
vertex 254.5000019 -153.27529844999987 1.6
vertex 254.4998893612477 -153.27688490123302 1.6
vertex 254.49005637971518 -153.4154997815463 1.6
endloop
endfacet
facet normal 0 0 1
outer loop
vertex 254.5000019 -153.27529844999987 1.6
vertex 254.49005637971518 -153.4154997815463 1.6
vertex 254.4799743984454 -153.55762479443402 1.6
endloop
endfacet
facet normal 0 0 1
outer loop
vertex 254.5000019 -153.27529844999987 1.6
vertex 254.4799743984454 -153.55762479443402 1.6
vertex 254.4799743984454 -153.5576247944339 0
endloop
endfacet
facet normal 0 0 1
outer loop
vertex 254.5000019 -153.27529844999987 1.6
vertex 254.4799743984454 -153.5576247944339 0
vertex 254.49005637971518 -153.41549978154626 0
endloop
endfacet
facet normal 0 0 1
outer loop
vertex 254.5000019 -153.27529844999987 1.6
vertex 254.49005637971518 -153.41549978154626 0
vertex 254.4998893612477 -153.27688490123305 0
endloop
endfacet
facet normal 0 0 1
outer loop
vertex 254.5000019 -153.27529844999987 1.6
vertex 254.4998893612477 -153.27688490123305 0
vertex 254.5000019 -153.27529844999984 0
endloop
endfacet
facet normal 0 0 -1
outer loop
vertex 254.5 -105.85749999999985 1.6
vertex 254.50000023640914 -111.7575 1.6
vertex 254.50000025013287 -112.1 1.6
endloop
endfacet
facet normal 0 0 -1
outer loop
vertex 254.5 -105.85749999999985 1.6
vertex 254.50000025013287 -112.1 1.6
vertex 254.500000364631 -114.9575 1.6
endloop
endfacet
facet normal 0 0 -1
outer loop
vertex 254.5 -105.85749999999985 1.6
vertex 254.500000364631 -114.9575 1.6
vertex 254.50000091758793 -128.7575 1.6
endloop
endfacet
facet normal 0 0 -1
outer loop
vertex 254.5 -105.85749999999985 1.6
vertex 254.50000091758793 -128.7575 1.6
vertex 254.5000009313117 -129.1 1.6
endloop
endfacet
facet normal 0 0 -1
outer loop
vertex 254.5 -105.85749999999985 1.6
vertex 254.5000009313117 -129.1 1.6
vertex 254.50000104580982 -131.9575 1.6
endloop
endfacet
facet normal 0 0 -1
outer loop
vertex 254.5 -105.85749999999985 1.6
vertex 254.50000104580982 -131.9575 1.6
vertex 254.50000159876674 -145.7575 1.6
endloop
endfacet
facet normal 0 0 -1
outer loop
vertex 254.5 -105.85749999999985 1.6
vertex 254.50000159876674 -145.7575 1.6
vertex 254.50000177096476 -150.055 1.6
endloop
endfacet
facet normal 0 0 -1
outer loop
vertex 254.5 -105.85749999999985 1.6
vertex 254.50000177096476 -150.055 1.6
vertex 254.50000181515207 -151.1577716 1.6
endloop
endfacet
facet normal 0 0 -1
outer loop
vertex 254.5 -105.85749999999985 1.6
vertex 254.50000181515207 -151.1577716 1.6
vertex 254.50000189548842 -153.1627042 1.6
endloop
endfacet
facet normal 0 0 -1
outer loop
vertex 254.5 -105.85749999999985 1.6
vertex 254.50000189548842 -153.1627042 1.6
vertex 254.5000018966433 -153.19152627939516 1.6
endloop
endfacet
facet normal 0 0 -1
outer loop
vertex 254.5 -105.85749999999985 1.6
vertex 254.5000018966433 -153.19152627939516 1.6
vertex 254.5000019 -153.27529844999987 1.6
endloop
endfacet
facet normal 0 0 -1
outer loop
vertex 254.5 -105.85749999999985 1.6
vertex 254.5000019 -153.27529844999987 1.6
vertex 254.5000019 -153.27529844999984 0
endloop
endfacet
facet normal 0 0 -1
outer loop
vertex 254.5 -105.85749999999985 1.6
vertex 254.5000019 -153.27529844999984 0
vertex 254.5000018966433 -153.19152627939516 0
endloop
endfacet
facet normal 0 0 -1
outer loop
vertex 254.5 -105.85749999999985 1.6
vertex 254.5000018966433 -153.19152627939516 0
vertex 254.50000189548842 -153.1627042 0
endloop
endfacet
facet normal 0 0 -1
outer loop
vertex 254.5 -105.85749999999985 1.6
vertex 254.50000189548842 -153.1627042 0
vertex 254.50000181515207 -151.1577716 0
endloop
endfacet
facet normal 0 0 -1
outer loop
vertex 254.5 -105.85749999999985 1.6
vertex 254.50000181515207 -151.1577716 0
vertex 254.50000177096476 -150.055 0
endloop
endfacet
facet normal 0 0 -1
outer loop
vertex 254.5 -105.85749999999985 1.6
vertex 254.50000177096476 -150.055 0
vertex 254.50000159876674 -145.7575 0
endloop
endfacet
facet normal 0 0 -1
outer loop
vertex 254.5 -105.85749999999985 1.6
vertex 254.50000159876674 -145.7575 0
vertex 254.50000104580982 -131.9575 0
endloop
endfacet
facet normal 0 0 -1
outer loop
vertex 254.5 -105.85749999999985 1.6
vertex 254.50000104580982 -131.9575 0
vertex 254.5000009313117 -129.1 0
endloop
endfacet
facet normal 0 0 -1
outer loop
vertex 254.5 -105.85749999999985 1.6
vertex 254.5000009313117 -129.1 0
vertex 254.50000091758793 -128.7575 0
endloop
endfacet
facet normal 0 0 -1
outer loop
vertex 254.5 -105.85749999999985 1.6
vertex 254.50000091758793 -128.7575 0
vertex 254.500000364631 -114.9575 0
endloop
endfacet
facet normal 0 0 -1
outer loop
vertex 254.5 -105.85749999999985 1.6
vertex 254.500000364631 -114.9575 0
vertex 254.50000025013287 -112.1 0
endloop
endfacet
facet normal 0 0 -1
outer loop
vertex 254.5 -105.85749999999985 1.6
vertex 254.50000025013287 -112.1 0
vertex 254.50000023640914 -111.7575 0
endloop
endfacet
facet normal 0 0 -1
outer loop
vertex 254.5 -105.85749999999985 1.6
vertex 254.50000023640914 -111.7575 0
vertex 254.5 -105.8574999999999 0
endloop
endfacet
facet normal 0.9961946980917409 0.08715574274771135 0
outer loop
vertex 254.46961550602444 -105.51020364466636 1.6
vertex 254.5 -105.85749999999985 1.6
vertex 254.5 -105.8574999999999 0
endloop
endfacet
facet normal 0.9961946980917409 0.08715574274771135 0
outer loop
vertex 254.46961550602444 -105.51020364466636 1.6
vertex 254.5 -105.8574999999999 0
vertex 254.4696155060244 -105.51020364466605 0
endloop
endfacet
facet normal 0.9659258262890631 0.2588190451025404 0
outer loop
vertex 254.37938524157173 -105.17345971334848 1.6
vertex 254.46961550602444 -105.51020364466636 1.6
vertex 254.4696155060244 -105.51020364466605 0
endloop
endfacet
facet normal 0.9659258262890631 0.2588190451025404 0
outer loop
vertex 254.37938524157173 -105.17345971334848 1.6
vertex 254.4696155060244 -105.51020364466605 0
vertex 254.3793852415719 -105.1734597133489 0
endloop
endfacet
facet normal 0.9063077870366524 0.4226182617406946 0
outer loop
vertex 254.23205080756892 -104.8575000000001 1.6
vertex 254.37938524157173 -105.17345971334848 1.6
vertex 254.3793852415719 -105.1734597133489 0
endloop
endfacet
facet normal 0.9063077870366524 0.4226182617406946 0
outer loop
vertex 254.23205080756892 -104.8575000000001 1.6
vertex 254.3793852415719 -105.1734597133489 0
vertex 254.23205080756884 -104.85749999999997 0
endloop
endfacet
facet normal 0.8191520442889642 0.5735764363510858 0
outer loop
vertex 254.0320888862379 -104.57192478062687 1.6
vertex 254.23205080756892 -104.8575000000001 1.6
vertex 254.23205080756884 -104.85749999999997 0
endloop
endfacet
facet normal 0.8191520442889642 0.5735764363510858 0
outer loop
vertex 254.0320888862379 -104.57192478062687 1.6
vertex 254.23205080756884 -104.85749999999997 0
vertex 254.03208888623791 -104.5719247806269 0
endloop
endfacet
facet normal 0.7071067811865688 0.7071067811865261 0
outer loop
vertex 253.78557521937307 -104.32541111376203 1.6
vertex 254.0320888862379 -104.57192478062687 1.6
vertex 254.03208888623791 -104.5719247806269 0
endloop
endfacet
facet normal 0.7071067811865688 0.7071067811865261 0
outer loop
vertex 253.78557521937307 -104.32541111376203 1.6
vertex 254.03208888623791 -104.5719247806269 0
vertex 253.78557521937307 -104.32541111376204 0
endloop
endfacet
facet normal 0.573576436351068 0.8191520442889765 0
outer loop
vertex 253.50000000000006 -104.12544919243115 1.6
vertex 253.78557521937307 -104.32541111376203 1.6
vertex 253.78557521937307 -104.32541111376204 0
endloop
endfacet
facet normal 0.573576436351068 0.8191520442889765 0
outer loop
vertex 253.50000000000006 -104.12544919243115 1.6
vertex 253.78557521937307 -104.32541111376204 0
vertex 253.50000000000003 -104.12544919243113 0
endloop
endfacet
facet normal 0.42261826174066613 0.9063077870366655 0
outer loop
vertex 253.18404028665134 -103.97811475842819 1.6
vertex 253.50000000000006 -104.12544919243115 1.6
vertex 253.50000000000003 -104.12544919243113 0
endloop
endfacet
facet normal 0.42261826174066613 0.9063077870366655 0
outer loop
vertex 253.18404028665134 -103.97811475842819 1.6
vertex 253.50000000000003 -104.12544919243113 0
vertex 253.1840402866513 -103.97811475842818 0
endloop
endfacet
facet normal 0.2588190451025271 0.9659258262890666 0
outer loop
vertex 252.84729635533387 -103.88788449397559 1.6
vertex 253.18404028665134 -103.97811475842819 1.6
vertex 253.1840402866513 -103.97811475842818 0
endloop
endfacet
facet normal 0.2588190451025271 0.9659258262890666 0
outer loop
vertex 252.84729635533387 -103.88788449397559 1.6
vertex 253.1840402866513 -103.97811475842818 0
vertex 252.847296355334 -103.88788449397562 0
endloop
endfacet
facet normal 0.08715574274765456 0.996194698091746 0
outer loop
vertex 252.5 -103.8575 1.6
vertex 252.84729635533387 -103.88788449397559 1.6
vertex 252.847296355334 -103.88788449397562 0
endloop
endfacet
facet normal 0.08715574274765456 0.996194698091746 0
outer loop
vertex 252.5 -103.8575 1.6
vertex 252.847296355334 -103.88788449397562 0
vertex 252.49999999999983 -103.8575 0
endloop
endfacet
facet normal 0 1 0
outer loop
vertex 252.5 -103.8575 1.6
vertex 252.49999999999983 -103.8575 0
vertex 234.5 -103.8575 0
endloop
endfacet
facet normal 0 1 0
outer loop
vertex 252.5 -103.8575 1.6
vertex 234.5 -103.8575 0
vertex 234.50000000000003 -103.8575 1.6
endloop
endfacet
facet normal 0.08715574274765456 0.996194698091746 0
outer loop
vertex 234.15270364466616 -103.82711550602441 1.6
vertex 234.50000000000003 -103.8575 1.6
vertex 234.5 -103.8575 0
endloop
endfacet
facet normal 0.08715574274765456 0.996194698091746 0
outer loop
vertex 234.15270364466616 -103.82711550602441 1.6
vertex 234.5 -103.8575 0
vertex 234.15270364466613 -103.82711550602441 0
endloop
endfacet
facet normal 0.2588190451025059 0.9659258262890723 0
outer loop
vertex 233.81595971334863 -103.73688524157181 1.6
vertex 234.15270364466616 -103.82711550602441 1.6
vertex 234.15270364466613 -103.82711550602441 0
endloop
endfacet
facet normal 0.2588190451025059 0.9659258262890723 0
outer loop
vertex 233.81595971334863 -103.73688524157181 1.6
vertex 234.15270364466613 -103.82711550602441 0
vertex 233.81595971334858 -103.73688524157178 0
endloop
endfacet
facet normal 0.4226182617406775 0.9063077870366603 0
outer loop
vertex 233.50000000000003 -103.5895508075689 1.6
vertex 233.81595971334863 -103.73688524157181 1.6
vertex 233.81595971334858 -103.73688524157178 0
endloop
endfacet
facet normal 0.4226182617406775 0.9063077870366603 0
outer loop
vertex 233.50000000000003 -103.5895508075689 1.6
vertex 233.81595971334858 -103.73688524157178 0
vertex 233.50000000000006 -103.58955080756893 0
endloop
endfacet
facet normal 0.5735764363510599 0.8191520442889821 0
outer loop
vertex 233.21442478062698 -103.389588886238 1.6
vertex 233.50000000000003 -103.5895508075689 1.6
vertex 233.50000000000006 -103.58955080756893 0
endloop
endfacet
facet normal 0.5735764363510599 0.8191520442889821 0
outer loop
vertex 233.21442478062698 -103.389588886238 1.6
vertex 233.50000000000006 -103.58955080756893 0
vertex 233.21442478062704 -103.38958888623804 0
endloop
endfacet
facet normal 0.7071067811865618 0.7071067811865334 0
outer loop
vertex 232.96791111376206 -103.14307521937307 1.6
vertex 233.21442478062698 -103.389588886238 1.6
vertex 233.21442478062704 -103.38958888623804 0
endloop
endfacet
facet normal 0.7071067811865618 0.7071067811865334 0
outer loop
vertex 232.96791111376206 -103.14307521937307 1.6
vertex 233.21442478062704 -103.38958888623804 0
vertex 232.9679111137621 -103.1430752193731 0
endloop
endfacet
facet normal 0.8191520442889821 0.5735764363510599 0
outer loop
vertex 232.76794919243113 -102.8575 1.6
vertex 232.96791111376206 -103.14307521937307 1.6
vertex 232.9679111137621 -103.1430752193731 0
endloop
endfacet
facet normal 0.8191520442889821 0.5735764363510599 0
outer loop
vertex 232.76794919243113 -102.8575 1.6
vertex 232.9679111137621 -103.1430752193731 0
vertex 232.76794919243105 -102.85749999999983 0
endloop
endfacet
facet normal 0.9063077870366524 0.4226182617406946 0
outer loop
vertex 232.62061475842813 -102.54154028665123 1.6
vertex 232.76794919243113 -102.8575 1.6
vertex 232.76794919243105 -102.85749999999983 0
endloop
endfacet
facet normal 0.9063077870366524 0.4226182617406946 0
outer loop
vertex 232.62061475842813 -102.54154028665123 1.6
vertex 232.76794919243105 -102.85749999999983 0
vertex 232.62061475842816 -102.54154028665128 0
endloop
endfacet
facet normal 0.9659258262890631 0.2588190451025404 0
outer loop
vertex 232.53038449397556 -102.20479635533381 1.6
vertex 232.62061475842813 -102.54154028665123 1.6
vertex 232.62061475842816 -102.54154028665128 0
endloop
endfacet
facet normal 0.9659258262890631 0.2588190451025404 0
outer loop
vertex 232.53038449397556 -102.20479635533381 1.6
vertex 232.62061475842816 -102.54154028665128 0
vertex 232.53038449397556 -102.20479635533378 0
endloop
endfacet
facet normal 0.9961946980917434 0.08715574274768315 0
outer loop
vertex 232.5 -101.85750000000024 1.6
vertex 232.53038449397556 -102.20479635533381 1.6
vertex 232.53038449397556 -102.20479635533378 0
endloop
endfacet
facet normal 0.9961946980917434 0.08715574274768315 0
outer loop
vertex 232.5 -101.85750000000024 1.6
vertex 232.53038449397556 -102.20479635533378 0
vertex 232.5 -101.85750000000026 0
endloop
endfacet
facet normal 1 0 0
outer loop
vertex 232.5 -97.9575 0
vertex 232.5 -95.85749999999989 0
vertex 232.5 -95.85749999999993 1.6
endloop
endfacet
facet normal 1 0 0
outer loop
vertex 232.5 -97.9575 0
vertex 232.5 -95.85749999999993 1.6
vertex 232.5 -97.9575 1.6
endloop
endfacet
facet normal 1 0 0
outer loop
vertex 232.5 -97.9575 0
vertex 232.5 -97.9575 1.6
vertex 232.5 -101.85750000000024 1.6
endloop
endfacet
facet normal 1 0 0
outer loop
vertex 232.5 -97.9575 0
vertex 232.5 -101.85750000000024 1.6
vertex 232.5 -101.85750000000026 0
endloop
endfacet
facet normal 0.9961946980917434 0.08715574274768315 0
outer loop
vertex 232.48480775301223 -95.68385182233318 1.6
vertex 232.5 -95.85749999999993 1.6
vertex 232.5 -95.85749999999989 0
endloop
endfacet
facet normal 0.9961946980917434 0.08715574274768315 0
outer loop
vertex 232.48480775301223 -95.68385182233318 1.6
vertex 232.5 -95.85749999999989 0
vertex 232.48480775301223 -95.6838518223332 0
endloop
endfacet
facet normal 0.9659258262890627 0.25881904510254217 0
outer loop
vertex 232.43969262078593 -95.5154798566744 1.6
vertex 232.48480775301223 -95.68385182233318 1.6
vertex 232.48480775301223 -95.6838518223332 0
endloop
endfacet
facet normal 0.9659258262890627 0.25881904510254217 0
outer loop
vertex 232.43969262078593 -95.5154798566744 1.6
vertex 232.48480775301223 -95.6838518223332 0
vertex 232.4396926207859 -95.51547985667432 0
endloop
endfacet
facet normal 0.9063077870366791 0.42261826174063705 0
outer loop
vertex 232.36602540378445 -95.3575 1.6
vertex 232.43969262078593 -95.5154798566744 1.6
vertex 232.4396926207859 -95.51547985667432 0
endloop
endfacet
facet normal 0.9063077870366791 0.42261826174063705 0
outer loop
vertex 232.36602540378445 -95.3575 1.6
vertex 232.4396926207859 -95.51547985667432 0
vertex 232.36602540378448 -95.35750000000003 0
endloop
endfacet
facet normal 0.8191520442889413 0.5735764363511181 0
outer loop
vertex 232.26604444311891 -95.21471239031338 1.6
vertex 232.36602540378445 -95.3575 1.6
vertex 232.36602540378448 -95.35750000000003 0
endloop
endfacet
facet normal 0.8191520442889413 0.5735764363511181 0
outer loop
vertex 232.26604444311891 -95.21471239031338 1.6
vertex 232.36602540378448 -95.35750000000003 0
vertex 232.26604444311894 -95.21471239031342 0
endloop
endfacet
facet normal 0 0 1
outer loop
vertex 232.1427876096866 -95.09145555688107 1.6
vertex 232.15133205280551 -95.1 1.6
vertex 232.26604444311891 -95.21471239031338 1.6
endloop
endfacet
facet normal 0 0 1
outer loop
vertex 232.1427876096866 -95.09145555688107 1.6
vertex 232.26604444311891 -95.21471239031338 1.6
vertex 232.26604444311894 -95.21471239031342 0
endloop
endfacet
facet normal 0 0 1
outer loop
vertex 232.1427876096866 -95.09145555688107 1.6
vertex 232.26604444311894 -95.21471239031342 0
vertex 232.15133205280551 -95.1 0
endloop
endfacet
facet normal 0 0 1
outer loop
vertex 232.1427876096866 -95.09145555688107 1.6
vertex 232.15133205280551 -95.1 0
vertex 232.14278760968648 -95.09145555688097 0
endloop
endfacet
facet normal 0.5735764363510826 0.8191520442889663 0
outer loop
vertex 231.99999999999997 -94.99147459621555 1.6
vertex 232.1427876096866 -95.09145555688107 1.6
vertex 232.14278760968648 -95.09145555688097 0
endloop
endfacet
facet normal 0.5735764363510826 0.8191520442889663 0
outer loop
vertex 231.99999999999997 -94.99147459621555 1.6
vertex 232.14278760968648 -95.09145555688097 0
vertex 232.00000000000009 -94.99147459621561 0
endloop
endfacet
facet normal 0.4226182617406895 0.9063077870366545 0
outer loop
vertex 231.84202014332564 -94.91780737921408 1.6
vertex 231.99999999999997 -94.99147459621555 1.6
vertex 232.00000000000009 -94.99147459621561 0
endloop
endfacet
facet normal 0.4226182617406895 0.9063077870366545 0
outer loop
vertex 231.84202014332564 -94.91780737921408 1.6
vertex 232.00000000000009 -94.99147459621561 0
vertex 231.84202014332564 -94.9178073792141 0
endloop
endfacet
facet normal 0.2588190451025057 0.9659258262890724 0
outer loop
vertex 231.67364817766688 -94.87269224698778 1.6
vertex 231.84202014332564 -94.91780737921408 1.6
vertex 231.84202014332564 -94.9178073792141 0
endloop
endfacet
facet normal 0.2588190451025057 0.9659258262890724 0
outer loop
vertex 231.67364817766688 -94.87269224698778 1.6
vertex 231.84202014332564 -94.9178073792141 0
vertex 231.6736481776669 -94.8726922469878 0
endloop
endfacet
facet normal 0.08715574274765456 0.996194698091746 0
outer loop
vertex 231.5000000000001 -94.8575 1.6
vertex 231.67364817766688 -94.87269224698778 1.6
vertex 231.6736481776669 -94.8726922469878 0
endloop
endfacet
facet normal 0.08715574274765456 0.996194698091746 0
outer loop
vertex 231.5000000000001 -94.8575 1.6
vertex 231.6736481776669 -94.8726922469878 0
vertex 231.49999999999997 -94.8575 0
endloop
endfacet
facet normal 0 1 0
outer loop
vertex 231.5000000000001 -94.8575 1.6
vertex 231.49999999999997 -94.8575 0
vertex 215.50000000000014 -94.8575 0
endloop
endfacet
facet normal 0 1 0
outer loop
vertex 231.5000000000001 -94.8575 1.6
vertex 215.50000000000014 -94.8575 0
vertex 215.5 -94.8575 1.6
endloop
endfacet
facet normal 0.08715574274766881 0.9961946980917447 0
outer loop
vertex 215.32635182233307 -94.84230775301221 1.6
vertex 215.5 -94.8575 1.6
vertex 215.50000000000014 -94.8575 0
endloop
endfacet
facet normal 0.08715574274766881 0.9961946980917447 0
outer loop
vertex 215.32635182233307 -94.84230775301221 1.6
vertex 215.50000000000014 -94.8575 0
vertex 215.32635182233298 -94.8423077530122 0
endloop
endfacet
facet normal 0.25881904510251297 0.9659258262890704 0
outer loop
vertex 215.15797985667442 -94.79719262078594 1.6
vertex 215.32635182233307 -94.84230775301221 1.6
vertex 215.32635182233298 -94.8423077530122 0
endloop
endfacet
facet normal 0.25881904510251297 0.9659258262890704 0
outer loop
vertex 215.15797985667442 -94.79719262078594 1.6
vertex 215.32635182233298 -94.8423077530122 0
vertex 215.15797985667433 -94.79719262078592 0
endloop
endfacet
facet normal 0.4226182617407341 0.906307787036634 0
outer loop
vertex 215 -94.72352540378444 1.6
vertex 215.15797985667442 -94.79719262078594 1.6
vertex 215.15797985667433 -94.79719262078592 0
endloop
endfacet
facet normal 0.4226182617407341 0.906307787036634 0
outer loop
vertex 215 -94.72352540378444 1.6
vertex 215.15797985667433 -94.79719262078592 0
vertex 215.0000000000001 -94.7235254037845 0
endloop
endfacet
facet normal 0.5735764363510616 0.819152044288981 0
outer loop
vertex 214.85721239031346 -94.62354444311897 1.6
vertex 215 -94.72352540378444 1.6
vertex 215.0000000000001 -94.7235254037845 0
endloop
endfacet
facet normal 0.5735764363510616 0.819152044288981 0
outer loop
vertex 214.85721239031346 -94.62354444311897 1.6
vertex 215.0000000000001 -94.7235254037845 0
vertex 214.85721239031344 -94.62354444311894 0
endloop
endfacet
facet normal 0.7071067811865404 0.7071067811865546 0
outer loop
vertex 214.73395555688114 -94.50028760968665 1.6
vertex 214.85721239031346 -94.62354444311897 1.6
vertex 214.85721239031344 -94.62354444311894 0
endloop
endfacet
facet normal 0.7071067811865404 0.7071067811865546 0
outer loop
vertex 214.73395555688114 -94.50028760968665 1.6
vertex 214.85721239031344 -94.62354444311894 0
vertex 214.7339555568811 -94.50028760968664 0
endloop
endfacet
facet normal 0.8191520442889414 0.5735764363511181 0
outer loop
vertex 214.63397459621544 -94.3574999999998 1.6
vertex 214.73395555688114 -94.50028760968665 1.6
vertex 214.7339555568811 -94.50028760968664 0
endloop
endfacet
facet normal 0.8191520442889414 0.5735764363511181 0
outer loop
vertex 214.63397459621544 -94.3574999999998 1.6
vertex 214.7339555568811 -94.50028760968664 0
vertex 214.63397459621547 -94.35749999999987 0
endloop
endfacet
facet normal 0.9063077870366791 0.42261826174063705 0
outer loop
vertex 214.56030737921407 -94.19952014332563 1.6
vertex 214.63397459621544 -94.3574999999998 1.6
vertex 214.63397459621547 -94.35749999999987 0
endloop
endfacet
facet normal 0.9063077870366791 0.42261826174063705 0
outer loop
vertex 214.56030737921407 -94.19952014332563 1.6
vertex 214.63397459621547 -94.35749999999987 0
vertex 214.5603073792141 -94.19952014332569 0
endloop
endfacet
facet normal 0.965925826289063 0.25881904510254033 0
outer loop
vertex 214.51519224698774 -94.03114817766685 1.6
vertex 214.56030737921407 -94.19952014332563 1.6
vertex 214.5603073792141 -94.19952014332569 0
endloop
endfacet
facet normal 0.965925826289063 0.25881904510254033 0
outer loop
vertex 214.51519224698774 -94.03114817766685 1.6
vertex 214.5603073792141 -94.19952014332569 0
vertex 214.51519224698777 -94.03114817766686 0
endloop
endfacet
facet normal 0.9961946980917433 0.08715574274768283 0
outer loop
vertex 214.5 -93.85750000000041 1.6
vertex 214.51519224698774 -94.03114817766685 1.6
vertex 214.51519224698777 -94.03114817766686 0
endloop
endfacet
facet normal 0.9961946980917433 0.08715574274768283 0
outer loop
vertex 214.5 -93.85750000000041 1.6
vertex 214.51519224698777 -94.03114817766686 0
vertex 214.5 -93.85750000000024 0
endloop
endfacet
facet normal 1 0 0
outer loop
vertex 214.5 -92.99999999999976 0
vertex 214.5 -92.99999999999996 1.6
vertex 214.5 -93.85750000000041 1.6
endloop
endfacet
facet normal 1 0 0
outer loop
vertex 214.5 -92.99999999999976 0
vertex 214.5 -93.85750000000041 1.6
vertex 214.5 -93.85750000000024 0
endloop
endfacet
facet normal 0.9961946980917434 0.08715574274768315 0
outer loop
vertex 214.48480775301218 -92.82635182233304 1.6
vertex 214.5 -92.99999999999996 1.6
vertex 214.5 -92.99999999999976 0
endloop
endfacet
facet normal 0.9961946980917434 0.08715574274768315 0
outer loop
vertex 214.48480775301218 -92.82635182233304 1.6
vertex 214.5 -92.99999999999976 0
vertex 214.4848077530122 -92.82635182233314 0
endloop
endfacet
facet normal 0.9659258262890627 0.25881904510254217 0
outer loop
vertex 214.4396926207859 -92.6579798566744 1.6
vertex 214.48480775301218 -92.82635182233304 1.6
vertex 214.4848077530122 -92.82635182233314 0
endloop
endfacet
facet normal 0.9659258262890627 0.25881904510254217 0
outer loop
vertex 214.4396926207859 -92.6579798566744 1.6
vertex 214.4848077530122 -92.82635182233314 0
vertex 214.43969262078582 -92.65797985667432 0
endloop
endfacet
facet normal 0.9063077870366791 0.42261826174063705 0
outer loop
vertex 214.36602540378445 -92.50000000000014 1.6
vertex 214.4396926207859 -92.6579798566744 1.6
vertex 214.43969262078582 -92.65797985667432 0
endloop
endfacet
facet normal 0.9063077870366791 0.42261826174063705 0
outer loop
vertex 214.36602540378445 -92.50000000000014 1.6
vertex 214.43969262078582 -92.65797985667432 0
vertex 214.3660254037845 -92.5 0
endloop
endfacet
facet normal 0.8191520442889414 0.5735764363511181 0
outer loop
vertex 214.26604444311903 -92.35721239031324 1.6
vertex 214.36602540378445 -92.50000000000014 1.6
vertex 214.3660254037845 -92.5 0
endloop
endfacet
facet normal 0.8191520442889414 0.5735764363511181 0
outer loop
vertex 214.26604444311903 -92.35721239031324 1.6
vertex 214.3660254037845 -92.5 0
vertex 214.26604444311894 -92.35721239031339 0
endloop
endfacet
facet normal 0.7071067811865405 0.7071067811865547 0
outer loop
vertex 214.1427876096865 -92.23395555688106 1.6
vertex 214.26604444311903 -92.35721239031324 1.6
vertex 214.26604444311894 -92.35721239031339 0
endloop
endfacet
facet normal 0.7071067811865405 0.7071067811865547 0
outer loop
vertex 214.1427876096865 -92.23395555688106 1.6
vertex 214.26604444311894 -92.35721239031339 0
vertex 214.14278760968656 -92.23395555688107 0
endloop
endfacet
facet normal 0.5735764363510826 0.8191520442889663 0
outer loop
vertex 214.00000000000009 -92.13397459621562 1.6
vertex 214.1427876096865 -92.23395555688106 1.6
vertex 214.14278760968656 -92.23395555688107 0
endloop
endfacet
facet normal 0.5735764363510826 0.8191520442889663 0
outer loop
vertex 214.00000000000009 -92.13397459621562 1.6
vertex 214.14278760968656 -92.23395555688107 0
vertex 214.00000000000003 -92.13397459621555 0
endloop
endfacet
facet normal 0.42261826174072326 0.906307787036639 0
outer loop
vertex 213.84202014332564 -92.06030737921412 1.6
vertex 214.00000000000009 -92.13397459621562 1.6
vertex 214.00000000000003 -92.13397459621555 0
endloop
endfacet
facet normal 0.42261826174072326 0.906307787036639 0
outer loop
vertex 213.84202014332564 -92.06030737921412 1.6
vertex 214.00000000000003 -92.13397459621555 0
vertex 213.8420201433256 -92.06030737921412 0
endloop
endfacet
facet normal 0.25881904510251275 0.9659258262890704 0
outer loop
vertex 213.67364817766685 -92.01519224698777 1.6
vertex 213.84202014332564 -92.06030737921412 1.6
vertex 213.8420201433256 -92.06030737921412 0
endloop
endfacet
facet normal 0.25881904510251275 0.9659258262890704 0
outer loop
vertex 213.67364817766685 -92.01519224698777 1.6
vertex 213.8420201433256 -92.06030737921412 0
vertex 213.67364817766688 -92.01519224698777 0
endloop
endfacet
facet normal 0.08715574274766881 0.9961946980917447 0
outer loop
vertex 213.50000000000023 -92 1.6
vertex 213.67364817766685 -92.01519224698777 1.6
vertex 213.67364817766688 -92.01519224698777 0
endloop
endfacet
facet normal 0.08715574274766881 0.9961946980917447 0
outer loop
vertex 213.50000000000023 -92 1.6
vertex 213.67364817766688 -92.01519224698777 0
vertex 213.5000000000001 -92 0
endloop
endfacet
facet normal 0 1 0
outer loop
vertex 174.49999999999991 -92 1.6
vertex 174.49999999999994 -92 0
vertex 158.49999999999991 -92 0
endloop
endfacet
facet normal 0 1 0
outer loop
vertex 174.49999999999991 -92 1.6
vertex 158.49999999999991 -92 0
vertex 158.49999999999991 -92 1.6
endloop
endfacet
facet normal 0 1 0
outer loop
vertex 213.50000000000023 -92 1.6
vertex 213.5000000000001 -92 0
vertex 197.50000000000003 -92 0
endloop
endfacet
facet normal 0 1 0
outer loop
vertex 213.50000000000023 -92 1.6
vertex 197.50000000000003 -92 0
vertex 197.49999999999994 -92 1.6
endloop
endfacet
facet normal 0.08715574274766881 0.9961946980917447 0
outer loop
vertex 197.32635182233284 -91.98480775301219 1.6
vertex 197.49999999999994 -92 1.6
vertex 197.50000000000003 -92 0
endloop
endfacet
facet normal 0.08715574274766881 0.9961946980917447 0
outer loop
vertex 197.32635182233284 -91.98480775301219 1.6
vertex 197.50000000000003 -92 0
vertex 197.32635182233304 -91.9848077530122 0
endloop
endfacet
facet normal 0.2588190451025413 0.9659258262890629 0
outer loop
vertex 197.15797985667453 -91.93969262078595 1.6
vertex 197.32635182233284 -91.98480775301219 1.6
vertex 197.32635182233304 -91.9848077530122 0
endloop
endfacet
facet normal 0.2588190451025413 0.9659258262890629 0
outer loop
vertex 197.15797985667453 -91.93969262078595 1.6
vertex 197.32635182233304 -91.9848077530122 0
vertex 197.1579798566743 -91.93969262078593 0
endloop
endfacet
facet normal 0.4226182617407234 0.9063077870366388 0
outer loop
vertex 196.9999999999996 -91.86602540378432 1.6
vertex 197.15797985667453 -91.93969262078595 1.6
vertex 197.1579798566743 -91.93969262078593 0
endloop
endfacet
facet normal 0.4226182617407234 0.9063077870366388 0
outer loop
vertex 196.9999999999996 -91.86602540378432 1.6
vertex 197.1579798566743 -91.93969262078593 0
vertex 197.00000000000006 -91.86602540378439 0
endloop
endfacet
facet normal 0.573576436351072 0.8191520442889736 0
outer loop
vertex 196.8572123903138 -91.76604444311909 1.6
vertex 196.9999999999996 -91.86602540378432 1.6
vertex 197.00000000000006 -91.86602540378439 0
endloop
endfacet
facet normal 0.573576436351072 0.8191520442889736 0
outer loop
vertex 196.8572123903138 -91.76604444311909 1.6
vertex 197.00000000000006 -91.86602540378439 0
vertex 196.8572123903135 -91.7660444431191 0
endloop
endfacet
facet normal 0.7071067811865476 0.7071067811865476 0
outer loop
vertex 196.73395555688117 -91.64278760968669 1.6
vertex 196.8572123903138 -91.76604444311909 1.6
vertex 196.8572123903135 -91.7660444431191 0
endloop
endfacet
facet normal 0.7071067811865476 0.7071067811865476 0
outer loop
vertex 196.73395555688117 -91.64278760968669 1.6
vertex 196.8572123903135 -91.7660444431191 0
vertex 196.73395555688109 -91.64278760968665 0
endloop
endfacet
facet normal 0.8191520442889414 0.5735764363511181 0
outer loop
vertex 196.63397459621532 -91.49999999999987 1.6
vertex 196.73395555688117 -91.64278760968669 1.6
vertex 196.73395555688109 -91.64278760968665 0
endloop
endfacet
facet normal 0.8191520442889414 0.5735764363511181 0
outer loop
vertex 196.63397459621532 -91.49999999999987 1.6
vertex 196.73395555688109 -91.64278760968665 0
vertex 196.6339745962155 -91.49999999999974 0
endloop
endfacet
facet normal 0.9063077870366778 0.42261826174063977 0
outer loop
vertex 196.56030737921412 -91.3420201433256 1.6
vertex 196.63397459621532 -91.49999999999987 1.6
vertex 196.6339745962155 -91.49999999999974 0
endloop
endfacet
facet normal 0.9063077870366778 0.42261826174063977 0
outer loop
vertex 196.56030737921412 -91.3420201433256 1.6
vertex 196.6339745962155 -91.49999999999974 0
vertex 196.56030737921412 -91.34202014332566 0
endloop
endfacet
facet normal 0.9659258262890627 0.25881904510254217 0
outer loop
vertex 196.51519224698782 -91.17364817766693 1.6
vertex 196.56030737921412 -91.3420201433256 1.6
vertex 196.56030737921412 -91.34202014332566 0
endloop
endfacet
facet normal 0.9659258262890627 0.25881904510254217 0
outer loop
vertex 196.51519224698782 -91.17364817766693 1.6
vertex 196.56030737921412 -91.34202014332566 0
vertex 196.5151922469878 -91.17364817766703 0
endloop
endfacet
facet normal 0.9961946980917433 0.08715574274768298 0
outer loop
vertex 196.5 -90.99999999999974 1.6
vertex 196.51519224698782 -91.17364817766693 1.6
vertex 196.5151922469878 -91.17364817766703 0
endloop
endfacet
facet normal 0.9961946980917433 0.08715574274768298 0
outer loop
vertex 196.5 -90.99999999999974 1.6
vertex 196.5151922469878 -91.17364817766703 0
vertex 196.5 -90.99999999999979 0
endloop
endfacet
facet normal 1 0 0
outer loop
vertex 196.5 -90.3375 0
vertex 196.5 -88.23749999999977 0
vertex 196.5 -88.2375 1.6
endloop
endfacet
facet normal 1 0 0
outer loop
vertex 196.5 -90.3375 0
vertex 196.5 -88.2375 1.6
vertex 196.5 -90.3375 1.6
endloop
endfacet
facet normal 1 0 0
outer loop
vertex 196.5 -90.3375 0
vertex 196.5 -90.3375 1.6
vertex 196.5 -90.99999999999974 1.6
endloop
endfacet
facet normal 1 0 0
outer loop
vertex 196.5 -90.3375 0
vertex 196.5 -90.99999999999974 1.6
vertex 196.5 -90.99999999999979 0
endloop
endfacet
facet normal 0.9961946980917433 0.08715574274768298 0
outer loop
vertex 196.4848077530122 -88.06385182233308 1.6
vertex 196.5 -88.2375 1.6
vertex 196.5 -88.23749999999977 0
endloop
endfacet
facet normal 0.9961946980917433 0.08715574274768298 0
outer loop
vertex 196.4848077530122 -88.06385182233308 1.6
vertex 196.5 -88.23749999999977 0
vertex 196.48480775301223 -88.06385182233315 0
endloop
endfacet
facet normal 0.965925826289063 0.25881904510254033 0
outer loop
vertex 196.43969262078588 -87.8954798566744 1.6
vertex 196.4848077530122 -88.06385182233308 1.6
vertex 196.48480775301223 -88.06385182233315 0
endloop
endfacet
facet normal 0.965925826289063 0.25881904510254033 0
outer loop
vertex 196.43969262078588 -87.8954798566744 1.6
vertex 196.48480775301223 -88.06385182233315 0
vertex 196.43969262078596 -87.89547985667434 0
endloop
endfacet
facet normal 0.9063077870366724 0.4226182617406514 0
outer loop
vertex 196.36602540378445 -87.73750000000004 1.6
vertex 196.43969262078588 -87.8954798566744 1.6
vertex 196.43969262078596 -87.89547985667434 0
endloop
endfacet
facet normal 0.9063077870366724 0.4226182617406514 0
outer loop
vertex 196.36602540378445 -87.73750000000004 1.6
vertex 196.43969262078596 -87.89547985667434 0
vertex 196.3660254037844 -87.73750000000017 0
endloop
endfacet
facet normal 0.8191520442889414 0.5735764363511181 0
outer loop
vertex 196.26604444311897 -87.59471239031339 1.6
vertex 196.36602540378445 -87.73750000000004 1.6
vertex 196.3660254037844 -87.73750000000017 0
endloop
endfacet
facet normal 0.8191520442889414 0.5735764363511181 0
outer loop
vertex 196.26604444311897 -87.59471239031339 1.6
vertex 196.3660254037844 -87.73750000000017 0
vertex 196.2660444431189 -87.59471239031343 0
endloop
endfacet
facet normal 0.7071067811865476 0.7071067811865476 0
outer loop
vertex 196.14278760968654 -87.47145555688088 1.6
vertex 196.26604444311897 -87.59471239031339 1.6
vertex 196.2660444431189 -87.59471239031343 0
endloop
endfacet
facet normal 0.7071067811865476 0.7071067811865476 0
outer loop
vertex 196.14278760968654 -87.47145555688088 1.6
vertex 196.2660444431189 -87.59471239031343 0
vertex 196.1427876096866 -87.47145555688088 0
endloop
endfacet
facet normal 0.5735764363510745 0.819152044288972 0
outer loop
vertex 195.99999999999997 -87.37147459621563 1.6
vertex 196.14278760968654 -87.47145555688088 1.6
vertex 196.1427876096866 -87.47145555688088 0
endloop
endfacet
facet normal 0.5735764363510745 0.819152044288972 0
outer loop
vertex 195.99999999999997 -87.37147459621563 1.6
vertex 196.1427876096866 -87.47145555688088 0
vertex 196.00000000000009 -87.37147459621555 0
endloop
endfacet
facet normal 0.42261826174070105 0.9063077870366492 0
outer loop
vertex 195.84202014332567 -87.2978073792141 1.6
vertex 195.99999999999997 -87.37147459621563 1.6
vertex 196.00000000000009 -87.37147459621555 0
endloop
endfacet
facet normal 0.42261826174070105 0.9063077870366492 0
outer loop
vertex 195.84202014332567 -87.2978073792141 1.6
vertex 196.00000000000009 -87.37147459621555 0
vertex 195.8420201433256 -87.29780737921412 0
endloop
endfacet
facet normal 0.25881904510251275 0.9659258262890704 0
outer loop
vertex 195.67364817766676 -87.25269224698779 1.6
vertex 195.84202014332567 -87.2978073792141 1.6
vertex 195.8420201433256 -87.29780737921412 0
endloop
endfacet
facet normal 0.25881904510251275 0.9659258262890704 0
outer loop
vertex 195.67364817766676 -87.25269224698779 1.6
vertex 195.8420201433256 -87.29780737921412 0
vertex 195.6736481776668 -87.25269224698776 0
endloop
endfacet
facet normal 0.08715574274766881 0.9961946980917447 0
outer loop
vertex 195.50000000000014 -87.2375 1.6
vertex 195.67364817766676 -87.25269224698779 1.6
vertex 195.6736481776668 -87.25269224698776 0
endloop
endfacet
facet normal 0.08715574274766881 0.9961946980917447 0
outer loop
vertex 195.50000000000014 -87.2375 1.6
vertex 195.6736481776668 -87.25269224698776 0
vertex 195.50000000000034 -87.2375 0
endloop
endfacet
facet normal 0 1 0
outer loop
vertex 195.50000000000014 -87.2375 1.6
vertex 195.50000000000034 -87.2375 0
vertex 176.49999999999986 -87.2375 0
endloop
endfacet
facet normal 0 1 0
outer loop
vertex 195.50000000000014 -87.2375 1.6
vertex 176.49999999999986 -87.2375 0
vertex 176.5 -87.2375 1.6
endloop
endfacet
facet normal -0.08715574274768298 0.9961946980917433 0
outer loop
vertex 176.32635182233312 -87.25269224698779 1.6
vertex 176.5 -87.2375 1.6
vertex 176.49999999999986 -87.2375 0
endloop
endfacet
facet normal -0.08715574274768298 0.9961946980917433 0
outer loop
vertex 176.32635182233312 -87.25269224698779 1.6
vertex 176.49999999999986 -87.2375 0
vertex 176.32635182233318 -87.25269224698776 0
endloop
endfacet
facet normal -0.2588190451025271 0.9659258262890666 0
outer loop
vertex 176.1579798566743 -87.2978073792141 1.6
vertex 176.32635182233312 -87.25269224698779 1.6
vertex 176.32635182233318 -87.25269224698776 0
endloop
endfacet
facet normal -0.2588190451025271 0.9659258262890666 0
outer loop
vertex 176.1579798566743 -87.2978073792141 1.6
vertex 176.32635182233318 -87.25269224698776 0
vertex 176.15797985667422 -87.29780737921412 0
endloop
endfacet
facet normal -0.42261826174069467 0.9063077870366524 0
outer loop
vertex 175.99999999999983 -87.37147459621563 1.6
vertex 176.1579798566743 -87.2978073792141 1.6
vertex 176.15797985667422 -87.29780737921412 0
endloop
endfacet
facet normal -0.42261826174069467 0.9063077870366524 0
outer loop
vertex 175.99999999999983 -87.37147459621563 1.6
vertex 176.15797985667422 -87.29780737921412 0
vertex 175.99999999999997 -87.37147459621555 0
endloop
endfacet
facet normal -0.5735764363510599 0.8191520442889821 0
outer loop
vertex 175.8572123903136 -87.47145555688088 1.6
vertex 175.99999999999983 -87.37147459621563 1.6
vertex 175.99999999999997 -87.37147459621555 0
endloop
endfacet
facet normal -0.5735764363510599 0.8191520442889821 0
outer loop
vertex 175.8572123903136 -87.47145555688088 1.6
vertex 175.99999999999997 -87.37147459621555 0
vertex 175.85721239031363 -87.47145555688088 0
endloop
endfacet
facet normal -0.7071067811865476 0.7071067811865476 0
outer loop
vertex 175.73395555688109 -87.59471239031339 1.6
vertex 175.8572123903136 -87.47145555688088 1.6
vertex 175.85721239031363 -87.47145555688088 0
endloop
endfacet
facet normal -0.7071067811865476 0.7071067811865476 0
outer loop
vertex 175.73395555688109 -87.59471239031339 1.6
vertex 175.85721239031363 -87.47145555688088 0
vertex 175.73395555688109 -87.59471239031343 0
endloop
endfacet
facet normal -0.8191520442889414 0.5735764363511181 0
outer loop
vertex 175.63397459621552 -87.73750000000004 1.6
vertex 175.73395555688109 -87.59471239031339 1.6
vertex 175.73395555688109 -87.59471239031343 0
endloop
endfacet
facet normal -0.8191520442889414 0.5735764363511181 0
outer loop
vertex 175.63397459621552 -87.73750000000004 1.6
vertex 175.73395555688109 -87.59471239031343 0
vertex 175.63397459621547 -87.73750000000017 0
endloop
endfacet
facet normal -0.9063077870366791 0.42261826174063705 0
outer loop
vertex 175.56030737921407 -87.8954798566744 1.6
vertex 175.63397459621552 -87.73750000000004 1.6
vertex 175.63397459621547 -87.73750000000017 0
endloop
endfacet
facet normal -0.9063077870366791 0.42261826174063705 0
outer loop
vertex 175.56030737921407 -87.8954798566744 1.6
vertex 175.63397459621547 -87.73750000000017 0
vertex 175.5603073792141 -87.89547985667434 0
endloop
endfacet
facet normal -0.9659258262890631 0.2588190451025404 0
outer loop
vertex 175.5151922469878 -88.06385182233308 1.6
vertex 175.56030737921407 -87.8954798566744 1.6
vertex 175.5603073792141 -87.89547985667434 0
endloop
endfacet
facet normal -0.9659258262890631 0.2588190451025404 0
outer loop
vertex 175.5151922469878 -88.06385182233308 1.6
vertex 175.5603073792141 -87.89547985667434 0
vertex 175.51519224698777 -88.06385182233315 0
endloop
endfacet
facet normal -0.9961946980917434 0.087155742747683 0
outer loop
vertex 175.5 -88.2375 1.6
vertex 175.5151922469878 -88.06385182233308 1.6
vertex 175.51519224698777 -88.06385182233315 0
endloop
endfacet
facet normal -0.9961946980917434 0.087155742747683 0
outer loop
vertex 175.5 -88.2375 1.6
vertex 175.51519224698777 -88.06385182233315 0
vertex 175.5 -88.23749999999977 0
endloop
endfacet
facet normal -1 0 0
outer loop
vertex 175.5 -90.3375 1.6
vertex 175.5 -88.2375 1.6
vertex 175.5 -88.23749999999977 0
endloop
endfacet
facet normal -1 0 0
outer loop
vertex 175.5 -90.3375 1.6
vertex 175.5 -88.23749999999977 0
vertex 175.5 -90.3375 0
endloop
endfacet
facet normal -1 0 0
outer loop
vertex 175.5 -90.3375 1.6
vertex 175.5 -90.3375 0
vertex 175.5 -90.99999999999979 0
endloop
endfacet
facet normal -1 0 0
outer loop
vertex 175.5 -90.3375 1.6
vertex 175.5 -90.99999999999979 0
vertex 175.5 -90.99999999999974 1.6
endloop
endfacet
facet normal -0.9961946980917433 0.087155742747683 0
outer loop
vertex 175.48480775301218 -91.17364817766693 1.6
vertex 175.5 -90.99999999999974 1.6
vertex 175.5 -90.99999999999979 0
endloop
endfacet
facet normal -0.9961946980917433 0.087155742747683 0
outer loop
vertex 175.48480775301218 -91.17364817766693 1.6
vertex 175.5 -90.99999999999979 0
vertex 175.48480775301218 -91.17364817766703 0
endloop
endfacet
facet normal -0.9659258262890631 0.2588190451025404 0
outer loop
vertex 175.43969262078593 -91.3420201433256 1.6
vertex 175.48480775301218 -91.17364817766693 1.6
vertex 175.48480775301218 -91.17364817766703 0
endloop
endfacet
facet normal -0.9659258262890631 0.2588190451025404 0
outer loop
vertex 175.43969262078593 -91.3420201433256 1.6
vertex 175.48480775301218 -91.17364817766703 0
vertex 175.4396926207859 -91.34202014332566 0
endloop
endfacet
facet normal -0.9063077870366791 0.42261826174063705 0
outer loop
vertex 175.3660254037845 -91.49999999999987 1.6
vertex 175.43969262078593 -91.3420201433256 1.6
vertex 175.4396926207859 -91.34202014332566 0
endloop
endfacet
facet normal -0.9063077870366791 0.42261826174063705 0
outer loop
vertex 175.3660254037845 -91.49999999999987 1.6
vertex 175.4396926207859 -91.34202014332566 0
vertex 175.36602540378456 -91.49999999999974 0
endloop
endfacet
facet normal -0.8191520442889414 0.5735764363511181 0
outer loop
vertex 175.26604444311883 -91.64278760968669 1.6
vertex 175.3660254037845 -91.49999999999987 1.6
vertex 175.36602540378456 -91.49999999999974 0
endloop
endfacet
facet normal -0.8191520442889414 0.5735764363511181 0
outer loop
vertex 175.26604444311883 -91.64278760968669 1.6
vertex 175.36602540378456 -91.49999999999974 0
vertex 175.26604444311883 -91.64278760968665 0
endloop
endfacet
facet normal -0.7071067811865476 0.7071067811865476 0
outer loop
vertex 175.14278760968642 -91.76604444311909 1.6
vertex 175.26604444311883 -91.64278760968669 1.6
vertex 175.26604444311883 -91.64278760968665 0
endloop
endfacet
facet normal -0.7071067811865476 0.7071067811865476 0
outer loop
vertex 175.14278760968642 -91.76604444311909 1.6
vertex 175.26604444311883 -91.64278760968665 0
vertex 175.1427876096864 -91.7660444431191 0
endloop
endfacet
facet normal -0.5735764363510599 0.819152044288982 0
outer loop
vertex 175.00000000000023 -91.86602540378432 1.6
vertex 175.14278760968642 -91.76604444311909 1.6
vertex 175.1427876096864 -91.7660444431191 0
endloop
endfacet
facet normal -0.5735764363510599 0.819152044288982 0
outer loop
vertex 175.00000000000023 -91.86602540378432 1.6
vertex 175.1427876096864 -91.7660444431191 0
vertex 175.00000000000009 -91.86602540378439 0
endloop
endfacet
facet normal -0.42261826174069467 0.9063077870366523 0
outer loop
vertex 174.84202014332558 -91.93969262078595 1.6
vertex 175.00000000000023 -91.86602540378432 1.6
vertex 175.00000000000009 -91.86602540378439 0
endloop
endfacet
facet normal -0.42261826174069467 0.9063077870366523 0
outer loop
vertex 174.84202014332558 -91.93969262078595 1.6
vertex 175.00000000000009 -91.86602540378439 0
vertex 174.8420201433256 -91.93969262078593 0
endloop
endfacet
facet normal -0.25881904510254217 0.9659258262890627 0
outer loop
vertex 174.67364817766708 -91.98480775301219 1.6
vertex 174.84202014332558 -91.93969262078595 1.6
vertex 174.8420201433256 -91.93969262078593 0
endloop
endfacet
facet normal -0.25881904510254217 0.9659258262890627 0
outer loop
vertex 174.67364817766708 -91.98480775301219 1.6
vertex 174.8420201433256 -91.93969262078593 0
vertex 174.67364817766696 -91.9848077530122 0
endloop
endfacet
facet normal -0.08715574274765463 0.9961946980917459 0
outer loop
vertex 174.49999999999991 -92 1.6
vertex 174.67364817766708 -91.98480775301219 1.6
vertex 174.67364817766696 -91.9848077530122 0
endloop
endfacet
facet normal -0.08715574274765463 0.9961946980917459 0
outer loop
vertex 174.49999999999991 -92 1.6
vertex 174.67364817766696 -91.9848077530122 0
vertex 174.49999999999994 -92 0
endloop
endfacet
facet normal -0.08715574274766874 0.9961946980917448 0
outer loop
vertex 158.32635182233324 -92.01519224698777 1.6
vertex 158.49999999999991 -92 1.6
vertex 158.49999999999991 -92 0
endloop
endfacet
facet normal -0.08715574274766874 0.9961946980917448 0
outer loop
vertex 158.32635182233324 -92.01519224698777 1.6
vertex 158.49999999999991 -92 0
vertex 158.32635182233324 -92.01519224698777 0
endloop
endfacet
facet normal -0.2588190451025271 0.9659258262890666 0
outer loop
vertex 158.1579798566743 -92.06030737921412 1.6
vertex 158.32635182233324 -92.01519224698777 1.6
vertex 158.32635182233324 -92.01519224698777 0
endloop
endfacet
facet normal -0.2588190451025271 0.9659258262890666 0
outer loop
vertex 158.1579798566743 -92.06030737921412 1.6
vertex 158.32635182233324 -92.01519224698777 0
vertex 158.15797985667427 -92.06030737921412 0
endloop
endfacet
facet normal -0.42261826174069467 0.9063077870366524 0
outer loop
vertex 157.99999999999991 -92.13397459621562 1.6
vertex 158.1579798566743 -92.06030737921412 1.6
vertex 158.15797985667427 -92.06030737921412 0
endloop
endfacet
facet normal -0.42261826174069467 0.9063077870366524 0
outer loop
vertex 157.99999999999991 -92.13397459621562 1.6
vertex 158.15797985667427 -92.06030737921412 0
vertex 158.00000000000003 -92.13397459621555 0
endloop
endfacet
facet normal -0.5735764363510599 0.8191520442889821 0
outer loop
vertex 157.8572123903134 -92.23395555688106 1.6
vertex 157.99999999999991 -92.13397459621562 1.6
vertex 158.00000000000003 -92.13397459621555 0
endloop
endfacet
facet normal -0.5735764363510599 0.8191520442889821 0
outer loop
vertex 157.8572123903134 -92.23395555688106 1.6
vertex 158.00000000000003 -92.13397459621555 0
vertex 157.8572123903134 -92.23395555688107 0
endloop
endfacet
facet normal -0.7071067811865547 0.7071067811865405 0
outer loop
vertex 157.73395555688123 -92.35721239031324 1.6
vertex 157.8572123903134 -92.23395555688106 1.6
vertex 157.8572123903134 -92.23395555688107 0
endloop
endfacet
facet normal -0.7071067811865547 0.7071067811865405 0
outer loop
vertex 157.73395555688123 -92.35721239031324 1.6
vertex 157.8572123903134 -92.23395555688107 0
vertex 157.73395555688109 -92.35721239031339 0
endloop
endfacet
facet normal -0.8191520442889414 0.5735764363511181 0
outer loop
vertex 157.6339745962155 -92.50000000000014 1.6
vertex 157.73395555688123 -92.35721239031324 1.6
vertex 157.73395555688109 -92.35721239031339 0
endloop
endfacet
facet normal -0.8191520442889414 0.5735764363511181 0
outer loop
vertex 157.6339745962155 -92.50000000000014 1.6
vertex 157.73395555688109 -92.35721239031339 0
vertex 157.63397459621555 -92.5 0
endloop
endfacet
facet normal -0.9063077870366791 0.42261826174063705 0
outer loop
vertex 157.56030737921407 -92.6579798566744 1.6
vertex 157.6339745962155 -92.50000000000014 1.6
vertex 157.63397459621555 -92.5 0
endloop
endfacet
facet normal -0.9063077870366791 0.42261826174063705 0
outer loop
vertex 157.56030737921407 -92.6579798566744 1.6
vertex 157.63397459621555 -92.5 0
vertex 157.5603073792141 -92.65797985667432 0
endloop
endfacet
facet normal -0.9659258262890631 0.2588190451025404 0
outer loop
vertex 157.5151922469878 -92.82635182233304 1.6
vertex 157.56030737921407 -92.6579798566744 1.6
vertex 157.5603073792141 -92.65797985667432 0
endloop
endfacet
facet normal -0.9659258262890631 0.2588190451025404 0
outer loop
vertex 157.5151922469878 -92.82635182233304 1.6
vertex 157.5603073792141 -92.65797985667432 0
vertex 157.51519224698777 -92.82635182233314 0
endloop
endfacet
facet normal -0.9961946980917433 0.08715574274768298 0
outer loop
vertex 157.5 -92.99999999999996 1.6
vertex 157.5151922469878 -92.82635182233304 1.6
vertex 157.51519224698777 -92.82635182233314 0
endloop
endfacet
facet normal -0.9961946980917433 0.08715574274768298 0
outer loop
vertex 157.5 -92.99999999999996 1.6
vertex 157.51519224698777 -92.82635182233314 0
vertex 157.5 -92.99999999999976 0
endloop
endfacet
facet normal -1 0 0
outer loop
vertex 157.5 -95.1 1.6
vertex 157.5 -92.99999999999996 1.6
vertex 157.5 -92.99999999999976 0
endloop
endfacet
facet normal -1 0 0
outer loop
vertex 157.5 -95.1 1.6
vertex 157.5 -92.99999999999976 0
vertex 157.5 -95.1 0
endloop
endfacet
facet normal -1 0 0
outer loop
vertex 157.5 -95.1 1.6
vertex 157.5 -95.1 0
vertex 157.5 -105.00000000000011 0
endloop
endfacet
facet normal -1 0 0
outer loop
vertex 157.5 -95.1 1.6
vertex 157.5 -105.00000000000011 0
vertex 157.5 -105.00000000000013 1.6
endloop
endfacet
facet normal -0.9961946980917434 0.087155742747683 0
outer loop
vertex 157.4848077530122 -105.17364817766698 1.6
vertex 157.5 -105.00000000000013 1.6
vertex 157.5 -105.00000000000011 0
endloop
endfacet
facet normal -0.9961946980917434 0.087155742747683 0
outer loop
vertex 157.4848077530122 -105.17364817766698 1.6
vertex 157.5 -105.00000000000011 0
vertex 157.4848077530122 -105.17364817766709 0
endloop
endfacet
facet normal -0.9659258262890631 0.2588190451025404 0
outer loop
vertex 157.4396926207859 -105.3420201433257 1.6
vertex 157.4848077530122 -105.17364817766698 1.6
vertex 157.4848077530122 -105.17364817766709 0
endloop
endfacet
facet normal -0.9659258262890631 0.2588190451025404 0
outer loop
vertex 157.4396926207859 -105.3420201433257 1.6
vertex 157.4848077530122 -105.17364817766709 0
vertex 157.439692620786 -105.34202014332556 0
endloop
endfacet
facet normal -0.9063077870366791 0.42261826174063705 0
outer loop
vertex 157.36602540378448 -105.49999999999997 1.6
vertex 157.4396926207859 -105.3420201433257 1.6
vertex 157.439692620786 -105.34202014332556 0
endloop
endfacet
facet normal -0.9063077870366791 0.42261826174063705 0
outer loop
vertex 157.36602540378448 -105.49999999999997 1.6
vertex 157.439692620786 -105.34202014332556 0
vertex 157.3660254037846 -105.49999999999977 0
endloop
endfacet
facet normal -0.8191520442889414 0.5735764363511181 0
outer loop
vertex 157.266044443119 -105.6427876096865 1.6
vertex 157.36602540378448 -105.49999999999997 1.6
vertex 157.3660254037846 -105.49999999999977 0
endloop
endfacet
facet normal -0.8191520442889414 0.5735764363511181 0
outer loop
vertex 157.266044443119 -105.6427876096865 1.6
vertex 157.3660254037846 -105.49999999999977 0
vertex 157.26604444311886 -105.64278760968666 0
endloop
endfacet
facet normal -0.7071067811865476 0.7071067811865476 0
outer loop
vertex 157.1427876096865 -105.766044443119 1.6
vertex 157.266044443119 -105.6427876096865 1.6
vertex 157.26604444311886 -105.64278760968666 0
endloop
endfacet
facet normal -0.7071067811865476 0.7071067811865476 0
outer loop
vertex 157.1427876096865 -105.766044443119 1.6
vertex 157.26604444311886 -105.64278760968666 0
vertex 157.14278760968662 -105.7660444431189 0
endloop
endfacet
facet normal -0.5735764363510599 0.8191520442889821 0
outer loop
vertex 157.00000000000006 -105.8660254037844 1.6
vertex 157.1427876096865 -105.766044443119 1.6
vertex 157.14278760968662 -105.7660444431189 0
endloop
endfacet
facet normal -0.5735764363510599 0.8191520442889821 0
outer loop
vertex 157.00000000000006 -105.8660254037844 1.6
vertex 157.14278760968662 -105.7660444431189 0
vertex 156.99999999999991 -105.86602540378448 0
endloop
endfacet
facet normal -0.42261826174069467 0.9063077870366524 0
outer loop
vertex 156.84202014332567 -105.9396926207859 1.6
vertex 157.00000000000006 -105.8660254037844 1.6
vertex 156.99999999999991 -105.86602540378448 0
endloop
endfacet
facet normal -0.42261826174069467 0.9063077870366524 0
outer loop
vertex 156.84202014332567 -105.9396926207859 1.6
vertex 156.99999999999991 -105.86602540378448 0
vertex 156.84202014332567 -105.9396926207859 0
endloop
endfacet
facet normal -0.2588190451025404 0.9659258262890631 0
outer loop
vertex 156.67364817766693 -105.9848077530122 1.6
vertex 156.84202014332567 -105.9396926207859 1.6
vertex 156.84202014332567 -105.9396926207859 0
endloop
endfacet
facet normal -0.2588190451025404 0.9659258262890631 0
outer loop
vertex 156.67364817766693 -105.9848077530122 1.6
vertex 156.84202014332567 -105.9396926207859 0
vertex 156.673648177667 -105.98480775301219 0
endloop
endfacet
facet normal -0.087155742747683 0.9961946980917434 0
outer loop
vertex 156.5 -106 1.6
vertex 156.67364817766693 -105.9848077530122 1.6
vertex 156.673648177667 -105.98480775301219 0
endloop
endfacet
facet normal -0.087155742747683 0.9961946980917434 0
outer loop
vertex 156.5 -106 1.6
vertex 156.673648177667 -105.98480775301219 0
vertex 156.4999999999999 -106 0
endloop
endfacet
facet normal 0 1 0
outer loop
vertex 156.5 -106 1.6
vertex 156.4999999999999 -106 0
vertex 140.50000000000003 -106 0
endloop
endfacet
facet normal 0 1 0
outer loop
vertex 156.5 -106 1.6
vertex 140.50000000000003 -106 0
vertex 140.49999999999994 -106 1.6
endloop
endfacet
facet normal -0.087155742747683 0.9961946980917434 0
outer loop
vertex 140.32635182233312 -106.01519224698778 1.6
vertex 140.49999999999994 -106 1.6
vertex 140.50000000000003 -106 0
endloop
endfacet
facet normal -0.087155742747683 0.9961946980917434 0
outer loop
vertex 140.32635182233312 -106.01519224698778 1.6
vertex 140.50000000000003 -106 0
vertex 140.32635182233304 -106.0151922469878 0
endloop
endfacet
facet normal -0.25881904510254033 0.965925826289063 0
outer loop
vertex 140.15797985667442 -106.06030737921408 1.6
vertex 140.32635182233312 -106.01519224698778 1.6
vertex 140.32635182233304 -106.0151922469878 0
endloop
endfacet
facet normal -0.25881904510254033 0.965925826289063 0
outer loop
vertex 140.15797985667442 -106.06030737921408 1.6
vertex 140.32635182233304 -106.0151922469878 0
vertex 140.1579798566744 -106.06030737921407 0
endloop
endfacet
facet normal -0.42261826174069467 0.9063077870366523 0
outer loop
vertex 140.00000000000009 -106.13397459621555 1.6
vertex 140.15797985667442 -106.06030737921408 1.6
vertex 140.1579798566744 -106.06030737921407 0
endloop
endfacet
facet normal -0.42261826174069467 0.9063077870366523 0
outer loop
vertex 140.00000000000009 -106.13397459621555 1.6
vertex 140.1579798566744 -106.06030737921407 0
vertex 140.00000000000014 -106.1339745962155 0
endloop
endfacet
facet normal -0.5735764363510599 0.819152044288982 0
outer loop
vertex 139.8572123903134 -106.23395555688111 1.6
vertex 140.00000000000009 -106.13397459621555 1.6
vertex 140.00000000000014 -106.1339745962155 0
endloop
endfacet
facet normal -0.5735764363510599 0.819152044288982 0
outer loop
vertex 139.8572123903134 -106.23395555688111 1.6
vertex 140.00000000000014 -106.1339745962155 0
vertex 139.8572123903134 -106.2339555568811 0
endloop
endfacet
facet normal -0.7071067811865405 0.7071067811865547 0
outer loop
vertex 139.73395555688094 -106.35721239031356 1.6
vertex 139.8572123903134 -106.23395555688111 1.6
vertex 139.8572123903134 -106.2339555568811 0
endloop
endfacet
facet normal -0.7071067811865405 0.7071067811865547 0
outer loop
vertex 139.73395555688094 -106.35721239031356 1.6
vertex 139.8572123903134 -106.2339555568811 0
vertex 139.73395555688097 -106.35721239031353 0
endloop
endfacet
facet normal -0.8191520442889414 0.5735764363511181 0
outer loop
vertex 139.6339745962156 -106.49999999999991 1.6
vertex 139.73395555688094 -106.35721239031356 1.6
vertex 139.73395555688097 -106.35721239031353 0
endloop
endfacet
facet normal -0.8191520442889414 0.5735764363511181 0
outer loop
vertex 139.6339745962156 -106.49999999999991 1.6
vertex 139.73395555688097 -106.35721239031353 0
vertex 139.63397459621555 -106.5 0
endloop
endfacet
facet normal -0.9063077870366791 0.42261826174063705 0
outer loop
vertex 139.56030737921398 -106.65797985667459 1.6
vertex 139.6339745962156 -106.49999999999991 1.6
vertex 139.63397459621555 -106.5 0
endloop
endfacet
facet normal -0.9063077870366791 0.42261826174063705 0
outer loop
vertex 139.56030737921398 -106.65797985667459 1.6
vertex 139.63397459621555 -106.5 0
vertex 139.56030737921404 -106.65797985667447 0
endloop
endfacet
facet normal -0.9659258262890627 0.25881904510254217 0
outer loop
vertex 139.51519224698782 -106.82635182233284 1.6
vertex 139.56030737921398 -106.65797985667459 1.6
vertex 139.56030737921404 -106.65797985667447 0
endloop
endfacet
facet normal -0.9659258262890627 0.25881904510254217 0
outer loop
vertex 139.51519224698782 -106.82635182233284 1.6
vertex 139.56030737921404 -106.65797985667447 0
vertex 139.51519224698785 -106.82635182233278 0
endloop
endfacet
facet normal -0.9961946980917433 0.08715574274768298 0
outer loop
vertex 139.5 -107.00000000000014 1.6
vertex 139.51519224698782 -106.82635182233284 1.6
vertex 139.51519224698785 -106.82635182233278 0
endloop
endfacet
facet normal -0.9961946980917433 0.08715574274768298 0
outer loop
vertex 139.5 -107.00000000000014 1.6
vertex 139.51519224698785 -106.82635182233278 0
vertex 139.5 -107.00000000000026 0
endloop
endfacet
facet normal -1 0 0
outer loop
vertex 139.5 -156.9 1.6
vertex 139.5 -143.1 1.6
vertex 139.5 -142.9 1.6
endloop
endfacet
facet normal -1 0 0
outer loop
vertex 139.5 -156.9 1.6
vertex 139.5 -142.9 1.6
vertex 139.5 -139.9 1.6
endloop
endfacet
facet normal -1 0 0
outer loop
vertex 139.5 -156.9 1.6
vertex 139.5 -139.9 1.6
vertex 139.5 -126.1 1.6
endloop
endfacet
facet normal -1 0 0
outer loop
vertex 139.5 -156.9 1.6
vertex 139.5 -126.1 1.6
vertex 139.5 -125.9 1.6
endloop
endfacet
facet normal -1 0 0
outer loop
vertex 139.5 -156.9 1.6
vertex 139.5 -125.9 1.6
vertex 139.5 -122.9 1.6
endloop
endfacet
facet normal -1 0 0
outer loop
vertex 139.5 -156.9 1.6
vertex 139.5 -122.9 1.6
vertex 139.5 -109.1 1.6
endloop
endfacet
facet normal -1 0 0
outer loop
vertex 139.5 -156.9 1.6
vertex 139.5 -109.1 1.6
vertex 139.5 -108.90487014185251 1.6
endloop
endfacet
facet normal -1 0 0
outer loop
vertex 139.5 -156.9 1.6
vertex 139.5 -108.90487014185251 1.6
vertex 139.5 -108.62540006363525 1.6
endloop
endfacet
facet normal -1 0 0
outer loop
vertex 139.5 -156.9 1.6
vertex 139.5 -108.62540006363525 1.6
vertex 139.5 -108.34265463783579 1.6
endloop
endfacet
facet normal -1 0 0
outer loop
vertex 139.5 -156.9 1.6
vertex 139.5 -108.34265463783579 1.6
vertex 139.5 -108.06669107782595 1.6
endloop
endfacet
facet normal -1 0 0
outer loop
vertex 139.5 -156.9 1.6
vertex 139.5 -108.06669107782595 1.6
vertex 139.5 -107.80732536700515 1.6
endloop
endfacet
facet normal -1 0 0
outer loop
vertex 139.5 -156.9 1.6
vertex 139.5 -107.80732536700515 1.6
vertex 139.5 -107.57378310570853 1.6
endloop
endfacet
facet normal -1 0 0
outer loop
vertex 139.5 -156.9 1.6
vertex 139.5 -107.57378310570853 1.6
vertex 139.5 -107.37437135795557 1.6
endloop
endfacet
facet normal -1 0 0
outer loop
vertex 139.5 -156.9 1.6
vertex 139.5 -107.37437135795557 1.6
vertex 139.5 -107.21618317039834 1.6
endloop
endfacet
facet normal -1 0 0
outer loop
vertex 139.5 -156.9 1.6
vertex 139.5 -107.21618317039834 1.6
vertex 139.5 -107.10484527369346 1.6
endloop
endfacet
facet normal -1 0 0
outer loop
vertex 139.5 -156.9 1.6
vertex 139.5 -107.10484527369346 1.6
vertex 139.5 -107.04431794051456 1.6
endloop
endfacet
facet normal -1 0 0
outer loop
vertex 139.5 -156.9 1.6
vertex 139.5 -107.04431794051456 1.6
vertex 139.5 -107.03675411923548 1.6
endloop
endfacet
facet normal -1 0 0
outer loop
vertex 139.5 -156.9 1.6
vertex 139.5 -107.03675411923548 1.6
vertex 139.5 -107.00000000000014 1.6
endloop
endfacet
facet normal -1 0 0
outer loop
vertex 139.5 -156.9 1.6
vertex 139.5 -107.00000000000014 1.6
vertex 139.5 -107.00000000000026 0
endloop
endfacet
facet normal -1 0 0
outer loop
vertex 139.5 -156.9 1.6
vertex 139.5 -107.00000000000026 0
vertex 139.5 -107.03675411923548 0
endloop
endfacet
facet normal -1 0 0
outer loop
vertex 139.5 -156.9 1.6
vertex 139.5 -107.03675411923548 0
vertex 139.5 -107.04431794051455 0
endloop
endfacet
facet normal -1 0 0
outer loop
vertex 139.5 -156.9 1.6
vertex 139.5 -107.04431794051455 0
vertex 139.5 -107.10484527369346 0
endloop
endfacet
facet normal -1 0 0
outer loop
vertex 139.5 -156.9 1.6
vertex 139.5 -107.10484527369346 0
vertex 139.5 -107.21618317039838 0
endloop
endfacet
facet normal -1 0 0
outer loop
vertex 139.5 -156.9 1.6
vertex 139.5 -107.21618317039838 0
vertex 139.5 -107.37437135795562 0
endloop
endfacet
facet normal -1 0 0
outer loop
vertex 139.5 -156.9 1.6
vertex 139.5 -107.37437135795562 0
vertex 139.5 -107.57378310570857 0
endloop
endfacet
facet normal -1 0 0
outer loop
vertex 139.5 -156.9 1.6
vertex 139.5 -107.57378310570857 0
vertex 139.5 -107.80732536700498 0
endloop
endfacet
facet normal -1 0 0
outer loop
vertex 139.5 -156.9 1.6
vertex 139.5 -107.80732536700498 0
vertex 139.5 -108.06669107782609 0
endloop
endfacet
facet normal -1 0 0
outer loop
vertex 139.5 -156.9 1.6
vertex 139.5 -108.06669107782609 0
vertex 139.5 -108.34265463783579 0
endloop
endfacet
facet normal -1 0 0
outer loop
vertex 139.5 -156.9 1.6
vertex 139.5 -108.34265463783579 0
vertex 139.5 -108.62540006363521 0
endloop
endfacet
facet normal -1 0 0
outer loop
vertex 139.5 -156.9 1.6
vertex 139.5 -108.62540006363521 0
vertex 139.5 -108.90487014185263 0
endloop
endfacet
facet normal -1 0 0
outer loop
vertex 139.5 -156.9 1.6
vertex 139.5 -108.90487014185263 0
vertex 139.5 -109.1 0
endloop
endfacet
facet normal -1 0 0
outer loop
vertex 139.5 -156.9 1.6
vertex 139.5 -109.1 0
vertex 139.5 -122.9 0
endloop
endfacet
facet normal -1 0 0
outer loop
vertex 139.5 -156.9 1.6
vertex 139.5 -122.9 0
vertex 139.5 -125.9 0
endloop
endfacet
facet normal -1 0 0
outer loop
vertex 139.5 -156.9 1.6
vertex 139.5 -125.9 0
vertex 139.5 -126.1 0
endloop
endfacet
facet normal -1 0 0
outer loop
vertex 139.5 -156.9 1.6
vertex 139.5 -126.1 0
vertex 139.5 -139.9 0
endloop
endfacet
facet normal -1 0 0
outer loop
vertex 139.5 -156.9 1.6
vertex 139.5 -139.9 0
vertex 139.5 -142.9 0
endloop
endfacet
facet normal -1 0 0
outer loop
vertex 139.5 -156.9 1.6
vertex 139.5 -142.9 0
vertex 139.5 -143.1 0
endloop
endfacet
facet normal -1 0 0
outer loop
vertex 139.5 -156.9 1.6
vertex 139.5 -143.1 0
vertex 139.5 -156.9 0
endloop
endfacet
facet normal -1 0 0
outer loop
vertex 139.5 -156.9 1.6
vertex 139.5 -156.9 0
vertex 139.5 -159.00000000000006 0
endloop
endfacet
facet normal -1 0 0
outer loop
vertex 139.5 -156.9 1.6
vertex 139.5 -159.00000000000006 0
vertex 139.5 -159.00000000000003 1.6
endloop
endfacet
facet normal -0.9961946980917434 -0.087155742747683 0
outer loop
vertex 139.5151922469878 -159.17364817766708 1.6
vertex 139.5 -159.00000000000003 1.6
vertex 139.5 -159.00000000000006 0
endloop
endfacet
facet normal -0.9961946980917434 -0.087155742747683 0
outer loop
vertex 139.5151922469878 -159.17364817766708 1.6
vertex 139.5 -159.00000000000006 0
vertex 139.5151922469878 -159.17364817766708 0
endloop
endfacet
facet normal -0.9659258262890629 -0.2588190451025413 0
outer loop
vertex 139.56030737921398 -159.3420201433254 1.6
vertex 139.5151922469878 -159.17364817766708 1.6
vertex 139.5151922469878 -159.17364817766708 0
endloop
endfacet
facet normal -0.9659258262890629 -0.2588190451025413 0
outer loop
vertex 139.56030737921398 -159.3420201433254 1.6
vertex 139.5151922469878 -159.17364817766708 0
vertex 139.560307379214 -159.34202014332547 0
endloop
endfacet
facet normal -0.9063077870366657 -0.42261826174066586 0
outer loop
vertex 139.63397459621555 -159.49999999999997 1.6
vertex 139.56030737921398 -159.3420201433254 1.6
vertex 139.560307379214 -159.34202014332547 0
endloop
endfacet
facet normal -0.9063077870366657 -0.42261826174066586 0
outer loop
vertex 139.63397459621555 -159.49999999999997 1.6
vertex 139.560307379214 -159.34202014332547 0
vertex 139.63397459621558 -159.50000000000006 0
endloop
endfacet
facet normal -0.8191520442889318 -0.5735764363511319 0
outer loop
vertex 139.73395555688106 -159.64278760968654 1.6
vertex 139.63397459621555 -159.49999999999997 1.6
vertex 139.63397459621558 -159.50000000000006 0
endloop
endfacet
facet normal -0.8191520442889318 -0.5735764363511319 0
outer loop
vertex 139.73395555688106 -159.64278760968654 1.6
vertex 139.63397459621558 -159.50000000000006 0
vertex 139.73395555688103 -159.64278760968654 0
endloop
endfacet
facet normal -0.7071067811865476 -0.7071067811865476 0
outer loop
vertex 139.85721239031346 -159.76604444311894 1.6
vertex 139.73395555688106 -159.64278760968654 1.6
vertex 139.73395555688103 -159.64278760968654 0
endloop
endfacet
facet normal -0.7071067811865476 -0.7071067811865476 0
outer loop
vertex 139.85721239031346 -159.76604444311894 1.6
vertex 139.73395555688103 -159.64278760968654 0
vertex 139.8572123903134 -159.76604444311891 0
endloop
endfacet
facet normal -0.5735764363511117 -0.8191520442889458 0
outer loop
vertex 140.00000000000023 -159.8660254037846 1.6
vertex 139.85721239031346 -159.76604444311894 1.6
vertex 139.8572123903134 -159.76604444311891 0
endloop
endfacet
facet normal -0.5735764363511117 -0.8191520442889458 0
outer loop
vertex 140.00000000000023 -159.8660254037846 1.6
vertex 139.8572123903134 -159.76604444311891 0
vertex 140.00000000000017 -159.86602540378453 0
endloop
endfacet
facet normal -0.42261826174063977 -0.9063077870366778 0
outer loop
vertex 140.1579798566742 -159.93969262078588 1.6
vertex 140.00000000000023 -159.8660254037846 1.6
vertex 140.00000000000017 -159.86602540378453 0
endloop
endfacet
facet normal -0.42261826174063977 -0.9063077870366778 0
outer loop
vertex 140.1579798566742 -159.93969262078588 1.6
vertex 140.00000000000017 -159.86602540378453 0
vertex 140.1579798566744 -159.93969262078593 0
endloop
endfacet
facet normal -0.25881904510251297 -0.9659258262890704 0
outer loop
vertex 140.32635182233312 -159.98480775301223 1.6
vertex 140.1579798566742 -159.93969262078588 1.6
vertex 140.1579798566744 -159.93969262078593 0
endloop
endfacet
facet normal -0.25881904510251297 -0.9659258262890704 0
outer loop
vertex 140.32635182233312 -159.98480775301223 1.6
vertex 140.1579798566744 -159.93969262078593 0
vertex 140.3263518223331 -159.9848077530122 0
endloop
endfacet
facet normal -0.087155742747683 -0.9961946980917434 0
outer loop
vertex 140.49999999999977 -160 1.6
vertex 140.32635182233312 -159.98480775301223 1.6
vertex 140.3263518223331 -159.9848077530122 0
endloop
endfacet
facet normal -0.087155742747683 -0.9961946980917434 0
outer loop
vertex 140.49999999999977 -160 1.6
vertex 140.3263518223331 -159.9848077530122 0
vertex 140.49999999999983 -160 0
endloop
endfacet
facet normal 0 0 1
outer loop
vertex 161.45448499999995 -108.90000571669533 1.6
vertex 161.66377587921667 -108.90000571669533 1.6
vertex 174.9 -108.90000000000002 1.6
endloop
endfacet
facet normal 0 0 1
outer loop
vertex 161.45448499999995 -108.90000571669533 1.6
vertex 174.9 -108.90000000000002 1.6
vertex 174.9 -108.9 0
endloop
endfacet
facet normal 0 0 1
outer loop
vertex 161.45448499999995 -108.90000571669533 1.6
vertex 174.9 -108.9 0
vertex 161.66377587921667 -108.90000467847655 0
endloop
endfacet
facet normal 0 0 1
outer loop
vertex 161.45448499999995 -108.90000571669533 1.6
vertex 161.66377587921667 -108.90000467847655 0
vertex 161.45448499999998 -108.90000467847655 0
endloop
endfacet
facet normal -1 0 0
outer loop
vertex 174.9 -138.1375 1.6
vertex 174.9 -129.1 1.6
vertex 174.9 -129.1 0
endloop
endfacet
facet normal -1 0 0
outer loop
vertex 174.9 -138.1375 1.6
vertex 174.9 -129.1 0
vertex 174.9 -138.1375 0
endloop
endfacet
facet normal -1 0 0
outer loop
vertex 174.9 -138.1375 1.6
vertex 174.9 -138.1375 0
vertex 174.9 -142.9 0
endloop
endfacet
facet normal -1 0 0
outer loop
vertex 174.9 -138.1375 1.6
vertex 174.9 -142.9 0
vertex 174.9 -142.9 1.6
endloop
endfacet
facet normal -1 0 0
outer loop
vertex 174.9 -124.3375 1.6
vertex 174.9 -121.1375 1.6
vertex 174.9 -112.1 1.6
endloop
endfacet
facet normal -1 0 0
outer loop
vertex 174.9 -124.3375 1.6
vertex 174.9 -112.1 1.6
vertex 174.9 -112.1 0
endloop
endfacet
facet normal -1 0 0
outer loop
vertex 174.9 -124.3375 1.6
vertex 174.9 -112.1 0
vertex 174.9 -121.1375 0
endloop
endfacet
facet normal -1 0 0
outer loop
vertex 174.9 -124.3375 1.6
vertex 174.9 -121.1375 0
vertex 174.9 -124.3375 0
endloop
endfacet
facet normal -1 0 0
outer loop
vertex 174.9 -124.3375 1.6
vertex 174.9 -124.3375 0
vertex 174.9 -125.9 0
endloop
endfacet
facet normal -1 0 0
outer loop
vertex 174.9 -124.3375 1.6
vertex 174.9 -125.9 0
vertex 174.9 -125.9 1.6
endloop
endfacet
facet normal -1 0 0
outer loop
vertex 174.9 -107.3375 1.6
vertex 174.9 -104.1375 1.6
vertex 174.9 -95.1 1.6
endloop
endfacet
facet normal -1 0 0
outer loop
vertex 174.9 -107.3375 1.6
vertex 174.9 -95.1 1.6
vertex 174.9 -95.1 0
endloop
endfacet
facet normal -1 0 0
outer loop
vertex 174.9 -107.3375 1.6
vertex 174.9 -95.1 0
vertex 174.9 -104.1375 0
endloop
endfacet
facet normal -1 0 0
outer loop
vertex 174.9 -107.3375 1.6
vertex 174.9 -104.1375 0
vertex 174.9 -107.3375 0
endloop
endfacet
facet normal -1 0 0
outer loop
vertex 174.9 -107.3375 1.6
vertex 174.9 -107.3375 0
vertex 174.9 -108.9 0
endloop
endfacet
facet normal -1 0 0
outer loop
vertex 174.9 -107.3375 1.6
vertex 174.9 -108.9 0
vertex 174.9 -108.90000000000002 1.6
endloop
endfacet
facet normal 0 -1 0
outer loop
vertex 174.9 -95.1 0
vertex 174.9 -95.1 1.6
vertex 161.1 -95.1 1.6
endloop
endfacet
facet normal 0 -1 0
outer loop
vertex 174.9 -95.1 0
vertex 161.1 -95.1 1.6
vertex 161.1 -95.1 0
endloop
endfacet
facet normal 0 -1 0
outer loop
vertex 210.9 -95.1 0
vertex 210.9 -95.1 1.6
vertex 197.1 -95.1 1.6
endloop
endfacet
facet normal 0 -1 0
outer loop
vertex 210.9 -95.1 0
vertex 197.1 -95.1 1.6
vertex 197.1 -95.1 0
endloop
endfacet
facet normal 1 0 0
outer loop
vertex 161.1 -139.9 0
vertex 161.1 -129.1 0
vertex 161.1 -129.1 1.6
endloop
endfacet
facet normal 1 0 0
outer loop
vertex 161.1 -139.9 0
vertex 161.1 -129.1 1.6
vertex 161.1 -139.9 1.6
endloop
endfacet
facet normal 1 0 0
outer loop
vertex 161.1 -139.9 0
vertex 161.1 -139.9 1.6
vertex 161.1 -142.9 1.6
endloop
endfacet
facet normal 1 0 0
outer loop
vertex 161.1 -139.9 0
vertex 161.1 -142.9 1.6
vertex 161.1 -142.9 0
endloop
endfacet
facet normal 1 0 0
outer loop
vertex 161.1 -122.9 0
vertex 161.1 -112.1 0
vertex 161.1 -112.1 1.6
endloop
endfacet
facet normal 1 0 0
outer loop
vertex 161.1 -122.9 0
vertex 161.1 -112.1 1.6
vertex 161.1 -122.9 1.6
endloop
endfacet
facet normal 1 0 0
outer loop
vertex 161.1 -122.9 0
vertex 161.1 -122.9 1.6
vertex 161.1 -125.9 1.6
endloop
endfacet
facet normal 1 0 0
outer loop
vertex 161.1 -122.9 0
vertex 161.1 -125.9 1.6
vertex 161.1 -125.9 0
endloop
endfacet
facet normal 1 0 0
outer loop
vertex 161.1 -107.32512457661359 0
vertex 161.1 -107.17969971422063 0
vertex 161.1 -107.08242285387097 0
endloop
endfacet
facet normal 1 0 0
outer loop
vertex 161.1 -107.32512457661359 0
vertex 161.1 -107.08242285387097 0
vertex 161.1 -107.03675411923548 0
endloop
endfacet
facet normal 1 0 0
outer loop
vertex 161.1 -107.32512457661359 0
vertex 161.1 -107.03675411923548 0
vertex 161.1 -106 0
endloop
endfacet
facet normal 1 0 0
outer loop
vertex 161.1 -107.32512457661359 0
vertex 161.1 -106 0
vertex 161.1 -105.98480775301219 0
endloop
endfacet
facet normal 1 0 0
outer loop
vertex 161.1 -107.32512457661359 0
vertex 161.1 -105.98480775301219 0
vertex 161.1 -105.9396926207859 0
endloop
endfacet
facet normal 1 0 0
outer loop
vertex 161.1 -107.32512457661359 0
vertex 161.1 -105.9396926207859 0
vertex 161.1 -105.86602540378448 0
endloop
endfacet
facet normal 1 0 0
outer loop
vertex 161.1 -107.32512457661359 0
vertex 161.1 -105.86602540378448 0
vertex 161.1 -105.7660444431189 0
endloop
endfacet
facet normal 1 0 0
outer loop
vertex 161.1 -107.32512457661359 0
vertex 161.1 -105.7660444431189 0
vertex 161.1 -105.64278760968666 0
endloop
endfacet
facet normal 1 0 0
outer loop
vertex 161.1 -107.32512457661359 0
vertex 161.1 -105.64278760968666 0
vertex 161.1 -105.49999999999977 0
endloop
endfacet
facet normal 1 0 0
outer loop
vertex 161.1 -107.32512457661359 0
vertex 161.1 -105.49999999999977 0
vertex 161.1 -105.34202014332556 0
endloop
endfacet
facet normal 1 0 0
outer loop
vertex 161.1 -107.32512457661359 0
vertex 161.1 -105.34202014332556 0
vertex 161.1 -105.17364817766709 0
endloop
endfacet
facet normal 1 0 0
outer loop
vertex 161.1 -107.32512457661359 0
vertex 161.1 -105.17364817766709 0
vertex 161.1 -105.00000000000011 0
endloop
endfacet
facet normal 1 0 0
outer loop
vertex 161.1 -107.32512457661359 0
vertex 161.1 -105.00000000000011 0
vertex 161.1 -95.1 0
endloop
endfacet
facet normal 1 0 0
outer loop
vertex 161.1 -107.32512457661359 0
vertex 161.1 -95.1 0
vertex 161.1 -95.1 1.6
endloop
endfacet
facet normal 1 0 0
outer loop
vertex 161.1 -107.32512457661359 0
vertex 161.1 -95.1 1.6
vertex 161.1 -105.00000000000013 1.6
endloop
endfacet
facet normal 1 0 0
outer loop
vertex 161.1 -107.32512457661359 0
vertex 161.1 -105.00000000000013 1.6
vertex 161.1 -105.17364817766698 1.6
endloop
endfacet
facet normal 1 0 0
outer loop
vertex 161.1 -107.32512457661359 0
vertex 161.1 -105.17364817766698 1.6
vertex 161.1 -105.3420201433257 1.6
endloop
endfacet
facet normal 1 0 0
outer loop
vertex 161.1 -107.32512457661359 0
vertex 161.1 -105.3420201433257 1.6
vertex 161.1 -105.49999999999997 1.6
endloop
endfacet
facet normal 1 0 0
outer loop
vertex 161.1 -107.32512457661359 0
vertex 161.1 -105.49999999999997 1.6
vertex 161.1 -105.6427876096865 1.6
endloop
endfacet
facet normal 1 0 0
outer loop
vertex 161.1 -107.32512457661359 0
vertex 161.1 -105.6427876096865 1.6
vertex 161.1 -105.766044443119 1.6
endloop
endfacet
facet normal 1 0 0
outer loop
vertex 161.1 -107.32512457661359 0
vertex 161.1 -105.766044443119 1.6
vertex 161.1 -105.8660254037844 1.6
endloop
endfacet
facet normal 1 0 0
outer loop
vertex 161.1 -107.32512457661359 0
vertex 161.1 -105.8660254037844 1.6
vertex 161.1 -105.9396926207859 1.6
endloop
endfacet
facet normal 1 0 0
outer loop
vertex 161.1 -107.32512457661359 0
vertex 161.1 -105.9396926207859 1.6
vertex 161.1 -105.9848077530122 1.6
endloop
endfacet
facet normal 1 0 0
outer loop
vertex 161.1 -107.32512457661359 0
vertex 161.1 -105.9848077530122 1.6
vertex 161.1 -106 1.6
endloop
endfacet
facet normal 1 0 0
outer loop
vertex 161.1 -107.32512457661359 0
vertex 161.1 -106 1.6
vertex 161.1 -107.03675411923548 1.6
endloop
endfacet
facet normal 1 0 0
outer loop
vertex 161.1 -107.32512457661359 0
vertex 161.1 -107.03675411923548 1.6
vertex 161.1 -107.08242285387092 1.6
endloop
endfacet
facet normal 1 0 0
outer loop
vertex 161.1 -107.32512457661359 0
vertex 161.1 -107.08242285387092 1.6
vertex 161.1 -107.17969971422066 1.6
endloop
endfacet
facet normal 1 0 0
outer loop
vertex 161.1 -107.32512457661359 0
vertex 161.1 -107.17969971422066 1.6
vertex 161.1 -107.32512457661358 1.6
endloop
endfacet
facet normal 1 0 0
outer loop
vertex 161.1 -107.32512457661359 0
vertex 161.1 -107.32512457661358 1.6
vertex 161.1 -107.51352940000001 1.6
endloop
endfacet
facet normal 1 0 0
outer loop
vertex 161.1 -107.32512457661359 0
vertex 161.1 -107.51352940000001 1.6
vertex 161.1 -107.51352940000001 0
endloop
endfacet
facet normal -0.6659791619992754 -0.7459703451094707 0
outer loop
vertex 161.1 -107.51352940000001 1.6
vertex 160.88896575277226 -107.32512457661358 1.6
vertex 160.8889657527723 -107.32512457661359 0
endloop
endfacet
facet normal -0.6659791619992754 -0.7459703451094707 0
outer loop
vertex 161.1 -107.51352940000001 1.6
vertex 160.8889657527723 -107.32512457661359 0
vertex 161.1 -107.51352940000001 0
endloop
endfacet
facet normal -0.5140511845637771 -0.8577595115465508 0
outer loop
vertex 160.88896575277226 -107.32512457661358 1.6
vertex 160.64630595024946 -107.17969971422066 1.6
vertex 160.6463059502494 -107.17969971422063 0
endloop
endfacet
facet normal -0.5140511845637771 -0.8577595115465508 0
outer loop
vertex 160.88896575277226 -107.32512457661358 1.6
vertex 160.6463059502494 -107.17969971422063 0
vertex 160.8889657527723 -107.32512457661359 0
endloop
endfacet
facet normal -0.34385650755029973 -0.9390222053898996 0
outer loop
vertex 160.64630595024946 -107.17969971422066 1.6
vertex 160.38065696605605 -107.08242285387092 1.6
vertex 160.38065696605622 -107.08242285387097 0
endloop
endfacet
facet normal -0.34385650755029973 -0.9390222053898996 0
outer loop
vertex 160.64630595024946 -107.17969971422066 1.6
vertex 160.38065696605622 -107.08242285387097 0
vertex 160.6463059502494 -107.17969971422063 0
endloop
endfacet
facet normal -0.16143090494013276 -0.9868840169595463 0
outer loop
vertex 160.38065696605605 -107.08242285387092 1.6
vertex 160.1014678956411 -107.03675411923548 1.6
vertex 160.101467895641 -107.03675411923548 0
endloop
endfacet
facet normal -0.16143090494013276 -0.9868840169595463 0
outer loop
vertex 160.38065696605605 -107.08242285387092 1.6
vertex 160.101467895641 -107.03675411923548 0
vertex 160.38065696605622 -107.08242285387097 0
endloop
endfacet
facet normal 0.02673677130827912 -0.9996425086299646 0
outer loop
vertex 160.1014678956411 -107.03675411923548 1.6
vertex 159.81866945333627 -107.04431794051456 1.6
vertex 159.81866945333658 -107.04431794051455 0
endloop
endfacet
facet normal 0.02673677130827912 -0.9996425086299646 0
outer loop
vertex 160.1014678956411 -107.03675411923548 1.6
vertex 159.81866945333658 -107.04431794051455 0
vertex 160.101467895641 -107.03675411923548 0
endloop
endfacet
facet normal 0.21395342451828017 -0.9768438627216228 0
outer loop
vertex 159.81866945333627 -107.04431794051456 1.6
vertex 159.54232073830246 -107.10484527369346 1.6
vertex 159.5423207383025 -107.10484527369346 0
endloop
endfacet
facet normal 0.21395342451828017 -0.9768438627216228 0
outer loop
vertex 159.81866945333627 -107.04431794051456 1.6
vertex 159.5423207383025 -107.10484527369346 0
vertex 159.81866945333658 -107.04431794051455 0
endloop
endfacet
facet normal 0.393559785763558 -0.9192990237293535 0
outer loop
vertex 159.54232073830246 -107.10484527369346 1.6
vertex 159.28225143384776 -107.21618317039834 1.6
vertex 159.2822514338477 -107.21618317039838 0
endloop
endfacet
facet normal 0.393559785763558 -0.9192990237293535 0
outer loop
vertex 159.54232073830246 -107.10484527369346 1.6
vertex 159.2822514338477 -107.21618317039838 0
vertex 159.5423207383025 -107.10484527369346 0
endloop
endfacet
facet normal 0.5591672830879018 -0.8290548531454928 0
outer loop
vertex 159.28225143384776 -107.21618317039834 1.6
vertex 159.04771216702875 -107.37437135795557 1.6
vertex 159.0477121670287 -107.37437135795562 0
endloop
endfacet
facet normal 0.5591672830879018 -0.8290548531454928 0
outer loop
vertex 159.28225143384776 -107.21618317039834 1.6
vertex 159.0477121670287 -107.37437135795562 0
vertex 159.2822514338477 -107.21618317039838 0
endloop
endfacet
facet normal 0.7048852820740362 -0.7093213228963348 0
outer loop
vertex 159.04771216702875 -107.37437135795557 1.6
vertex 158.84704546520598 -107.57378310570853 1.6
vertex 158.84704546577956 -107.57378310570857 0
endloop
endfacet
facet normal 0.7048852820740362 -0.7093213228963348 0
outer loop
vertex 159.04771216702875 -107.37437135795557 1.6
vertex 158.84704546577956 -107.57378310570857 0
vertex 159.0477121670287 -107.37437135795562 0
endloop
endfacet
facet normal 0.8255306148463114 -0.5643573371114007 0
outer loop
vertex 158.84704546520598 -107.57378310570853 1.6
vertex 158.68738901356383 -107.80732536700515 1.6
vertex 158.6873890320966 -107.80732536700498 0
endloop
endfacet
facet normal 0.8255306148463114 -0.5643573371114007 0
outer loop
vertex 158.84704546520598 -107.57378310570853 1.6
vertex 158.6873890320966 -107.80732536700498 0
vertex 158.84704546577956 -107.57378310570857 0
endloop
endfacet
facet normal 0.9168119445933899 -0.399319243526889 0
outer loop
vertex 158.68738901356383 -107.80732536700515 1.6
vertex 158.57442176869694 -108.06669107782595 1.6
vertex 158.57442179440892 -108.06669107782609 0
endloop
endfacet
facet normal 0.9168119445933899 -0.399319243526889 0
outer loop
vertex 158.68738901356383 -107.80732536700515 1.6
vertex 158.57442179440892 -108.06669107782609 0
vertex 158.6873890320966 -107.80732536700498 0
endloop
endfacet
facet normal 0.9754824077893905 -0.22007742295249902 0
outer loop
vertex 158.57442176869694 -108.06669107782595 1.6
vertex 158.5121619589548 -108.34265463783579 1.6
vertex 158.51216198210517 -108.34265463783579 0
endloop
endfacet
facet normal 0.9754824077893905 -0.22007742295249902 0
outer loop
vertex 158.57442176869694 -108.06669107782595 1.6
vertex 158.51216198210517 -108.34265463783579 0
vertex 158.57442179440892 -108.06669107782609 0
endloop
endfacet
facet normal 0.9994551046538978 -0.033007480686450194 0
outer loop
vertex 158.5121619589548 -108.34265463783579 1.6
vertex 158.50282415664853 -108.62540006363525 1.6
vertex 158.50282416246841 -108.62540006363521 0
endloop
endfacet
facet normal 0.9994551046538978 -0.033007480686450194 0
outer loop
vertex 158.5121619589548 -108.34265463783579 1.6
vertex 158.50282416246841 -108.62540006363521 0
vertex 158.51216198210517 -108.34265463783579 0
endloop
endfacet
facet normal 0.9878773298716348 0.1552365328319635 0
outer loop
vertex 158.50282415664853 -108.62540006363525 1.6
vertex 158.54674050603813 -108.90487014185251 1.6
vertex 158.54674044859965 -108.90487014185263 0
endloop
endfacet
facet normal 0.9878773298716348 0.1552365328319635 0
outer loop
vertex 158.50282415664853 -108.62540006363525 1.6
vertex 158.54674044859965 -108.90487014185263 0
vertex 158.50282416246841 -108.62540006363521 0
endloop
endfacet
facet normal 0 0 -1
outer loop
vertex 158.54674050603813 -108.90487014185251 1.6
vertex 158.61680913466108 -109.1 1.6
vertex 158.64234890900977 -109.17112416274904 1.6
endloop
endfacet
facet normal 0 0 -1
outer loop
vertex 158.54674050603813 -108.90487014185251 1.6
vertex 158.64234890900977 -109.17112416274904 1.6
vertex 158.64234890900974 -109.17112416274895 0
endloop
endfacet
facet normal 0 0 -1
outer loop
vertex 158.54674050603813 -108.90487014185251 1.6
vertex 158.64234890900974 -109.17112416274895 0
vertex 158.61680913466105 -109.1 0
endloop
endfacet
facet normal 0 0 -1
outer loop
vertex 158.54674050603813 -108.90487014185251 1.6
vertex 158.61680913466105 -109.1 0
vertex 158.54674044859965 -108.90487014185263 0
endloop
endfacet
facet normal 0.8609675210778137 0.5086599332059922 0
outer loop
vertex 158.64234890900977 -109.17112416274904 1.6
vertex 158.78624858867704 -109.41469150980967 1.6
vertex 158.7862485886771 -109.41469150980974 0
endloop
endfacet
facet normal 0.8609675210778137 0.5086599332059922 0
outer loop
vertex 158.64234890900977 -109.17112416274904 1.6
vertex 158.7862485886771 -109.41469150980974 0
vertex 158.64234890900974 -109.17112416274895 0
endloop
endfacet
facet normal 0.7501496503720536 0.6612681014888636 0
outer loop
vertex 158.78624858867704 -109.41469150980967 1.6
vertex 158.97332105451608 -109.62690852818305 1.6
vertex 158.97332105451605 -109.62690852818301 0
endloop
endfacet
facet normal 0.7501496503720536 0.6612681014888636 0
outer loop
vertex 158.78624858867704 -109.41469150980967 1.6
vertex 158.97332105451605 -109.62690852818301 0
vertex 158.7862485886771 -109.41469150980974 0
endloop
endfacet
facet normal 0.6126490665036554 0.7903550602812636 0
outer loop
vertex 158.97332105451608 -109.62690852818305 1.6
vertex 159.1969121663244 -109.80022668961689 1.6
vertex 159.19691216632444 -109.8002266896169 0
endloop
endfacet
facet normal 0.6126490665036554 0.7903550602812636 0
outer loop
vertex 158.97332105451608 -109.62690852818305 1.6
vertex 159.19691216632444 -109.8002266896169 0
vertex 158.97332105451605 -109.62690852818301 0
endloop
endfacet
facet normal 0.4533566450962245 0.8913292053708867 0
outer loop
vertex 159.1969121663244 -109.80022668961689 1.6
vertex 159.44906882101213 -109.92848109250089 1.6
vertex 159.44906882101208 -109.92848109250086 0
endloop
endfacet
facet normal 0.4533566450962245 0.8913292053708867 0
outer loop
vertex 159.1969121663244 -109.80022668961689 1.6
vertex 159.44906882101208 -109.92848109250086 0
vertex 159.19691216632444 -109.8002266896169 0
endloop
endfacet
facet normal 0.2779383942420422 0.9605989012101539 0
outer loop
vertex 159.44906882101213 -109.92848109250089 1.6
vertex 159.72082184331435 -110.00710974651449 1.6
vertex 159.72082184331444 -110.0071097465145 0
endloop
endfacet
facet normal 0.2779383942420422 0.9605989012101539 0
outer loop
vertex 159.44906882101213 -109.92848109250089 1.6
vertex 159.72082184331444 -110.0071097465145 0
vertex 159.44906882101208 -109.92848109250086 0
endloop
endfacet
facet normal 0.092633915424102 0.9957002348664985 0
outer loop
vertex 159.72082184331435 -110.00710974651449 1.6
vertex 160.0025050180413 -110.03331584195399 1.6
vertex 160.00250501804138 -110.033315841954 0
endloop
endfacet
facet normal 0.092633915424102 0.9957002348664985 0
outer loop
vertex 159.72082184331435 -110.00710974651449 1.6
vertex 160.00250501804138 -110.033315841954 0
vertex 159.72082184331444 -110.0071097465145 0
endloop
endfacet
facet normal -0.09596553819396554 0.9953846570442718 0
outer loop
vertex 160.0025050180413 -110.03331584195399 1.6
vertex 160.28409891593608 -110.00616723184396 1.6
vertex 160.284098915936 -110.00616723184397 0
endloop
endfacet
facet normal -0.09596553819396554 0.9953846570442718 0
outer loop
vertex 160.0025050180413 -110.03331584195399 1.6
vertex 160.284098915936 -110.00616723184397 0
vertex 160.00250501804138 -110.033315841954 0
endloop
endfacet
facet normal -0.28115151167799074 0.959663392800403 0
outer loop
vertex 160.28409891593608 -110.00616723184396 1.6
vertex 160.55558728330539 -109.92662958826863 1.6
vertex 160.5555872833054 -109.9266295882686 0
endloop
endfacet
facet normal -0.28115151167799074 0.959663392800403 0
outer loop
vertex 160.28409891593608 -110.00616723184396 1.6
vertex 160.5555872833054 -109.9266295882686 0
vertex 160.284098915936 -110.00616723184397 0
endloop
endfacet
facet normal -0.4563369670819658 0.8898070422706448 0
outer loop
vertex 160.55558728330539 -109.92662958826863 1.6
vertex 160.80731331869694 -109.79753205355703 1.6
vertex 160.80731331869697 -109.797532053557 0
endloop
endfacet
facet normal -0.4563369670819658 0.8898070422706448 0
outer loop
vertex 160.55558728330539 -109.92662958826863 1.6
vertex 160.80731331869697 -109.797532053557 0
vertex 160.5555872833054 -109.9266295882686 0
endloop
endfacet
facet normal -0.6152905834226726 0.7883003856090567 0
outer loop
vertex 160.80731331869694 -109.79753205355703 1.6
vertex 161.03032316391042 -109.62346660810582 1.6
vertex 161.03032316391042 -109.62346660810583 0
endloop
endfacet
facet normal -0.6152905834226726 0.7883003856090567 0
outer loop
vertex 160.80731331869694 -109.79753205355703 1.6
vertex 161.03032316391042 -109.62346660810583 0
vertex 160.80731331869697 -109.797532053557 0
endloop
endfacet
facet normal -0.7523584038545764 0.6587539997217429 0
outer loop
vertex 161.03032316391042 -109.62346660810582 1.6
vertex 161.2166845889277 -109.41062473430759 1.6
vertex 161.2166843914246 -109.41062473430745 0
endloop
endfacet
facet normal -0.7523584038545764 0.6587539997217429 0
outer loop
vertex 161.03032316391042 -109.62346660810582 1.6
vertex 161.2166843914246 -109.41062473430745 0
vertex 161.03032316391042 -109.62346660810583 0
endloop
endfacet
facet normal -0.8626649460860675 0.5057758305754856 0
outer loop
vertex 161.2166845889277 -109.41062473430759 1.6
vertex 161.35976845060492 -109.16657718643111 1.6
vertex 161.35976815967902 -109.1665771864312 0
endloop
endfacet
facet normal -0.8626649460860675 0.5057758305754856 0
outer loop
vertex 161.2166845889277 -109.41062473430759 1.6
vertex 161.35976815967902 -109.1665771864312 0
vertex 161.2166843914246 -109.41062473430745 0
endloop
endfacet
facet normal -0.9422866225705554 0.3348072892345325 0
outer loop
vertex 161.35976845060492 -109.16657718643111 1.6
vertex 161.45448499999995 -108.90000571669533 1.6
vertex 161.45448499999998 -108.90000467847655 0
endloop
endfacet
facet normal -0.9422866225705554 0.3348072892345325 0
outer loop
vertex 161.35976845060492 -109.16657718643111 1.6
vertex 161.45448499999998 -108.90000467847655 0
vertex 161.35976815967902 -109.1665771864312 0
endloop
endfacet
facet normal 0 0 1
outer loop
vertex 224.46220539999996 -170.04162939999998 1.6
vertex 226.83402745717913 -171.41100149999983 1.6
vertex 226.87946325722146 -171.43723387132414 1.6
endloop
endfacet
facet normal 0 0 1
outer loop
vertex 224.46220539999996 -170.04162939999998 1.6
vertex 226.87946325722146 -171.43723387132414 1.6
vertex 226.93728723987576 -171.47061856319763 1.6
endloop
endfacet
facet normal 0 0 1
outer loop
vertex 224.46220539999996 -170.04162939999998 1.6
vertex 226.93728723987576 -171.47061856319763 1.6
vertex 227.00705803421943 -171.5109007499999 1.6
endloop
endfacet
facet normal 0 0 1
outer loop
vertex 224.46220539999996 -170.04162939999998 1.6
vertex 227.00705803421943 -171.5109007499999 1.6
vertex 236.41335600000002 -176.9416294 1.6
endloop
endfacet
facet normal 0 0 1
outer loop
vertex 224.46220539999996 -170.04162939999998 1.6
vertex 236.41335600000002 -176.9416294 1.6
vertex 236.41335600000002 -176.9416294 0
endloop
endfacet
facet normal 0 0 1
outer loop
vertex 224.46220539999996 -170.04162939999998 1.6
vertex 236.41335600000002 -176.9416294 0
vertex 227.0070580342195 -171.51090074999993 0
endloop
endfacet
facet normal 0 0 1
outer loop
vertex 224.46220539999996 -170.04162939999998 1.6
vertex 227.0070580342195 -171.51090074999993 0
vertex 226.93728723987584 -171.47061856319766 0
endloop
endfacet
facet normal 0 0 1
outer loop
vertex 224.46220539999996 -170.04162939999998 1.6
vertex 226.93728723987584 -171.47061856319766 0
vertex 226.87946325722143 -171.4372338713241 0
endloop
endfacet
facet normal 0 0 1
outer loop
vertex 224.46220539999996 -170.04162939999998 1.6
vertex 226.87946325722143 -171.4372338713241 0
vertex 226.83402745717933 -171.4110014999999 0
endloop
endfacet
facet normal 0 0 1
outer loop
vertex 224.46220539999996 -170.04162939999998 1.6
vertex 226.83402745717933 -171.4110014999999 0
vertex 224.46220539999993 -170.04162939999995 0
endloop
endfacet
facet normal -0.8660254042875967 0.49999999912850457 0
outer loop
vertex 236.41335600000002 -176.9416294 1.6
vertex 243.31335600000003 -164.99047879999998 1.6
vertex 243.31335600000003 -164.9904788 0
endloop
endfacet
facet normal -0.8660254042875967 0.49999999912850457 0
outer loop
vertex 236.41335600000002 -176.9416294 1.6
vertex 243.31335600000003 -164.9904788 0
vertex 236.41335600000002 -176.9416294 0
endloop
endfacet
facet normal 0 0 -1
outer loop
vertex 243.31335600000003 -164.99047879999998 1.6
vertex 241.8454739408809 -164.14299669999852 1.6
vertex 241.78146194997393 -164.1060393599029 1.6
endloop
endfacet
facet normal 0 0 -1
outer loop
vertex 243.31335600000003 -164.99047879999998 1.6
vertex 241.78146194997393 -164.1060393599029 1.6
vertex 241.71827498716584 -164.06955835000116 1.6
endloop
endfacet
facet normal 0 0 -1
outer loop
vertex 243.31335600000003 -164.99047879999998 1.6
vertex 241.71827498716584 -164.06955835000116 1.6
vertex 231.36220539999997 -158.09047879999997 1.6
endloop
endfacet
facet normal 0 0 -1
outer loop
vertex 243.31335600000003 -164.99047879999998 1.6
vertex 231.36220539999997 -158.09047879999997 1.6
vertex 231.36220539999997 -158.09047879999994 0
endloop
endfacet
facet normal 0 0 -1
outer loop
vertex 243.31335600000003 -164.99047879999998 1.6
vertex 231.36220539999997 -158.09047879999994 0
vertex 241.7182749871609 -164.06955834999832 0
endloop
endfacet
facet normal 0 0 -1
outer loop
vertex 243.31335600000003 -164.99047879999998 1.6
vertex 241.7182749871609 -164.06955834999832 0
vertex 241.78146194997402 -164.10603935990295 0
endloop
endfacet
facet normal 0 0 -1
outer loop
vertex 243.31335600000003 -164.99047879999998 1.6
vertex 241.78146194997402 -164.10603935990295 0
vertex 241.8454739408837 -164.14299670000014 0
endloop
endfacet
facet normal 0 0 -1
outer loop
vertex 243.31335600000003 -164.99047879999998 1.6
vertex 241.8454739408837 -164.14299670000014 0
vertex 243.31335600000003 -164.9904788 0
endloop
endfacet
facet normal 0 0 1
outer loop
vertex 231.36220539999997 -158.09047879999997 1.6
vertex 225.60673221568578 -168.0592508 1.6
vertex 224.46220539999996 -170.04162939999998 1.6
endloop
endfacet
facet normal 0 0 1
outer loop
vertex 231.36220539999997 -158.09047879999997 1.6
vertex 224.46220539999996 -170.04162939999998 1.6
vertex 224.46220539999993 -170.04162939999995 0
endloop
endfacet
facet normal 0 0 1
outer loop
vertex 231.36220539999997 -158.09047879999997 1.6
vertex 224.46220539999993 -170.04162939999995 0
vertex 225.60673221568575 -168.0592508 0
endloop
endfacet
facet normal 0 0 1
outer loop
vertex 231.36220539999997 -158.09047879999997 1.6
vertex 225.60673221568575 -168.0592508 0
vertex 231.36220539999997 -158.09047879999994 0
endloop
endfacet
facet normal 0 1 0
outer loop
vertex 156.9 -156.9 1.6
vertex 156.9 -156.9 0
vertex 143.1 -156.9 0
endloop
endfacet
facet normal 0 1 0
outer loop
vertex 156.9 -156.9 1.6
vertex 143.1 -156.9 0
vertex 143.1 -156.9 1.6
endloop
endfacet
facet normal -1 0 0
outer loop
vertex 156.9 -153.49999999999997 1.6
vertex 156.9 -153.47117792060482 1.6
vertex 156.9 -153.38581929876693 1.6
endloop
endfacet
facet normal -1 0 0
outer loop
vertex 156.9 -153.49999999999997 1.6
vertex 156.9 -153.38581929876693 1.6
vertex 156.9 -153.24720441845378 1.6
endloop
endfacet
facet normal -1 0 0
outer loop
vertex 156.9 -153.49999999999997 1.6
vertex 156.9 -153.24720441845378 1.6
vertex 156.9 -153.06066017177992 1.6
endloop
endfacet
facet normal -1 0 0
outer loop
vertex 156.9 -153.49999999999997 1.6
vertex 156.9 -153.06066017177992 1.6
vertex 156.9 -152.83335534952943 1.6
endloop
endfacet
facet normal -1 0 0
outer loop
vertex 156.9 -153.49999999999997 1.6
vertex 156.9 -152.83335534952943 1.6
vertex 156.9 -152.57402514854746 1.6
endloop
endfacet
facet normal -1 0 0
outer loop
vertex 156.9 -153.49999999999997 1.6
vertex 156.9 -152.57402514854746 1.6
vertex 156.9 -152.29263548302424 1.6
endloop
endfacet
facet normal -1 0 0
outer loop
vertex 156.9 -153.49999999999997 1.6
vertex 156.9 -152.29263548302424 1.6
vertex 156.9 -152 1.6
endloop
endfacet
facet normal -1 0 0
outer loop
vertex 156.9 -153.49999999999997 1.6
vertex 156.9 -152 1.6
vertex 156.9 -151.7073645169758 1.6
endloop
endfacet
facet normal -1 0 0
outer loop
vertex 156.9 -153.49999999999997 1.6
vertex 156.9 -151.7073645169758 1.6
vertex 156.9 -151.42597485145245 1.6
endloop
endfacet
facet normal -1 0 0
outer loop
vertex 156.9 -153.49999999999997 1.6
vertex 156.9 -151.42597485145245 1.6
vertex 156.9 -151.1666446504705 1.6
endloop
endfacet
facet normal -1 0 0
outer loop
vertex 156.9 -153.49999999999997 1.6
vertex 156.9 -151.1666446504705 1.6
vertex 156.9 -150.93933982822017 1.6
endloop
endfacet
facet normal -1 0 0
outer loop
vertex 156.9 -153.49999999999997 1.6
vertex 156.9 -150.93933982822017 1.6
vertex 156.9 -150.75279558154628 1.6
endloop
endfacet
facet normal -1 0 0
outer loop
vertex 156.9 -153.49999999999997 1.6
vertex 156.9 -150.75279558154628 1.6
vertex 156.9 -150.614180701233 1.6
endloop
endfacet
facet normal -1 0 0
outer loop
vertex 156.9 -153.49999999999997 1.6
vertex 156.9 -150.614180701233 1.6
vertex 156.9 -150.5288220793952 1.6
endloop
endfacet
facet normal -1 0 0
outer loop
vertex 156.9 -153.49999999999997 1.6
vertex 156.9 -150.5288220793952 1.6
vertex 156.9 -150.50000000000003 1.6
endloop
endfacet
facet normal -1 0 0
outer loop
vertex 156.9 -153.49999999999997 1.6
vertex 156.9 -150.50000000000003 1.6
vertex 156.9 -150.055 1.6
endloop
endfacet
facet normal -1 0 0
outer loop
vertex 156.9 -153.49999999999997 1.6
vertex 156.9 -150.055 1.6
vertex 156.9 -145.7575 1.6
endloop
endfacet
facet normal -1 0 0
outer loop
vertex 156.9 -153.49999999999997 1.6
vertex 156.9 -145.7575 1.6
vertex 156.9 -143.1 1.6
endloop
endfacet
facet normal -1 0 0
outer loop
vertex 156.9 -153.49999999999997 1.6
vertex 156.9 -143.1 1.6
vertex 156.9 -143.1 0
endloop
endfacet
facet normal -1 0 0
outer loop
vertex 156.9 -153.49999999999997 1.6
vertex 156.9 -143.1 0
vertex 156.9 -145.7575 0
endloop
endfacet
facet normal -1 0 0
outer loop
vertex 156.9 -153.49999999999997 1.6
vertex 156.9 -145.7575 0
vertex 156.9 -150.055 0
endloop
endfacet
facet normal -1 0 0
outer loop
vertex 156.9 -153.49999999999997 1.6
vertex 156.9 -150.055 0
vertex 156.9 -150.5 0
endloop
endfacet
facet normal -1 0 0
outer loop
vertex 156.9 -153.49999999999997 1.6
vertex 156.9 -150.5 0
vertex 156.9 -150.52882207939516 0
endloop
endfacet
facet normal -1 0 0
outer loop
vertex 156.9 -153.49999999999997 1.6
vertex 156.9 -150.52882207939516 0
vertex 156.9 -150.61418070123298 0
endloop
endfacet
facet normal -1 0 0
outer loop
vertex 156.9 -153.49999999999997 1.6
vertex 156.9 -150.61418070123298 0
vertex 156.9 -150.75279558154628 0
endloop
endfacet
facet normal -1 0 0
outer loop
vertex 156.9 -153.49999999999997 1.6
vertex 156.9 -150.75279558154628 0
vertex 156.9 -150.93933982822017 0
endloop
endfacet
facet normal -1 0 0
outer loop
vertex 156.9 -153.49999999999997 1.6
vertex 156.9 -150.93933982822017 0
vertex 156.9 -151.16664465047063 0
endloop
endfacet
facet normal -1 0 0
outer loop
vertex 156.9 -153.49999999999997 1.6
vertex 156.9 -151.16664465047063 0
vertex 156.9 -151.42597485145245 0
endloop
endfacet
facet normal -1 0 0
outer loop
vertex 156.9 -153.49999999999997 1.6
vertex 156.9 -151.42597485145245 0
vertex 156.9 -151.70736451697567 0
endloop
endfacet
facet normal -1 0 0
outer loop
vertex 156.9 -153.49999999999997 1.6
vertex 156.9 -151.70736451697567 0
vertex 156.9 -151.99999999999991 0
endloop
endfacet
facet normal -1 0 0
outer loop
vertex 156.9 -153.49999999999997 1.6
vertex 156.9 -151.99999999999991 0
vertex 156.9 -152.29263548302393 0
endloop
endfacet
facet normal -1 0 0
outer loop
vertex 156.9 -153.49999999999997 1.6
vertex 156.9 -152.29263548302393 0
vertex 156.9 -152.57402514854763 0
endloop
endfacet
facet normal -1 0 0
outer loop
vertex 156.9 -153.49999999999997 1.6
vertex 156.9 -152.57402514854763 0
vertex 156.9 -152.83335534952946 0
endloop
endfacet
facet normal -1 0 0
outer loop
vertex 156.9 -153.49999999999997 1.6
vertex 156.9 -152.83335534952946 0
vertex 156.9 -153.0606601717798 0
endloop
endfacet
facet normal -1 0 0
outer loop
vertex 156.9 -153.49999999999997 1.6
vertex 156.9 -153.0606601717798 0
vertex 156.9 -153.24720441845386 0
endloop
endfacet
facet normal -1 0 0
outer loop
vertex 156.9 -153.49999999999997 1.6
vertex 156.9 -153.24720441845386 0
vertex 156.9 -153.38581929876696 0
endloop
endfacet
facet normal -1 0 0
outer loop
vertex 156.9 -153.49999999999997 1.6
vertex 156.9 -153.38581929876696 0
vertex 156.9 -153.47117792060484 0
endloop
endfacet
facet normal -1 0 0
outer loop
vertex 156.9 -153.49999999999997 1.6
vertex 156.9 -153.47117792060484 0
vertex 156.9 -153.5 0
endloop
endfacet
facet normal -1 0 0
outer loop
vertex 156.9 -153.49999999999997 1.6
vertex 156.9 -153.5 0
vertex 156.9 -156.9 0
endloop
endfacet
facet normal -1 0 0
outer loop
vertex 156.9 -153.49999999999997 1.6
vertex 156.9 -156.9 0
vertex 156.9 -156.9 1.6
endloop
endfacet
facet normal -1 0 0
outer loop
vertex 156.9 -129.1 1.6
vertex 156.9 -126.1 1.6
vertex 156.9 -126.1 0
endloop
endfacet
facet normal -1 0 0
outer loop
vertex 156.9 -129.1 1.6
vertex 156.9 -126.1 0
vertex 156.9 -129.1 0
endloop
endfacet
facet normal -1 0 0
outer loop
vertex 156.9 -129.1 1.6
vertex 156.9 -129.1 0
vertex 156.9 -139.9 0
endloop
endfacet
facet normal -1 0 0
outer loop
vertex 156.9 -129.1 1.6
vertex 156.9 -139.9 0
vertex 156.9 -139.9 1.6
endloop
endfacet
facet normal -1 0 0
outer loop
vertex 156.9 -112.1 1.6
vertex 156.9 -110.03331584195399 1.6
vertex 156.9 -110.00710974651449 1.6
endloop
endfacet
facet normal -1 0 0
outer loop
vertex 156.9 -112.1 1.6
vertex 156.9 -110.00710974651449 1.6
vertex 156.9 -109.92848109250089 1.6
endloop
endfacet
facet normal -1 0 0
outer loop
vertex 156.9 -112.1 1.6
vertex 156.9 -109.92848109250089 1.6
vertex 156.9 -109.80022668961689 1.6
endloop
endfacet
facet normal -1 0 0
outer loop
vertex 156.9 -112.1 1.6
vertex 156.9 -109.80022668961689 1.6
vertex 156.9 -109.62690852818305 1.6
endloop
endfacet
facet normal -1 0 0
outer loop
vertex 156.9 -112.1 1.6
vertex 156.9 -109.62690852818305 1.6
vertex 156.9 -109.41469150980967 1.6
endloop
endfacet
facet normal -1 0 0
outer loop
vertex 156.9 -112.1 1.6
vertex 156.9 -109.41469150980967 1.6
vertex 156.9 -109.17112416274904 1.6
endloop
endfacet
facet normal -1 0 0
outer loop
vertex 156.9 -112.1 1.6
vertex 156.9 -109.17112416274904 1.6
vertex 156.9 -109.1 1.6
endloop
endfacet
facet normal -1 0 0
outer loop
vertex 156.9 -112.1 1.6
vertex 156.9 -109.1 1.6
vertex 156.9 -109.1 0
endloop
endfacet
facet normal -1 0 0
outer loop
vertex 156.9 -112.1 1.6
vertex 156.9 -109.1 0
vertex 156.9 -109.17112416274895 0
endloop
endfacet
facet normal -1 0 0
outer loop
vertex 156.9 -112.1 1.6
vertex 156.9 -109.17112416274895 0
vertex 156.9 -109.41469150980974 0
endloop
endfacet
facet normal -1 0 0
outer loop
vertex 156.9 -112.1 1.6
vertex 156.9 -109.41469150980974 0
vertex 156.9 -109.62690852818301 0
endloop
endfacet
facet normal -1 0 0
outer loop
vertex 156.9 -112.1 1.6
vertex 156.9 -109.62690852818301 0
vertex 156.9 -109.8002266896169 0
endloop
endfacet
facet normal -1 0 0
outer loop
vertex 156.9 -112.1 1.6
vertex 156.9 -109.8002266896169 0
vertex 156.9 -109.92848109250086 0
endloop
endfacet
facet normal -1 0 0
outer loop
vertex 156.9 -112.1 1.6
vertex 156.9 -109.92848109250086 0
vertex 156.9 -110.0071097465145 0
endloop
endfacet
facet normal -1 0 0
outer loop
vertex 156.9 -112.1 1.6
vertex 156.9 -110.0071097465145 0
vertex 156.9 -110.033315841954 0
endloop
endfacet
facet normal -1 0 0
outer loop
vertex 156.9 -112.1 1.6
vertex 156.9 -110.033315841954 0
vertex 156.9 -112.1 0
endloop
endfacet
facet normal -1 0 0
outer loop
vertex 156.9 -112.1 1.6
vertex 156.9 -112.1 0
vertex 156.9 -122.9 0
endloop
endfacet
facet normal -1 0 0
outer loop
vertex 156.9 -112.1 1.6
vertex 156.9 -122.9 0
vertex 156.9 -122.9 1.6
endloop
endfacet
facet normal 0 -1 0
outer loop
vertex 156.9 -143.1 0
vertex 156.9 -143.1 1.6
vertex 143.1 -143.1 1.6
endloop
endfacet
facet normal 0 -1 0
outer loop
vertex 156.9 -143.1 0
vertex 143.1 -143.1 1.6
vertex 143.1 -143.1 0
endloop
endfacet
facet normal 1 0 0
outer loop
vertex 143.1 -143.1 0
vertex 143.1 -143.1 1.6
vertex 143.1 -156.9 1.6
endloop
endfacet
facet normal 1 0 0
outer loop
vertex 143.1 -143.1 0
vertex 143.1 -156.9 1.6
vertex 143.1 -156.9 0
endloop
endfacet
facet normal 1 0 0
outer loop
vertex 143.1 -126.1 0
vertex 143.1 -126.1 1.6
vertex 143.1 -139.9 1.6
endloop
endfacet
facet normal 1 0 0
outer loop
vertex 143.1 -126.1 0
vertex 143.1 -139.9 1.6
vertex 143.1 -139.9 0
endloop
endfacet
facet normal 1 0 0
outer loop
vertex 143.1 -109.1 0
vertex 143.1 -109.1 1.6
vertex 143.1 -122.9 1.6
endloop
endfacet
facet normal 1 0 0
outer loop
vertex 143.1 -109.1 0
vertex 143.1 -122.9 1.6
vertex 143.1 -122.9 0
endloop
endfacet
facet normal 0 1 0
outer loop
vertex 174.9 -142.9 1.6
vertex 174.9 -142.9 0
vertex 161.1 -142.9 0
endloop
endfacet
facet normal 0 1 0
outer loop
vertex 174.9 -142.9 1.6
vertex 161.1 -142.9 0
vertex 161.1 -142.9 1.6
endloop
endfacet
facet normal 0 1 0
outer loop
vertex 210.9 -142.9 1.6
vertex 210.9 -142.9 0
vertex 197.1 -142.9 0
endloop
endfacet
facet normal 0 1 0
outer loop
vertex 210.9 -142.9 1.6
vertex 197.1 -142.9 0
vertex 197.1 -142.9 1.6
endloop
endfacet
facet normal 0 -1 0
outer loop
vertex 174.9 -129.1 0
vertex 174.9 -129.1 1.6
vertex 161.1 -129.1 1.6
endloop
endfacet
facet normal 0 -1 0
outer loop
vertex 174.9 -129.1 0
vertex 161.1 -129.1 1.6
vertex 161.1 -129.1 0
endloop
endfacet
facet normal 0 -1 0
outer loop
vertex 210.9 -129.1 0
vertex 210.9 -129.1 1.6
vertex 197.1 -129.1 1.6
endloop
endfacet
facet normal 0 -1 0
outer loop
vertex 210.9 -129.1 0
vertex 197.1 -129.1 1.6
vertex 197.1 -129.1 0
endloop
endfacet
facet normal -1 0 0
outer loop
vertex 210.9 -131.9575 1.6
vertex 210.9 -129.1 1.6
vertex 210.9 -129.1 0
endloop
endfacet
facet normal -1 0 0
outer loop
vertex 210.9 -131.9575 1.6
vertex 210.9 -129.1 0
vertex 210.9 -131.9575 0
endloop
endfacet
facet normal -1 0 0
outer loop
vertex 210.9 -131.9575 1.6
vertex 210.9 -131.9575 0
vertex 210.9 -142.9 0
endloop
endfacet
facet normal -1 0 0
outer loop
vertex 210.9 -131.9575 1.6
vertex 210.9 -142.9 0
vertex 210.9 -142.9 1.6
endloop
endfacet
facet normal -1 0 0
outer loop
vertex 210.9 -114.9575 1.6
vertex 210.9 -112.1 1.6
vertex 210.9 -112.1 0
endloop
endfacet
facet normal -1 0 0
outer loop
vertex 210.9 -114.9575 1.6
vertex 210.9 -112.1 0
vertex 210.9 -114.9575 0
endloop
endfacet
facet normal -1 0 0
outer loop
vertex 210.9 -114.9575 1.6
vertex 210.9 -114.9575 0
vertex 210.9 -125.9 0
endloop
endfacet
facet normal -1 0 0
outer loop
vertex 210.9 -114.9575 1.6
vertex 210.9 -125.9 0
vertex 210.9 -125.9 1.6
endloop
endfacet
facet normal -1 0 0
outer loop
vertex 210.9 -97.9575 1.6
vertex 210.9 -95.1 1.6
vertex 210.9 -95.1 0
endloop
endfacet
facet normal -1 0 0
outer loop
vertex 210.9 -97.9575 1.6
vertex 210.9 -95.1 0
vertex 210.9 -97.9575 0
endloop
endfacet
facet normal -1 0 0
outer loop
vertex 210.9 -97.9575 1.6
vertex 210.9 -97.9575 0
vertex 210.9 -108.9 0
endloop
endfacet
facet normal -1 0 0
outer loop
vertex 210.9 -97.9575 1.6
vertex 210.9 -108.9 0
vertex 210.9 -108.90000000000002 1.6
endloop
endfacet
facet normal 1 0 0
outer loop
vertex 197.1 -138.1375 0
vertex 197.1 -129.1 0
vertex 197.1 -129.1 1.6
endloop
endfacet
facet normal 1 0 0
outer loop
vertex 197.1 -138.1375 0
vertex 197.1 -129.1 1.6
vertex 197.1 -138.1375 1.6
endloop
endfacet
facet normal 1 0 0
outer loop
vertex 197.1 -138.1375 0
vertex 197.1 -138.1375 1.6
vertex 197.1 -142.9 1.6
endloop
endfacet
facet normal 1 0 0
outer loop
vertex 197.1 -138.1375 0
vertex 197.1 -142.9 1.6
vertex 197.1 -142.9 0
endloop
endfacet
facet normal 1 0 0
outer loop
vertex 197.1 -124.3375 0
vertex 197.1 -121.1375 0
vertex 197.1 -112.1 0
endloop
endfacet
facet normal 1 0 0
outer loop
vertex 197.1 -124.3375 0
vertex 197.1 -112.1 0
vertex 197.1 -112.1 1.6
endloop
endfacet
facet normal 1 0 0
outer loop
vertex 197.1 -124.3375 0
vertex 197.1 -112.1 1.6
vertex 197.1 -121.1375 1.6
endloop
endfacet
facet normal 1 0 0
outer loop
vertex 197.1 -124.3375 0
vertex 197.1 -121.1375 1.6
vertex 197.1 -124.3375 1.6
endloop
endfacet
facet normal 1 0 0
outer loop
vertex 197.1 -124.3375 0
vertex 197.1 -124.3375 1.6
vertex 197.1 -125.9 1.6
endloop
endfacet
facet normal 1 0 0
outer loop
vertex 197.1 -124.3375 0
vertex 197.1 -125.9 1.6
vertex 197.1 -125.9 0
endloop
endfacet
facet normal 1 0 0
outer loop
vertex 197.1 -107.3375 0
vertex 197.1 -104.1375 0
vertex 197.1 -95.1 0
endloop
endfacet
facet normal 1 0 0
outer loop
vertex 197.1 -107.3375 0
vertex 197.1 -95.1 0
vertex 197.1 -95.1 1.6
endloop
endfacet
facet normal 1 0 0
outer loop
vertex 197.1 -107.3375 0
vertex 197.1 -95.1 1.6
vertex 197.1 -104.1375 1.6
endloop
endfacet
facet normal 1 0 0
outer loop
vertex 197.1 -107.3375 0
vertex 197.1 -104.1375 1.6
vertex 197.1 -107.3375 1.6
endloop
endfacet
facet normal 1 0 0
outer loop
vertex 197.1 -107.3375 0
vertex 197.1 -107.3375 1.6
vertex 197.1 -108.90000000000002 1.6
endloop
endfacet
facet normal 1 0 0
outer loop
vertex 197.1 -107.3375 0
vertex 197.1 -108.90000000000002 1.6
vertex 197.1 -108.9 0
endloop
endfacet
facet normal 0 1 0
outer loop
vertex 228.9 -145.7575 1.6
vertex 228.9 -145.7575 0
vertex 215.1 -145.7575 0
endloop
endfacet
facet normal 0 1 0
outer loop
vertex 228.9 -145.7575 1.6
vertex 215.1 -145.7575 0
vertex 215.1 -145.7575 1.6
endloop
endfacet
facet normal -1 0 0
outer loop
vertex 228.9 -131.9575 1.6
vertex 228.9 -131.9575 0
vertex 228.9 -145.7575 0
endloop
endfacet
facet normal -1 0 0
outer loop
vertex 228.9 -131.9575 1.6
vertex 228.9 -145.7575 0
vertex 228.9 -145.7575 1.6
endloop
endfacet
facet normal -1 0 0
outer loop
vertex 228.9 -114.9575 1.6
vertex 228.9 -114.9575 0
vertex 228.9 -128.7575 0
endloop
endfacet
facet normal -1 0 0
outer loop
vertex 228.9 -114.9575 1.6
vertex 228.9 -128.7575 0
vertex 228.9 -128.7575 1.6
endloop
endfacet
facet normal -1 0 0
outer loop
vertex 228.9 -103.8575 1.6
vertex 228.9 -103.82711550602441 1.6
vertex 228.9 -103.73688524157181 1.6
endloop
endfacet
facet normal -1 0 0
outer loop
vertex 228.9 -103.8575 1.6
vertex 228.9 -103.73688524157181 1.6
vertex 228.9 -103.5895508075689 1.6
endloop
endfacet
facet normal -1 0 0
outer loop
vertex 228.9 -103.8575 1.6
vertex 228.9 -103.5895508075689 1.6
vertex 228.9 -103.389588886238 1.6
endloop
endfacet
facet normal -1 0 0
outer loop
vertex 228.9 -103.8575 1.6
vertex 228.9 -103.389588886238 1.6
vertex 228.9 -103.14307521937307 1.6
endloop
endfacet
facet normal -1 0 0
outer loop
vertex 228.9 -103.8575 1.6
vertex 228.9 -103.14307521937307 1.6
vertex 228.9 -102.8575 1.6
endloop
endfacet
facet normal -1 0 0
outer loop
vertex 228.9 -103.8575 1.6
vertex 228.9 -102.8575 1.6
vertex 228.9 -102.54154028665123 1.6
endloop
endfacet
facet normal -1 0 0
outer loop
vertex 228.9 -103.8575 1.6
vertex 228.9 -102.54154028665123 1.6
vertex 228.9 -102.20479635533381 1.6
endloop
endfacet
facet normal -1 0 0
outer loop
vertex 228.9 -103.8575 1.6
vertex 228.9 -102.20479635533381 1.6
vertex 228.9 -101.85750000000024 1.6
endloop
endfacet
facet normal -1 0 0
outer loop
vertex 228.9 -103.8575 1.6
vertex 228.9 -101.85750000000024 1.6
vertex 228.9 -97.9575 1.6
endloop
endfacet
facet normal -1 0 0
outer loop
vertex 228.9 -103.8575 1.6
vertex 228.9 -97.9575 1.6
vertex 228.9 -97.9575 0
endloop
endfacet
facet normal -1 0 0
outer loop
vertex 228.9 -103.8575 1.6
vertex 228.9 -97.9575 0
vertex 228.9 -101.85750000000026 0
endloop
endfacet
facet normal -1 0 0
outer loop
vertex 228.9 -103.8575 1.6
vertex 228.9 -101.85750000000026 0
vertex 228.9 -102.20479635533378 0
endloop
endfacet
facet normal -1 0 0
outer loop
vertex 228.9 -103.8575 1.6
vertex 228.9 -102.20479635533378 0
vertex 228.9 -102.54154028665128 0
endloop
endfacet
facet normal -1 0 0
outer loop
vertex 228.9 -103.8575 1.6
vertex 228.9 -102.54154028665128 0
vertex 228.9 -102.85749999999983 0
endloop
endfacet
facet normal -1 0 0
outer loop
vertex 228.9 -103.8575 1.6
vertex 228.9 -102.85749999999983 0
vertex 228.9 -103.1430752193731 0
endloop
endfacet
facet normal -1 0 0
outer loop
vertex 228.9 -103.8575 1.6
vertex 228.9 -103.1430752193731 0
vertex 228.9 -103.38958888623804 0
endloop
endfacet
facet normal -1 0 0
outer loop
vertex 228.9 -103.8575 1.6
vertex 228.9 -103.38958888623804 0
vertex 228.9 -103.58955080756893 0
endloop
endfacet
facet normal -1 0 0
outer loop
vertex 228.9 -103.8575 1.6
vertex 228.9 -103.58955080756893 0
vertex 228.9 -103.73688524157178 0
endloop
endfacet
facet normal -1 0 0
outer loop
vertex 228.9 -103.8575 1.6
vertex 228.9 -103.73688524157178 0
vertex 228.9 -103.82711550602441 0
endloop
endfacet
facet normal -1 0 0
outer loop
vertex 228.9 -103.8575 1.6
vertex 228.9 -103.82711550602441 0
vertex 228.9 -103.8575 0
endloop
endfacet
facet normal -1 0 0
outer loop
vertex 228.9 -103.8575 1.6
vertex 228.9 -103.8575 0
vertex 228.9 -111.7575 0
endloop
endfacet
facet normal -1 0 0
outer loop
vertex 228.9 -103.8575 1.6
vertex 228.9 -111.7575 0
vertex 228.9 -111.7575 1.6
endloop
endfacet
facet normal 0 -1 0
outer loop
vertex 228.9 -131.9575 0
vertex 228.9 -131.9575 1.6
vertex 215.1 -131.9575 1.6
endloop
endfacet
facet normal 0 -1 0
outer loop
vertex 228.9 -131.9575 0
vertex 215.1 -131.9575 1.6
vertex 215.1 -131.9575 0
endloop
endfacet
facet normal 1 0 0
outer loop
vertex 215.1 -143.1 0
vertex 215.1 -142.9 0
vertex 215.1 -131.9575 0
endloop
endfacet
facet normal 1 0 0
outer loop
vertex 215.1 -143.1 0
vertex 215.1 -131.9575 0
vertex 215.1 -131.9575 1.6
endloop
endfacet
facet normal 1 0 0
outer loop
vertex 215.1 -143.1 0
vertex 215.1 -131.9575 1.6
vertex 215.1 -142.9 1.6
endloop
endfacet
facet normal 1 0 0
outer loop
vertex 215.1 -143.1 0
vertex 215.1 -142.9 1.6
vertex 215.1 -143.1 1.6
endloop
endfacet
facet normal 1 0 0
outer loop
vertex 215.1 -143.1 0
vertex 215.1 -143.1 1.6
vertex 215.1 -145.7575 1.6
endloop
endfacet
facet normal 1 0 0
outer loop
vertex 215.1 -143.1 0
vertex 215.1 -145.7575 1.6
vertex 215.1 -145.7575 0
endloop
endfacet
facet normal 1 0 0
outer loop
vertex 215.1 -125.9 0
vertex 215.1 -114.9575 0
vertex 215.1 -114.9575 1.6
endloop
endfacet
facet normal 1 0 0
outer loop
vertex 215.1 -125.9 0
vertex 215.1 -114.9575 1.6
vertex 215.1 -125.9 1.6
endloop
endfacet
facet normal 1 0 0
outer loop
vertex 215.1 -125.9 0
vertex 215.1 -125.9 1.6
vertex 215.1 -128.7575 1.6
endloop
endfacet
facet normal 1 0 0
outer loop
vertex 215.1 -125.9 0
vertex 215.1 -128.7575 1.6
vertex 215.1 -128.7575 0
endloop
endfacet
facet normal 1 0 0
outer loop
vertex 215.1 -108.9 0
vertex 215.1 -97.9575 0
vertex 215.1 -97.9575 1.6
endloop
endfacet
facet normal 1 0 0
outer loop
vertex 215.1 -108.9 0
vertex 215.1 -97.9575 1.6
vertex 215.1 -108.90000000000002 1.6
endloop
endfacet
facet normal 1 0 0
outer loop
vertex 215.1 -108.9 0
vertex 215.1 -108.90000000000002 1.6
vertex 215.1 -111.7575 1.6
endloop
endfacet
facet normal 1 0 0
outer loop
vertex 215.1 -108.9 0
vertex 215.1 -111.7575 1.6
vertex 215.1 -111.7575 0
endloop
endfacet
facet normal 0 1 0
outer loop
vertex 201.9 -163.855 1.6
vertex 201.9 -163.855 0
vertex 188.1 -163.855 0
endloop
endfacet
facet normal 0 1 0
outer loop
vertex 201.9 -163.855 1.6
vertex 188.1 -163.855 0
vertex 188.1 -163.855 1.6
endloop
endfacet
facet normal -1 0 0
outer loop
vertex 201.9 -151.1577716 1.6
vertex 201.9 -150.055 1.6
vertex 201.9 -150.055 0
endloop
endfacet
facet normal -1 0 0
outer loop
vertex 201.9 -151.1577716 1.6
vertex 201.9 -150.055 0
vertex 201.9 -151.1577716 0
endloop
endfacet
facet normal -1 0 0
outer loop
vertex 201.9 -151.1577716 1.6
vertex 201.9 -151.1577716 0
vertex 201.9 -163.855 0
endloop
endfacet
facet normal -1 0 0
outer loop
vertex 201.9 -151.1577716 1.6
vertex 201.9 -163.855 0
vertex 201.9 -163.855 1.6
endloop
endfacet
facet normal 0 -1 0
outer loop
vertex 201.9 -150.055 0
vertex 201.9 -150.055 1.6
vertex 188.1 -150.055 1.6
endloop
endfacet
facet normal 0 -1 0
outer loop
vertex 201.9 -150.055 0
vertex 188.1 -150.055 1.6
vertex 188.1 -150.055 0
endloop
endfacet
facet normal 1 0 0
outer loop
vertex 188.1 -162.00000000000006 0
vertex 188.1 -161.6527036446662 0
vertex 188.1 -161.3159597133486 0
endloop
endfacet
facet normal 1 0 0
outer loop
vertex 188.1 -162.00000000000006 0
vertex 188.1 -161.3159597133486 0
vertex 188.1 -161.00000000000014 0
endloop
endfacet
facet normal 1 0 0
outer loop
vertex 188.1 -162.00000000000006 0
vertex 188.1 -161.00000000000014 0
vertex 188.1 -160.7144247806268 0
endloop
endfacet
facet normal 1 0 0
outer loop
vertex 188.1 -162.00000000000006 0
vertex 188.1 -160.7144247806268 0
vertex 188.1 -160.46791111376209 0
endloop
endfacet
facet normal 1 0 0
outer loop
vertex 188.1 -162.00000000000006 0
vertex 188.1 -160.46791111376209 0
vertex 188.1 -160.26794919243116 0
endloop
endfacet
facet normal 1 0 0
outer loop
vertex 188.1 -162.00000000000006 0
vertex 188.1 -160.26794919243116 0
vertex 188.1 -160.1206147584282 0
endloop
endfacet
facet normal 1 0 0
outer loop
vertex 188.1 -162.00000000000006 0
vertex 188.1 -160.1206147584282 0
vertex 188.1 -160.0303844939756 0
endloop
endfacet
facet normal 1 0 0
outer loop
vertex 188.1 -162.00000000000006 0
vertex 188.1 -160.0303844939756 0
vertex 188.1 -160 0
endloop
endfacet
facet normal 1 0 0
outer loop
vertex 188.1 -162.00000000000006 0
vertex 188.1 -160 0
vertex 188.1 -156.9 0
endloop
endfacet
facet normal 1 0 0
outer loop
vertex 188.1 -162.00000000000006 0
vertex 188.1 -156.9 0
vertex 188.1 -153.5 0
endloop
endfacet
facet normal 1 0 0
outer loop
vertex 188.1 -162.00000000000006 0
vertex 188.1 -153.5 0
vertex 188.1 -153.47117792060484 0
endloop
endfacet
facet normal 1 0 0
outer loop
vertex 188.1 -162.00000000000006 0
vertex 188.1 -153.47117792060484 0
vertex 188.1 -153.38581929876696 0
endloop
endfacet
facet normal 1 0 0
outer loop
vertex 188.1 -162.00000000000006 0
vertex 188.1 -153.38581929876696 0
vertex 188.1 -153.24720441845386 0
endloop
endfacet
facet normal 1 0 0
outer loop
vertex 188.1 -162.00000000000006 0
vertex 188.1 -153.24720441845386 0
vertex 188.1 -153.0606601717798 0
endloop
endfacet
facet normal 1 0 0
outer loop
vertex 188.1 -162.00000000000006 0
vertex 188.1 -153.0606601717798 0
vertex 188.1 -152.83335534952946 0
endloop
endfacet
facet normal 1 0 0
outer loop
vertex 188.1 -162.00000000000006 0
vertex 188.1 -152.83335534952946 0
vertex 188.1 -152.57402514854763 0
endloop
endfacet
facet normal 1 0 0
outer loop
vertex 188.1 -162.00000000000006 0
vertex 188.1 -152.57402514854763 0
vertex 188.1 -152.29263548302393 0
endloop
endfacet
facet normal 1 0 0
outer loop
vertex 188.1 -162.00000000000006 0
vertex 188.1 -152.29263548302393 0
vertex 188.1 -151.99999999999991 0
endloop
endfacet
facet normal 1 0 0
outer loop
vertex 188.1 -162.00000000000006 0
vertex 188.1 -151.99999999999991 0
vertex 188.1 -151.70736451697567 0
endloop
endfacet
facet normal 1 0 0
outer loop
vertex 188.1 -162.00000000000006 0
vertex 188.1 -151.70736451697567 0
vertex 188.1 -151.42597485145245 0
endloop
endfacet
facet normal 1 0 0
outer loop
vertex 188.1 -162.00000000000006 0
vertex 188.1 -151.42597485145245 0
vertex 188.1 -151.16664465047063 0
endloop
endfacet
facet normal 1 0 0
outer loop
vertex 188.1 -162.00000000000006 0
vertex 188.1 -151.16664465047063 0
vertex 188.1 -150.93933982822017 0
endloop
endfacet
facet normal 1 0 0
outer loop
vertex 188.1 -162.00000000000006 0
vertex 188.1 -150.93933982822017 0
vertex 188.1 -150.75279558154628 0
endloop
endfacet
facet normal 1 0 0
outer loop
vertex 188.1 -162.00000000000006 0
vertex 188.1 -150.75279558154628 0
vertex 188.1 -150.61418070123298 0
endloop
endfacet
facet normal 1 0 0
outer loop
vertex 188.1 -162.00000000000006 0
vertex 188.1 -150.61418070123298 0
vertex 188.1 -150.52882207939516 0
endloop
endfacet
facet normal 1 0 0
outer loop
vertex 188.1 -162.00000000000006 0
vertex 188.1 -150.52882207939516 0
vertex 188.1 -150.5 0
endloop
endfacet
facet normal 1 0 0
outer loop
vertex 188.1 -162.00000000000006 0
vertex 188.1 -150.5 0
vertex 188.1 -150.055 0
endloop
endfacet
facet normal 1 0 0
outer loop
vertex 188.1 -162.00000000000006 0
vertex 188.1 -150.055 0
vertex 188.1 -150.055 1.6
endloop
endfacet
facet normal 1 0 0
outer loop
vertex 188.1 -162.00000000000006 0
vertex 188.1 -150.055 1.6
vertex 188.1 -150.50000000000003 1.6
endloop
endfacet
facet normal 1 0 0
outer loop
vertex 188.1 -162.00000000000006 0
vertex 188.1 -150.50000000000003 1.6
vertex 188.1 -150.5288220793952 1.6
endloop
endfacet
facet normal 1 0 0
outer loop
vertex 188.1 -162.00000000000006 0
vertex 188.1 -150.5288220793952 1.6
vertex 188.1 -150.614180701233 1.6
endloop
endfacet
facet normal 1 0 0
outer loop
vertex 188.1 -162.00000000000006 0
vertex 188.1 -150.614180701233 1.6
vertex 188.1 -150.75279558154628 1.6
endloop
endfacet
facet normal 1 0 0
outer loop
vertex 188.1 -162.00000000000006 0
vertex 188.1 -150.75279558154628 1.6
vertex 188.1 -150.93933982822017 1.6
endloop
endfacet
facet normal 1 0 0
outer loop
vertex 188.1 -162.00000000000006 0
vertex 188.1 -150.93933982822017 1.6
vertex 188.1 -151.1666446504705 1.6
endloop
endfacet
facet normal 1 0 0
outer loop
vertex 188.1 -162.00000000000006 0
vertex 188.1 -151.1666446504705 1.6
vertex 188.1 -151.42597485145245 1.6
endloop
endfacet
facet normal 1 0 0
outer loop
vertex 188.1 -162.00000000000006 0
vertex 188.1 -151.42597485145245 1.6
vertex 188.1 -151.7073645169758 1.6
endloop
endfacet
facet normal 1 0 0
outer loop
vertex 188.1 -162.00000000000006 0
vertex 188.1 -151.7073645169758 1.6
vertex 188.1 -152 1.6
endloop
endfacet
facet normal 1 0 0
outer loop
vertex 188.1 -162.00000000000006 0
vertex 188.1 -152 1.6
vertex 188.1 -152.29263548302424 1.6
endloop
endfacet
facet normal 1 0 0
outer loop
vertex 188.1 -162.00000000000006 0
vertex 188.1 -152.29263548302424 1.6
vertex 188.1 -152.57402514854746 1.6
endloop
endfacet
facet normal 1 0 0
outer loop
vertex 188.1 -162.00000000000006 0
vertex 188.1 -152.57402514854746 1.6
vertex 188.1 -152.83335534952943 1.6
endloop
endfacet
facet normal 1 0 0
outer loop
vertex 188.1 -162.00000000000006 0
vertex 188.1 -152.83335534952943 1.6
vertex 188.1 -153.06066017177992 1.6
endloop
endfacet
facet normal 1 0 0
outer loop
vertex 188.1 -162.00000000000006 0
vertex 188.1 -153.06066017177992 1.6
vertex 188.1 -153.24720441845378 1.6
endloop
endfacet
facet normal 1 0 0
outer loop
vertex 188.1 -162.00000000000006 0
vertex 188.1 -153.24720441845378 1.6
vertex 188.1 -153.38581929876693 1.6
endloop
endfacet
facet normal 1 0 0
outer loop
vertex 188.1 -162.00000000000006 0
vertex 188.1 -153.38581929876693 1.6
vertex 188.1 -153.47117792060482 1.6
endloop
endfacet
facet normal 1 0 0
outer loop
vertex 188.1 -162.00000000000006 0
vertex 188.1 -153.47117792060482 1.6
vertex 188.1 -153.49999999999997 1.6
endloop
endfacet
facet normal 1 0 0
outer loop
vertex 188.1 -162.00000000000006 0
vertex 188.1 -153.49999999999997 1.6
vertex 188.1 -156.9 1.6
endloop
endfacet
facet normal 1 0 0
outer loop
vertex 188.1 -162.00000000000006 0
vertex 188.1 -156.9 1.6
vertex 188.1 -160 1.6
endloop
endfacet
facet normal 1 0 0
outer loop
vertex 188.1 -162.00000000000006 0
vertex 188.1 -160 1.6
vertex 188.1 -160.0303844939756 1.6
endloop
endfacet
facet normal 1 0 0
outer loop
vertex 188.1 -162.00000000000006 0
vertex 188.1 -160.0303844939756 1.6
vertex 188.1 -160.12061475842822 1.6
endloop
endfacet
facet normal 1 0 0
outer loop
vertex 188.1 -162.00000000000006 0
vertex 188.1 -160.12061475842822 1.6
vertex 188.1 -160.2679491924312 1.6
endloop
endfacet
facet normal 1 0 0
outer loop
vertex 188.1 -162.00000000000006 0
vertex 188.1 -160.2679491924312 1.6
vertex 188.1 -160.467911113762 1.6
endloop
endfacet
facet normal 1 0 0
outer loop
vertex 188.1 -162.00000000000006 0
vertex 188.1 -160.467911113762 1.6
vertex 188.1 -160.714424780627 1.6
endloop
endfacet
facet normal 1 0 0
outer loop
vertex 188.1 -162.00000000000006 0
vertex 188.1 -160.714424780627 1.6
vertex 188.1 -161 1.6
endloop
endfacet
facet normal 1 0 0
outer loop
vertex 188.1 -162.00000000000006 0
vertex 188.1 -161 1.6
vertex 188.1 -161.31595971334863 1.6
endloop
endfacet
facet normal 1 0 0
outer loop
vertex 188.1 -162.00000000000006 0
vertex 188.1 -161.31595971334863 1.6
vertex 188.1 -161.6527036446661 1.6
endloop
endfacet
facet normal 1 0 0
outer loop
vertex 188.1 -162.00000000000006 0
vertex 188.1 -161.6527036446661 1.6
vertex 188.1 -161.99999999999997 1.6
endloop
endfacet
facet normal 1 0 0
outer loop
vertex 188.1 -162.00000000000006 0
vertex 188.1 -161.99999999999997 1.6
vertex 188.1 -163.855 1.6
endloop
endfacet
facet normal 1 0 0
outer loop
vertex 188.1 -162.00000000000006 0
vertex 188.1 -163.855 1.6
vertex 188.1 -163.855 0
endloop
endfacet
facet normal 0 1 0
outer loop
vertex 156.9 -139.9 1.6
vertex 156.9 -139.9 0
vertex 143.1 -139.9 0
endloop
endfacet
facet normal 0 1 0
outer loop
vertex 156.9 -139.9 1.6
vertex 143.1 -139.9 0
vertex 143.1 -139.9 1.6
endloop
endfacet
facet normal 0 -1 0
outer loop
vertex 156.9 -126.1 0
vertex 156.9 -126.1 1.6
vertex 143.1 -126.1 1.6
endloop
endfacet
facet normal 0 -1 0
outer loop
vertex 156.9 -126.1 0
vertex 143.1 -126.1 1.6
vertex 143.1 -126.1 0
endloop
endfacet
facet normal 0 1 0
outer loop
vertex 156.9 -122.9 1.6
vertex 156.9 -122.9 0
vertex 143.1 -122.9 0
endloop
endfacet
facet normal 0 1 0
outer loop
vertex 156.9 -122.9 1.6
vertex 143.1 -122.9 0
vertex 143.1 -122.9 1.6
endloop
endfacet
facet normal 0 -1 0
outer loop
vertex 156.9 -109.1 0
vertex 156.9 -109.1 1.6
vertex 143.1 -109.1 1.6
endloop
endfacet
facet normal 0 -1 0
outer loop
vertex 156.9 -109.1 0
vertex 143.1 -109.1 1.6
vertex 143.1 -109.1 0
endloop
endfacet
facet normal 0 1 0
outer loop
vertex 174.9 -125.9 1.6
vertex 174.9 -125.9 0
vertex 161.1 -125.9 0
endloop
endfacet
facet normal 0 1 0
outer loop
vertex 174.9 -125.9 1.6
vertex 161.1 -125.9 0
vertex 161.1 -125.9 1.6
endloop
endfacet
facet normal 0 1 0
outer loop
vertex 210.9 -125.9 1.6
vertex 210.9 -125.9 0
vertex 197.1 -125.9 0
endloop
endfacet
facet normal 0 1 0
outer loop
vertex 210.9 -125.9 1.6
vertex 197.1 -125.9 0
vertex 197.1 -125.9 1.6
endloop
endfacet
facet normal 0 -1 0
outer loop
vertex 174.9 -112.1 0
vertex 174.9 -112.1 1.6
vertex 161.1 -112.1 1.6
endloop
endfacet
facet normal 0 -1 0
outer loop
vertex 174.9 -112.1 0
vertex 161.1 -112.1 1.6
vertex 161.1 -112.1 0
endloop
endfacet
facet normal 0 -1 0
outer loop
vertex 210.9 -112.1 0
vertex 210.9 -112.1 1.6
vertex 197.1 -112.1 1.6
endloop
endfacet
facet normal 0 -1 0
outer loop
vertex 210.9 -112.1 0
vertex 197.1 -112.1 1.6
vertex 197.1 -112.1 0
endloop
endfacet
facet normal 0 1 0
outer loop
vertex 192.9 -138.1375 1.6
vertex 192.9 -138.1375 0
vertex 179.1 -138.1375 0
endloop
endfacet
facet normal 0 1 0
outer loop
vertex 192.9 -138.1375 1.6
vertex 179.1 -138.1375 0
vertex 179.1 -138.1375 1.6
endloop
endfacet
facet normal -1 0 0
outer loop
vertex 192.9 -129.1 1.6
vertex 192.9 -128.7575 1.6
vertex 192.9 -125.9 1.6
endloop
endfacet
facet normal -1 0 0
outer loop
vertex 192.9 -129.1 1.6
vertex 192.9 -125.9 1.6
vertex 192.9 -124.3375 1.6
endloop
endfacet
facet normal -1 0 0
outer loop
vertex 192.9 -129.1 1.6
vertex 192.9 -124.3375 1.6
vertex 192.9 -124.3375 0
endloop
endfacet
facet normal -1 0 0
outer loop
vertex 192.9 -129.1 1.6
vertex 192.9 -124.3375 0
vertex 192.9 -125.9 0
endloop
endfacet
facet normal -1 0 0
outer loop
vertex 192.9 -129.1 1.6
vertex 192.9 -125.9 0
vertex 192.9 -128.7575 0
endloop
endfacet
facet normal -1 0 0
outer loop
vertex 192.9 -129.1 1.6
vertex 192.9 -128.7575 0
vertex 192.9 -129.1 0
endloop
endfacet
facet normal -1 0 0
outer loop
vertex 192.9 -129.1 1.6
vertex 192.9 -129.1 0
vertex 192.9 -138.1375 0
endloop
endfacet
facet normal -1 0 0
outer loop
vertex 192.9 -129.1 1.6
vertex 192.9 -138.1375 0
vertex 192.9 -138.1375 1.6
endloop
endfacet
facet normal -1 0 0
outer loop
vertex 192.9 -112.1 1.6
vertex 192.9 -111.7575 1.6
vertex 192.9 -108.90000000000002 1.6
endloop
endfacet
facet normal -1 0 0
outer loop
vertex 192.9 -112.1 1.6
vertex 192.9 -108.90000000000002 1.6
vertex 192.9 -107.3375 1.6
endloop
endfacet
facet normal -1 0 0
outer loop
vertex 192.9 -112.1 1.6
vertex 192.9 -107.3375 1.6
vertex 192.9 -107.3375 0
endloop
endfacet
facet normal -1 0 0
outer loop
vertex 192.9 -112.1 1.6
vertex 192.9 -107.3375 0
vertex 192.9 -108.9 0
endloop
endfacet
facet normal -1 0 0
outer loop
vertex 192.9 -112.1 1.6
vertex 192.9 -108.9 0
vertex 192.9 -111.7575 0
endloop
endfacet
facet normal -1 0 0
outer loop
vertex 192.9 -112.1 1.6
vertex 192.9 -111.7575 0
vertex 192.9 -112.1 0
endloop
endfacet
facet normal -1 0 0
outer loop
vertex 192.9 -112.1 1.6
vertex 192.9 -112.1 0
vertex 192.9 -121.1375 0
endloop
endfacet
facet normal -1 0 0
outer loop
vertex 192.9 -112.1 1.6
vertex 192.9 -121.1375 0
vertex 192.9 -121.1375 1.6
endloop
endfacet
facet normal -1 0 0
outer loop
vertex 192.9 -95.1 1.6
vertex 192.9 -94.8575 1.6
vertex 192.9 -94.84230775301221 1.6
endloop
endfacet
facet normal -1 0 0
outer loop
vertex 192.9 -95.1 1.6
vertex 192.9 -94.84230775301221 1.6
vertex 192.9 -94.79719262078594 1.6
endloop
endfacet
facet normal -1 0 0
outer loop
vertex 192.9 -95.1 1.6
vertex 192.9 -94.79719262078594 1.6
vertex 192.9 -94.72352540378444 1.6
endloop
endfacet
facet normal -1 0 0
outer loop
vertex 192.9 -95.1 1.6
vertex 192.9 -94.72352540378444 1.6
vertex 192.9 -94.62354444311897 1.6
endloop
endfacet
facet normal -1 0 0
outer loop
vertex 192.9 -95.1 1.6
vertex 192.9 -94.62354444311897 1.6
vertex 192.9 -94.50028760968665 1.6
endloop
endfacet
facet normal -1 0 0
outer loop
vertex 192.9 -95.1 1.6
vertex 192.9 -94.50028760968665 1.6
vertex 192.9 -94.3574999999998 1.6
endloop
endfacet
facet normal -1 0 0
outer loop
vertex 192.9 -95.1 1.6
vertex 192.9 -94.3574999999998 1.6
vertex 192.9 -94.19952014332563 1.6
endloop
endfacet
facet normal -1 0 0
outer loop
vertex 192.9 -95.1 1.6
vertex 192.9 -94.19952014332563 1.6
vertex 192.9 -94.03114817766685 1.6
endloop
endfacet
facet normal -1 0 0
outer loop
vertex 192.9 -95.1 1.6
vertex 192.9 -94.03114817766685 1.6
vertex 192.9 -93.85750000000041 1.6
endloop
endfacet
facet normal -1 0 0
outer loop
vertex 192.9 -95.1 1.6
vertex 192.9 -93.85750000000041 1.6
vertex 192.9 -92 1.6
endloop
endfacet
facet normal -1 0 0
outer loop
vertex 192.9 -95.1 1.6
vertex 192.9 -92 1.6
vertex 192.9 -91.98480775301219 1.6
endloop
endfacet
facet normal -1 0 0
outer loop
vertex 192.9 -95.1 1.6
vertex 192.9 -91.98480775301219 1.6
vertex 192.9 -91.93969262078595 1.6
endloop
endfacet
facet normal -1 0 0
outer loop
vertex 192.9 -95.1 1.6
vertex 192.9 -91.93969262078595 1.6
vertex 192.9 -91.86602540378432 1.6
endloop
endfacet
facet normal -1 0 0
outer loop
vertex 192.9 -95.1 1.6
vertex 192.9 -91.86602540378432 1.6
vertex 192.9 -91.76604444311909 1.6
endloop
endfacet
facet normal -1 0 0
outer loop
vertex 192.9 -95.1 1.6
vertex 192.9 -91.76604444311909 1.6
vertex 192.9 -91.64278760968669 1.6
endloop
endfacet
facet normal -1 0 0
outer loop
vertex 192.9 -95.1 1.6
vertex 192.9 -91.64278760968669 1.6
vertex 192.9 -91.49999999999987 1.6
endloop
endfacet
facet normal -1 0 0
outer loop
vertex 192.9 -95.1 1.6
vertex 192.9 -91.49999999999987 1.6
vertex 192.9 -91.3420201433256 1.6
endloop
endfacet
facet normal -1 0 0
outer loop
vertex 192.9 -95.1 1.6
vertex 192.9 -91.3420201433256 1.6
vertex 192.9 -91.17364817766693 1.6
endloop
endfacet
facet normal -1 0 0
outer loop
vertex 192.9 -95.1 1.6
vertex 192.9 -91.17364817766693 1.6
vertex 192.9 -90.99999999999974 1.6
endloop
endfacet
facet normal -1 0 0
outer loop
vertex 192.9 -95.1 1.6
vertex 192.9 -90.99999999999974 1.6
vertex 192.9 -90.3375 1.6
endloop
endfacet
facet normal -1 0 0
outer loop
vertex 192.9 -95.1 1.6
vertex 192.9 -90.3375 1.6
vertex 192.9 -90.3375 0
endloop
endfacet
facet normal -1 0 0
outer loop
vertex 192.9 -95.1 1.6
vertex 192.9 -90.3375 0
vertex 192.9 -90.99999999999979 0
endloop
endfacet
facet normal -1 0 0
outer loop
vertex 192.9 -95.1 1.6
vertex 192.9 -90.99999999999979 0
vertex 192.9 -91.17364817766703 0
endloop
endfacet
facet normal -1 0 0
outer loop
vertex 192.9 -95.1 1.6
vertex 192.9 -91.17364817766703 0
vertex 192.9 -91.34202014332566 0
endloop
endfacet
facet normal -1 0 0
outer loop
vertex 192.9 -95.1 1.6
vertex 192.9 -91.34202014332566 0
vertex 192.9 -91.49999999999974 0
endloop
endfacet
facet normal -1 0 0
outer loop
vertex 192.9 -95.1 1.6
vertex 192.9 -91.49999999999974 0
vertex 192.9 -91.64278760968665 0
endloop
endfacet
facet normal -1 0 0
outer loop
vertex 192.9 -95.1 1.6
vertex 192.9 -91.64278760968665 0
vertex 192.9 -91.7660444431191 0
endloop
endfacet
facet normal -1 0 0
outer loop
vertex 192.9 -95.1 1.6
vertex 192.9 -91.7660444431191 0
vertex 192.9 -91.86602540378439 0
endloop
endfacet
facet normal -1 0 0
outer loop
vertex 192.9 -95.1 1.6
vertex 192.9 -91.86602540378439 0
vertex 192.9 -91.93969262078593 0
endloop
endfacet
facet normal -1 0 0
outer loop
vertex 192.9 -95.1 1.6
vertex 192.9 -91.93969262078593 0
vertex 192.9 -91.9848077530122 0
endloop
endfacet
facet normal -1 0 0
outer loop
vertex 192.9 -95.1 1.6
vertex 192.9 -91.9848077530122 0
vertex 192.9 -92 0
endloop
endfacet
facet normal -1 0 0
outer loop
vertex 192.9 -95.1 1.6
vertex 192.9 -92 0
vertex 192.9 -93.85750000000024 0
endloop
endfacet
facet normal -1 0 0
outer loop
vertex 192.9 -95.1 1.6
vertex 192.9 -93.85750000000024 0
vertex 192.9 -94.03114817766686 0
endloop
endfacet
facet normal -1 0 0
outer loop
vertex 192.9 -95.1 1.6
vertex 192.9 -94.03114817766686 0
vertex 192.9 -94.19952014332569 0
endloop
endfacet
facet normal -1 0 0
outer loop
vertex 192.9 -95.1 1.6
vertex 192.9 -94.19952014332569 0
vertex 192.9 -94.35749999999987 0
endloop
endfacet
facet normal -1 0 0
outer loop
vertex 192.9 -95.1 1.6
vertex 192.9 -94.35749999999987 0
vertex 192.9 -94.50028760968664 0
endloop
endfacet
facet normal -1 0 0
outer loop
vertex 192.9 -95.1 1.6
vertex 192.9 -94.50028760968664 0
vertex 192.9 -94.62354444311894 0
endloop
endfacet
facet normal -1 0 0
outer loop
vertex 192.9 -95.1 1.6
vertex 192.9 -94.62354444311894 0
vertex 192.9 -94.7235254037845 0
endloop
endfacet
facet normal -1 0 0
outer loop
vertex 192.9 -95.1 1.6
vertex 192.9 -94.7235254037845 0
vertex 192.9 -94.79719262078592 0
endloop
endfacet
facet normal -1 0 0
outer loop
vertex 192.9 -95.1 1.6
vertex 192.9 -94.79719262078592 0
vertex 192.9 -94.8423077530122 0
endloop
endfacet
facet normal -1 0 0
outer loop
vertex 192.9 -95.1 1.6
vertex 192.9 -94.8423077530122 0
vertex 192.9 -94.8575 0
endloop
endfacet
facet normal -1 0 0
outer loop
vertex 192.9 -95.1 1.6
vertex 192.9 -94.8575 0
vertex 192.9 -95.1 0
endloop
endfacet
facet normal -1 0 0
outer loop
vertex 192.9 -95.1 1.6
vertex 192.9 -95.1 0
vertex 192.9 -104.1375 0
endloop
endfacet
facet normal -1 0 0
outer loop
vertex 192.9 -95.1 1.6
vertex 192.9 -104.1375 0
vertex 192.9 -104.1375 1.6
endloop
endfacet
facet normal 0 -1 0
outer loop
vertex 192.9 -124.3375 0
vertex 192.9 -124.3375 1.6
vertex 179.1 -124.3375 1.6
endloop
endfacet
facet normal 0 -1 0
outer loop
vertex 192.9 -124.3375 0
vertex 179.1 -124.3375 1.6
vertex 179.1 -124.3375 0
endloop
endfacet
facet normal 1 0 0
outer loop
vertex 179.1 -129.1 0
vertex 179.1 -126.1 0
vertex 179.1 -125.9 0
endloop
endfacet
facet normal 1 0 0
outer loop
vertex 179.1 -129.1 0
vertex 179.1 -125.9 0
vertex 179.1 -124.3375 0
endloop
endfacet
facet normal 1 0 0
outer loop
vertex 179.1 -129.1 0
vertex 179.1 -124.3375 0
vertex 179.1 -124.3375 1.6
endloop
endfacet
facet normal 1 0 0
outer loop
vertex 179.1 -129.1 0
vertex 179.1 -124.3375 1.6
vertex 179.1 -125.9 1.6
endloop
endfacet
facet normal 1 0 0
outer loop
vertex 179.1 -129.1 0
vertex 179.1 -125.9 1.6
vertex 179.1 -126.1 1.6
endloop
endfacet
facet normal 1 0 0
outer loop
vertex 179.1 -129.1 0
vertex 179.1 -126.1 1.6
vertex 179.1 -129.1 1.6
endloop
endfacet
facet normal 1 0 0
outer loop
vertex 179.1 -129.1 0
vertex 179.1 -129.1 1.6
vertex 179.1 -138.1375 1.6
endloop
endfacet
facet normal 1 0 0
outer loop
vertex 179.1 -129.1 0
vertex 179.1 -138.1375 1.6
vertex 179.1 -138.1375 0
endloop
endfacet
facet normal 1 0 0
outer loop
vertex 179.1 -112.1 0
vertex 179.1 -110.033315841954 0
vertex 179.1 -110.00616723184397 0
endloop
endfacet
facet normal 1 0 0
outer loop
vertex 179.1 -112.1 0
vertex 179.1 -110.00616723184397 0
vertex 179.1 -109.9266295882686 0
endloop
endfacet
facet normal 1 0 0
outer loop
vertex 179.1 -112.1 0
vertex 179.1 -109.9266295882686 0
vertex 179.1 -109.797532053557 0
endloop
endfacet
facet normal 1 0 0
outer loop
vertex 179.1 -112.1 0
vertex 179.1 -109.797532053557 0
vertex 179.1 -109.62346660810583 0
endloop
endfacet
facet normal 1 0 0
outer loop
vertex 179.1 -112.1 0
vertex 179.1 -109.62346660810583 0
vertex 179.1 -109.41062473430745 0
endloop
endfacet
facet normal 1 0 0
outer loop
vertex 179.1 -112.1 0
vertex 179.1 -109.41062473430745 0
vertex 179.1 -109.1665771864312 0
endloop
endfacet
facet normal 1 0 0
outer loop
vertex 179.1 -112.1 0
vertex 179.1 -109.1665771864312 0
vertex 179.1 -108.9 0
endloop
endfacet
facet normal 1 0 0
outer loop
vertex 179.1 -112.1 0
vertex 179.1 -108.9 0
vertex 179.1 -107.3375 0
endloop
endfacet
facet normal 1 0 0
outer loop
vertex 179.1 -112.1 0
vertex 179.1 -107.3375 0
vertex 179.1 -107.3375 1.6
endloop
endfacet
facet normal 1 0 0
outer loop
vertex 179.1 -112.1 0
vertex 179.1 -107.3375 1.6
vertex 179.1 -108.90000571669533 1.6
endloop
endfacet
facet normal 1 0 0
outer loop
vertex 179.1 -112.1 0
vertex 179.1 -108.90000571669533 1.6
vertex 179.1 -109.16657718643111 1.6
endloop
endfacet
facet normal 1 0 0
outer loop
vertex 179.1 -112.1 0
vertex 179.1 -109.16657718643111 1.6
vertex 179.1 -109.41062473430759 1.6
endloop
endfacet
facet normal 1 0 0
outer loop
vertex 179.1 -112.1 0
vertex 179.1 -109.41062473430759 1.6
vertex 179.1 -109.62346660810582 1.6
endloop
endfacet
facet normal 1 0 0
outer loop
vertex 179.1 -112.1 0
vertex 179.1 -109.62346660810582 1.6
vertex 179.1 -109.79753205355703 1.6
endloop
endfacet
facet normal 1 0 0
outer loop
vertex 179.1 -112.1 0
vertex 179.1 -109.79753205355703 1.6
vertex 179.1 -109.92662958826863 1.6
endloop
endfacet
facet normal 1 0 0
outer loop
vertex 179.1 -112.1 0
vertex 179.1 -109.92662958826863 1.6
vertex 179.1 -110.00616723184396 1.6
endloop
endfacet
facet normal 1 0 0
outer loop
vertex 179.1 -112.1 0
vertex 179.1 -110.00616723184396 1.6
vertex 179.1 -110.03331584195399 1.6
endloop
endfacet
facet normal 1 0 0
outer loop
vertex 179.1 -112.1 0
vertex 179.1 -110.03331584195399 1.6
vertex 179.1 -112.1 1.6
endloop
endfacet
facet normal 1 0 0
outer loop
vertex 179.1 -112.1 0
vertex 179.1 -112.1 1.6
vertex 179.1 -121.1375 1.6
endloop
endfacet
facet normal 1 0 0
outer loop
vertex 179.1 -112.1 0
vertex 179.1 -121.1375 1.6
vertex 179.1 -121.1375 0
endloop
endfacet
facet normal 1 0 0
outer loop
vertex 179.1 -95.1 0
vertex 179.1 -92 0
vertex 179.1 -91.9848077530122 0
endloop
endfacet
facet normal 1 0 0
outer loop
vertex 179.1 -95.1 0
vertex 179.1 -91.9848077530122 0
vertex 179.1 -91.93969262078593 0
endloop
endfacet
facet normal 1 0 0
outer loop
vertex 179.1 -95.1 0
vertex 179.1 -91.93969262078593 0
vertex 179.1 -91.86602540378439 0
endloop
endfacet
facet normal 1 0 0
outer loop
vertex 179.1 -95.1 0
vertex 179.1 -91.86602540378439 0
vertex 179.1 -91.7660444431191 0
endloop
endfacet
facet normal 1 0 0
outer loop
vertex 179.1 -95.1 0
vertex 179.1 -91.7660444431191 0
vertex 179.1 -91.64278760968665 0
endloop
endfacet
facet normal 1 0 0
outer loop
vertex 179.1 -95.1 0
vertex 179.1 -91.64278760968665 0
vertex 179.1 -91.49999999999974 0
endloop
endfacet
facet normal 1 0 0
outer loop
vertex 179.1 -95.1 0
vertex 179.1 -91.49999999999974 0
vertex 179.1 -91.34202014332566 0
endloop
endfacet
facet normal 1 0 0
outer loop
vertex 179.1 -95.1 0
vertex 179.1 -91.34202014332566 0
vertex 179.1 -91.17364817766703 0
endloop
endfacet
facet normal 1 0 0
outer loop
vertex 179.1 -95.1 0
vertex 179.1 -91.17364817766703 0
vertex 179.1 -90.99999999999979 0
endloop
endfacet
facet normal 1 0 0
outer loop
vertex 179.1 -95.1 0
vertex 179.1 -90.99999999999979 0
vertex 179.1 -90.3375 0
endloop
endfacet
facet normal 1 0 0
outer loop
vertex 179.1 -95.1 0
vertex 179.1 -90.3375 0
vertex 179.1 -90.3375 1.6
endloop
endfacet
facet normal 1 0 0
outer loop
vertex 179.1 -95.1 0
vertex 179.1 -90.3375 1.6
vertex 179.1 -90.99999999999974 1.6
endloop
endfacet
facet normal 1 0 0
outer loop
vertex 179.1 -95.1 0
vertex 179.1 -90.99999999999974 1.6
vertex 179.1 -91.17364817766693 1.6
endloop
endfacet
facet normal 1 0 0
outer loop
vertex 179.1 -95.1 0
vertex 179.1 -91.17364817766693 1.6
vertex 179.1 -91.3420201433256 1.6
endloop
endfacet
facet normal 1 0 0
outer loop
vertex 179.1 -95.1 0
vertex 179.1 -91.3420201433256 1.6
vertex 179.1 -91.49999999999987 1.6
endloop
endfacet
facet normal 1 0 0
outer loop
vertex 179.1 -95.1 0
vertex 179.1 -91.49999999999987 1.6
vertex 179.1 -91.64278760968669 1.6
endloop
endfacet
facet normal 1 0 0
outer loop
vertex 179.1 -95.1 0
vertex 179.1 -91.64278760968669 1.6
vertex 179.1 -91.76604444311909 1.6
endloop
endfacet
facet normal 1 0 0
outer loop
vertex 179.1 -95.1 0
vertex 179.1 -91.76604444311909 1.6
vertex 179.1 -91.86602540378432 1.6
endloop
endfacet
facet normal 1 0 0
outer loop
vertex 179.1 -95.1 0
vertex 179.1 -91.86602540378432 1.6
vertex 179.1 -91.93969262078595 1.6
endloop
endfacet
facet normal 1 0 0
outer loop
vertex 179.1 -95.1 0
vertex 179.1 -91.93969262078595 1.6
vertex 179.1 -91.98480775301219 1.6
endloop
endfacet
facet normal 1 0 0
outer loop
vertex 179.1 -95.1 0
vertex 179.1 -91.98480775301219 1.6
vertex 179.1 -92 1.6
endloop
endfacet
facet normal 1 0 0
outer loop
vertex 179.1 -95.1 0
vertex 179.1 -92 1.6
vertex 179.1 -95.1 1.6
endloop
endfacet
facet normal 1 0 0
outer loop
vertex 179.1 -95.1 0
vertex 179.1 -95.1 1.6
vertex 179.1 -104.1375 1.6
endloop
endfacet
facet normal 1 0 0
outer loop
vertex 179.1 -95.1 0
vertex 179.1 -104.1375 1.6
vertex 179.1 -104.1375 0
endloop
endfacet
facet normal 0 1 0
outer loop
vertex 192.9 -121.1375 1.6
vertex 192.9 -121.1375 0
vertex 179.1 -121.1375 0
endloop
endfacet
facet normal 0 1 0
outer loop
vertex 192.9 -121.1375 1.6
vertex 179.1 -121.1375 0
vertex 179.1 -121.1375 1.6
endloop
endfacet
facet normal 0 -1 0
outer loop
vertex 192.9 -107.3375 0
vertex 192.9 -107.3375 1.6
vertex 179.1 -107.3375 1.6
endloop
endfacet
facet normal 0 -1 0
outer loop
vertex 192.9 -107.3375 0
vertex 179.1 -107.3375 1.6
vertex 179.1 -107.3375 0
endloop
endfacet
facet normal 0 1 0
outer loop
vertex 192.9 -104.1375 1.6
vertex 192.9 -104.1375 0
vertex 179.1 -104.1375 0
endloop
endfacet
facet normal 0 1 0
outer loop
vertex 192.9 -104.1375 1.6
vertex 179.1 -104.1375 0
vertex 179.1 -104.1375 1.6
endloop
endfacet
facet normal 0 -1 0
outer loop
vertex 192.9 -90.3375 0
vertex 192.9 -90.3375 1.6
vertex 179.1 -90.3375 1.6
endloop
endfacet
facet normal 0 -1 0
outer loop
vertex 192.9 -90.3375 0
vertex 179.1 -90.3375 1.6
vertex 179.1 -90.3375 0
endloop
endfacet
facet normal 0 1 0
outer loop
vertex 210.9 -108.90000000000002 1.6
vertex 210.9 -108.9 0
vertex 197.1 -108.9 0
endloop
endfacet
facet normal 0 1 0
outer loop
vertex 210.9 -108.90000000000002 1.6
vertex 197.1 -108.9 0
vertex 197.1 -108.90000000000002 1.6
endloop
endfacet
facet normal 0 1 0
outer loop
vertex 228.9 -128.7575 1.6
vertex 228.9 -128.7575 0
vertex 215.1 -128.7575 0
endloop
endfacet
facet normal 0 1 0
outer loop
vertex 228.9 -128.7575 1.6
vertex 215.1 -128.7575 0
vertex 215.1 -128.7575 1.6
endloop
endfacet
facet normal 0 -1 0
outer loop
vertex 228.9 -114.9575 0
vertex 228.9 -114.9575 1.6
vertex 215.1 -114.9575 1.6
endloop
endfacet
facet normal 0 -1 0
outer loop
vertex 228.9 -114.9575 0
vertex 215.1 -114.9575 1.6
vertex 215.1 -114.9575 0
endloop
endfacet
facet normal 0 1 0
outer loop
vertex 228.9 -111.7575 1.6
vertex 228.9 -111.7575 0
vertex 215.1 -111.7575 0
endloop
endfacet
facet normal 0 1 0
outer loop
vertex 228.9 -111.7575 1.6
vertex 215.1 -111.7575 0
vertex 215.1 -111.7575 1.6
endloop
endfacet
facet normal 0 -1 0
outer loop
vertex 228.9 -97.9575 0
vertex 228.9 -97.9575 1.6
vertex 215.1 -97.9575 1.6
endloop
endfacet
facet normal 0 -1 0
outer loop
vertex 228.9 -97.9575 0
vertex 215.1 -97.9575 1.6
vertex 215.1 -97.9575 0
endloop
endfacet
facet normal 0 0 -1
outer loop
vertex 206.70467910000002 -164.487548 1.6
vertex 215.91333538510108 -166.955 1.6
vertex 215.92753801028266 -166.95880558192474 1.6
endloop
endfacet
facet normal 0 0 -1
outer loop
vertex 206.70467910000002 -164.487548 1.6
vertex 215.92753801028266 -166.95880558192474 1.6
vertex 215.97001699018767 -166.97018779021653 1.6
endloop
endfacet
facet normal 0 0 -1
outer loop
vertex 206.70467910000002 -164.487548 1.6
vertex 215.97001699018767 -166.97018779021653 1.6
vertex 216.04046769663248 -166.9890650000001 1.6
endloop
endfacet
facet normal 0 0 -1
outer loop
vertex 206.70467910000002 -164.487548 1.6
vertex 216.04046769663248 -166.9890650000001 1.6
vertex 220.03445550000006 -168.0592508 1.6
endloop
endfacet
facet normal 0 0 -1
outer loop
vertex 206.70467910000002 -164.487548 1.6
vertex 220.03445550000006 -168.0592508 1.6
vertex 220.03445549999998 -168.0592508 0
endloop
endfacet
facet normal 0 0 -1
outer loop
vertex 206.70467910000002 -164.487548 1.6
vertex 220.03445549999998 -168.0592508 0
vertex 216.04046769663196 -166.98906499999998 0
endloop
endfacet
facet normal 0 0 -1
outer loop
vertex 206.70467910000002 -164.487548 1.6
vertex 216.04046769663196 -166.98906499999998 0
vertex 215.97001699018793 -166.9701877902166 0
endloop
endfacet
facet normal 0 0 -1
outer loop
vertex 206.70467910000002 -164.487548 1.6
vertex 215.97001699018793 -166.9701877902166 0
vertex 215.92753801028272 -166.95880558192476 0
endloop
endfacet
facet normal 0 0 -1
outer loop
vertex 206.70467910000002 -164.487548 1.6
vertex 215.92753801028272 -166.95880558192476 0
vertex 215.91333538510102 -166.955 0
endloop
endfacet
facet normal 0 0 -1
outer loop
vertex 206.70467910000002 -164.487548 1.6
vertex 215.91333538510102 -166.955 0
vertex 206.70467910000002 -164.487548 0
endloop
endfacet
facet normal 0 0 -1
outer loop
vertex 220.03445550000006 -168.0592508 1.6
vertex 222.7055798907259 -158.09047879999997 1.6
vertex 223.22212553485153 -156.1627042 1.6
endloop
endfacet
facet normal 0 0 -1
outer loop
vertex 220.03445550000006 -168.0592508 1.6
vertex 223.22212553485153 -156.1627042 1.6
vertex 223.2298483877028 -156.13388212060482 1.6
endloop
endfacet
facet normal 0 0 -1
outer loop
vertex 220.03445550000006 -168.0592508 1.6
vertex 223.2298483877028 -156.13388212060482 1.6
vertex 223.25272016135253 -156.04852349876694 1.6
endloop
endfacet
facet normal 0 0 -1
outer loop
vertex 220.03445550000006 -168.0592508 1.6
vertex 223.25272016135253 -156.04852349876694 1.6
vertex 223.28986190636607 -155.9099086184538 1.6
endloop
endfacet
facet normal 0 0 -1
outer loop
vertex 220.03445550000006 -168.0592508 1.6
vertex 223.28986190636607 -155.9099086184538 1.6
vertex 223.33984628631177 -155.7233643717799 1.6
endloop
endfacet
facet normal 0 0 -1
outer loop
vertex 220.03445550000006 -168.0592508 1.6
vertex 223.33984628631177 -155.7233643717799 1.6
vertex 223.40075242950002 -155.49605954952943 1.6
endloop
endfacet
facet normal 0 0 -1
outer loop
vertex 220.03445550000006 -168.0592508 1.6
vertex 223.40075242950002 -155.49605954952943 1.6
vertex 223.4702397470046 -155.23672934854747 1.6
endloop
endfacet
facet normal 0 0 -1
outer loop
vertex 220.03445550000006 -168.0592508 1.6
vertex 223.4702397470046 -155.23672934854747 1.6
vertex 223.5456378801826 -154.95533968302428 1.6
endloop
endfacet
facet normal 0 0 -1
outer loop
vertex 220.03445550000006 -168.0592508 1.6
vertex 223.5456378801826 -154.95533968302428 1.6
vertex 223.60615830000003 -154.7294744 1.6
endloop
endfacet
facet normal 0 0 -1
outer loop
vertex 220.03445550000006 -168.0592508 1.6
vertex 223.60615830000003 -154.7294744 1.6
vertex 223.60615830000003 -154.7294744 0
endloop
endfacet
facet normal 0 0 -1
outer loop
vertex 220.03445550000006 -168.0592508 1.6
vertex 223.60615830000003 -154.7294744 0
vertex 223.54563788018262 -154.95533968302416 0
endloop
endfacet
facet normal 0 0 -1
outer loop
vertex 220.03445550000006 -168.0592508 1.6
vertex 223.54563788018262 -154.95533968302416 0
vertex 223.47023974700454 -155.23672934854764 0
endloop
endfacet
facet normal 0 0 -1
outer loop
vertex 220.03445550000006 -168.0592508 1.6
vertex 223.47023974700454 -155.23672934854764 0
vertex 223.4007524295 -155.49605954952946 0
endloop
endfacet
facet normal 0 0 -1
outer loop
vertex 220.03445550000006 -168.0592508 1.6
vertex 223.4007524295 -155.49605954952946 0
vertex 223.3398462863118 -155.72336437177984 0
endloop
endfacet
facet normal 0 0 -1
outer loop
vertex 220.03445550000006 -168.0592508 1.6
vertex 223.3398462863118 -155.72336437177984 0
vertex 223.28986190636604 -155.9099086184538 0
endloop
endfacet
facet normal 0 0 -1
outer loop
vertex 220.03445550000006 -168.0592508 1.6
vertex 223.28986190636604 -155.9099086184538 0
vertex 223.25272016135253 -156.04852349876694 0
endloop
endfacet
facet normal 0 0 -1
outer loop
vertex 220.03445550000006 -168.0592508 1.6
vertex 223.25272016135253 -156.04852349876694 0
vertex 223.22984838770276 -156.13388212060485 0
endloop
endfacet
facet normal 0 0 -1
outer loop
vertex 220.03445550000006 -168.0592508 1.6
vertex 223.22984838770276 -156.13388212060485 0
vertex 223.2221255348515 -156.1627042 0
endloop
endfacet
facet normal 0 0 -1
outer loop
vertex 220.03445550000006 -168.0592508 1.6
vertex 223.2221255348515 -156.1627042 0
vertex 222.70557989072586 -158.09047879999994 0
endloop
endfacet
facet normal 0 0 -1
outer loop
vertex 220.03445550000006 -168.0592508 1.6
vertex 222.70557989072586 -158.09047879999994 0
vertex 220.03445549999998 -168.0592508 0
endloop
endfacet
facet normal 0 0 -1
outer loop
vertex 223.60615830000003 -154.7294744 1.6
vertex 223.356968519657 -154.66270420000004 1.6
vertex 222.26483802228753 -154.37006871697574 1.6
endloop
endfacet
facet normal 0 0 -1
outer loop
vertex 223.60615830000003 -154.7294744 1.6
vertex 222.26483802228753 -154.37006871697574 1.6
vertex 221.2146774874589 -154.0886790514524 1.6
endloop
endfacet
facet normal 0 0 -1
outer loop
vertex 223.60615830000003 -154.7294744 1.6
vertex 221.2146774874589 -154.0886790514524 1.6
vertex 220.24684399558717 -153.82934885047078 1.6
endloop
endfacet
facet normal 0 0 -1
outer loop
vertex 223.60615830000003 -154.7294744 1.6
vertex 220.24684399558717 -153.82934885047078 1.6
vertex 219.39853084499597 -153.6020440282201 1.6
endloop
endfacet
facet normal 0 0 -1
outer loop
vertex 223.60615830000003 -154.7294744 1.6
vertex 219.39853084499597 -153.6020440282201 1.6
vertex 218.70233823432628 -153.4154997815463 1.6
endloop
endfacet
facet normal 0 0 -1
outer loop
vertex 223.60615830000003 -154.7294744 1.6
vertex 218.70233823432628 -153.4154997815463 1.6
vertex 218.1850204551738 -153.27688490123302 1.6
endloop
endfacet
facet normal 0 0 -1
outer loop
vertex 223.60615830000003 -154.7294744 1.6
vertex 218.1850204551738 -153.27688490123302 1.6
vertex 217.86645773967834 -153.19152627939516 1.6
endloop
endfacet
facet normal 0 0 -1
outer loop
vertex 223.60615830000003 -154.7294744 1.6
vertex 217.86645773967834 -153.19152627939516 1.6
vertex 217.75889227434328 -153.1627042 1.6
endloop
endfacet
facet normal 0 0 -1
outer loop
vertex 223.60615830000003 -154.7294744 1.6
vertex 217.75889227434328 -153.1627042 1.6
vertex 210.27638190000002 -151.1577716 1.6
endloop
endfacet
facet normal 0 0 -1
outer loop
vertex 223.60615830000003 -154.7294744 1.6
vertex 210.27638190000002 -151.1577716 1.6
vertex 210.27638190000002 -151.1577716 0
endloop
endfacet
facet normal 0 0 -1
outer loop
vertex 223.60615830000003 -154.7294744 1.6
vertex 210.27638190000002 -151.1577716 0
vertex 217.75889227434328 -153.1627042 0
endloop
endfacet
facet normal 0 0 -1
outer loop
vertex 223.60615830000003 -154.7294744 1.6
vertex 217.75889227434328 -153.1627042 0
vertex 217.86645773967834 -153.19152627939516 0
endloop
endfacet
facet normal 0 0 -1
outer loop
vertex 223.60615830000003 -154.7294744 1.6
vertex 217.86645773967834 -153.19152627939516 0
vertex 218.1850204551739 -153.27688490123305 0
endloop
endfacet
facet normal 0 0 -1
outer loop
vertex 223.60615830000003 -154.7294744 1.6
vertex 218.1850204551739 -153.27688490123305 0
vertex 218.70233823432616 -153.41549978154626 0
endloop
endfacet
facet normal 0 0 -1
outer loop
vertex 223.60615830000003 -154.7294744 1.6
vertex 218.70233823432616 -153.41549978154626 0
vertex 219.39853084499575 -153.60204402822004 0
endloop
endfacet
facet normal 0 0 -1
outer loop
vertex 223.60615830000003 -154.7294744 1.6
vertex 219.39853084499575 -153.60204402822004 0
vertex 220.2468439955878 -153.82934885047095 0
endloop
endfacet
facet normal 0 0 -1
outer loop
vertex 223.60615830000003 -154.7294744 1.6
vertex 220.2468439955878 -153.82934885047095 0
vertex 221.21467748745837 -154.08867905145226 0
endloop
endfacet
facet normal 0 0 -1
outer loop
vertex 223.60615830000003 -154.7294744 1.6
vertex 221.21467748745837 -154.08867905145226 0
vertex 222.2648380222871 -154.37006871697562 0
endloop
endfacet
facet normal 0 0 -1
outer loop
vertex 223.60615830000003 -154.7294744 1.6
vertex 222.2648380222871 -154.37006871697562 0
vertex 223.3569685196574 -154.66270420000015 0
endloop
endfacet
facet normal 0 0 -1
outer loop
vertex 223.60615830000003 -154.7294744 1.6
vertex 223.3569685196574 -154.66270420000015 0
vertex 223.60615830000003 -154.7294744 0
endloop
endfacet
facet normal 0 0 1
outer loop
vertex 210.27638190000002 -151.1577716 1.6
vertex 206.87416982474574 -163.855 1.6
vertex 206.70467910000002 -164.487548 1.6
endloop
endfacet
facet normal 0 0 1
outer loop
vertex 210.27638190000002 -151.1577716 1.6
vertex 206.70467910000002 -164.487548 1.6
vertex 206.70467910000002 -164.487548 0
endloop
endfacet
facet normal 0 0 1
outer loop
vertex 210.27638190000002 -151.1577716 1.6
vertex 206.70467910000002 -164.487548 0
vertex 206.87416982474574 -163.855 0
endloop
endfacet
facet normal 0 0 1
outer loop
vertex 210.27638190000002 -151.1577716 1.6
vertex 206.87416982474574 -163.855 0
vertex 210.27638190000002 -151.1577716 0
endloop
endfacet
facet normal -0.9951847266721956 0.09801714032957415 0
outer loop
vertex 173.97117792060487 -152.29263548302424 1.6
vertex 174 -152 1.6
vertex 173.99999999999997 -151.99999999999991 0
endloop
endfacet
facet normal -0.9951847266721956 0.09801714032957415 0
outer loop
vertex 173.97117792060487 -152.29263548302424 1.6
vertex 173.99999999999997 -151.99999999999991 0
vertex 173.97117792060484 -152.29263548302393 0
endloop
endfacet
facet normal -0.9951847266721956 -0.09801714032957415 0
outer loop
vertex 174 -152 1.6
vertex 173.97117792060484 -151.7073645169758 1.6
vertex 173.97117792060482 -151.70736451697567 0
endloop
endfacet
facet normal -0.9951847266721956 -0.09801714032957415 0
outer loop
vertex 174 -152 1.6
vertex 173.97117792060482 -151.70736451697567 0
vertex 173.99999999999997 -151.99999999999991 0
endloop
endfacet
facet normal -0.9569403357322133 -0.2902846772544479 0
outer loop
vertex 173.97117792060484 -151.7073645169758 1.6
vertex 173.88581929876696 -151.42597485145245 1.6
vertex 173.885819298767 -151.42597485145245 0
endloop
endfacet
facet normal -0.9569403357322133 -0.2902846772544479 0
outer loop
vertex 173.97117792060484 -151.7073645169758 1.6
vertex 173.885819298767 -151.42597485145245 0
vertex 173.97117792060482 -151.70736451697567 0
endloop
endfacet
facet normal -0.8819212643483417 -0.4713967368260224 0
outer loop
vertex 173.88581929876696 -151.42597485145245 1.6
vertex 173.74720441845372 -151.1666446504705 1.6
vertex 173.74720441845383 -151.16664465047063 0
endloop
endfacet
facet normal -0.8819212643483417 -0.4713967368260224 0
outer loop
vertex 173.88581929876696 -151.42597485145245 1.6
vertex 173.74720441845383 -151.16664465047063 0
vertex 173.885819298767 -151.42597485145245 0
endloop
endfacet
facet normal -0.7730104533627828 -0.6343932841635896 0
outer loop
vertex 173.74720441845372 -151.1666446504705 1.6
vertex 173.56066017177983 -150.93933982822017 1.6
vertex 173.56066017177983 -150.93933982822017 0
endloop
endfacet
facet normal -0.7730104533627828 -0.6343932841635896 0
outer loop
vertex 173.74720441845372 -151.1666446504705 1.6
vertex 173.56066017177983 -150.93933982822017 0
vertex 173.74720441845383 -151.16664465047063 0
endloop
endfacet
facet normal -0.634393284163573 -0.7730104533627965 0
outer loop
vertex 173.56066017177983 -150.93933982822017 1.6
vertex 173.33335534952954 -150.75279558154628 1.6
vertex 173.3333553495295 -150.75279558154628 0
endloop
endfacet
facet normal -0.634393284163573 -0.7730104533627965 0
outer loop
vertex 173.56066017177983 -150.93933982822017 1.6
vertex 173.3333553495295 -150.75279558154628 0
vertex 173.56066017177983 -150.93933982822017 0
endloop
endfacet
facet normal -0.4713967368260365 -0.8819212643483344 0
outer loop
vertex 173.33335534952954 -150.75279558154628 1.6
vertex 173.0740251485475 -150.614180701233 1.6
vertex 173.07402514854743 -150.61418070123298 0
endloop
endfacet
facet normal -0.4713967368260365 -0.8819212643483344 0
outer loop
vertex 173.33335534952954 -150.75279558154628 1.6
vertex 173.07402514854743 -150.61418070123298 0
vertex 173.3333553495295 -150.75279558154628 0
endloop
endfacet
facet normal -0.2902846772544479 -0.9569403357322133 0
outer loop
vertex 173.0740251485475 -150.614180701233 1.6
vertex 172.79263548302444 -150.5288220793952 1.6
vertex 172.7926354830242 -150.52882207939516 0
endloop
endfacet
facet normal -0.2902846772544479 -0.9569403357322133 0
outer loop
vertex 173.0740251485475 -150.614180701233 1.6
vertex 172.7926354830242 -150.52882207939516 0
vertex 173.07402514854743 -150.61418070123298 0
endloop
endfacet
facet normal -0.09801714032957415 -0.9951847266721956 0
outer loop
vertex 172.79263548302444 -150.5288220793952 1.6
vertex 172.49999999999986 -150.50000000000003 1.6
vertex 172.4999999999999 -150.5 0
endloop
endfacet
facet normal -0.09801714032957415 -0.9951847266721956 0
outer loop
vertex 172.79263548302444 -150.5288220793952 1.6
vertex 172.4999999999999 -150.5 0
vertex 172.7926354830242 -150.52882207939516 0
endloop
endfacet
facet normal 0.09801714032960263 -0.9951847266721927 0
outer loop
vertex 172.49999999999986 -150.50000000000003 1.6
vertex 172.20736451697553 -150.5288220793952 1.6
vertex 172.2073645169757 -150.52882207939516 0
endloop
endfacet
facet normal 0.09801714032960263 -0.9951847266721927 0
outer loop
vertex 172.49999999999986 -150.50000000000003 1.6
vertex 172.2073645169757 -150.52882207939516 0
vertex 172.4999999999999 -150.5 0
endloop
endfacet
facet normal 0.2902846772544479 -0.9569403357322133 0
outer loop
vertex 172.20736451697553 -150.5288220793952 1.6
vertex 171.92597485145265 -150.614180701233 1.6
vertex 171.92597485145262 -150.61418070123298 0
endloop
endfacet
facet normal 0.2902846772544479 -0.9569403357322133 0
outer loop
vertex 172.20736451697553 -150.5288220793952 1.6
vertex 171.92597485145262 -150.61418070123298 0
vertex 172.2073645169757 -150.52882207939516 0
endloop
endfacet
facet normal 0.47139673682604744 -0.8819212643483284 0
outer loop
vertex 171.92597485145265 -150.614180701233 1.6
vertex 171.6666446504706 -150.75279558154628 1.6
vertex 171.66664465047035 -150.75279558154628 0
endloop
endfacet
facet normal 0.47139673682604744 -0.8819212643483284 0
outer loop
vertex 171.92597485145265 -150.614180701233 1.6
vertex 171.66664465047035 -150.75279558154628 0
vertex 171.92597485145262 -150.61418070123298 0
endloop
endfacet
facet normal 0.63439328416359 -0.7730104533627824 0
outer loop
vertex 171.6666446504706 -150.75279558154628 1.6
vertex 171.43933982822017 -150.93933982822017 1.6
vertex 171.43933982822028 -150.93933982822017 0
endloop
endfacet
facet normal 0.63439328416359 -0.7730104533627824 0
outer loop
vertex 171.6666446504706 -150.75279558154628 1.6
vertex 171.43933982822028 -150.93933982822017 0
vertex 171.66664465047035 -150.75279558154628 0
endloop
endfacet
facet normal 0.7730104533627825 -0.63439328416359 0
outer loop
vertex 171.43933982822017 -150.93933982822017 1.6
vertex 171.2527955815462 -151.1666446504705 1.6
vertex 171.25279558154625 -151.16664465047063 0
endloop
endfacet
facet normal 0.7730104533627825 -0.63439328416359 0
outer loop
vertex 171.43933982822017 -150.93933982822017 1.6
vertex 171.25279558154625 -151.16664465047063 0
vertex 171.43933982822028 -150.93933982822017 0
endloop
endfacet
facet normal 0.8819212643483284 -0.47139673682604744 0
outer loop
vertex 171.2527955815462 -151.1666446504705 1.6
vertex 171.11418070123307 -151.42597485145245 1.6
vertex 171.1141807012329 -151.42597485145245 0
endloop
endfacet
facet normal 0.8819212643483284 -0.47139673682604744 0
outer loop
vertex 171.2527955815462 -151.1666446504705 1.6
vertex 171.1141807012329 -151.42597485145245 0
vertex 171.25279558154625 -151.16664465047063 0
endloop
endfacet
facet normal 0.9569403357322133 -0.2902846772544479 0
outer loop
vertex 171.11418070123307 -151.42597485145245 1.6
vertex 171.02882207939516 -151.7073645169758 1.6
vertex 171.02882207939518 -151.70736451697567 0
endloop
endfacet
facet normal 0.9569403357322133 -0.2902846772544479 0
outer loop
vertex 171.11418070123307 -151.42597485145245 1.6
vertex 171.02882207939518 -151.70736451697567 0
vertex 171.1141807012329 -151.42597485145245 0
endloop
endfacet
facet normal 0.9951847266721956 -0.09801714032957415 0
outer loop
vertex 171.02882207939516 -151.7073645169758 1.6
vertex 171 -152 1.6
vertex 171 -151.99999999999991 0
endloop
endfacet
facet normal 0.9951847266721956 -0.09801714032957415 0
outer loop
vertex 171.02882207939516 -151.7073645169758 1.6
vertex 171 -151.99999999999991 0
vertex 171.02882207939518 -151.70736451697567 0
endloop
endfacet
facet normal 0.9951847266721956 0.09801714032957415 0
outer loop
vertex 171 -152 1.6
vertex 171.02882207939516 -152.29263548302424 1.6
vertex 171.0288220793951 -152.29263548302393 0
endloop
endfacet
facet normal 0.9951847266721956 0.09801714032957415 0
outer loop
vertex 171 -152 1.6
vertex 171.0288220793951 -152.29263548302393 0
vertex 171 -151.99999999999991 0
endloop
endfacet
facet normal 0.9569403357322217 0.2902846772544199 0
outer loop
vertex 171.02882207939516 -152.29263548302424 1.6
vertex 171.114180701233 -152.57402514854746 1.6
vertex 171.1141807012331 -152.57402514854763 0
endloop
endfacet
facet normal 0.9569403357322217 0.2902846772544199 0
outer loop
vertex 171.02882207939516 -152.29263548302424 1.6
vertex 171.1141807012331 -152.57402514854763 0
vertex 171.0288220793951 -152.29263548302393 0
endloop
endfacet
facet normal 0.881921264348327 0.4713967368260505 0
outer loop
vertex 171.114180701233 -152.57402514854746 1.6
vertex 171.25279558154625 -152.83335534952943 1.6
vertex 171.25279558154625 -152.83335534952946 0
endloop
endfacet
facet normal 0.881921264348327 0.4713967368260505 0
outer loop
vertex 171.114180701233 -152.57402514854746 1.6
vertex 171.25279558154625 -152.83335534952946 0
vertex 171.1141807012331 -152.57402514854763 0
endloop
endfacet
facet normal 0.7730104533627973 0.634393284163572 0
outer loop
vertex 171.25279558154625 -152.83335534952943 1.6
vertex 171.43933982822026 -153.06066017177992 1.6
vertex 171.43933982822017 -153.0606601717798 0
endloop
endfacet
facet normal 0.7730104533627973 0.634393284163572 0
outer loop
vertex 171.25279558154625 -152.83335534952943 1.6
vertex 171.43933982822017 -153.0606601717798 0
vertex 171.25279558154625 -152.83335534952946 0
endloop
endfacet
facet normal 0.6343932841635905 0.773010453362782 0
outer loop
vertex 171.43933982822026 -153.06066017177992 1.6
vertex 171.66664465047054 -153.24720441845378 1.6
vertex 171.66664465047072 -153.24720441845386 0
endloop
endfacet
facet normal 0.6343932841635905 0.773010453362782 0
outer loop
vertex 171.43933982822026 -153.06066017177992 1.6
vertex 171.66664465047072 -153.24720441845386 0
vertex 171.43933982822017 -153.0606601717798 0
endloop
endfacet
facet normal 0.4713967368260449 0.8819212643483297 0
outer loop
vertex 171.66664465047054 -153.24720441845378 1.6
vertex 171.92597485145234 -153.38581929876693 1.6
vertex 171.92597485145242 -153.38581929876696 0
endloop
endfacet
facet normal 0.4713967368260449 0.8819212643483297 0
outer loop
vertex 171.66664465047054 -153.24720441845378 1.6
vertex 171.92597485145242 -153.38581929876696 0
vertex 171.66664465047072 -153.24720441845386 0
endloop
endfacet
facet normal 0.2902846772544199 0.9569403357322217 0
outer loop
vertex 171.92597485145234 -153.38581929876693 1.6
vertex 172.2073645169757 -153.47117792060482 1.6
vertex 172.2073645169758 -153.47117792060484 0
endloop
endfacet
facet normal 0.2902846772544199 0.9569403357322217 0
outer loop
vertex 171.92597485145234 -153.38581929876693 1.6
vertex 172.2073645169758 -153.47117792060484 0
vertex 171.92597485145242 -153.38581929876696 0
endloop
endfacet
facet normal 0.09801714032957415 0.9951847266721956 0
outer loop
vertex 172.2073645169757 -153.47117792060482 1.6
vertex 172.4999999999999 -153.49999999999997 1.6
vertex 172.50000000000003 -153.5 0
endloop
endfacet
facet normal 0.09801714032957415 0.9951847266721956 0
outer loop
vertex 172.2073645169757 -153.47117792060482 1.6
vertex 172.50000000000003 -153.5 0
vertex 172.2073645169758 -153.47117792060484 0
endloop
endfacet
facet normal -0.09801714032957415 0.9951847266721956 0
outer loop
vertex 172.4999999999999 -153.49999999999997 1.6
vertex 172.7926354830242 -153.47117792060482 1.6
vertex 172.79263548302407 -153.47117792060484 0
endloop
endfacet
facet normal -0.09801714032957415 0.9951847266721956 0
outer loop
vertex 172.4999999999999 -153.49999999999997 1.6
vertex 172.79263548302407 -153.47117792060484 0
vertex 172.50000000000003 -153.5 0
endloop
endfacet
facet normal -0.2902846772544479 0.9569403357322133 0
outer loop
vertex 172.7926354830242 -153.47117792060482 1.6
vertex 173.0740251485476 -153.38581929876693 1.6
vertex 173.07402514854758 -153.38581929876696 0
endloop
endfacet
facet normal -0.2902846772544479 0.9569403357322133 0
outer loop
vertex 172.7926354830242 -153.47117792060482 1.6
vertex 173.07402514854758 -153.38581929876696 0
vertex 172.79263548302407 -153.47117792060484 0
endloop
endfacet
facet normal -0.47139673682604744 0.8819212643483284 0
outer loop
vertex 173.0740251485476 -153.38581929876693 1.6
vertex 173.3333553495294 -153.24720441845378 1.6
vertex 173.3333553495295 -153.24720441845386 0
endloop
endfacet
facet normal -0.47139673682604744 0.8819212643483284 0
outer loop
vertex 173.0740251485476 -153.38581929876693 1.6
vertex 173.3333553495295 -153.24720441845386 0
vertex 173.07402514854758 -153.38581929876696 0
endloop
endfacet
facet normal -0.63439328416359 0.7730104533627825 0
outer loop
vertex 173.3333553495294 -153.24720441845378 1.6
vertex 173.5606601717798 -153.06066017177992 1.6
vertex 173.56066017177974 -153.0606601717798 0
endloop
endfacet
facet normal -0.63439328416359 0.7730104533627825 0
outer loop
vertex 173.3333553495294 -153.24720441845378 1.6
vertex 173.56066017177974 -153.0606601717798 0
vertex 173.3333553495295 -153.24720441845386 0
endloop
endfacet
facet normal -0.7730104533627965 0.634393284163573 0
outer loop
vertex 173.5606601717798 -153.06066017177992 1.6
vertex 173.7472044184538 -152.83335534952943 1.6
vertex 173.74720441845383 -152.83335534952946 0
endloop
endfacet
facet normal -0.7730104533627965 0.634393284163573 0
outer loop
vertex 173.5606601717798 -153.06066017177992 1.6
vertex 173.74720441845383 -152.83335534952946 0
vertex 173.56066017177974 -153.0606601717798 0
endloop
endfacet
facet normal -0.8819212643483253 0.47139673682605343 0
outer loop
vertex 173.7472044184538 -152.83335534952943 1.6
vertex 173.88581929876707 -152.57402514854746 1.6
vertex 173.8858192987669 -152.57402514854763 0
endloop
endfacet
facet normal -0.8819212643483253 0.47139673682605343 0
outer loop
vertex 173.7472044184538 -152.83335534952943 1.6
vertex 173.8858192987669 -152.57402514854763 0
vertex 173.74720441845383 -152.83335534952946 0
endloop
endfacet
facet normal -0.9569403357322133 0.2902846772544479 0
outer loop
vertex 173.88581929876707 -152.57402514854746 1.6
vertex 173.97117792060487 -152.29263548302424 1.6
vertex 173.97117792060484 -152.29263548302393 0
endloop
endfacet
facet normal -0.9569403357322133 0.2902846772544479 0
outer loop
vertex 173.88581929876707 -152.57402514854746 1.6
vertex 173.97117792060484 -152.29263548302393 0
vertex 173.8858192987669 -152.57402514854763 0
endloop
endfacet
facet normal -0.9951847266721927 0.09801714032960263 0
outer loop
vertex 236.40833602060488 -154.95533968302428 1.6
vertex 236.4371581 -154.66270420000004 1.6
vertex 236.4371581 -154.66270420000015 0
endloop
endfacet
facet normal -0.9951847266721927 0.09801714032960263 0
outer loop
vertex 236.40833602060488 -154.95533968302428 1.6
vertex 236.4371581 -154.66270420000015 0
vertex 236.40833602060485 -154.95533968302416 0
endloop
endfacet
facet normal -0.9951847266721956 -0.09801714032957415 0
outer loop
vertex 236.4371581 -154.66270420000004 1.6
vertex 236.40833602060485 -154.37006871697574 1.6
vertex 236.40833602060482 -154.37006871697562 0
endloop
endfacet
facet normal -0.9951847266721956 -0.09801714032957415 0
outer loop
vertex 236.4371581 -154.66270420000004 1.6
vertex 236.40833602060482 -154.37006871697562 0
vertex 236.4371581 -154.66270420000015 0
endloop
endfacet
facet normal -0.9569403357322133 -0.2902846772544479 0
outer loop
vertex 236.40833602060485 -154.37006871697574 1.6
vertex 236.32297739876697 -154.0886790514524 1.6
vertex 236.32297739876694 -154.08867905145226 0
endloop
endfacet
facet normal -0.9569403357322133 -0.2902846772544479 0
outer loop
vertex 236.40833602060485 -154.37006871697574 1.6
vertex 236.32297739876694 -154.08867905145226 0
vertex 236.40833602060482 -154.37006871697562 0
endloop
endfacet
facet normal -0.8819212643483284 -0.47139673682604744 0
outer loop
vertex 236.32297739876697 -154.0886790514524 1.6
vertex 236.18436251845392 -153.82934885047078 1.6
vertex 236.18436251845404 -153.82934885047095 0
endloop
endfacet
facet normal -0.8819212643483284 -0.47139673682604744 0
outer loop
vertex 236.32297739876697 -154.0886790514524 1.6
vertex 236.18436251845404 -153.82934885047095 0
vertex 236.32297739876694 -154.08867905145226 0
endloop
endfacet
facet normal -0.7730104533627797 -0.6343932841635934 0
outer loop
vertex 236.18436251845392 -153.82934885047078 1.6
vertex 235.99781827177975 -153.6020440282201 1.6
vertex 235.99781827177966 -153.60204402822004 0
endloop
endfacet
facet normal -0.7730104533627797 -0.6343932841635934 0
outer loop
vertex 236.18436251845392 -153.82934885047078 1.6
vertex 235.99781827177966 -153.60204402822004 0
vertex 236.18436251845404 -153.82934885047095 0
endloop
endfacet
facet normal -0.6343932841635896 -0.7730104533627828 0
outer loop
vertex 235.99781827177975 -153.6020440282201 1.6
vertex 235.77051344952952 -153.4154997815463 1.6
vertex 235.77051344952946 -153.41549978154626 0
endloop
endfacet
facet normal -0.6343932841635896 -0.7730104533627828 0
outer loop
vertex 235.99781827177975 -153.6020440282201 1.6
vertex 235.77051344952946 -153.41549978154626 0
vertex 235.99781827177966 -153.60204402822004 0
endloop
endfacet
facet normal -0.47139673682602595 -0.88192126434834 0
outer loop
vertex 235.77051344952952 -153.4154997815463 1.6
vertex 235.5111832485475 -153.27688490123302 1.6
vertex 235.51118324854752 -153.27688490123305 0
endloop
endfacet
facet normal -0.47139673682602595 -0.88192126434834 0
outer loop
vertex 235.77051344952952 -153.4154997815463 1.6
vertex 235.51118324854752 -153.27688490123305 0
vertex 235.77051344952946 -153.41549978154626 0
endloop
endfacet
facet normal -0.2902846772544479 -0.9569403357322133 0
outer loop
vertex 235.5111832485475 -153.27688490123302 1.6
vertex 235.22979358302425 -153.19152627939516 1.6
vertex 235.2297935830242 -153.19152627939516 0
endloop
endfacet
facet normal -0.2902846772544479 -0.9569403357322133 0
outer loop
vertex 235.5111832485475 -153.27688490123302 1.6
vertex 235.2297935830242 -153.19152627939516 0
vertex 235.51118324854752 -153.27688490123305 0
endloop
endfacet
facet normal -0.09801714032957415 -0.9951847266721956 0
outer loop
vertex 235.22979358302425 -153.19152627939516 1.6
vertex 234.93715810000015 -153.1627042 1.6
vertex 234.9371581 -153.1627042 0
endloop
endfacet
facet normal -0.09801714032957415 -0.9951847266721956 0
outer loop
vertex 235.22979358302425 -153.19152627939516 1.6
vertex 234.9371581 -153.1627042 0
vertex 235.2297935830242 -153.19152627939516 0
endloop
endfacet
facet normal 0.09801714032957415 -0.9951847266721956 0
outer loop
vertex 234.93715810000015 -153.1627042 1.6
vertex 234.64452261697573 -153.19152627939516 1.6
vertex 234.64452261697582 -153.19152627939516 0
endloop
endfacet
facet normal 0.09801714032957415 -0.9951847266721956 0
outer loop
vertex 234.93715810000015 -153.1627042 1.6
vertex 234.64452261697582 -153.19152627939516 0
vertex 234.9371581 -153.1627042 0
endloop
endfacet
facet normal 0.29028467725447593 -0.9569403357322048 0
outer loop
vertex 234.64452261697573 -153.19152627939516 1.6
vertex 234.36313295145217 -153.27688490123302 1.6
vertex 234.36313295145254 -153.27688490123305 0
endloop
endfacet
facet normal 0.29028467725447593 -0.9569403357322048 0
outer loop
vertex 234.64452261697573 -153.19152627939516 1.6
vertex 234.36313295145254 -153.27688490123305 0
vertex 234.64452261697582 -153.19152627939516 0
endloop
endfacet
facet normal 0.47139673682604744 -0.8819212643483284 0
outer loop
vertex 234.36313295145217 -153.27688490123302 1.6
vertex 234.1038027504708 -153.4154997815463 1.6
vertex 234.10380275047024 -153.41549978154626 0
endloop
endfacet
facet normal 0.47139673682604744 -0.8819212643483284 0
outer loop
vertex 234.36313295145217 -153.27688490123302 1.6
vertex 234.10380275047024 -153.41549978154626 0
vertex 234.36313295145254 -153.27688490123305 0
endloop
endfacet
facet normal 0.63439328416359 -0.7730104533627825 0
outer loop
vertex 234.1038027504708 -153.4154997815463 1.6
vertex 233.87649792822026 -153.6020440282201 1.6
vertex 233.87649792822063 -153.60204402822004 0
endloop
endfacet
facet normal 0.63439328416359 -0.7730104533627825 0
outer loop
vertex 234.1038027504708 -153.4154997815463 1.6
vertex 233.87649792822063 -153.60204402822004 0
vertex 234.10380275047024 -153.41549978154626 0
endloop
endfacet
facet normal 0.7730104533627825 -0.63439328416359 0
outer loop
vertex 233.87649792822026 -153.6020440282201 1.6
vertex 233.6899536815461 -153.82934885047078 1.6
vertex 233.6899536815459 -153.82934885047095 0
endloop
endfacet
facet normal 0.7730104533627825 -0.63439328416359 0
outer loop
vertex 233.87649792822026 -153.6020440282201 1.6
vertex 233.6899536815459 -153.82934885047095 0
vertex 233.87649792822063 -153.60204402822004 0
endloop
endfacet
facet normal 0.8819212643483285 -0.47139673682604755 0
outer loop
vertex 233.6899536815461 -153.82934885047078 1.6
vertex 233.55133880123316 -154.0886790514524 1.6
vertex 233.55133880123316 -154.08867905145226 0
endloop
endfacet
facet normal 0.8819212643483285 -0.47139673682604755 0
outer loop
vertex 233.6899536815461 -153.82934885047078 1.6
vertex 233.55133880123316 -154.08867905145226 0
vertex 233.6899536815459 -153.82934885047095 0
endloop
endfacet
facet normal 0.9569403357322224 -0.2902846772544179 0
outer loop
vertex 233.55133880123316 -154.0886790514524 1.6
vertex 233.46598017939513 -154.37006871697574 1.6
vertex 233.46598017939516 -154.37006871697562 0
endloop
endfacet
facet normal 0.9569403357322224 -0.2902846772544179 0
outer loop
vertex 233.55133880123316 -154.0886790514524 1.6
vertex 233.46598017939516 -154.37006871697562 0
vertex 233.55133880123316 -154.08867905145226 0
endloop
endfacet
facet normal 0.9951847266721956 -0.09801714032957415 0
outer loop
vertex 233.46598017939513 -154.37006871697574 1.6
vertex 233.4371581 -154.66270420000004 1.6
vertex 233.43715809999998 -154.66270420000015 0
endloop
endfacet
facet normal 0.9951847266721956 -0.09801714032957415 0
outer loop
vertex 233.46598017939513 -154.37006871697574 1.6
vertex 233.43715809999998 -154.66270420000015 0
vertex 233.46598017939516 -154.37006871697562 0
endloop
endfacet
facet normal 0 0 1
outer loop
vertex 233.4371581 -154.66270420000004 1.6
vertex 233.44373439070043 -154.7294744 1.6
vertex 233.46598017939516 -154.95533968302428 1.6
endloop
endfacet
facet normal 0 0 1
outer loop
vertex 233.4371581 -154.66270420000004 1.6
vertex 233.46598017939516 -154.95533968302428 1.6
vertex 233.46598017939513 -154.95533968302416 0
endloop
endfacet
facet normal 0 0 1
outer loop
vertex 233.4371581 -154.66270420000004 1.6
vertex 233.46598017939513 -154.95533968302416 0
vertex 233.44373439070043 -154.7294744 0
endloop
endfacet
facet normal 0 0 1
outer loop
vertex 233.4371581 -154.66270420000004 1.6
vertex 233.44373439070043 -154.7294744 0
vertex 233.43715809999998 -154.66270420000015 0
endloop
endfacet
facet normal 0.9569403357322133 0.2902846772544479 0
outer loop
vertex 233.46598017939516 -154.95533968302428 1.6
vertex 233.551338801233 -155.23672934854747 1.6
vertex 233.55133880123307 -155.23672934854764 0
endloop
endfacet
facet normal 0.9569403357322133 0.2902846772544479 0
outer loop
vertex 233.46598017939516 -154.95533968302428 1.6
vertex 233.55133880123307 -155.23672934854764 0
vertex 233.46598017939513 -154.95533968302416 0
endloop
endfacet
facet normal 0.881921264348327 0.4713967368260505 0
outer loop
vertex 233.551338801233 -155.23672934854747 1.6
vertex 233.68995368154623 -155.49605954952943 1.6
vertex 233.68995368154623 -155.49605954952946 0
endloop
endfacet
facet normal 0.881921264348327 0.4713967368260505 0
outer loop
vertex 233.551338801233 -155.23672934854747 1.6
vertex 233.68995368154623 -155.49605954952946 0
vertex 233.55133880123307 -155.23672934854764 0
endloop
endfacet
facet normal 0.7730104533627832 0.6343932841635892 0
outer loop
vertex 233.68995368154623 -155.49605954952943 1.6
vertex 233.87649792822023 -155.7233643717799 1.6
vertex 233.87649792822015 -155.72336437177984 0
endloop
endfacet
facet normal 0.7730104533627832 0.6343932841635892 0
outer loop
vertex 233.68995368154623 -155.49605954952943 1.6
vertex 233.87649792822015 -155.72336437177984 0
vertex 233.68995368154623 -155.49605954952946 0
endloop
endfacet
facet normal 0.6343932841635896 0.773010453362783 0
outer loop
vertex 233.87649792822023 -155.7233643717799 1.6
vertex 234.1038027504706 -155.9099086184538 1.6
vertex 234.10380275047058 -155.9099086184538 0
endloop
endfacet
facet normal 0.6343932841635896 0.773010453362783 0
outer loop
vertex 233.87649792822023 -155.7233643717799 1.6
vertex 234.10380275047058 -155.9099086184538 0
vertex 233.87649792822015 -155.72336437177984 0
endloop
endfacet
facet normal 0.4713967368260582 0.8819212643483227 0
outer loop
vertex 234.1038027504706 -155.9099086184538 1.6
vertex 234.36313295145237 -156.04852349876694 1.6
vertex 234.36313295145234 -156.04852349876694 0
endloop
endfacet
facet normal 0.4713967368260582 0.8819212643483227 0
outer loop
vertex 234.1038027504706 -155.9099086184538 1.6
vertex 234.36313295145234 -156.04852349876694 0
vertex 234.10380275047058 -155.9099086184538 0
endloop
endfacet
facet normal 0.2902846772544479 0.9569403357322133 0
outer loop
vertex 234.36313295145237 -156.04852349876694 1.6
vertex 234.64452261697573 -156.13388212060482 1.6
vertex 234.64452261697576 -156.13388212060485 0
endloop
endfacet
facet normal 0.2902846772544479 0.9569403357322133 0
outer loop
vertex 234.36313295145237 -156.04852349876694 1.6
vertex 234.64452261697576 -156.13388212060485 0
vertex 234.36313295145234 -156.04852349876694 0
endloop
endfacet
facet normal 0.09801714032957415 0.9951847266721956 0
outer loop
vertex 234.64452261697573 -156.13388212060482 1.6
vertex 234.9371581000002 -156.1627042 1.6
vertex 234.93715810000006 -156.1627042 0
endloop
endfacet
facet normal 0.09801714032957415 0.9951847266721956 0
outer loop
vertex 234.64452261697573 -156.13388212060482 1.6
vertex 234.93715810000006 -156.1627042 0
vertex 234.64452261697576 -156.13388212060485 0
endloop
endfacet
facet normal -0.09801714032957415 0.9951847266721956 0
outer loop
vertex 234.9371581000002 -156.1627042 1.6
vertex 235.22979358302464 -156.13388212060482 1.6
vertex 235.2297935830241 -156.13388212060485 0
endloop
endfacet
facet normal -0.09801714032957415 0.9951847266721956 0
outer loop
vertex 234.9371581000002 -156.1627042 1.6
vertex 235.2297935830241 -156.13388212060485 0
vertex 234.93715810000006 -156.1627042 0
endloop
endfacet
facet normal -0.2902846772544479 0.9569403357322133 0
outer loop
vertex 235.22979358302464 -156.13388212060482 1.6
vertex 235.51118324854755 -156.04852349876694 1.6
vertex 235.51118324854758 -156.04852349876694 0
endloop
endfacet
facet normal -0.2902846772544479 0.9569403357322133 0
outer loop
vertex 235.22979358302464 -156.13388212060482 1.6
vertex 235.51118324854758 -156.04852349876694 0
vertex 235.2297935830241 -156.13388212060485 0
endloop
endfacet
facet normal -0.4713967368260534 0.8819212643483252 0
outer loop
vertex 235.51118324854755 -156.04852349876694 1.6
vertex 235.77051344952937 -155.9099086184538 1.6
vertex 235.77051344952912 -155.9099086184538 0
endloop
endfacet
facet normal -0.4713967368260534 0.8819212643483252 0
outer loop
vertex 235.51118324854755 -156.04852349876694 1.6
vertex 235.77051344952912 -155.9099086184538 0
vertex 235.51118324854758 -156.04852349876694 0
endloop
endfacet
facet normal -0.63439328416359 0.7730104533627825 0
outer loop
vertex 235.77051344952937 -155.9099086184538 1.6
vertex 235.99781827177964 -155.7233643717799 1.6
vertex 235.99781827177995 -155.72336437177984 0
endloop
endfacet
facet normal -0.63439328416359 0.7730104533627825 0
outer loop
vertex 235.77051344952937 -155.9099086184538 1.6
vertex 235.99781827177995 -155.72336437177984 0
vertex 235.77051344952912 -155.9099086184538 0
endloop
endfacet
facet normal -0.7730104533627825 0.63439328416359 0
outer loop
vertex 235.99781827177964 -155.7233643717799 1.6
vertex 236.18436251845387 -155.49605954952943 1.6
vertex 236.18436251845375 -155.49605954952946 0
endloop
endfacet
facet normal -0.7730104533627825 0.63439328416359 0
outer loop
vertex 235.99781827177964 -155.7233643717799 1.6
vertex 236.18436251845375 -155.49605954952946 0
vertex 235.99781827177995 -155.72336437177984 0
endloop
endfacet
facet normal -0.8819212643483402 0.47139673682602534 0
outer loop
vertex 236.18436251845387 -155.49605954952943 1.6
vertex 236.32297739876708 -155.23672934854747 1.6
vertex 236.32297739876688 -155.23672934854764 0
endloop
endfacet
facet normal -0.8819212643483402 0.47139673682602534 0
outer loop
vertex 236.18436251845387 -155.49605954952943 1.6
vertex 236.32297739876688 -155.23672934854764 0
vertex 236.18436251845375 -155.49605954952946 0
endloop
endfacet
facet normal -0.9569403357322224 0.2902846772544179 0
outer loop
vertex 236.32297739876708 -155.23672934854747 1.6
vertex 236.40833602060488 -154.95533968302428 1.6
vertex 236.40833602060485 -154.95533968302416 0
endloop
endfacet
facet normal -0.9569403357322224 0.2902846772544179 0
outer loop
vertex 236.32297739876708 -155.23672934854747 1.6
vertex 236.40833602060485 -154.95533968302416 0
vertex 236.32297739876688 -155.23672934854764 0
endloop
endfacet
endsolid csg.js
